time_s,pressure_kPa_abs,release_rate_kg_s,cum_release_kg,liquid_temperature_K,vapor_temperature_K,liquid_density_kg_m3,vapor_density_kg_m3,liquid_quality,vapor_quality,liquid_phase,vapor_phase,lower_wall_temperature_K,upper_wall_temperature_K,liquid_mass_kg,vapor_mass_kg,liquid_volume_fraction,evaporation_rate_kg_s,cum_evaporation_from_liquid_kg,cum_evaporation_from_vapor_balance_kg,phase_mass_balance_difference_kg
0.0,380.0,0.0,0.0,25.695997657899554,25.695997657899554,63.346318972072446,4.631498180305028,0.0,1.0,twophase,twophase,25.695997657899554,25.695997657899554,2141.1427367116617,104.36490338373487,0.6,0.0,0.0,0.0,0.0
20.0,380.00002904213346,0.0,0.0,25.69599775566079,25.69599896602675,63.34631886708174,4.631498191822666,,,liquid,gas,25.696799068726428,25.697066627409757,2141.142736711583,104.36490338381363,0.6000000009944229,3.933564585167915e-12,7.867129170335829e-11,7.87565568316495e-11,-8.526512829121202e-14
40.0,380.0001161340542,0.0,0.0,25.695998048672514,25.696002888908986,63.34631855253081,4.631498226342297,,,liquid,gas,25.69759858062963,25.698133907664612,2141.1427367110355,104.3649033843612,0.6000000039736147,2.737579052336514e-11,6.261871021706611e-10,6.263292107178131e-10,-1.4210854715202004e-13
60.0,380.0002610033263,0.0,0.0,25.69599853634319,25.69600941388883,63.346318028785966,4.631498283898229,,,liquid,gas,25.69839619875264,25.69919950425318,2141.1427367095507,104.36490338584609,0.600000008933975,7.423750503221527e-11,2.1109372028149664e-09,2.1112214199092705e-09,-2.8421709430404007e-13
80.0,380.0004634020279,0.0,0.0,25.695999218102784,25.696018530014186,63.34631729624113,4.631498364313081,,,liquid,gas,25.699191928225286,25.70026342274392,2141.1427367066626,104.36490338873426,0.6000000158716416,1.4440502127399669e-10,4.9990376282949e-09,4.99939289966278e-09,-3.552713678800501e-13
100.0,380.0007231096579,0.0,0.0,25.696000093404464,25.696030226751414,63.34631635532242,4.6314984677213,,,liquid,gas,25.699985774163604,25.701325668683534,2141.1427367019073,104.36490339348977,0.6000000247824493,2.377646524109878e-10,9.754330676514655e-09,9.754899110703263e-09,-5.684341886080801e-13
120.0,380.0010398940226,0.0,0.0,25.69600116169343,25.69604449409554,63.34631520643856,4.631498593863888,,,liquid,gas,25.700777741669917,25.702386247598202,2141.1427366948224,104.36490340057486,0.6000000356623966,3.5424818634055555e-10,1.6839294403325766e-08,1.683999073520681e-08,-6.963318810448982e-13
140.0,380.0014134968053,0.0,0.0,25.696002422394315,25.696061319032648,63.34631384996446,4.631498743146678,,,liquid,gas,25.701567835832847,25.70344516499329,2141.142736684947,104.36490341045008,0.600000048507804,4.937646735925227e-10,2.671458787517622e-08,2.671521315278369e-08,-6.252776074688882e-13
160.0,380.0018437088209,0.0,0.0,25.69600387497475,25.69608069327567,63.346312286330395,4.631498915068764,,,liquid,gas,25.702356061727315,25.704502426352054,2141.142736671823,104.36490342357389,0.6000000633144678,6.562004273291677e-10,3.9838596421759576e-08,3.983902274740103e-08,-4.263256414560601e-13
180.0,380.00233031361734,0.0,0.0,25.696005518893212,25.69610260579578,63.346310515963424,4.631499110016042,,,liquid,gas,25.703142424414647,25.705558037137635,2141.1427366549938,104.36490344040304,0.6000000800782153,8.414644980803132e-10,5.666788638336584e-08,5.6668170600460144e-08,-2.8421709430404007e-13
200.0,380.00287306192615,0.0,0.0,25.696007353585628,25.696127045790416,63.34630853924233,4.631499327733422,,,liquid,gas,25.703926928942586,25.706612002792603,2141.1427366340045,104.36490346139249,0.6000000987953317,1.049465936375782e-09,7.765720511088148e-08,7.765761722566822e-08,-4.121147867408581e-13
220.0,380.00347172630825,0.0,0.0,25.696009378499312,25.696154002801286,63.34630635658506,4.631499568209959,,,liquid,gas,25.704709580345288,25.70766432873828,2141.1427366084017,104.36490348699536,0.6000001194617316,1.280136530112941e-09,1.032599357131403e-07,1.0326048993647419e-07,-5.542233338928781e-13
240.0,380.0041260672092,0.0,0.0,25.696011593089416,25.696183466215764,63.34630396836072,4.631499831285746,,,liquid,gas,25.70549038364344,25.708715020376303,2141.142736577734,104.36490351766305,0.6000001420737927,1.5333853298216126e-09,1.3392764230957255e-07,1.3392818232205173e-07,-5.400124791776761e-13
260.0,380.00483588043573,0.0,0.0,25.696013996839177,25.69621542596546,63.3463013749836,4.631500117201272,,,liquid,gas,25.706269343844163,25.709764083086576,2141.142736541552,104.3649035538451,0.6000001666274659,1.8090986486640759e-09,1.7010961528285407e-07,1.7011022634960682e-07,-6.110667527536862e-13
280.0,380.0056009193487,0.0,0.0,25.69601658915183,25.696249871388787,63.34629857690207,4.631500425694348,,,liquid,gas,25.707046465941197,25.710811522229005,2141.142736499408,104.36490359598919,0.6000001931183786,2.1072082745376975e-09,2.1225378077360801e-07,2.122543207860872e-07,-5.400124791776761e-13
300.0,380.00642098899914,0.0,0.0,25.696019369571793,25.696286792604116,63.34629557443952,4.631500757093831,,,liquid,gas,25.707821754914832,25.71185734314332,2141.142736450856,104.36490364454134,0.600000221543344,2.427600520604756e-09,2.6080579118570313e-07,2.6080647330672946e-07,-6.821210263296962e-13
320.0,380.007295845238,0.0,0.0,25.696022337493382,25.696326179720238,63.34629236806816,4.631501110896071,,,liquid,gas,25.708595215732032,25.712901551149066,2141.1427363954513,104.36490369994586,0.600000251897765,2.770229912130162e-09,3.1621038942830637e-07,3.162109862842044e-07,-5.968558980384842e-13
340.0,380.0082252412451,0.0,0.0,25.69602549237719,25.696368020148437,63.346288958126735,4.631501487546005,,,liquid,gas,25.709366853346356,25.71394415154473,2141.142736332752,104.364903762645,0.6000002841783101,3.134960024908651e-09,3.789095899264794e-07,3.7891012993895856e-07,-5.400124791776761e-13
360.0,380.00920899368907,0.0,0.0,25.696028833675474,25.69641230627456,63.3462853451461,4.631501886734536,,,liquid,gas,25.71013667269811,25.714985149609312,2141.1427362623176,104.36490383307951,0.6000003183798279,3.5217226468375886e-09,4.4934404286323115e-07,4.493446397191292e-07,-5.968558980384842e-13
380.0,380.01024687382426,0.0,0.0,25.696032360984546,25.696459027811848,63.346281529257794,4.6315023083656275,,,liquid,gas,25.71090467871426,25.716024550601848,2141.1427361837086,104.36490391168833,0.6000003545009505,3.930449565814342e-09,5.27953034179518e-07,5.279534605051595e-07,-4.263256414560601e-13
400.0,380.0113386259948,0.0,0.0,25.696036073539304,25.69650817213911,63.34627751120434,4.6315027527461465,,,liquid,gas,25.71167087630851,25.717062359761975,2141.142736096488,104.36490399890879,0.6000003925345228,4.361027095001191e-09,6.151735760795418e-07,6.15173917140055e-07,-3.410605131648481e-13
420.0,380.0124840614115,0.0,0.0,25.69603997108632,25.696559731665776,63.34627329094273,4.6315032194656665,,,liquid,gas,25.7124352703815,25.718098582307295,2141.142736000221,104.36490409517609,0.6000004324808311,4.813364284927957e-09,7.11440861778101e-07,7.114412170494688e-07,-3.552713678800501e-13
440.0,380.01368295123797,0.0,0.0,25.69604405288356,25.69661369549584,63.346268869246344,4.631503708651203,,,liquid,gas,25.713197865820753,25.719133223437087,2141.142735894473,104.364904200924,0.6000004743324294,5.287392923492007e-09,8.171887202479411e-07,8.171891323627278e-07,-4.121147867408581e-13
460.0,380.0149350956988,0.0,0.0,25.69604831836941,25.696670053902885,63.34626424662696,4.631504220492687,,,liquid,gas,25.713958667500282,25.7201662883315,2141.142735778812,104.3649043165847,0.6000005180843498,5.783044798590708e-09,9.328496162197553e-07,9.32849829382576e-07,-2.1316282072803006e-13
480.0,380.0162402545534,0.0,0.0,25.696052767215427,25.696728796599604,63.34625942304083,4.631504754699138,,,liquid,gas,25.71471768028131,25.72119778214921,2141.1427356528084,104.36490444258818,0.600000563736887,6.3001834860187955e-09,1.0588532859401312e-06,1.0588533143618406e-06,-2.842170943040401e-14
500.0,380.0175982267625,0.0,0.0,25.696057398811224,25.696789914544553,63.34625439908896,4.6315053111866895,,,liquid,gas,25.71547490901205,25.722227710030538,2141.1427355160336,104.36490457936313,0.6000006112842292,6.838740773673635e-09,1.1956281014136039e-06,1.1956282577330057e-06,-1.5631940186722204e-13
520.0,380.0190087770246,0.0,0.0,25.696062212618287,25.696853396240527,63.34624917513982,4.6315058901941395,,,liquid,gas,25.71623035852752,25.723256077096593,2141.14273536806,104.36490472733651,0.6000006607227678,7.398671186820138e-09,1.3436015251500066e-06,1.3436016388368444e-06,-1.1368683772161603e-13
540.0,380.0204716896425,0.0,0.0,25.696067208338313,25.696919231826982,63.34624375116113,4.631506491690406,,,liquid,gas,25.716984033649705,25.724282888448094,2141.1427352084634,104.36490488693339,0.6000007120526899,7.979838301253039e-09,1.5031982911750674e-06,1.5031985185487429e-06,-2.2737367544323206e-13
560.0,380.02198676832086,0.0,0.0,25.69607238505592,25.696987413075384,63.34623812834612,4.6315071153728296,,,liquid,gas,25.717735939187982,25.725308149166004,2141.1427350368194,104.3649050585771,0.6000007652625763,8.58219664223725e-09,1.6748422240198124e-06,1.6748422240198124e-06,0.0
580.0,380.0235537977134,0.0,0.0,25.696077742444253,25.697057929515317,63.346232306717084,4.631507761441064,,,liquid,gas,25.718486079938497,25.726331864313526,2141.142734852707,104.36490524268959,0.6000008203520983,9.205632522935048e-09,1.8589548744785134e-06,1.8589547181591115e-06,1.5631940186722204e-13
600.0,380.0251725549337,0.0,0.0,25.696083279979486,25.697130771181598,63.34622628664941,4.631508429780513,,,liquid,gas,25.71923446068418,25.727354038933242,2141.1427346557057,104.36490543969086,0.6000008773175839,9.850054993876256e-09,2.0559559743560385e-06,2.055955988566893e-06,-1.4210854715202004e-14
620.0,380.0268428351195,0.0,0.0,25.696088996770925,25.697205928621074,63.346220069265954,4.631509120394237,,,liquid,gas,25.71998108619587,25.72837467804993,2141.142734445397,104.36490564999957,0.6000009361482813,1.051544131769333e-08,2.266264800709905e-06,2.266264701233922e-06,9.947598300641403e-14
640.0,380.02856442076313,0.0,0.0,25.696094893015193,25.697283392006415,63.34621365358884,4.631509833208308,,,liquid,gas,25.720725961230713,25.729393786668055,2141.142734221364,104.36490587403226,0.6000009968533371,1.1201632332813461e-08,2.4902974473661743e-06,2.4902973905227554e-06,5.684341886080802e-14
660.0,380.0303370946243,0.0,0.0,25.696100967859024,25.6973631516102,63.34620704063497,4.631510568116559,,,liquid,gas,25.72146909053403,25.730411369773712,2141.142733983192,104.36490611220417,0.600001059423004,1.1908605301869101e-08,2.7284695534035563e-06,2.7284692976081715e-06,2.5579538487363607e-13
680.0,380.0321606916048,0.0,0.0,25.696107220829987,25.69744519926836,63.3462002308431,4.631511325322853,,,liquid,gas,25.722210478837674,25.731427432332854,2141.1427337304676,104.36490636492856,0.6000011238530119,1.2636223800654988e-08,2.981194029416656e-06,2.981193688356143e-06,3.410605131648481e-13
700.0,380.0340349293589,0.0,0.0,25.69611365135861,25.697529521989047,63.34619322451013,4.631512104817526,,,liquid,gas,25.722950130861054,25.732441979295384,2141.142733462779,104.36490663261756,0.6000011901404343,1.3384442354436033e-08,3.2488828765053768e-06,3.2488826917642655e-06,1.8474111129762605e-13
720.0,380.035959663979,0.0,0.0,25.69612025899203,25.697616113554055,63.346186022096255,4.631512906447654,,,liquid,gas,25.723688051310493,25.733455015588817,2141.1427331797154,104.36490691568098,0.6000012582807985,1.4153170013742056e-08,3.531946276780218e-06,3.5319461062499613e-06,1.7053025658242404e-13
740.0,380.0379346806149,0.0,0.0,25.69612704398159,25.697704964421618,63.34617862252743,4.631513730079386,,,liquid,gas,25.72442424488086,25.734466546124995,2141.1427328808686,104.36490721452769,0.6000013282841645,1.4942338566470427e-08,3.830793048109626e-06,3.830792820735951e-06,2.2737367544323206e-13
760.0,380.03995971716614,0.0,0.0,25.696134004335548,25.69779606181188,63.346171028858045,4.631514575969031,,,liquid,gas,25.725158716253674,25.73547657579582,2141.142732565832,104.3649075295646,0.6000014001214891,1.575183432578342e-08,4.145829734625295e-06,4.145829734625295e-06,0.0
780.0,380.04203464470197,0.0,0.0,25.696141140302018,25.697889400836893,63.34616324025855,4.631515443728118,,,liquid,gas,25.72589147009711,25.736485109473815,2141.1427322341997,104.36490786119677,0.6000014738005173,1.658161181694595e-08,4.477461970964214e-06,4.47746189990994e-06,7.105427357601002e-14
800.0,380.04415919497313,0.0,0.0,25.696148450295652,25.69798496861785,63.34615525899468,4.631516333544984,,,liquid,gas,25.72662251106744,25.73749215201504,2141.1427318855685,104.36490820982812,0.6000015492996766,1.7431557353120298e-08,4.82609311802662e-06,4.826093245924312e-06,-1.2789769243681803e-13
820.0,380.04633318759085,0.0,0.0,25.696155936935703,25.698082756357252,63.3461470795909,4.63151724559721,,,liquid,gas,25.727351843807966,25.738497708256027,2141.142731519536,104.36490857586067,0.6000016266707191,1.8301625459571368e-08,5.192125627218047e-06,5.192125797748304e-06,-1.7053025658242404e-13
840.0,380.04855643346275,0.0,0.0,25.69616359663953,25.698182755979925,63.3461387083256,4.631518179648402,,,liquid,gas,25.728079472948803,25.739501783013985,2141.142731135702,104.36490895969453,0.6000017058540663,1.9191702449461445e-08,5.575959676207276e-06,5.575959661996421e-06,1.4210854715202004e-14
860.0,380.05082868928946,0.0,0.0,25.696171428543494,25.698284957883114,63.34613014616323,4.631519135103986,,,liquid,gas,25.72880540310952,25.740504381089018,2141.1427307336676,104.36490936172872,0.6000017868404727,2.0101720110687894e-08,5.977994078421034e-06,5.9779938510473585e-06,2.2737367544323206e-13
880.0,380.0531497996032,0.0,0.0,25.69617943479893,25.69838935222576,63.34612138858621,4.631520112949447,,,liquid,gas,25.729529638899344,25.74150550726292,2141.1427303130354,104.36490978236097,0.6000018696726181,2.103161023114808e-08,6.3986262830439955e-06,6.398626098302884e-06,1.8474111129762605e-13
900.0,380.0555195587716,0.0,0.0,25.696187615291855,25.698495930737067,63.34611243523952,4.631521112739519,,,liquid,gas,25.730252184908785,25.742505166299555,2141.1427298734097,104.3649102219866,0.6000019543537563,2.1981281861371826e-08,6.838251920271432e-06,6.838251735530321e-06,1.8474111129762605e-13
920.0,380.05793775229955,0.0,0.0,25.696195964629457,25.698604684816917,63.34610329576885,4.631522133999723,,,liquid,gas,25.730973045719868,25.74350336294347,2141.142729414397,104.36491068099966,0.6000020407924156,2.2950644051888958e-08,7.297264801309211e-06,7.2972647870983565e-06,1.4210854715202004e-14
940.0,380.06040417167776,0.0,0.0,25.69620448913296,25.6987156019342,63.34609395759021,4.63152317780538,,,liquid,gas,25.731692225901842,25.744500101923578,2141.1427289356034,104.36491115979292,0.6000021291076808,2.393967406533193e-08,7.77605828261585e-06,7.776058055242174e-06,2.2737367544323206e-13
960.0,380.0629186710476,0.0,0.0,25.696213183035155,25.698828678193802,63.346084431250866,4.631524243114921,,,liquid,gas,25.732409730013103,25.74549538794847,2141.1427284366387,104.36491165875745,0.6000022191995427,2.4948235477495473e-08,8.27502299216576e-06,8.275022580050972e-06,4.121147867408581e-13
980.0,380.06548093735495,0.0,0.0,25.696222047528433,25.698943898310706,63.34607471361691,4.631525330242012,,,liquid,gas,25.733125562596726,25.74648922570979,2141.142727917114,104.36491217828241,0.6000023110975773,2.5976237338909413e-08,8.794547738943947e-06,8.794547539991981e-06,1.9895196601282805e-13
1000.0,380.06809087295755,0.0,0.0,25.6962310822113,25.69906125818065,63.34606480517929,4.631526439041363,,,liquid,gas,25.733839728188006,25.747481619882375,2141.1427273766403,104.36491271875619,0.6000024047970274,2.702367964957375e-08,9.335021331935422e-06,9.335021317724568e-06,1.4210854715202004e-14
1020.0,380.07074826186977,0.0,0.0,25.69624028394204,25.699180748012097,63.34605471130424,4.631527569452142,,,liquid,gas,25.73455223130545,25.74847257512257,2141.1427268148313,104.36491328056503,0.600002500246958,2.8090448722650764e-08,9.896830306388438e-06,9.89683016427989e-06,1.4210854715202004e-13
1040.0,380.07345290581435,0.0,0.0,25.696249657316717,25.699302357588113,63.34604442271258,4.63152872187109,,,liquid,gas,25.735263076456086,25.749462096067234,2141.142726231303,104.36491386409321,0.6000025975351544,2.9176408133935183e-08,1.0480358469067141e-05,1.0480358341169449e-05,1.2789769243681803e-13
1060.0,380.0762046087807,0.0,0.0,25.69625919940571,25.69942607856884,63.34603394442358,4.631529896042025,,,liquid,gas,25.735972268135793,25.750450187338117,2141.1427256256725,104.36491446972403,0.6000026966139692,3.028153514605947e-08,1.108598917198833e-05,1.1085989157777476e-05,1.4210854715202004e-14
1080.0,380.0790032272511,0.0,0.0,25.69626891306448,25.69955190344964,63.3460232706152,4.631531092292895,,,liquid,gas,25.736679810829536,25.751436853539644,2141.142724997557,104.36491509783981,0.6000027975384423,3.140578428428853e-08,1.1714104857674101e-05,1.171410494293923e-05,-8.526512829121202e-14
1100.0,380.0818483954548,0.0,0.0,25.696278787794604,25.699679818957037,63.34601242020952,4.631532309300946,,,liquid,gas,25.737385709016106,25.75242209925892,2141.142724346575,104.36491574882167,0.6000029001292421,3.254908733651973e-08,1.2365086604404496e-05,1.2365086803356462e-05,-1.9895196601282805e-13
1120.0,380.0847401299473,0.0,0.0,25.696288836957756,25.699809821228207,63.34600136787643,4.631533548772029,,,liquid,gas,25.73808996714579,25.75340592906142,2141.1427236723503,104.36491642304667,0.6000030046261872,3.371123966644518e-08,1.30393113977334e-05,1.3039311795637332e-05,-3.979039320256561e-13
1140.0,380.0876781013815,0.0,0.0,25.696299049366964,25.6999418988729,63.34599013394664,4.63153480930853,,,liquid,gas,25.738792589667614,25.754388347499546,2141.142722974505,104.36491712089204,0.6000031108366046,3.4892264011432414e-08,1.3737156677962048e-05,1.3737157175341963e-05,-4.973799150320701e-13
1160.0,380.09066218859107,0.0,0.0,25.696309428140793,25.700076043086682,63.34597871216103,4.631536092096899,,,liquid,gas,25.73949358102066,25.755369359107576,2141.1427222526627,104.3649178427344,0.6000032188196762,3.609211489674635e-08,1.4458998975896975e-05,1.4458999530120309e-05,-5.542233338928781e-13
1180.0,380.0936921826484,0.0,0.0,25.6963199727927,25.70021224692584,63.34596710286295,4.631537396147397,,,liquid,gas,25.740192945627268,25.756348968403127,2141.1427215064496,104.36491858894739,0.6000033285720469,3.731065589818172e-08,1.520521209386061e-05,1.5205212520186251e-05,-4.263256414560601e-13
1200.0,380.0967678462579,0.0,0.0,25.6963306778826,25.70035050125329,63.345955315724645,4.631538720796312,,,liquid,gas,25.740890687897302,25.757327179884403,2141.142720735493,104.36491935990355,0.600003440002,3.854781880363589e-08,1.5976168469933327e-05,1.5976168683096148e-05,-2.1316282072803006e-13
1220.0,380.0998890584494,0.0,0.0,25.69634155253934,25.700490796727816,63.345943333072974,4.631540067431148,,,liquid,gas,25.741586812226675,25.758303998034457,2141.1427199394234,104.36492015597331,0.6000035532768315,3.980348992627114e-08,1.677223826845875e-05,1.6772238438989007e-05,-1.7053025658242404e-13
1240.0,380.10305565248564,0.0,0.0,25.696352597278448,25.70063312282857,63.34593115346539,4.63154143709637,,,liquid,gas,25.742281323016158,25.759279427321857,2141.1427191178677,104.36492097752878,0.6000036684101023,4.107778295292519e-08,1.7593793927517254e-05,1.75937939133064e-05,1.4210854715202004e-14
1260.0,380.106267346196,0.0,0.0,25.696363794787736,25.700777475689677,63.34591880899635,4.631542826424639,,,liquid,gas,25.74297422463819,25.760253472194044,2141.142718270459,104.3649218249371,0.6000037850977178,4.237042503518751e-08,1.8441202428221004e-05,1.8441202229269038e-05,1.9895196601282805e-13
1280.0,380.1095240817603,0.0,0.0,25.69637516778807,25.700923844516232,63.34590625635487,4.631544238411498,,,liquid,gas,25.74366552145282,25.761226137082737,2141.1427173968314,104.36492269856475,0.6000039037498128,4.368139343569055e-08,1.9314830296934815e-05,1.931482988482003e-05,4.121147867408581e-13
1300.0,380.11282544096946,0.0,0.0,25.696386691104813,25.701072216887216,63.345893542189614,4.631545670529785,,,liquid,gas,25.744355217823202,25.76219742640553,2141.1427164966176,104.36492359877869,0.6000040239244367,4.501068815443432e-08,2.02150440600235e-05,2.021504381843897e-05,2.4158453015843406e-13
1320.0,380.1161714160949,0.0,0.0,25.69639838335431,25.70122258882271,63.34588063112345,4.631547124115951,,,liquid,gas,25.7450433180717,25.763167344553658,2141.1427155694573,104.3649245259389,0.6000041459565782,4.635801360564074e-08,2.1142204332136316e-05,2.1142204033708367e-05,2.984279490192421e-13
1340.0,380.11956189758723,0.0,0.0,25.696410237829564,25.701374952932724,63.34586753558954,4.631548600032789,,,liquid,gas,25.745729826535694,25.76413589591453,2141.1427146149863,104.36492548041,0.6000042697283722,4.772355168825015e-08,2.209667536590132e-05,2.209667512431679e-05,2.4158453015843406e-13
1360.0,380.1229965345984,0.0,0.0,25.696422253932575,25.70152929712229,63.345854255748975,4.6315500967773255,,,liquid,gas,25.746414747532548,25.76510308485238,2141.142713632844,104.36492646255228,0.6000043952381938,4.910712050332222e-08,2.3078817775967764e-05,2.307881740648554e-05,3.694822225952521e-13
1380.0,380.1264751838204,0.0,0.0,25.696434431239,25.7016856142344,63.34584079200932,4.6315516145531905,,,liquid,gas,25.74709808537814,25.76606891571644,2141.142712622669,104.36492747272708,0.6000045224820835,5.050874278822448e-08,2.4088992631732253e-05,2.4088992205406612e-05,4.263256414560601e-13
1400.0,380.12999786741625,0.0,0.0,25.696446778338483,25.70184389881429,63.345827128118756,4.631553155747591,,,liquid,gas,25.747779844357517,25.76703339284176,2141.1427115841047,104.36492851129131,0.6000046516138791,5.192821390664904e-08,2.5127556909865234e-05,2.512755644090703e-05,4.689582056016661e-13
1420.0,380.13356398209896,0.0,0.0,25.696459267802943,25.7020041359178,63.34581331449162,4.631554715619327,,,liquid,gas,25.748460028764022,25.767996520542283,2141.1427105167927,104.36492957860327,0.6000047821559633,5.336560207069851e-08,2.6194868951279204e-05,2.619486839705587e-05,5.542233338928781e-13
1440.0,380.13717370527746,0.0,0.0,25.696471926101168,25.70216632431103,63.34579930135214,4.631556297638018,,,liquid,gas,25.74913864285474,25.76895830311558,2141.1427094203805,104.36493067501546,0.6000049145797104,5.4820611694594846e-08,2.72912811851711e-05,2.7291280588315203e-05,5.968558980384842e-13
1460.0,380.140826717432,0.0,0.0,25.696484743790666,25.70233045179591,63.34578510574528,4.631557900870858,,,liquid,gas,25.749815690905336,25.769918744849075,2141.1427082945115,104.36493180088429,0.6000050487235744,5.629344741464593e-08,2.841715013346402e-05,2.8417149422921284e-05,7.105427357601002e-13
1480.0,380.14452298089793,0.0,0.0,25.69649773149623,25.702496512822705,63.34577070738839,4.631559526723828,,,liquid,gas,25.75049117715185,25.77087785000657,2141.1427071388352,104.36493295656045,0.6000051847795751,5.778381364507368e-08,2.9572826406365493e-05,2.957282558213592e-05,8.242295734817162e-13
1500.0,380.14826188927015,0.0,0.0,25.696510855545917,25.702664493143452,63.345756168544426,4.631561170146735,,,liquid,gas,25.751165105840215,25.771835622839635,2141.142705953,104.36493414239565,0.6000053221578672,5.929175586061319e-08,3.075866152357776e-05,3.075866078461331e-05,7.389644451905042e-13
1520.0,380.1520437892705,0.0,0.0,25.696524148797472,25.702834388426858,63.34574142777493,4.631562838625044,,,liquid,gas,25.751837481187167,25.772792067584025,2141.142704736657,104.36493535873876,0.6000054614402947,6.081716037442675e-08,3.197500473106629e-05,3.1975003892625864e-05,8.384404281969182e-13
1540.0,380.15586840247175,0.0,0.0,25.69653761249699,25.703006199298912,63.3457264819394,4.631564527201714,,,liquid,gas,25.752508307411514,25.773747188459176,2141.1427034894573,104.36493660593857,0.600005602656509,6.235998171177925e-08,3.322220436530188e-05,3.3222203697391706e-05,6.679101716144942e-13
1560.0,380.1597353011867,0.0,0.0,25.696551221162153,25.703179905237274,63.34571137824477,4.631566236172261,,,liquid,gas,25.75317758872684,25.7747009896693,2141.142702211052,104.36493788434379,0.6000057453592746,6.39202653474058e-08,3.450060967224999e-05,3.4500608919074693e-05,7.531752999057062e-13
1580.0,380.16364420946644,0.0,0.0,25.696564972360346,25.703355498412247,63.34569612054404,4.63156796373553,,,liquid,gas,25.753845329308927,25.77565347539873,2141.142700901099,104.36493919429672,0.6000058895120026,6.549764748342568e-08,3.581056262191851e-05,3.581056185453235e-05,7.673861546209082e-13
1600.0,380.1675953794298,0.0,0.0,25.69657889337901,25.703532977509436,63.34568065771425,4.631569714659162,,,liquid,gas,25.75451153332606,25.77660464981576,2141.142699559256,104.36494053613957,0.6000060355988323,6.709215085720644e-08,3.7152405639062636e-05,3.7152404701146224e-05,9.379164112033322e-13
1620.0,380.17158846402856,0.0,0.0,25.6965929702638,25.70371233208233,63.34566501529283,4.631571486898031,,,liquid,gas,25.75517620498235,25.77755451708354,2141.142698185174,104.36494191022133,0.6000061833777798,6.870409379189368e-08,3.852648751490051e-05,3.852648646329726e-05,1.0516032489249483e-12
1640.0,380.1756232988333,0.0,0.0,25.69660720258673,25.703893554303008,63.34564919363518,4.631573280544135,,,liquid,gas,25.755839348398997,25.778503081332715,2141.1426967785196,104.3649433168758,0.6000063328453876,7.033272595435846e-08,3.993314203398768e-05,3.993314092554101e-05,1.1084466677857563e-12
1660.0,380.17969969721895,0.0,0.0,25.696621589896953,25.70407663603774,63.345633193079266,4.6315750954251635,,,liquid,gas,25.756500967754413,25.779450346696965,2141.142695338945,104.36494475645019,0.6000064839983599,7.197872946562711e-08,4.137271662330022e-05,4.137271531590159e-05,1.3073986337985843e-12
1680.0,380.1838175459256,0.0,0.0,25.696636149480334,25.704261570221767,63.345616980481374,4.631576932221038,,,liquid,gas,25.75716106717856,25.780396317283486,2141.1426938661143,104.3649462292809,0.6000066371505407,7.364153589151102e-08,4.284554734113044e-05,4.284554603373181e-05,1.3073986337985843e-12
1700.0,380.1879765116509,0.0,0.0,25.69665084622813,25.704448346695344,63.345600621592844,4.631578789014686,,,liquid,gas,25.757819650781176,25.781340997180454,2141.142692359693,104.36494773570246,0.6000067916790455,7.532107701990753e-08,4.435196888152859e-05,4.435196758834081e-05,1.2931877790833823e-12
1720.0,380.1921764482481,0.0,0.0,25.696665696619508,25.704636957961704,63.345584084710694,4.631580666086695,,,liquid,gas,25.758476722713667,25.78228439047591,2141.142690819337,104.3649492760583,0.6000069478840696,7.701778486080002e-08,4.589232457874459e-05,4.589232342766536e-05,1.1510792319313623e-12
1740.0,380.1964168827417,0.0,0.0,25.69668067981381,25.704827391929506,63.345567408101225,4.631582559859616,,,liquid,gas,25.759132287023967,25.783226501216888,2141.1426892447225,104.36495085067291,0.6000071054030675,7.873072718211916e-08,4.7466939122386975e-05,4.746693804236202e-05,1.0800249583553523e-12
1760.0,380.20069865529086,0.0,0.0,25.696695856704764,25.70501965512257,63.34555047844981,4.6315844821997,,,liquid,gas,25.759786347827177,25.784167333459234,2141.1426876355113,104.364952459884,0.6000072653092594,8.046056336752372e-08,4.907615038973745e-05,4.907614912497138e-05,1.2647660696529783e-12
1780.0,380.2050205087539,0.0,0.0,25.696711143519646,25.70521372436623,63.34553345136317,4.631586420294771,,,liquid,gas,25.76043890921162,25.78510689123549,2141.142685991371,104.36495410402445,0.600007426128653,8.220702056860318e-08,5.072029080110951e-05,5.072028957897601e-05,1.2221335055073723e-12
1800.0,380.2093829927908,0.0,0.0,25.69672662645222,25.70540960212091,63.34551616467095,4.631588382574197,,,liquid,gas,25.761089975219534,25.786045178554463,2141.142684311975,104.36495578342058,0.6000075893972328,8.396980319957947e-08,5.23996868651011e-05,5.239968571402187e-05,1.1510792319313623e-12
1820.0,380.21378528681515,0.0,0.0,25.69674221481378,25.70560727143432,63.3454987883274,4.63159036134801,,,liquid,gas,25.76173954993633,25.786982199425836,2141.1426825969897,104.3649574984056,0.6000077535051048,8.574925232096575e-08,5.411467191152042e-05,5.4114670732019476e-05,1.1795009413617663e-12
1840.0,380.21822804395725,0.0,0.0,25.696758002386773,25.705806736268904,63.34548114603671,4.631592366249104,,,liquid,gas,25.762387637420442,25.78791795783743,2141.1426808460856,104.3649592493097,0.6000079201220507,8.754520877118921e-08,5.58655760869442e-05,5.586557483638899e-05,1.2505552149377763e-12
1860.0,380.22271041576704,0.0,0.0,25.696773916609377,25.70600797932601,63.34546337325002,4.631594389242089,,,liquid,gas,25.763034241698666,25.78885245775803,2141.1426790589376,104.36496103645786,0.6000080879649906,8.935739970183931e-08,5.765272408098099e-05,5.7652722986745175e-05,1.0942358130705543e-12
1880.0,380.2272324455312,0.0,0.0,25.69678998109132,25.706210995966305,63.345445425247945,4.631596432771963,,,liquid,gas,25.763679366786594,25.789785703141295,2141.142677235222,104.36496286017366,0.6000082574574183,9.118577963818097e-08,5.947643967374461e-05,5.9476438792671615e-05,8.810729923425242e-13
1900.0,380.23179396488155,0.0,0.0,25.696806195409337,25.706415778569365,63.34542730236657,4.631598496787495,,,liquid,gas,25.764323016698793,25.79071769792846,2141.1426753746146,104.36496472078106,0.6000084285960618,9.303037131758174e-08,6.133704710009624e-05,6.133704619060154e-05,9.094947017729282e-13
1920.0,380.2363948619605,0.0,0.0,25.69682255918802,25.70662232033593,63.34540900500777,4.631600581894595,,,liquid,gas,25.764965195438997,25.791648446045812,2141.142673476793,104.36496661860272,0.6000086013770277,9.489108379057143e-08,6.323486877590767e-05,6.323486785220211e-05,9.237055564881302e-13
1940.0,380.2410349188424,0.0,0.0,25.696839071964575,25.70683061298336,63.345390533444785,4.631602687444422,,,liquid,gas,25.765605907000143,25.792577951404816,2141.1426715414354,104.36496855396001,0.60000877579764,9.676787158241495e-08,6.517022620755597e-05,6.517022514174187e-05,1.0658141036401503e-12
1960.0,380.24571398712084,0.0,0.0,25.696855733334225,25.70704064923427,63.34537188803408,4.631604813598373,,,liquid,gas,25.766245155364416,25.793506217902262,2141.1426695682226,104.364970527173,0.600008951854436,9.866064374364213e-08,6.714343908242881e-05,6.714343813030155e-05,9.521272659185342e-13
1980.0,380.2504319092281,0.0,0.0,25.696872542885913,25.707252421701483,63.345353069118254,4.631606960402708,,,liquid,gas,25.76688294450325,25.794433249420116,2141.142667556835,104.36497253856051,0.6000091295440838,1.0056937753688544e-07,6.915482663316652e-05,6.915482563840669e-05,9.947598300641403e-13
2000.0,380.25518851194323,0.0,0.0,25.696889500196,25.707465922795414,63.34533407702027,4.631609127712458,,,liquid,gas,25.767519278377403,25.79535904982591,2141.1426655069554,104.36497458844,0.6000093088634383,1.0249398201267468e-07,7.120470627342002e-05,7.120470513655164e-05,1.1368683772161603e-12
2020.0,380.25998364809885,0.0,0.0,25.696906604863443,25.707681145315775,63.345314912092974,4.631611315681661,,,liquid,gas,25.768154160936916,25.79628362297238,2141.1426634182676,104.36497667712777,0.6000094898090716,1.0443438895890722e-07,7.329339405259816e-05,7.329339290151893e-05,1.1510792319313623e-12
2040.0,380.2648171400292,0.0,0.0,25.69692385646266,25.70789808164961,63.3452955746505,4.631613524098487,,,liquid,gas,25.7687875961212,25.797206972697815,2141.1426612904565,104.36497880493876,0.600009672377923,1.0639055290084797e-07,7.542120511061512e-05,7.542120388848161e-05,1.2221335055073723e-12
2060.0,380.2696887985072,0.0,0.0,25.69694125455888,25.70811672403968,63.345276064992824,4.631615752607979,,,liquid,gas,25.76941958785904,25.798129102826042,2141.1426591232084,104.36498097218667,0.6000098565670661,1.0836240562639433e-07,7.7588453223143e-05,7.758845180205753e-05,1.4210854715202004e-12
2080.0,380.2745985780864,0.0,0.0,25.696958798838438,25.70833706678581,63.34525638358931,4.631618002538761,,,liquid,gas,25.770050140068626,25.799050017166422,2141.1426569162113,104.36498317918398,0.6000100423719706,1.1034985618607606e-07,7.979545034686453e-05,7.979544911052017e-05,1.2363443602225743e-12
2100.0,380.27954618194605,0.0,0.0,25.696976488778148,25.708559100644916,63.345236530608304,4.631620272256307,,,liquid,gas,25.77067925665759,25.799969719514063,2141.142654669153,104.36498542624186,0.6000102297909576,1.1235290457989322e-07,8.204250843846239e-05,8.204250698895521e-05,1.4495071809506044e-12
2120.0,380.2845315247617,0.0,0.0,25.6969943240328,25.70878281939048,63.345216506468596,4.631622562606024,,,liquid,gas,25.771306941523015,25.800888213649657,2141.142652381725,104.36498771367026,0.6000104188199767,1.1437141438364051e-07,8.43299367261352e-05,8.432993539031486e-05,1.3358203432289883e-12
2140.0,380.2895544473853,0.0,0.0,25.697012304195617,25.709008215769074,63.34519631150013,4.6316248735580965,,,liquid,gas,25.771933198551476,25.80180550333969,2141.142650053617,104.36499004177789,0.6000106094558189,1.1640538559731794e-07,8.665804443808156e-05,8.665804301699609e-05,1.4210854715202004e-12
2160.0,380.29461475954463,0.0,0.0,25.697030428834942,25.709235282105425,63.34517594599389,4.631627204709648,,,liquid,gas,25.77255803161907,25.802721592336425,2141.1426476845227,104.3649924108722,0.600010801695645,1.1845472727145535e-07,8.902713898351067e-05,8.902713733505152e-05,1.6484591469634324e-12
2180.0,380.29971232085546,0.0,0.0,25.697048697561222,25.709464011450272,63.3451554102994,4.631629556237435,,,liquid,gas,25.773181444591444,25.803636484378067,2141.1426452741352,104.36499482125943,0.6000109955360616,1.2051937119395008e-07,9.143752640738967e-05,9.143752455997856e-05,1.8474111129762605e-12
2200.0,380.3048469735628,0.0,0.0,25.697067109971556,25.709694396627285,63.34513470474336,4.631631928106907,,,liquid,gas,25.77380344132381,25.80455018318866,2141.1426428221503,104.36499727324455,0.600011190973892,1.2259924915269947e-07,9.388951139044366e-05,9.388950968514109e-05,1.7053025658242404e-12
2220.0,380.31001855900195,0.0,0.0,25.697085665662883,25.709926430466183,63.34511382965033,4.6316343202658565,,,liquid,gas,25.774424025660988,25.80546269247824,2141.1426403282635,104.36499976713135,0.6000113880059795,1.2469433841033606e-07,9.638339815865038e-05,9.638339648176952e-05,1.6768808563938364e-12
2240.0,380.3152269298815,0.0,0.0,25.69710436424227,25.710160105976897,63.34509278535698,4.631636732788774,,,liquid,gas,25.77504320143742,25.806374015942858,2141.1426377921725,104.36500230322237,0.600011586629054,1.2680454801738962e-07,9.891948911899817e-05,9.891948749896073e-05,1.6200374375330284e-12
2260.0,380.320471922862,0.0,0.0,25.697123205304145,25.71039541596057,63.34507157217957,4.631639165554614,,,liquid,gas,25.775660972477212,25.80728415726466,2141.142635213576,104.36500488181893,0.6000117868400382,1.2892983249912505e-07,0.00010149808576898067,0.0001014980840636781,1.7053025658242404e-12
2280.0,380.3257533862844,0.0,0.0,25.69714218845344,25.710632353402723,63.34505019044674,4.631641618572721,,,liquid,gas,25.776277342594152,25.808193120111937,2141.142632592174,104.36500750322116,0.6000119886357383,1.310701009060722e-07,0.00010411948778710212,0.00010411948629496237,1.4921397450962104e-12
2300.0,380.3310711663007,0.0,0.0,25.697161313294128,25.710870911276515,63.34502864048302,4.631644091819832,,,liquid,gas,25.77689231559174,25.809100908139136,2141.1426299276673,104.36501016772797,0.6000121920130003,1.3322533050086348e-07,0.00010678399439711939,0.00010678399310393161,1.2931877790833823e-12
2320.0,380.33642510965603,0.0,0.0,25.697180579431247,25.71111108258209,63.345006922612384,4.63164658527282,,,liquid,gas,25.777505895263214,25.810007524986958,2141.142627219758,104.36501287563708,0.6000123969686746,1.3539545307139633e-07,0.00010949190345854731,0.0001094919022079921,1.2505552149377763e-12
2340.0,380.34181506367634,0.0,0.0,25.697199986470935,25.71135286034646,63.344985037158736,4.631649098908509,,,liquid,gas,25.778118085391572,25.81091297428238,2141.14262446815,104.36501562724499,0.6000126034996135,1.3758040040556807e-07,0.00011224351146665867,0.00011224351011662748,1.3500311979441904e-12
2360.0,380.34724087593486,0.0,0.0,25.697219534020633,25.7115962376185,63.34496298444353,4.631651632699884,,,liquid,gas,25.77872888974962,25.811817259638776,2141.142621672548,104.365018422847,0.6000128116026928,1.3978010429127608e-07,0.0001150391135524842,0.00011503911213139872,1.4210854715202004e-12
2380.0,380.35270239589727,0.0,0.0,25.697239221689564,25.71184120749234,63.34494076479065,4.631654186635391,,,liquid,gas,25.77933831209997,25.812720384655865,2141.1426188326577,104.36502126273727,0.6000130212747653,1.4199451925378526e-07,0.0001178790039375599,0.00011787900240278759,1.5347723092418164e-12
2400.0,380.3581994716408,0.0,0.0,25.69725904908723,25.712087763060747,63.34491837851929,4.6316567606803885,,,liquid,gas,25.77994635619509,25.813622352919843,2141.142615948186,104.36502414720873,0.6000132325127291,1.4422357708099298e-07,0.00012076347547917976,0.00012076347385914232,1.6200374375330284e-12
2420.0,380.3637319531272,0.0,0.0,25.697279015824844,25.712335897461443,63.344895825950616,4.631659354815702,,,liquid,gas,25.78055302577732,25.814523168003404,2141.142613018842,104.36502707655313,0.6000134453134632,1.464672095607966e-07,0.0001236928196703957,0.00012369281826352108,1.4068746168049984e-12
2440.0,380.3692996905595,0.0,0.0,25.697299121514426,25.712585603853746,63.3448731074052,4.63166196901827,,,liquid,gas,25.7811583245789,25.8154228334658,2141.142610044334,104.36503005106108,0.6000136596738533,1.487253939558286e-07,0.00012666732754951227,0.00012666732621369192,1.3358203432289883e-12
2460.0,380.37490253501846,0.0,0.0,25.697319365770262,25.712836875427517,63.344850223201824,4.631664603268696,,,liquid,gas,25.781762256322004,25.816321352852892,2141.1426070243733,104.36503307102198,0.600013875590802,1.5099803931661882e-07,0.00012968728833584464,0.00012968728711371114,1.2221335055073723e-12
2480.0,380.38054033692885,0.0,0.0,25.697339748205906,25.71308970538145,63.34482717365799,4.631667257533194,,,liquid,gas,25.78236482471875,25.817218729697174,2141.1426039586713,104.3650361367241,0.6000140930612244,1.532851001684321e-07,0.00013275299033921328,0.00013275298923076662,1.1084466677857563e-12
2500.0,380.3862129491163,0.0,0.0,25.6973602684382,25.713344086965982,63.344803959092694,4.631669931799677,,,liquid,gas,25.782966033471254,25.81811496751794,2141.1426008469407,104.36503924845451,0.6000143120820219,1.5558653103653343e-07,0.00013586472095994395,0.00013586471963833446,1.3216094885137863e-12
2520.0,380.39192022382537,0.0,0.0,25.697380926085025,25.71360001344366,63.34478057982074,4.631672626041731,,,liquid,gas,25.783565886255257,25.819010069817157,2141.142597688899,104.36504240649634,0.6000145326501368,1.5790208180987974e-07,0.00013902276259614155,0.00013902276147348402,1.1226575225009583e-12
2540.0,380.3976620139238,0.0,0.0,25.6974017207623,25.713857478097065,63.344757036162456,4.631675340236137,,,liquid,gas,25.78416438678569,25.819904040095608,2141.1425944842554,104.36504561114,0.6000147547624567,1.6023218449845444e-07,0.00014222740628611064,0.0001422274051350314,1.1510792319313623e-12
2560.0,380.4034381730848,0.0,0.0,25.69742265209038,25.714116474244406,63.34473332843203,4.631678074360239,,,liquid,gas,25.784761538718357,25.820796881829033,2141.142591232729,104.36504886266628,0.6000149784159307,1.6257631614280398e-07,0.00014547893260896672,0.00014547893141525492,1.1937117960769683e-12
2580.0,380.40924855545575,0.0,0.0,25.6974437196903,25.714376995226225,63.3447094569437,4.6316808283912,,,liquid,gas,25.785357345715557,25.821688598483995,2141.1425879340377,104.36505216135768,0.600015203607506,1.6493456769239856e-07,0.0001487776239628147,0.00014877762281173545,1.1510792319313623e-12
2600.0,380.41509301532335,0.0,0.0,25.69746492318323,25.714639034402666,63.344685422011985,4.631683602301314,,,liquid,gas,25.7859518114297,25.82257919351406,2141.1425845879,104.36505550749554,0.6000154303341285,1.6730689367250307e-07,0.00015212376183626475,0.00015212376067097466,1.1652900866465643e-12
2620.0,380.42097140917895,0.0,0.0,25.697486262192818,25.714902585182585,63.34466122395249,4.631686396082381,,,liquid,gas,25.786544939503344,25.8234686703598,2141.1425811940353,104.36505890136007,0.6000156585927336,1.6969322587101486e-07,0.00015551762635368505,0.00015551762520260581,1.1510792319313623e-12
2640.0,380.42688359159087,0.0,0.0,25.69750773634264,25.715167640965127,63.34463686307576,4.63168920969711,,,liquid,gas,25.78713673356921,25.824357032448876,2141.142577752165,104.36506234323036,0.6000158883803051,1.720935188131989e-07,0.00015895949672994902,0.00015895949549360466,1.2363443602225743e-12
2660.0,380.43282941932165,0.0,0.0,25.697529345257784,25.715434195197986,63.344612339695736,4.6316920431275985,,,liquid,gas,25.787727197250213,25.82524428319605,2141.142574262011,104.36506583338435,0.6000161196937946,1.745077042869525e-07,0.00016244965081568807,0.00016244964947986773,1.3358203432289883e-12
2680.0,380.43880873535375,0.0,0.0,25.697551088553336,25.715702241150957,63.34458765410671,4.631694896187572,,,liquid,gas,25.788316334159486,25.826130426003257,2141.142570723296,104.36506937209886,0.6000163525303409,1.769357368175406e-07,0.00016598836555203889,0.00016598836398884487,1.5631940186722204e-12
2700.0,380.44482143888564,0.0,0.0,25.69757296589141,25.71597177290743,63.34456280667011,4.631697769345181,,,liquid,gas,25.78890414790041,25.827015464259652,2141.142567135745,104.36507295964961,0.6000165868864464,1.7937754819286057e-07,0.0001695759165158961,0.00016957591473953926,1.7763568394002505e-12
2720.0,380.45086734614404,0.0,0.0,25.697594976866185,25.71624278339275,63.34453779764594,4.631700662086949,,,liquid,gas,25.789490642066635,25.827899401341657,2141.1425634990837,104.36507659631118,0.6000168227595752,1.8183307020080975e-07,0.0001732125779199123,0.0001732125763140857,1.6058265828178264e-12
2740.0,380.4569463295712,0.0,0.0,25.69761712111881,25.716515266345695,63.344512627360686,4.631703574553865,,,liquid,gas,25.790075820242105,25.82878224061301,2141.1425598130377,104.36508028235707,0.6000170601465615,1.8430230284138815e-07,0.00017689862397674005,0.00017689862220038322,1.7763568394002505e-12
2760.0,380.46305824823446,0.0,0.0,25.69763939828012,25.716789215332692,63.34448729612401,4.631706506723388,,,liquid,gas,25.79065968600109,25.829663985424773,2141.142556077335,104.36508401805966,0.6000172990443995,1.8678513242775806e-07,0.00018063432662529522,0.00018063432479209496,1.8332002582610585e-12
2780.0,380.4692029471473,0.0,0.0,25.697661807970235,25.717064623738086,63.34446180422627,4.631709458401561,,,liquid,gas,25.79124224290821,25.830544639115537,2141.1425522917043,104.36508780369022,0.6000175394502663,1.8928153622255195e-07,0.00018441995734974626,0.00018441995534601574,2.0037305148434825e-12
2800.0,380.4753803301861,0.0,0.0,25.69768434985863,25.717341485797174,63.344436152027725,4.631712430079909,,,liquid,gas,25.791823494518187,25.831424205011,2141.1425484558754,104.36509163951892,0.6000177813606775,1.9179144601366714e-07,0.0001882557862700196,0.00018825578405312626,2.2168933355715126e-12
2820.0,380.4815902142636,0.0,0.0,25.697707023543554,25.717619794529625,63.34441033978253,4.631715421221912,,,liquid,gas,25.79240344437696,25.83230268642515,2141.1425445695795,104.36509552581485,0.600018024773154,1.9431479358900106e-07,0.00019214208214179962,0.0001921420799817497,2.1600499167107046e-12
2840.0,380.487832475159,0.0,0.0,25.69772982867233,25.717899543806595,63.34438436781505,4.631718431976418,,,liquid,gas,25.79298209602007,25.833180086658782,2141.1425406325484,104.365099462846,0.6000182696845517,1.9685155621118612e-07,0.00019607911326602334,0.00019607911113439513,2.1316282072803006e-12
2860.0,380.4941069745967,0.0,0.0,25.697752764881326,25.71818072731651,63.34435823643133,4.6317214623210505,,,liquid,gas,25.79355945297379,25.834056409000574,2141.142536644515,104.36510345087929,0.6000185160919006,1.994016656681197e-07,0.00020006714657938574,0.00020006714441933582,2.1600499167107046e-12
2880.0,380.50041357481575,0.0,0.0,25.697775831808308,25.718463338771905,63.34433194593649,4.631724512233284,,,liquid,gas,25.79413551875486,25.834931656726834,2141.142532605214,104.36510749018053,0.6000187639922399,2.0196505374769912e-07,0.00020410644765433972,0.00020410644566482006,1.9895196601282805e-12
2900.0,380.506752138595,0.0,0.0,25.697799029092806,25.71874737190952,63.34430549663326,4.631727581690851,,,liquid,gas,25.794710296870534,25.83580583310158,2141.14252851438,104.3651115810145,0.6000190133826312,2.0454169771255693e-07,0.00020819728160859086,0.00020819727963328205,1.9753088054130785e-12
2920.0,380.51312252921963,0.0,0.0,25.69782235637376,25.719032820489875,63.34427888882718,4.631730670671308,,,liquid,gas,25.79528379081858,25.836678941376583,2141.1425243717495,104.36511572364486,0.6000192642601103,2.0713152935059042e-07,0.00021233991219560266,0.00021233990999292018,2.2026824808563106e-12
2940.0,380.5195246105023,0.0,0.0,25.69784581329251,25.719319678297452,63.344252122820926,4.631733779152335,,,liquid,gas,25.795856004087323,25.837550984791406,2141.1425201770603,104.36511991833424,0.6000195166217407,2.0973445771232946e-07,0.00021653460134984925,0.00021653459937454045,1.9753088054130785e-12
2960.0,380.52595824677474,0.0,0.0,25.697869399491182,25.71960793914047,63.344225198916945,4.631736907111693,,,liquid,gas,25.796426940155673,25.838421966573488,2141.14251593005,104.36512416534417,0.6000197704645874,2.1235050553514157e-07,0.00022078161146055209,0.00022078160930050217,2.1600499167107046e-12
2980.0,380.5324233028788,0.0,0.0,25.697893114613038,25.7198975968509,63.34419811741676,4.631740054527025,,,liquid,gas,25.79699660249313,25.839291889938124,2141.142511630459,104.36512846493514,0.6000200257857253,2.1497955913218902e-07,0.00022508120264319587,0.00022508120026998313,2.3732127374387346e-12
3000.0,380.5389196441766,0.0,0.0,25.69791695830229,25.72018864528424,63.344170878621604,4.631743221376157,,,liquid,gas,25.79756499455983,25.84016075808855,2141.1425072780276,104.36513281736657,0.6000202825822323,2.1762157302873676e-07,0.0002294336341037706,0.00022943363170213615,2.4016344468691386e-12
3020.0,380.54544713653297,0.0,0.0,25.697940930204417,25.720481078319374,63.344143482832074,4.631746407636827,,,liquid,gas,25.79813211980656,25.84102857421603,2141.142502872497,104.36513722289685,0.600020540851192,2.202765244874172e-07,0.00023383916459351894,0.00023383916197872168,2.6147972675971687e-12
3040.0,380.5520056463326,0.0,0.0,25.697965029965594,25.720774889858866,63.344115930348345,4.631749613286866,,,liquid,gas,25.79869798167478,25.841895341499818,2141.1424984136106,104.3651416817833,0.6000208005896933,2.2294432255876018e-07,0.00023829805104469415,0.00023829804842989688,2.6147972675971687e-12
3060.0,380.5585950404632,0.0,0.0,25.69798925723371,25.721070073828415,63.344088221469036,4.631752838304123,,,liquid,gas,25.799262583596658,25.842761063107247,2141.1424939011117,104.3651461942822,0.6000210617948393,2.2562494450539816e-07,0.0002428105499348021,0.0002428105473342157,2.6005864128819667e-12
3080.0,380.5652151863156,0.0,0.0,25.69801361165725,25.72136662417691,63.34406035649292,4.6317560826664375,,,liquid,gas,25.799825928995084,25.84362574219382,2141.1424893347453,104.3651507606488,0.6000213244637321,2.283183221152285e-07,0.0002473769163771067,0.00024737691393283967,2.4442670110147446e-12
3100.0,380.5718659517901,0.0,0.0,25.69803809288598,25.721664534876503,63.3440323357179,4.631759346351737,,,liquid,gas,25.800388021283702,25.844489381903163,2141.1424847142566,104.3651553811373,0.6000215885934825,2.3102443265088367e-07,0.00025199740503012436,0.00025199740242953794,2.6005864128819667e-12
3120.0,380.5785472052866,0.0,0.0,25.69806270057081,25.721963799922335,63.344004159440956,4.631762629337943,,,liquid,gas,25.800948863866935,25.84535198536714,2141.142480039393,104.36516005600087,0.6000218541812105,2.337431851628935e-07,0.0002566722687333822,0.0002566722660048981,2.7284841053187847e-12
3140.0,380.58525881570586,0.0,0.0,25.69808743436323,25.722264413332525,63.343975827959355,4.631765931603016,,,liquid,gas,25.80150846014,25.846213555705877,2141.1424753099022,104.36516478549166,0.6000221212240334,2.3647453417652287e-07,0.0002614017594169127,0.00026140175678790456,2.6290081223123707e-12
3160.0,380.5920006524446,0.0,0.0,25.69811229391646,25.722566369148097,63.34394734156838,4.631769253124906,,,liquid,gas,25.802066813488945,25.8470740960278,2141.142470525533,104.36516956986077,0.6000223897190878,2.392184569544042e-07,0.00026618612855600077,0.00026618612589857094,2.6574298317427747e-12
3180.0,380.5987725854013,0.0,0.0,25.698137278884396,25.722869661432775,63.34391870056364,4.631772593881695,,,liquid,gas,25.802623927290668,25.8479336094297,2141.1424656860354,104.3651744093583,0.6000226596635071,2.41974885284435e-07,0.00027102562626168947,0.0002710256234337294,2.8279600883251987e-12
3200.0,380.60557448496206,0.0,0.0,25.698162388921915,25.723174284273103,63.34388990524022,4.6317759538513394,,,liquid,gas,25.803179804912936,25.848792098996753,2141.1424607911604,104.36517930423335,0.6000229310544307,2.447437509545125e-07,0.0002759205012807797,0.00027592049848124134,2.7995383788947947e-12
3220.0,380.61240622201063,0.0,0.0,25.698187623685364,25.72348023177809,63.34386095589171,4.6317793330119725,,,liquid,gas,25.80373444971442,25.849649567802587,2141.1424558406597,104.36518425473396,0.6000232038890116,2.4752503122726923e-07,0.0002808710019053251,0.00028087099909157587,2.8137492336099967e-12
3240.0,380.6192676679192,0.0,0.0,25.698212982831937,25.723787498079396,63.343831852811206,4.63178273134167,,,liquid,gas,25.804287865044707,25.850506018909314,2141.1424508342866,104.3651892611072,0.6000234781644085,2.503186578906025e-07,0.00028587737506313715,0.00028587737233465305,2.7284841053187847e-12
3260.0,380.62615869454817,0.0,0.0,25.698238466019383,25.724096077331083,63.34380259629253,4.631786148818526,,,liquid,gas,25.804840054244337,25.85136145536758,2141.142445771795,104.36519432359911,0.6000237538777732,2.531245854697772e-07,0.0002909398667725327,0.00029093986424300056,2.5295321393059567e-12
3280.0,380.6330791742511,0.0,0.0,25.698264072907406,25.724405963709543,63.34377318662676,4.631789585420784,,,liquid,gas,25.805391020644823,25.852215880216608,2141.142440652939,104.36519944245475,0.6000240310262832,2.559427912274259e-07,0.0002960587225970812,0.00029605871988280796,2.7142732506035827e-12
3300.0,380.6400289798564,0.0,0.0,25.69828980315601,25.724717151413422,63.34374362410612,4.631793041126551,,,liquid,gas,25.805940767568668,25.85306929648424,2141.142435477476,104.36520461791815,0.6000243096071068,2.587731614767108e-07,0.00030123418582661543,0.00030123418328287244,2.5437429940211587e-12
3320.0,380.6470079846812,0.0,0.0,25.69831565642679,25.72502963466352,63.34371390902083,4.631796515914052,,,liquid,gas,25.806489298329396,25.85392170718698,2141.1424302451614,104.36520985023238,0.6000245896174304,2.616157189549995e-07,0.0003064665002057154,0.000306466497505653,2.7000623958883807e-12
3340.0,380.654016062531,0.0,0.0,25.698341632381727,25.725343407702972,63.34368404166202,4.631800009761585,,,liquid,gas,25.80703661623157,25.854773115330044,2141.1424249557544,104.36521513963949,0.6000248710544326,2.6447034997545413e-07,0.0003117559072052245,0.00031175590461884894,2.5863755581667647e-12
3360.0,380.6610530876748,0.0,0.0,25.698367730684573,25.725658464796535,63.3436540223185,4.631803522647335,,,liquid,gas,25.80758272457083,25.8556235239074,2141.1424196090134,104.36522048638055,0.6000251539153141,2.673370545380749e-07,0.000317102648295986,0.00031710264568118873,2.6147972675971687e-12
3380.0,380.6681189348778,0.0,0.0,25.698393950999552,25.725974800231256,63.34362385127944,4.631807054549694,,,liquid,gas,25.808127626633894,25.856472935901813,2141.142414204698,104.36522589069567,0.6000254381972723,2.70215764430759e-07,0.0003225069635846012,0.00032250696079927366,2.7853275241795927e-12
3400.0,380.67521347936605,0.0,0.0,25.69842029299216,25.726292408315754,63.343593528833516,4.631810605446934,,,liquid,gas,25.808671325698604,25.85732135428488,2141.14240874257,104.36523135282395,0.60002572389751,2.731064114414039e-07,0.00032796909181342926,0.00032796908908494515,2.7284841053187847e-12
3420.0,380.68233659684824,0.0,0.0,25.69844675632875,25.72661128338057,63.34356305526834,4.6318141753174356,,,liquid,gas,25.80921382503394,25.858168782017085,2141.1424032223904,104.36523687300354,0.60002601101324,2.7600897283264204e-07,0.0003334892712700821,0.0003334892686694957,2.6005864128819667e-12
3440.0,380.68948816350326,0.0,0.0,25.69847334067699,25.726931419777898,63.34353243087074,4.631817764139575,,,liquid,gas,25.809755127900036,25.859015222047837,2141.1423976439223,104.36524245147159,0.6000262995416831,2.789234031297383e-07,0.00033906773933267687,0.0003390677367178796,2.6147972675971687e-12
3460.0,380.6966680559773,0.0,0.0,25.698500045705224,25.7272528118814,63.34350165592762,4.631821371891759,,,liquid,gas,25.81029523754822,25.859860677315513,2141.1423920069296,104.3652480884643,0.6000265894800594,2.8184963412059006e-07,0.00034470473201508867,0.0003447047294287131,2.5863755581667647e-12
3480.0,380.70387615139185,0.0,0.0,25.698526871083097,25.727575454086406,63.343470730724476,4.631824998552452,,,liquid,gas,25.810834157221024,25.8607051507475,2141.1423863111772,104.3652537842169,0.6000268808256027,2.847876203304622e-07,0.0003504004844216979,0.0003504004820342743,2.3874235921539366e-12
3500.0,380.71111232733045,0.0,0.0,25.698553816480995,25.72789934080959,63.3434396555468,4.631828644100132,,,liquid,gas,25.811371890152213,25.861548645260232,2141.1423805564305,104.36525953896366,0.600027173575547,2.8773733902198727e-07,0.00035615523120213766,0.00035615522878629235,2.4158453015843406e-12
3520.0,380.71837646184565,0.0,0.0,25.698580881570763,25.72822446648906,63.343408430678714,4.631832308513296,,,liquid,gas,25.81190843956681,25.862391163759245,2141.142374742456,104.36526535293788,0.6000274677271399,2.9069872198306257e-07,0.0003619692056417989,0.0003619692030127908,2.6290081223123707e-12
3540.0,380.72566843344805,0.0,0.0,25.698608066024377,25.728550825584033,63.34337705640516,4.631835991770461,,,liquid,gas,25.812443808681117,25.86323270913921,2141.142368869022,104.36527122637193,0.6000277632776212,2.9367170100158547e-07,0.0003678426396618306,0.0003678426370612442,2.6005864128819667e-12
3560.0,380.732988121118,0.0,0.0,25.698635369515873,25.728878412575085,63.343345533008716,4.631839693850237,,,liquid,gas,25.81297800070273,25.86407328428398,2141.142362935897,104.36527715949721,0.6000280602242537,2.966562533401884e-07,0.0003737757647286344,0.0003737757623412108,2.3874235921539366e-12
3580.0,380.74033540428485,0.0,0.0,25.69866279171943,25.729207221963698,63.343313860772554,4.631843414731151,,,liquid,gas,25.813511018830585,25.86491289206662,2141.14235694285,104.36528315254418,0.6000283585642942,2.996523562615039e-07,0.00037976881185386446,0.00037976880931012147,2.5437429940211587e-12
3600.0,380.7477101628465,0.0,0.0,25.698690332310857,25.729537248272564,63.34328203997854,4.6318471543918545,,,liquid,gas,25.814042866254955,25.86575153534947,2141.1423508896514,104.36528920574236,0.6000286582950126,3.0265991881606167e-07,0.0003858220102301857,0.00038582200748749074,2.7426949600339867e-12
3620.0,380.7551122771519,0.0,0.0,25.69871799096638,25.72986848604517,63.343250070908546,4.631850912811006,,,liquid,gas,25.81457354615749,25.866589216984163,2141.1423447760735,104.36529531932031,0.6000289594136793,3.0567889552912675e-07,0.00039193558814076823,0.00039193558544070584,2.7000623958883807e-12
3640.0,380.7625416280047,0.0,0.0,25.698745767363707,25.73020092984595,63.343217953843165,4.6318546899672555,,,liquid,gas,25.815103061711234,25.867425939811685,2141.1423386018882,104.36530149350568,0.6000292619175767,3.087092636633315e-07,0.00039810977341403486,0.00039810977081344845,2.6005864128819667e-12
3660.0,380.7699980966655,0.0,0.0,25.698773661181377,25.730534574260098,63.34318568906259,4.63185848583934,,,liquid,gas,25.81563141608065,25.868261706662405,2141.1423323668687,104.36530772852517,0.6000295658039911,3.117509777439409e-07,0.0004043447929689137,0.000404344790297273,2.6716406864579767e-12
3680.0,380.7774815648439,0.0,0.0,25.698801672098703,25.7308694138935,63.343153276846834,4.631862300406007,,,liquid,gas,25.816158612421635,25.869096520356116,2141.1423260707893,104.36531402460456,0.6000298710702111,3.1480396955885226e-07,0.0004106408723600907,0.00041064086968845004,2.6716406864579767e-12
3700.0,380.7849919146925,0.0,0.0,25.698829799796144,25.731205443372613,63.343120717475024,4.631866133645936,,,liquid,gas,25.81668465388156,25.869930383702087,2141.142319713425,104.36532038196869,0.6000301777135337,3.1786821637069805e-07,0.0004169982366875047,0.00041699823381691203,2.8705926524708048e-12
3720.0,380.79252902882274,0.0,0.0,25.69885804395506,25.73154265734452,63.343088011225554,4.631869985537996,,,liquid,gas,25.817209543599272,25.870763299499092,2141.142313294552,104.3653268008415,0.6000304857312636,3.209436499673757e-07,0.0004234171096868522,0.00042341710663151844,3.055333763768431e-12
3740.0,380.8000927902921,0.0,0.0,25.698886404257983,25.73188105047683,63.34305515837615,4.631873856061049,,,liquid,gas,25.817733284705135,25.871595270535455,2141.1423068139475,104.365333281446,0.6000307951207116,3.2403022487415e-07,0.0004298977141843352,0.00042989771112900144,3.055333763768431e-12
3760.0,380.80768307286473,0.0,0.0,25.698914880380066,25.732220617319705,63.343022159192564,4.631877745079652,,,liquid,gas,25.81825588032104,25.872426299589087,2141.142300271389,104.36533982400427,0.6000311058793021,3.271279183536535e-07,0.00043644027255140827,0.0004364402693965985,3.154809746774845e-12
3780.0,380.8152997799728,0.0,0.0,25.698943472019053,25.732561352857164,63.34298901398034,4.631881652801593,,,liquid,gas,25.81877733356043,25.873256389427503,2141.142293666656,104.36534642873751,0.6000314180040834,3.3023666219378355e-07,0.00044304500579528394,0.0004430450026404742,3.154809746774845e-12
3800.0,380.8229427862311,0.0,0.0,25.69897217886068,25.732903251679417,63.34295572298713,4.631885579091099,,,liquid,gas,25.81929764752833,25.874085542807947,2141.142286999527,104.36535309586598,0.6000317314926521,3.333564336571726e-07,0.0004497121344684274,0.0004497121311146657,3.353761712787673e-12
3820.0,380.83061197646066,0.0,0.0,25.699001000582296,25.733246308535072,63.342922286505456,4.631889523927113,,,liquid,gas,25.819816825321368,25.87491376247734,2141.142280269784,104.36535982560905,0.6000320463421798,3.36487164531718e-07,0.00045644187775906175,0.00045644187417792637,3.581135388230905e-12
3840.0,380.83830723592536,0.0,0.0,25.699029936874542,25.733590518192884,63.34288870480362,4.63189348728866,,,liquid,gas,25.820334870027786,25.87574105117236,2141.1422734772077,104.36536661818518,0.6000323625500683,3.396288093426847e-07,0.00046323445394591545,0.00046323445030793664,3.637978807091713e-12
3860.0,380.84602845031344,0.0,0.0,25.699058987425325,25.73393587544136,63.342854978156566,4.631897469154692,,,liquid,gas,25.82085178472747,25.87656741161946,2141.142266621581,104.36537347381194,0.6000326801136564,3.427813453527051e-07,0.00047009008085296955,0.0004700900770728822,3.780087354243733e-12
3880.0,380.85377550575583,0.0,0.0,25.699088151923377,25.73428237508917,63.34282110683841,4.631901469504231,,,liquid,gas,25.821367572491976,25.877392846534942,2141.1422597026867,104.365380392706,0.6000329990302912,3.459447043496766e-07,0.0004770089749399631,0.000477008971131454,3.808509063674137e-12
3900.0,380.8615482888178,0.0,0.0,25.699117430059204,25.73463001196477,63.34278709112137,4.6319054883164,,,liquid,gas,25.821882236384546,25.878217358624944,2141.1422527203094,104.36538737508315,0.6000333192973375,3.491188635962317e-07,0.0004839913522118877,0.00048399134827548096,3.936406756110955e-12
3920.0,380.86934668648803,0.0,0.0,25.699146821523556,25.734978780916272,63.342752931278206,4.631909525570229,,,liquid,gas,25.822395779460134,25.879040950585562,2141.1422456742343,104.36539442115826,0.600033640912156,3.5230375488026767e-07,0.0004910374273094931,0.0004910374233872972,3.922195901395753e-12
3940.0,380.8771705861869,0.0,0.0,25.699176326008583,25.735328676811534,63.34271862758067,4.631913581244825,,,liquid,gas,25.82290820476543,25.879863625102793,2141.1422385642472,104.36540153114534,0.6000339638721169,3.55499355464417e-07,0.0004981474144187814,0.0004981474104681638,3.950617610826157e-12
3960.0,380.88501987576416,0.0,0.0,25.69920594320706,25.7356796945381,63.3426841803,4.631917655319302,,,liquid,gas,25.823419515338873,25.880685384852633,2141.142231390135,104.36540870525752,0.6000342881745954,3.5870561987394467e-07,0.0005053215268162603,0.0005053215226524799,4.163780431554187e-12
3980.0,380.89289444349873,0.0,0.0,25.69923567281264,25.736031829003004,63.34264958970734,4.631921747772884,,,liquid,gas,25.823929714210685,25.881506232501106,2141.1422241516852,104.36541594370705,0.6000346138169678,3.6192247989674795e-07,0.0005125599764141953,0.0005125599721793606,4.234834705130197e-12
4000.0,380.90079417809807,0.0,0.0,25.699265514520228,25.73638507513285,63.342614856072075,4.631925858584856,,,liquid,gas,25.82443880440288,25.882326170704292,2141.142216848687,104.36542324670529,0.6000349407966274,3.651499127954594e-07,0.0005198629746701044,0.0005198629704210589,4.249045559845399e-12
4020.0,380.90871896867725,0.0,0.0,25.699295468025674,25.736739427873452,63.34257997966373,4.631929987734327,,,liquid,gas,25.824946788929303,25.883145202108373,2141.1422094809295,104.36543061446275,0.6000352691109667,3.683878730953438e-07,0.0005272307321320113,0.0005272307278829658,4.249045559845399e-12
4040.0,380.9166687047796,0.0,0.0,25.699325533024968,25.737094882190004,63.34254496075223,4.6319341352005425,,,liquid,gas,25.825453670795632,25.88396332934967,2141.142202048203,104.36543804718906,0.6000355987573742,3.716363153216662e-07,0.0005346634584384446,0.0005346634541893991,4.249045559845399e-12
4060.0,380.92464327638254,0.0,0.0,25.69935570921603,25.737451433067136,63.342509799605146,4.631938300962933,,,liquid,gas,25.825959452999413,25.88478055505468,2141.1421945502993,104.36544554509297,0.6000359297332613,3.748951939996914e-07,0.0005421613623184385,0.0005421613580978146,4.220623850414995e-12
4080.0,380.93264257385664,0.0,0.0,25.699385996297238,25.737809075508338,63.342474496490006,4.631942485000669,,,liquid,gas,25.82646413853008,25.885596881840115,2141.14218698701,104.36545310838238,0.6000362620360397,3.7816446365468435e-07,0.0005497246515915322,0.0005497246475130169,4.078515303262975e-12
4100.0,380.9406664880058,0.0,0.0,25.699416393968114,25.7381678045364,63.34243905167409,4.631946687293145,,,liquid,gas,25.826967730368974,25.88641231231294,2141.142179358128,104.36546073726436,0.6000365956631242,3.8144410154927753e-07,0.0005573535336225177,0.000557353529487159,4.135358722123783e-12
4120.0,380.9487149100553,0.0,0.0,25.699446901928717,25.738527615193185,63.34240346542412,4.631950907819875,,,liquid,gas,25.827470231489364,25.887226849070412,2141.1421716634472,104.36546843194506,0.6000369306119346,3.847340394713683e-07,0.0005650482144119451,0.0005650482101913212,4.220623850414995e-12
4140.0,380.9567877316193,0.0,0.0,25.699477519880276,25.738888502539307,63.34236773800596,4.631955146560067,,,liquid,gas,25.827971644856472,25.888040494700107,2141.1421639027626,104.36547619262984,0.6000372668798994,3.880342319462216e-07,0.0005728088990508695,0.0005728088949723542,4.078515303262975e-12
4160.0,380.9648848447462,0.0,0.0,25.699508247524896,25.739250461654443,63.34233186968473,4.6319594034932665,,,liquid,gas,25.82847197342749,25.888853251779974,2141.1421560758695,104.36548401952318,0.6000376044644545,3.9134465623646975e-07,0.0005806357921755989,0.0005806357883102464,3.865352482534945e-12
4180.0,380.97300614188106,0.0,0.0,25.6995390845658,25.739613487636944,63.342295860725045,4.631963678598864,,,liquid,gas,25.828971220151608,25.889665122878363,2141.142148182564,104.36549191282872,0.6000379433630403,3.946652668673778e-07,0.0005885290975129465,0.000588529093846546,3.666400516522117e-12
4200.0,380.98115151589525,0.0,0.0,25.699570030706433,25.739977575604087,63.342259711392245,4.631967971856507,,,liquid,gas,25.829469387970025,25.890476110554058,2141.142140222644,104.36549987274924,0.6000382835730911,3.979960183642106e-07,0.0005964890178802307,0.0005964890143701496,3.510081114654895e-12
4220.0,380.98932086003884,0.0,0.0,25.699601085651494,25.740342720691494,63.34222342194982,4.631972283245509,,,liquid,gas,25.829966479815987,25.89128621735632,2141.1421321959065,104.36550789948672,0.6000386250920589,4.013368652522331e-07,0.0006045157551852753,0.0006045157518457245,3.339550858072471e-12
4240.0,380.9975140680024,0.0,0.0,25.699632249107314,25.74070891805384,63.342186992659556,4.631976612745628,,,liquid,gas,25.83046249861479,25.89209544582493,2141.142124102151,104.36551599324225,0.6000389679174116,4.0468778479407773e-07,0.0006126095108811569,0.0006126095073852866,3.495870259939693e-12
4260.0,381.00573103385756,0.0,0.0,25.699663520780007,25.74107616286397,63.34215042378495,4.631980960336405,,,liquid,gas,25.83095744728381,25.892903798490202,2141.142115941177,104.36552415421615,0.6000393120466019,4.0804868604027435e-07,0.0006207704846019624,0.0006207704812766224,3.325340003357269e-12
4280.0,381.0139716520692,0.0,0.0,25.69969490037718,25.741444450313118,63.34211371558754,4.631985325997253,,,liquid,gas,25.83145132873253,25.893711277873052,2141.142107712785,104.36553238260784,0.6000396574771005,4.114195917281904e-07,0.0006289988764365262,0.0006289988729690776,3.467448550509289e-12
4300.0,381.0222358175384,0.0,0.0,25.699726387607654,25.74181377561127,63.34207686832814,4.631989709708094,,,liquid,gas,25.831944145862543,25.894517886485012,2141.142099416777,104.36554067861597,0.6000400042063859,4.1480041090835584e-07,0.0006372948846546933,0.0006372948811019796,3.552713678800501e-12
4320.0,381.03052342553616,0.0,0.0,25.699757982179534,25.74218413398645,63.34203988226916,4.631994111448463,,,liquid,gas,25.832435901567596,25.89532362682827,2141.1420910529546,104.36554904243833,0.6000403522319213,4.1819112084340304e-07,0.0006456587070715614,0.0006456587034620043,3.609557097661309e-12
4340.0,381.0388343717385,0.0,0.0,25.699789683803992,25.742555520684952,63.342002757669356,4.631998531198034,,,liquid,gas,25.832926598733593,25.896128501395708,2141.142082621121,104.36555747427191,0.6000407015512049,4.2159167605859694e-07,0.0006540905405927333,0.0006540905370400196,3.552713678800501e-12
4360.0,381.04716855222546,0.0,0.0,25.699821492191724,25.742927930971327,63.34196549478853,4.632002968936612,,,liquid,gas,25.833416240238623,25.896932512670944,2141.14207412108,104.36556597431287,0.6000410521617249,4.2500205381657e-07,0.0006625905816690647,0.0006625905780026642,3.666400516522117e-12
4380.0,381.05552586346505,0.0,0.0,25.69985340705444,25.743301360128168,63.341928093886295,4.632007424643923,,,liquid,gas,25.833904828952985,25.89773566312835,2141.1420655526363,104.36557454275656,0.6000414040609723,4.284221859052195e-07,0.0006711590253871691,0.0006711590216923469,3.694822225952521e-12
4400.0,381.0639062023187,0.0,0.0,25.699885428105187,25.7436758034561,63.34189055522055,4.6320118982997425,,,liquid,gas,25.834392367739202,25.898537955233113,2141.1420569155953,104.36558317979751,0.6000417572464537,4.31852049587178e-07,0.0006797960663789127,0.0006797960626414579,3.737454790098127e-12
4420.0,381.07230946604705,0.0,0.0,25.69991755505749,25.7440512562738,63.34185287904947,4.632016389883937,,,liquid,gas,25.834878859452044,25.899339391441245,2141.1420482097633,104.36559188562946,0.6000421117156737,4.3529159938771044e-07,0.0006885018983666669,0.0006885018945865795,3.780087354243733e-12
4440.0,381.0807355522863,0.0,0.0,25.69994978762584,25.744427713917624,63.34181506563027,4.632020899376245,,,liquid,gas,25.835364306938544,25.90013997419964,2141.1420394349475,104.36560066044531,0.6000424674661464,4.387407898320816e-07,0.0006972767141633085,0.0006972767104400646,3.723243935382925e-12
4460.0,381.0891843590848,0.0,0.0,25.699982125525757,25.744805171742122,63.34177711521964,4.632025426756686,,,liquid,gas,25.835848713038033,25.90093970594609,2141.1420305909555,104.3656095044372,0.6000428244953907,4.4219959818292407e-07,0.000706120706126967,0.0007061207023326688,3.794298208958935e-12
4480.0,381.0976557848553,0.0,0.0,25.70001456847313,25.74518362511923,63.34173902807418,4.63202997200505,,,liquid,gas,25.836332080582142,25.901738589109335,2141.1420216775964,104.36561841779644,0.600043182800927,4.4566795622813513e-07,0.0007150340652515297,0.0007150340615709183,3.680611371237319e-12
4500.0,381.10614972841466,0.0,0.0,25.700047116185456,25.745563069438827,63.341700804449125,4.632034535101369,,,liquid,gas,25.836814412394837,25.902536626109093,2141.142012694679,104.36562740071355,0.6000435423802886,4.491458639677148e-07,0.000724016982530884,0.0007240169786797424,3.851141627819743e-12
4520.0,381.11466608894995,0.0,0.0,25.700079768380434,25.745943500108282,63.341662444599734,4.632039116025525,,,liquid,gas,25.837295711292434,25.90333381935609,2141.1420036420145,104.36563645337824,0.6000439032310089,4.5263323045219295e-07,0.0007330696471399278,0.0007330696433740513,3.765876499528531e-12
4540.0,381.1232047660429,0.0,0.0,25.700112524776912,25.746324912552623,63.34162394878067,4.632043714757558,,,liquid,gas,25.83777598008362,25.9041301712521,2141.1419945194134,104.36564557597947,0.6000442653506269,4.561300556815695e-07,0.0007421922482535592,0.0007421922446013696,3.652189661806915e-12
4560.0,381.1317656596491,0.0,0.0,25.700145385094544,25.74670730221424,63.34158531724568,4.6320483312774705,,,liquid,gas,25.83825522156947,25.904925684189983,2141.1419853266875,104.36565476870538,0.600044628736691,4.596362941811094e-07,0.0007513849741371814,0.0007513849705134135,3.623767952376511e-12
4580.0,381.1403486701131,0.0,0.0,25.700178349054,25.747090664553127,63.34154655024826,4.632052965565359,,,liquid,gas,25.83873343854347,25.90572036055371,2141.1419760636495,104.36566403174332,0.6000449933867518,4.631519004760776e-07,0.000760648012146703,0.0007606480084518807,3.694822225952521e-12
4600.0,381.14895369814815,0.0,0.0,25.70021141637661,25.747474995046467,63.34150764804077,4.632057617601264,,,liquid,gas,25.83921063379155,25.906514202718398,2141.141966730113,104.36567336527989,0.6000453592983711,4.666768290917389e-07,0.0007699815487285377,0.0007699815450195047,3.709033080667723e-12
4620.0,381.1575806448486,0.0,0.0,25.700244586784244,25.747860289188793,63.341468610876575,4.632062287365266,,,liquid,gas,25.83968681009207,25.90730721305036,2141.141957325892,104.36568276950086,0.6000457264691011,4.702110572907259e-07,0.0007793857698743523,0.0007793857659947889,3.879563337250147e-12
4640.0,381.16622941169106,0.0,0.0,25.700277860000448,25.748246542491927,63.341429439006276,4.632066974837575,,,liquid,gas,25.840161970215878,25.908099393907115,2141.1419478508014,104.36569224459129,0.6000460948965209,4.737545168609358e-07,0.000788860860211571,0.0007888608564172728,3.794298208958935e-12
4660.0,381.1748999005188,0.0,0.0,25.700311235748785,25.748633750484792,63.34139013268182,4.6320716799983055,,,liquid,gas,25.840636116926316,25.90889074763744,2141.1419383046573,104.3657017907354,0.6000464645781968,4.773072078023688e-07,0.0007984070043676184,0.0007984070005306876,3.836930773104541e-12
4680.0,381.18359201355554,0.0,0.0,25.70034471375406,25.749021908713463,63.34135069215351,4.632076402827716,,,liquid,gas,25.841109252979226,25.909681276581395,2141.141928687276,104.36571140811668,0.6000468355117109,4.808690619029221e-07,0.0008080243856056768,0.0008080243818113786,3.794298208958935e-12
4700.0,381.19230565338296,0.0,0.0,25.70037829374177,25.749411012740836,63.34131111767148,4.632081143305931,,,liquid,gas,25.841581381122996,25.91047098307036,2141.141918998475,104.36572109691784,0.6000472076946469,4.844400564252282e-07,0.0008177131867341814,0.0008177131829683049,3.765876499528531e-12
4720.0,381.20104072297374,0.0,0.0,25.700411975438417,25.749801058147128,63.34127140948507,4.6320859014133235,,,liquid,gas,25.842052504098554,25.91125986942707,2141.141909238072,104.36573085732081,0.6000475811245966,4.880201458945521e-07,0.0008274735896520724,0.0008274735859430393,3.709033080667723e-12
4740.0,381.2097971256577,0.0,0.0,25.70044575857122,25.75019204052922,63.34123156784342,4.632090677130175,,,liquid,gas,25.84252262463941,25.912047937965642,2141.141899405886,104.36574068950681,0.6000479557991536,4.916093075735262e-07,0.0008373057758035429,0.0008373057719381904,3.865352482534945e-12
4760.0,381.2185747651244,0.0,0.0,25.700479642868075,25.750583955500815,63.34119159299507,4.632095470436679,,,liquid,gas,25.84299174547166,25.912835190991615,2141.1418895017364,104.36575059365623,0.6000483317159178,4.952074732500478e-07,0.0008472099252685439,0.0008472099213605588,3.907985046680551e-12
4780.0,381.2273735454502,0.0,0.0,25.70051362805796,25.750976798692577,63.341151485187766,4.632100281313336,,,liquid,gas,25.843459869314017,25.913621630801977,2141.141879525444,104.36576056994875,0.6000487088724964,4.988146201867494e-07,0.0008571862176722789,0.0008571862138779807,3.794298208958935e-12
4800.0,381.2361933710466,0.0,0.0,25.700547713870513,25.75137056575147,63.341111244668674,4.632105109740322,,,liquid,gas,25.843926998877823,25.914407259685202,2141.1418694768295,104.36577061856327,0.6000490872665027,5.024307256462635e-07,0.0008672348321852041,0.0008672348284051168,3.780087354243733e-12
4820.0,381.2450341467257,0.0,0.0,25.70058190003639,25.751765252341713,63.34107087168458,4.632109955698236,,,liquid,gas,25.844393136867073,25.915192079921287,2141.1418593557146,104.36578073967799,0.6000494668955536,5.060557441538549e-07,0.0008773559470682812,0.0008773559431176636,3.950617610826157e-12
4840.0,381.253895777631,0.0,0.0,25.7006161862867,25.752160854143597,63.34103036648195,4.632114819167394,,,liquid,gas,25.84485828597843,25.915976093781772,2141.1418491619224,104.36579093347028,0.6000498477572692,5.096896074974211e-07,0.0008875497392182297,0.0008875497354097206,3.808509063674137e-12
4860.0,381.2627781692852,0.0,0.0,25.70065057235384,25.75255736685419,63.34098972930608,4.63211970012835,,,liquid,gas,25.84532244890125,25.916759303529787,2141.1418388952757,104.36580120011683,0.6000502298492809,5.133323384143296e-07,0.0008978163859865163,0.0008978163819648444,4.021671884402167e-12
4880.0,381.2716812275608,0.0,0.0,25.700685057970404,25.752954786186976,63.34094896040286,4.632124598561534,,,liquid,gas,25.8457856283176,25.917541711420075,2141.1418285555987,104.36581153979357,0.6000506131692148,5.169838459551102e-07,0.0009081560629056185,0.0009081560586992055,4.206412995699793e-12
4900.0,381.2806048586983,0.0,0.0,25.700719642870464,25.753353107871835,63.34090806001598,4.632129514447586,,,liquid,gas,25.846247826902278,25.918323319699024,2141.1418181427166,104.36582195267569,0.6000509977147183,5.206441073823953e-07,0.0009185689450532664,0.0009185689408184317,4.234834705130197e-12
4920.0,381.2895489692596,0.0,0.0,25.70075432678816,25.753752327654606,63.34086702839048,4.632134447766714,,,liquid,gas,25.84670904732283,25.919104130604705,2141.1418076564546,104.36583243893762,0.6000513834834255,5.243130999588175e-07,0.0009290552070524427,0.0009290552027465537,4.305888978706207e-12
4940.0,381.2985134662135,0.0,0.0,25.700789109459297,25.754152441298036,63.34082586576917,4.632139398499781,,,liquid,gas,25.847169292239567,25.919884146366904,2141.141797096639,104.36584299875308,0.6000517704729924,5.279907782096416e-07,0.0009396150226166355,0.0009396150182112706,4.405364961712621e-12
4960.0,381.30749825685984,0.0,0.0,25.70082399061999,25.75455344458082,63.340784572394874,4.632144366627401,,,liquid,gas,25.847628564305595,25.920663369207144,2141.141786463097,104.36585363229507,0.600052158681075,5.316770966601325e-07,0.0009502485645498382,0.0009502485602013166,4.348521542851813e-12
4980.0,381.3165032488412,0.0,0.0,25.700858970006998,25.754955333297584,63.34074314851059,4.632149352130128,,,liquid,gas,25.848086866166824,25.92144180133873,2141.1417757556565,104.36586433973584,0.6000525481053277,5.353720325729228e-07,0.0009609560052012966,0.0009609560009664619,4.234834705130197e-12
5000.0,381.3255283501621,0.0,0.0,25.700894047358176,25.755358103259297,63.34070159435803,4.632154354988625,,,liquid,gas,25.848544200461994,25.92221944496677,2141.141764974145,104.3658751212469,0.6000529387434176,5.390755632106447e-07,0.0009717375164655095,0.0009717375120317229,4.433786671143025e-12
5020.0,381.3345734691791,0.0,0.0,25.70092922241199,25.75576175029288,63.340659910178466,4.632159375183642,,,liquid,gas,25.849000569822685,25.92299630228822,2141.1417541183932,104.36588597699907,0.6000533305930158,5.427875976238284e-07,0.0009825932684179861,0.0009825932641973623,4.220623850414995e-12
5040.0,381.34363851458846,0.0,0.0,25.700964494907737,25.756166270241113,63.340618096213305,4.6321644126958565,,,liquid,gas,25.849455976873344,25.92377237549189,2141.14174318823,104.36589690716242,0.6000537236517924,5.46508158549841e-07,0.000993523431588983,0.0009935234275531002,4.035882739117369e-12
5060.0,381.3527233954416,0.0,0.0,25.700999864585857,25.756571658962876,63.34057615270192,4.6321694675060305,,,liquid,gas,25.849910424231304,25.924547666758507,2141.141732183486,104.36590791190633,0.6000541179174371,5.502372005139477e-07,0.0010045281755992619,0.0010045281714639032,4.135358722123783e-12
5080.0,381.361828021131,0.0,0.0,25.701035331186965,25.756977912332665,63.340534079884605,4.632174539594952,,,liquid,gas,25.8503639145068,25.92532217826073,2141.141721103993,104.36591899139945,0.6000545133876312,5.539746553040458e-07,0.0010156076687053428,0.001015607664584195,4.121147867408581e-12
5100.0,381.37095230139903,0.0,0.0,25.70107089445282,25.757385026240975,63.34049187800071,4.632179628943446,,,liquid,gas,25.850816450302993,25.92609591216317,2141.1417099495825,104.36593014580971,0.6000549100600647,5.577205229201354e-07,0.0010267620791637455,0.0010267620748436457,4.320099833421409e-12
5120.0,381.3800961463226,0.0,0.0,25.701106554125843,25.757792996593803,63.34044954728878,4.632184735532303,,,liquid,gas,25.85126803421598,25.926868870622446,2141.141698720088,104.36594137530435,0.600055307932436,5.614747351501137e-07,0.0010379915738667478,0.0010379915694755937,4.391154106997419e-12
5140.0,381.3892594663324,0.0,0.0,25.701142309949326,25.75820181931303,63.34040708798731,4.632189859342456,,,liquid,gas,25.85171866883482,25.9276410557872,2141.1416874153424,104.36595268004986,0.6000557070024436,5.652372692566132e-07,0.00104929631925188,0.0010492963149886236,4.263256414560601e-12
5160.0,381.3984421721886,0.0,0.0,25.70117816166742,25.758611490335944,63.340364500333244,4.632195000354738,,,liquid,gas,25.852168356741554,25.928412469798122,2141.1416760351804,104.36596406021208,0.6000561072678015,5.690081025022664e-07,0.0010606764813019254,0.0010606764772091992,4.092726157978177e-12
5180.0,381.4076441749964,0.0,0.0,25.701214109024825,25.75902200561547,63.34032178456423,4.6322001585500825,,,liquid,gas,25.852617100511218,25.929183114788003,2141.141664579436,104.36597551595611,0.6000565087262166,5.727872121497057e-07,0.0010721322255449195,0.0010721322212390305,4.305888978706207e-12
5200.0,381.4168653862061,0.0,0.0,25.701250151767066,25.759433361120102,63.340278940916924,4.632205333909533,,,liquid,gas,25.85306490271186,25.92995299288174,2141.141653047946,104.36598704744637,0.600056911375406,5.76574507249461e-07,0.0010836637156899087,0.0010836637114977066,4.192202140984591e-12
5220.0,381.42610571758564,0.0,0.0,25.70128628964052,25.75984555283346,63.340235969627315,4.632210526413949,,,liquid,gas,25.853511765904575,25.930722106196388,2141.1416414405458,104.36599865484656,0.6000573152130928,5.803700105388998e-07,0.0010952711159006867,0.0010952711116942737,4.206412995699793e-12
5240.0,381.4353650812658,0.0,0.0,25.70132252239219,25.760258576755028,63.34019287093126,4.632215736044478,,,liquid,gas,25.853957692643498,25.93149045684117,2141.1416297570727,104.36601033831973,0.6000577202370018,5.841736538059194e-07,0.001106954588976805,0.0011069545848556572,4.121147867408581e-12
5260.0,381.44464338968424,0.0,0.0,25.70135884977003,25.760672428899042,63.34014964506322,4.632220962782061,,,liquid,gas,25.854402685475847,25.93225804691753,2141.1416179973644,104.36602209802817,0.6000581264448711,5.879854143131525e-07,0.0011187142972630681,0.0011187142932982397,3.964828465541359e-12
5280.0,381.4539405556249,0.0,0.0,25.701395271522852,25.761087105295307,63.34010629225789,4.63222620660775,,,liquid,gas,25.854846746941927,25.93302487851913,2141.141606161259,104.36603393413354,0.6000585338344371,5.918052693232312e-07,0.0011305504026495328,0.0011305503986704935,3.979039320256561e-12
5300.0,381.4632564922092,0.0,0.0,25.701431787399763,25.76150260198881,63.34006281274953,4.632231467502737,,,liquid,gas,25.855289879575157,25.933790953731926,2141.1415942485955,104.3660458467968,0.6000589424034399,5.956331733614206e-07,0.0011424630661167612,0.001142463061924559,4.192202140984591e-12
5320.0,381.4725911128761,0.0,0.0,25.70146839715091,25.76191891503956,63.34001920677153,4.63223674544806,,,liquid,gas,25.855732085902076,25.93455627463415,2141.141582259214,104.36605783617819,0.6000593521496289,5.994690809529857e-07,0.001154452447735821,0.001154452443316245,4.419575816427823e-12
5340.0,381.48194433140833,0.0,0.0,25.701505100527314,25.762336040522797,63.33997547455687,4.632242040424974,,,liquid,gas,25.856173368442377,25.935320843296378,2141.141570192955,104.36606990243732,0.6000597630707568,6.033129466231912e-07,0.0011665187066682847,0.0011665187024476609,4.220623850414995e-12
5360.0,381.49131606190247,0.0,0.0,25.701541897280762,25.76275397452855,63.33993161633775,4.632247352414605,,,liquid,gas,25.85661372970891,25.936084661781532,2141.141558049659,104.36608204573308,0.6000601751645843,6.071647931094049e-07,0.0011786620025304728,0.001178661998210373,4.320099833421409e-12
5380.0,381.50070621878996,0.0,0.0,25.701578787163186,25.763172713162053,63.339887632346574,4.632252681398144,,,liquid,gas,25.85705317220772,25.936847732144926,2141.1415458291685,104.36609426622371,0.6000605884288701,6.110245294621563e-07,0.001190882493119716,0.0011908824888422487,4.277467269275803e-12
5400.0,381.5101147168322,0.0,0.0,25.70161576992828,25.763592252543344,63.33984352281412,4.632258027356935,,,liquid,gas,25.857491698438043,25.937610056434288,2141.1415335313254,104.36610656406677,0.6000610028613887,6.148921556814457e-07,0.0012031803362333449,0.0012031803318990342,4.334310688136611e-12
5420.0,381.5195414711003,0.0,0.0,25.701652845329434,25.764012588807184,63.339799287972035,4.632263390272137,,,liquid,gas,25.857929310892338,25.938371636689794,2141.141521155973,104.36611893941914,0.6000614184599066,6.187676262925379e-07,0.0012155556887591956,0.0012155556842685655,4.490630090003833e-12
5440.0,381.5289863970058,0.0,0.0,25.701690013121635,25.764433718103355,63.339754928050034,4.632268770125156,,,liquid,gas,25.8583660120563,25.939132474944092,2141.141508702955,104.36613139243703,0.6000618352222085,6.226508958206978e-07,0.0012280087066756096,0.0012280087021565578,4.519051799434237e-12
5460.0,381.5384494102676,0.0,0.0,25.70172727306001,25.76485563659623,63.33971044327868,4.632274166897223,,,liquid,gas,25.858801804408888,25.93989257322233,2141.141496172116,104.36614392327597,0.6000622531460714,6.265419415285578e-07,0.0012405395455061807,0.0012405395411008158,4.405364961712621e-12
5480.0,381.5479304269345,0.0,0.0,25.701764624900797,25.765278340464853,63.33966583388682,4.6322795805697545,,,liquid,gas,25.859236690422325,25.940651933542195,2141.1414835633013,104.36615653209087,0.6000626722292891,6.304407406787505e-07,0.0012531483603197557,0.001253148355999656,4.320099833421409e-12
5500.0,381.5574293633716,0.0,0.0,25.701802068400987,25.765701825902966,63.339621100103,4.6322850111241225,,,liquid,gas,25.85967067256213,25.941410557913933,2141.1414708763564,104.36616921903594,0.6000630924696578,6.343472477965407e-07,0.0012658353052756866,0.0012658353010692736,4.206412995699793e-12
5520.0,381.56694613626473,0.0,0.0,25.701839603317737,25.766126089118877,63.33957624215659,4.632290458541762,,,liquid,gas,25.86010375328714,25.942168448340375,2141.1414581111276,104.36618198426474,0.6000635138649666,6.382614401445608e-07,0.0012786005340785778,0.0012786005298721648,4.206412995699793e-12
5540.0,381.5764806626135,0.0,0.0,25.70187722940952,25.766551126335358,63.339531260274924,4.632295922804103,,,liquid,gas,25.86053593504951,25.942925606816974,2141.141445267462,104.36619482793017,0.6000639364130236,6.421832722480758e-07,0.0012914441995235393,0.0012914441953029154,4.220623850414995e-12
5560.0,381.5860328597352,0.0,0.0,25.70191494643553,25.76697693378966,63.33948615468521,4.632301403892623,,,liquid,gas,25.860967220294736,25.94368203533183,2141.1414323452077,104.3662077501845,0.6000643601116388,6.461127213697182e-07,0.0013043664539509336,0.0013043664496308338,4.320099833421409e-12
5580.0,381.59560264517637,0.0,0.0,25.70195275415533,25.76740350772952,63.33944092561432,4.63230690178882,,,liquid,gas,25.86139761146169,25.94443773586571,2141.141419344213,104.36622075117931,0.600064784958625,6.500497420347529e-07,0.0013173674487916287,0.0013173674444431072,4.348521542851813e-12
5600.0,381.60518993705256,0.0,0.0,25.701990652329606,25.76783084442873,63.33939557328864,4.63231241647424,,,liquid,gas,25.861827110982624,25.94519271039209,2141.1414062643266,104.36623383106554,0.6000652109518005,6.539943115058122e-07,0.001330447335021745,0.0013304473306732234,4.348521542851813e-12
5620.0,381.6147946535351,0.0,0.0,25.702028640719355,25.768258940163683,63.33935009793403,4.632317947930418,,,liquid,gas,25.862255721283184,25.94594696087718,2141.1413931053985,104.36624698999351,0.6000656380889883,6.579464070455287e-07,0.0013436062631626555,0.0013436062586436037,4.519051799434237e-12
5640.0,381.6244167131972,0.0,0.0,25.70206671908651,25.76868779122895,63.33930449977603,4.632323496139002,,,liquid,gas,25.862683444782434,25.946700489279948,2141.1413798672793,104.36626022811286,0.6000660663680145,6.619059604417999e-07,0.0013568443823714915,0.0013568443779945483,4.376943252282217e-12
5660.0,381.63405603491566,0.0,0.0,25.702104887193883,25.769117393933286,63.339258779039135,4.632329061081553,,,liquid,gas,25.863110283892876,25.947453297552148,2141.1413665498194,104.36627354557261,0.6000664957867156,6.65872994431993e-07,0.0013701618422601314,0.0013701618377410796,4.519051799434237e-12
5680.0,381.6437125378764,0.0,0.0,25.702143144804758,25.769547744599475,63.33921293594741,4.632334642739715,,,liquid,gas,25.863536241020462,25.948205387638343,2141.141353152871,104.36628694252113,0.6000669263429321,6.698474180666381e-07,0.0013835587906214641,0.0013835587862587317,4.362732397567015e-12
5700.0,381.653386141581,0.0,0.0,25.70218149168294,25.76997883956455,63.3391669707256,4.63234024109523,,,liquid,gas,25.863961318564616,25.94895676147594,2141.141339676286,104.36630041910615,0.6000673580344985,6.738292540831025e-07,0.0013970353757031262,0.0013970353712835504,4.419575816427823e-12
5720.0,381.663076765823,0.0,0.0,25.702219927593433,25.770410675179356,63.339120883596316,4.632345856129693,,,liquid,gas,25.864385518918247,25.949707420995225,2141.1413261199173,104.36631397547478,0.6000677908592693,6.778184342692839e-07,0.0014105917443885119,0.0014105917399120926,4.476419235288631e-12
5740.0,381.6727843307156,0.0,0.0,25.70225845230173,25.770843247808905,63.33907467478263,4.632351487824903,,,liquid,gas,25.86480884446777,25.95045736811937,2141.1413124836185,104.36632761177349,0.6000682248150955,6.818149358878145e-07,0.0014242280431062682,0.001424228038615638,4.490630090003833e-12
5760.0,381.6825087566727,0.0,0.0,25.702297065573866,25.771276553832095,63.33902834450682,4.632357136162638,,,liquid,gas,25.86523129759312,25.951206604764476,2141.141298767244,104.3663413281481,0.6000686598998349,6.858187362013269e-07,0.0014379444178302947,0.0014379444132259778,4.604316927725449e-12
5780.0,381.6922499644051,0.0,0.0,25.70233576717689,25.771710589641547,63.33898189299089,4.632362801124652,,,liquid,gas,25.865652880667774,25.951955132839597,2141.141284970648,104.36635512474382,0.6000690961113487,6.898297897350858e-07,0.0014517410136249964,0.0014517410089496252,4.675371201301459e-12
5800.0,381.7020078749316,0.0,0.0,25.702374556878233,25.772145351643832,63.33893532045594,4.632368482692786,,,liquid,gas,25.86607359605877,25.952702954246764,2141.1412710936866,104.36636900170524,0.6000695334475069,6.938480737517239e-07,0.0014656179751000309,0.0014656179703678163,4.732214620162267e-12
5820.0,381.71178240956783,0.0,0.0,25.702413434446356,25.772580836259245,63.33888862712283,4.632374180848849,,,liquid,gas,25.866493446126707,25.95345007088101,2141.1412571362157,104.3663829591763,0.6000699719061815,6.978735427765059e-07,0.001479575445955561,0.0014795754414365092,4.519051799434237e-12
5840.0,381.72157348993187,0.0,0.0,25.70245239965007,25.773017039921776,63.338841813212184,4.632379895574735,,,liquid,gas,25.866912433225792,25.954196484630412,2141.1412430980918,104.36639699730036,0.6000704114852472,7.01906196809432e-07,0.0014936135698917496,0.0014936135654863847,4.405364961712621e-12
5860.0,381.73138103794446,0.0,0.0,25.7024914522592,25.773453959079177,63.33879487894364,4.632385626852389,,,liquid,gas,25.86733055970383,25.954942197376095,2141.141228979172,104.3664111162201,0.600070852182588,7.05945990375767e-07,0.001507732489699265,0.0015077324852370566,4.462208380573429e-12
5880.0,381.74120497581237,0.0,0.0,25.70253059204392,25.773891590192605,63.338747824536824,4.632391374663679,,,liquid,gas,25.86774782790226,25.955687210992277,2141.1412147793144,104.36642531607765,0.6000712939960885,7.099928780007759e-07,0.0015219323472592805,0.0015219323427828613,4.476419235288631e-12
5900.0,381.7510452260515,0.0,0.0,25.70256981877553,25.77432992973698,63.33870065021036,4.632397138990632,,,liquid,gas,25.868164240156155,25.956431527346286,2141.1412004983777,104.36643959701448,0.6000717369236428,7.14046836947091e-07,0.0015362132839982223,0.0015362132796070682,4.391154106997419e-12
5920.0,381.7609017114584,0.0,0.0,25.702609132225554,25.774768974200505,63.338653356182895,4.632402919815144,,,liquid,gas,25.86857979879425,25.95717514829859,2141.1411861362208,104.36645395917145,0.6000721809631449,7.181078444773448e-07,0.0015505754408877692,0.0015505754365818802,4.305888978706207e-12
5940.0,381.77077435513974,0.0,0.0,25.702648532166563,25.775208720085104,63.33860594267224,4.632408717119306,,,liquid,gas,25.868994506138964,25.957918075702818,2141.141171692703,104.36646840268884,0.600072626112497,7.221758778541698e-07,0.0015650189584448526,0.0015650189539684334,4.476419235288631e-12
5960.0,381.7806630804825,0.0,0.0,25.702688018371603,25.77564916390584,63.338558409895924,4.6324145308851215,,,liquid,gas,25.869408364506402,25.9586603114058,2141.141157167686,104.3664829277063,0.6000730723696039,7.262508688654634e-07,0.0015795439758221619,0.0015795439714310078,4.391154106997419e-12
5980.0,381.79056781117345,0.0,0.0,25.702727590614437,25.77609030219132,63.338510758070925,4.632420361094686,,,liquid,gas,25.869821376206385,25.95940185724758,2141.1411425610295,104.36649753436288,0.6000735197323763,7.303328175112256e-07,0.0015941506321723864,0.001594150628008606,4.163780431554187e-12
6000.0,381.80048847118474,0.0,0.0,25.702767248669645,25.776532131483336,63.338462987413386,4.632426207730083,,,liquid,gas,25.87023354354246,25.960142715061448,2141.1411278725955,104.36651222279701,0.6000739681987326,7.344217010540887e-07,0.0016088390661934682,0.0016088390621433746,4.050093593832571e-12
6020.0,381.81042498478547,0.0,0.0,25.702806992312297,25.776974648336985,63.33841509813971,4.632432070773512,,,liquid,gas,25.870644868811922,25.960882886673957,2141.141113102246,104.36652699314655,0.6000744177665887,7.385174740193179e-07,0.0016236094156738545,0.0016236094116806044,3.993250174971763e-12
6040.0,381.8203772765208,0.0,0.0,25.702846821318282,25.777417849320504,63.338367090465105,4.632437950207016,,,liquid,gas,25.87105535430582,25.961622373904966,2141.1410982498437,104.36654184554872,0.6000748684338724,7.426201136695453e-07,0.0016384618179472454,0.0016384618138545193,4.092726157978177e-12
6060.0,381.83034527123345,0.0,0.0,25.702886735464002,25.77786173101532,63.33831896460496,4.632443846012822,,,liquid,gas,25.871465002308987,25.962361178567647,2141.141083315252,104.36655678014019,0.6000753201985098,7.467295745300362e-07,0.0016533964094378462,0.0016533964053166983,4.121147867408581e-12
6080.0,381.8403288940558,0.0,0.0,25.702926734526685,25.77830629001604,63.338270720773586,4.632449758173217,,,liquid,gas,25.87187381510005,25.963099302468528,2141.1410682983355,104.36657179705699,0.6000757730584375,7.508458338634227e-07,0.0016684133261151146,0.0016684133221218644,3.993250174971763e-12
6100.0,381.8503280703838,0.0,0.0,25.70296681828426,25.778751522930047,63.338222359184975,4.632455686670237,,,liquid,gas,25.872281794951444,25.963836747407505,2141.1410531989577,104.3665868964346,0.600076227011595,7.54968891669705e-07,0.0016835127039485087,0.0016835126997278849,4.220623850414995e-12
6120.0,381.8603427259438,0.0,0.0,25.70300698651505,25.77919742637831,63.338173880052814,4.632461631486524,,,liquid,gas,25.87268894412944,25.96457351517787,2141.1410380169846,104.36660207840788,0.6000766820559252,7.59098656999413e-07,0.001698694677088497,0.0016986946730099817,4.078515303262975e-12
6140.0,381.87037278668726,0.0,0.0,25.703047238998302,25.77964399699397,63.338125283590465,4.632467592604043,,,liquid,gas,25.873095264894147,25.96530960756635,2141.1410227522815,104.36661734311112,0.600077138189374,7.63235152589914e-07,0.0017139593801402953,0.001713959376246521,3.893774191965349e-12
6160.0,381.8804181788845,0.0,0.0,25.70308757551388,25.780091231423576,63.338076570010216,4.632473570005227,,,liquid,gas,25.87350075949954,25.966045026353108,2141.141007404715,104.366632690678,0.6000775954098978,7.67378332966473e-07,0.0017293069467996247,0.0017293069431332242,3.666400516522117e-12
6180.0,381.8904788290716,0.0,0.0,25.703127995842305,25.78053912632633,63.33802773952426,4.632479563672346,,,liquid,gas,25.873905430193464,25.96677977331179,2141.1409919741513,104.36664812124165,0.6000780537154539,7.715281753917224e-07,0.0017447375103074592,0.0017447375067831672,3.524291969370097e-12
6200.0,381.9005546640856,0.0,0.0,25.703168499764537,25.780987678374505,63.33797879234461,4.632485573587967,,,liquid,gas,25.874309279217666,25.96751385020954,2141.140976460458,104.36666363493458,0.6000785131040013,7.75684657128295e-07,0.001760251203450025,0.0017602511997125703,3.737454790098127e-12
6220.0,381.9106456110331,0.0,0.0,25.70320908706207,25.78143688425304,63.33792972868348,4.632491599734545,,,liquid,gas,25.874712308807805,25.968247258807022,2141.140960863504,104.36667923188875,0.6000789735734978,7.798477099640877e-07,0.0017758481576493068,0.0017758481538834303,3.765876499528531e-12
6240.0,381.9207515972564,0.0,0.0,25.703249757518932,25.781886740658933,63.33788054874782,4.632497642094098,,,liquid,gas,25.87511452119346,25.96898000085846,2141.1409451831573,104.36669491223554,0.6000794351219509,7.840173338991008e-07,0.0017915285043272888,0.0017915285006750992,3.652189661806915e-12
6260.0,381.93087255046,0.0,0.0,25.703290510916446,25.782337244303108,63.33783125275211,4.632503700649651,,,liquid,gas,25.875515918598158,25.969712078111638,2141.140929419287,104.36671067610574,0.600079897747297,7.881935061959667e-07,0.0018072923744512082,0.0018072923708700728,3.581135388230905e-12
6280.0,381.9410083985432,0.0,0.0,25.703331347038514,25.782788391907896,63.33778184090534,4.632509775383321,,,liquid,gas,25.875916503239385,25.97044349230795,2141.1409135717636,104.36672652362958,0.6000803614475245,7.923761813799501e-07,0.0018231398980788072,0.0018231398947108346,3.367972567502875e-12
6300.0,381.95115906971375,0.0,0.0,25.703372265671234,25.783240180208733,63.337732313414165,4.632515866277628,,,liquid,gas,25.8763162773286,25.97117424518241,2141.1408976404564,104.3667424549367,0.6000808262206443,7.965653594510513e-07,0.0018390712052678282,0.0018390712018288013,3.439026841078885e-12
6320.0,381.96132449245954,0.0,0.0,25.70341326659728,25.783692605953583,63.337682670491496,4.632521973315222,,,liquid,gas,25.876715243071256,25.97190433846368,2141.140881625237,104.3667584701562,0.6000812920646079,8.007609721971676e-07,0.0018550864247117715,0.0018550864213295881,3.382183422218077e-12
6340.0,381.97150459554143,0.0,0.0,25.703454349604513,25.784145665902983,63.337632912341874,4.632528096478763,,,liquid,gas,25.877113402666815,25.972633773874097,2141.1408655259766,104.36677456941659,0.6000817589774469,8.049630196182988e-07,0.0018711856851041375,0.001871185681721954,3.382183422218077e-12
6360.0,381.9816993079778,0.0,0.0,25.703495514477684,25.78459935682958,63.337583039176394,4.632534235750793,,,liquid,gas,25.877510758308762,25.97336255312969,2141.1408493425474,104.36679075284583,0.60008222695713,8.091714562397101e-07,0.0018873691142289317,0.0018873691109604351,3.268496584496461e-12
6380.0,381.9919085590604,0.0,0.0,25.703536761005033,25.785053675518526,63.33753305119989,4.632540391113883,,,liquid,gas,25.877907312184625,25.97409067794021,2141.140833074822,104.3668070205713,0.6000826960016861,8.133862820614013e-07,0.0019036368398701597,0.001903636836431133,3.439026841078885e-12
6400.0,382.00213227836787,0.0,0.0,25.70357808897323,25.78550861876748,63.337482948621314,4.632546562550878,,,liquid,gas,25.878303066475986,25.974818150009156,2141.140816722673,104.36682337271984,0.6000831661091052,8.176074288712698e-07,0.0019199889884475851,0.0019199889849659257,3.481659405224491e-12
6420.0,382.01237039571635,0.0,0.0,25.703619498170866,25.78596418338602,63.33743273164649,4.63255275004423,,,liquid,gas,25.8786980233585,25.975544971033795,2141.1408002859753,104.3668398094177,0.6000836372774068,8.218348966693157e-07,0.0019364256863809715,0.0019364256828282578,3.552713678800501e-12
6440.0,382.02262284120786,0.0,0.0,25.703660988386822,25.78642036619612,63.33738240048171,4.632558953576699,,,liquid,gas,25.879092185001905,25.976271142705187,2141.1407837646025,104.36685633079063,0.6000841095046063,8.260686399808037e-07,0.0019529470591805875,0.0019529470557557715,3.424815986363683e-12
6460.0,382.0328895452304,0.0,0.0,25.70370255941021,25.786877164032305,63.33733195533336,4.63256517313123,,,liquid,gas,25.879485553570053,25.97699666670821,2141.1407671584293,104.36687293696376,0.6000845827887181,8.30308658805734e-07,0.001969553232356702,0.0019695532288892537,3.467448550509289e-12
6480.0,382.04317043839137,0.0,0.0,25.703744211031935,25.78733457374053,63.3372813964047,4.632571408690315,,,liquid,gas,25.87987813122091,25.977721544721582,2141.140750467331,104.36688962806171,0.6000850571277868,8.345549076693714e-07,0.0019862443305100896,0.001986244326843689,3.666400516522117e-12
6500.0,382.0534654516072,0.0,0.0,25.703785943042824,25.787792592179493,63.337230723901044,4.632577660236968,,,liquid,gas,25.880269920106578,25.978445778417882,2141.1407336911843,104.36690640420855,0.6000855325198374,8.38807341096981e-07,0.0020030204773320293,0.0020030204736798396,3.652189661806915e-12
6520.0,382.0637745160368,0.0,0.0,25.70382775523346,25.788251216219678,63.33717993802787,4.632583927753963,,,liquid,gas,25.88066092237331,25.979169369463584,2141.140716829865,104.36692326552776,0.6000860089628937,8.430659590885625e-07,0.0020198817965138005,0.0020198817928900326,3.623767952376511e-12
6540.0,382.0740975630997,0.0,0.0,25.70386964739589,25.788710442743486,63.337129038988884,4.632590211224114,,,liquid,gas,25.881051140161528,25.979892319519067,2141.1406998832504,104.36694021214232,0.6000864864549961,8.473307389067486e-07,0.0020368284112919355,0.0020368284074550047,3.836930773104541e-12
6560.0,382.0844345244937,0.0,0.0,25.70391161932396,25.789170268645577,63.33707802698541,4.632596510630442,,,liquid,gas,25.881440575605836,25.980614630238648,2141.140682851218,104.36695724417466,0.6000869649942081,8.516016123394365e-07,0.002053860443538724,0.0020538604397870586,3.751665644813329e-12
6580.0,382.09478533213934,0.0,0.0,25.703953670809714,25.789630690831924,63.33702690222239,4.632602825955555,,,liquid,gas,25.881829230835038,25.981336303270602,2141.140665733646,104.36697436174664,0.6000874445785588,8.558786021239939e-07,0.002070978015581204,0.002070978011772695,3.808509063674137e-12
6600.0,382.1051499182751,0.0,0.0,25.703995801647032,25.790091706221272,63.33697566490259,4.632609157182756,,,liquid,gas,25.88221710797215,25.98205734025719,2141.1406485304133,104.3669915649796,0.6000879252060983,8.601616400483181e-07,0.0020881812483821705,0.002088181244729981,3.652189661806915e-12
6620.0,382.11552821533746,0.0,0.0,25.704038011631233,25.790553311743267,63.336924315226106,4.632615504294692,,,liquid,gas,25.882604209134417,25.982777742834664,2141.1406312413988,104.36700885399434,0.6000884068749021,8.64450726112409e-07,0.0021054702629044186,0.002105470259465392,3.439026841078885e-12
6640.0,382.12592015607567,0.0,0.0,25.704080300557056,25.79101550434011,63.33687285339536,4.632621867274666,,,liquid,gas,25.882990536433333,25.983497512633317,2141.140613866482,104.36702622891112,0.6000888895830233,8.687458375788992e-07,0.0021228451796559966,0.0021228451762453915,3.410605131648481e-12
6660.0,382.1363256734473,0.0,0.0,25.704122668220684,25.79147828096514,63.33682127961067,4.632628246105429,,,liquid,gas,25.88337609197465,25.98421665127749,2141.1405964055434,104.36704368984967,0.600089373328536,8.730469289730536e-07,0.0021403061182354577,0.002140306114796431,3.439026841078885e-12
6680.0,382.14674470068985,0.0,0.0,25.704165114417577,25.791941638583626,63.336769594074205,4.632634640770075,,,liquid,gas,25.8837608778584,25.98493516038559,2141.140578858464,104.36706123692917,0.600089858109496,8.773539775575046e-07,0.0021578531977866078,0.0021578531943049484,3.481659405224491e-12
6700.0,382.1571771713148,0.0,0.0,25.704207638944432,25.79240557417281,63.336717796986605,4.632641051251925,,,liquid,gas,25.8841448961789,25.985653041570128,2141.1405612251247,104.3670788702683,0.6000903439239745,8.816669605948845e-07,0.0021754865369985055,0.002175486533431581,3.566924533515703e-12
6720.0,382.1676230190335,0.0,0.0,25.704250241600416,25.792870084720793,63.33666588854462,4.632647477533697,,,liquid,gas,25.884528149024774,25.986370296437734,2141.1405435054075,104.3670965899852,0.6000908307700792,8.859858553478261e-07,0.002193206254105462,0.0021932062503253746,3.780087354243733e-12
6740.0,382.17808217787774,0.0,0.0,25.704292922182383,25.793335167228136,63.33661386895014,4.632653919598935,,,liquid,gas,25.884910638478978,25.98708692658917,2141.140525699195,104.36711439619745,0.6000913186458694,8.903106163415941e-07,0.002211012466432294,0.0022110124625811522,3.851141627819743e-12
6760.0,382.1885545820696,0.0,0.0,25.704335680489343,25.793800818706075,63.33656173840128,4.632660377430488,,,liquid,gas,25.885292366618796,25.987802933619378,2141.1405078063704,104.36713228902217,0.6000918075494404,8.946412435761885e-07,0.0022289052913038176,0.0022289052872963566,4.007461029686965e-12
6780.0,382.1990401661058,0.0,0.0,25.704378516320297,25.794267036177658,63.336509497097374,4.6326668510115,,,liquid,gas,25.885673335515868,25.988518319117468,2141.1404898268165,104.3671502685759,0.600092297478876,8.989776915768744e-07,0.002246884845135355,0.002246884841028418,4.106937012693379e-12
6800.0,382.20953886477,0.0,0.0,25.704421429476632,25.794733816677862,63.33645714523355,4.632673340325587,,,liquid,gas,25.886053547236198,25.98923308466677,2141.1404717604178,104.36716833497468,0.6000927884323001,9.03319937606284e-07,0.002264951243887481,0.0022649512398089655,4.078515303262975e-12
6820.0,382.2200506130292,0.0,0.0,25.704464419756867,25.795201157252144,63.33640468301111,4.632679845355618,,,liquid,gas,25.88643300384018,25.98994723184484,2141.1404536070586,104.36718648833404,0.600093280407778,9.076679589270497e-07,0.002283104603066022,0.0022831045991722476,3.893774191965349e-12
6840.0,382.23057534613696,0.0,0.0,25.70450748696439,25.79566905495784,63.336352110623125,4.632686366084923,,,liquid,gas,25.886811707382606,25.990660762223495,2141.1404353666235,104.36720472876898,0.6000937734034532,9.120217555391719e-07,0.0023013450381768052,0.002301345034112501,4.064304448547773e-12
6860.0,382.24111299959196,0.0,0.0,25.704550630898552,25.796137506863523,63.33629942827058,4.632692902496873,,,liquid,gas,25.887189659912668,25.99137367736882,2141.1404170389983,104.367223056394,0.6000942674173947,9.163812592305476e-07,0.002319672663361416,0.0023196726591265815,4.234834705130197e-12
6880.0,382.2516635091251,0.0,0.0,25.704593851363512,25.796606510048882,63.33624663614633,4.632699454574653,,,liquid,gas,25.887566863474003,25.992085978841196,2141.1403986240693,104.36724147132306,0.6000947624477483,9.207464472638094e-07,0.0023380875923066924,0.0023380875881855445,4.121147867408581e-12
6900.0,382.26222681074887,0.0,0.0,25.704637148162234,25.797076061605292,63.336193734446084,4.6327060223019325,,,liquid,gas,25.887943320104682,25.992797668195326,2141.140380121723,104.36725997366963,0.600095258492633,9.251173196389573e-07,0.0023565899386994715,0.0023565899347630648,3.936406756110955e-12
6920.0,382.27280284066796,0.0,0.0,25.704680521096876,25.797546158634603,63.33614072336742,4.632712605661776,,,liquid,gas,25.888319031837238,25.993508746980254,2141.140361531846,104.36727856354668,0.6000957555501504,9.294938536186237e-07,0.002375179815771844,0.0023751798118070155,3.964828465541359e-12
6940.0,382.28339153536194,0.0,0.0,25.70472396997176,25.798016798250146,63.336087603105334,4.632719204637665,,,liquid,gas,25.888694000698674,25.994219216739385,2141.140342854326,104.36729724106664,0.6000962536184263,9.338760037280736e-07,0.0023938573358464055,0.00239385733176789,4.078515303262975e-12
6960.0,382.2939928315415,0.0,0.0,25.704767494592637,25.798487977576308,63.33603437385186,4.632725819212954,,,liquid,gas,25.88906822871048,25.99492907901051,2141.140324089051,104.36731600634145,0.600096752695615,9.382637472299393e-07,0.0024126226107910043,0.0024126226065845913,4.206412995699793e-12
6980.0,382.3046066661952,0.0,0.0,25.704811094764867,25.798959693748934,63.33598103580096,4.632732449371446,,,liquid,gas,25.889441717888655,25.995638335325825,2141.1403052359096,104.36733485948257,0.6000972527798528,9.426570613868535e-07,0.0024314757520187413,0.0024314757476986415,4.320099833421409e-12
7000.0,382.31523297648744,0.0,0.0,25.704854770292975,25.79943194391398,63.33592758914866,4.632739095096236,,,liquid,gas,25.88981447024371,25.996346987211954,2141.140286294791,104.36735380060092,0.6000977538692565,9.470559234614484e-07,0.0024504168704879703,0.0024504168660541836,4.433786671143025e-12
7020.0,382.3258716998702,0.0,0.0,25.7048985209834,25.79990472522909,63.33587403408824,4.632745756370955,,,liquid,gas,25.89018648778069,25.997055036189966,2141.140267265585,104.36737282980694,0.6000982559619684,9.514603107163567e-07,0.0024694460767022974,0.002469446072069559,4.632738637155853e-12
7040.0,382.3365227740231,0.0,0.0,25.704942346645097,25.80037803486256,63.3358203708085,4.632752433179198,,,liquid,gas,25.890557772499186,25.997762483775404,2141.1402481481814,104.36739194721056,0.6000987590561748,9.55870177676843e-07,0.0024885634802558343,0.00248856347569415,4.561684363579843e-12
7060.0,382.34718613685015,0.0,0.0,25.704986247083077,25.800851869993522,63.33576659950658,4.632759125504353,,,liquid,gas,25.890928326393354,25.9984693314783,2141.140228942471,104.36741115292124,0.6000992631499816,9.602855243429077e-07,0.0025077691907426924,0.002507769186365749,4.376943252282217e-12
7080.0,382.35786172652547,0.0,0.0,25.70503022210808,25.801326227812265,63.33571272036971,4.632765833330277,,,liquid,gas,25.891298151451924,25.999175580803204,2141.1402096483444,104.36743044704791,0.6000997682415898,9.647063279771828e-07,0.002527063317302236,0.0025270633130389797,4.263256414560601e-12
7100.0,382.3685494814298,0.0,0.0,25.705074271526065,25.801801105519573,63.33565873359416,4.6327725566404645,,,liquid,gas,25.891667249658216,25.99988123324919,2141.140190265693,104.36744982969903,0.6001002743291142,9.69132565842301e-07,0.002546445968619082,0.0025464459641568737,4.462208380573429e-12
7120.0,382.37924934018787,0.0,0.0,25.705118395150144,25.802276500327018,63.335604639363986,4.632779295418565,,,liquid,gas,25.892035622990154,26.000586290309894,2141.1401707944096,104.36746930098255,0.6001007814107859,9.735641697261599e-07,0.0025659172520136053,0.0025659172476792946,4.334310688136611e-12
7140.0,382.38996124166084,0.0,0.0,25.70516259278451,25.802752409456982,63.335550437880485,4.6327860496482725,,,liquid,gas,25.89240327342029,26.00129075347352,2141.1401512343864,104.36748886100595,0.6001012894846727,9.780011623661266e-07,0.002585477275260928,0.0025854772710829366,4.177991286269389e-12
7160.0,382.40068512493815,0.0,0.0,25.705206864245184,25.803228830142412,63.335496129322905,4.632792819313236,,,liquid,gas,25.8927702029158,26.001994624222874,2141.140131585516,104.36750850987623,0.6001017985490511,9.824435210248339e-07,0.0026051261456814245,0.0026051261413613247,4.320099833421409e-12
7180.0,382.4114209293626,0.0,0.0,25.70525120933953,25.803705759627213,63.33544171388827,4.632799604397366,,,liquid,gas,25.893136413438516,26.00269790403538,2141.1401118476924,104.36752824769988,0.6001023086020298,9.86891177490179e-07,0.002624863969231228,0.0026248639650106043,4.220623850414995e-12
7200.0,382.42216859446467,0.0,0.0,25.705295627881064,25.80418319516521,63.335387191761654,4.632806404884105,,,liquid,gas,25.89350190694493,26.00340059438309,2141.1400920208093,104.36754807458291,0.6001028196418307,9.913441544995294e-07,0.0026446908523212187,0.0026446908480437514,4.277467269275803e-12
7220.0,382.4329280600477,0.0,0.0,25.705340119681292,25.804661134021448,63.33533256313346,4.632813220757386,,,liquid,gas,25.893866685386218,26.00410269673273,2141.140072104761,104.36756799063086,0.600103331666625,9.9580240657815e-07,0.0026646069004527817,0.0026646068959905733,4.462208380573429e-12
7240.0,382.4436992661324,0.0,0.0,25.705384684553607,25.80513957347125,63.33527782819054,4.632820052001036,,,liquid,gas,25.89423075070824,26.00480421254569,2141.1400520994434,104.36758799594878,0.6001038446746183,1.0002658882513061e-06,0.002684612218217808,0.002684612213911919,4.305888978706207e-12
7260.0,382.454482152965,0.0,0.0,25.705429322309833,25.805618510800368,63.33522298712366,4.63282689859886,,,liquid,gas,25.894594104851564,26.005505143278064,2141.140032004751,104.36760809064126,0.6001043586639787,1.0047346222563646e-06,0.002704706910662935,0.002704706906385468,4.277467269275803e-12
7280.0,382.46527666103555,0.0,0.0,25.705474032763433,25.806097943305268,63.335168040121104,4.632833760534861,,,liquid,gas,25.89495674975148,26.00620549038067,2141.1400118205797,104.36762827481238,0.6001048736328981,1.009208563118591e-06,0.002724891081925307,0.002724891077505731,4.419575816427823e-12
7300.0,382.47608273101133,0.0,0.0,25.705518815731367,25.806577868292003,63.33511298736479,4.632840637792494,,,liquid,gas,25.895318687338015,26.006905255299056,2141.1399915468264,104.36764854856575,0.6001053895796292,1.0136876653632498e-06,0.002745164835232572,0.0027451648308840504,4.348521542851813e-12
7320.0,382.4869003038483,0.0,0.0,25.705563671026148,25.807058283077964,63.33505782904628,4.6328475303559555,,,liquid,gas,25.89567991953594,26.00760443947354,2141.139971183388,104.36766891200455,0.600105906502333,1.0181719289903413e-06,0.0027655282738123788,0.00276552826967702,4.135358722123783e-12
7340.0,382.4977293207192,0.0,0.0,25.705608598463108,25.807539184990638,63.33500256535214,4.632854438209365,,,liquid,gas,25.896040448264795,26.00830304433921,2141.1399507301608,104.36768936523144,0.6001064243992177,1.0226613539998653e-06,0.002785981500892376,0.0027859814965722762,4.320099833421409e-12
7360.0,382.5085697229922,0.0,0.0,25.705653597859918,25.808020571367457,63.334947196464874,4.632861361336512,,,liquid,gas,25.896400275438893,26.009001071325965,2141.139930187044,104.36770990834863,0.6001069432685313,1.0271558494423517e-06,0.002806524617881223,0.0028065246137600752,4.121147867408581e-12
7380.0,382.51942145227423,0.0,0.0,25.705698669032245,25.80850243955625,63.33489172257169,4.632868299721407,,,liquid,gas,25.896759402967337,26.009698521858514,2141.1399095539346,104.36773054145786,0.600107463108476,1.0316554607925355e-06,0.002827157727097074,0.002827157722990137,4.106937012693379e-12
7400.0,382.5302844504117,0.0,0.0,25.705743811797277,25.80898478691527,63.334836143857785,4.632875253348251,,,liquid,gas,25.89711783275404,26.01039539735641,2141.139888830732,104.36775126466041,0.600107983917274,1.0361601198383142e-06,0.00284788092949384,0.0028478809255432225,3.950617610826157e-12
7420.0,382.5411586594096,0.0,0.0,25.705789025973463,25.809467610812113,63.33478046050572,4.632882222200532,,,liquid,gas,25.897475566697736,26.01109169923407,2141.1398680173356,104.36777207805709,0.6001085056931725,1.0406698265796876e-06,0.002868694326025434,0.0028686943222169248,3.808509063674137e-12
7440.0,382.552044021588,0.0,0.0,25.705834311376286,25.809950908625712,63.33472467270551,4.632889206262861,,,liquid,gas,25.897832606691985,26.011787428900778,2141.1398471136445,104.36779298174822,0.600109028434348,1.0451845582792884e-06,0.0028895980171910196,0.002889598013354089,3.836930773104541e-12
7460.0,382.5629404794441,0.0,0.0,25.705879667827148,25.810434677744553,63.33466878063534,4.632896205519359,,,liquid,gas,25.898188954625194,26.012482587760733,2141.139826119559,104.36781397583371,0.6001095521390892,1.0497042694623815e-06,0.0029105921025802672,0.0029105920988428124,3.737454790098127e-12
7480.0,382.57384797565817,0.0,0.0,25.70592509514539,25.810918915566628,63.33461278447868,4.632903219953736,,,liquid,gas,25.89854461238064,26.013177177213038,2141.13980503498,104.36783506041297,0.600110076805635,1.0542289601289667e-06,0.0029316766817828466,0.002931676678102235,3.680611371237319e-12
7500.0,382.5847664531891,0.0,0.0,25.705970593147867,25.811403619500737,63.33455668442419,4.632910249550437,,,liquid,gas,25.898899581836467,26.013871198651742,2141.1397838598077,104.36785623558498,0.6001106024321751,1.0587586075416765e-06,0.00295285185393368,0.00295285185011096,3.822719918389339e-12
7520.0,382.59569585515845,0.0,0.0,25.706016161657836,25.811888786964943,63.33450048064858,4.632917294293277,,,liquid,gas,25.89925386486571,26.014564653465854,2141.1397625939444,104.36787750144823,0.6001111290170129,1.063293166225776e-06,0.0029741177172581956,0.0029741177133644214,3.893774191965349e-12
7540.0,382.6066361249823,0.0,0.0,25.706061800496094,25.812374415388287,63.334444173334425,4.632924354166986,,,liquid,gas,25.899607463336306,26.01525754303935,2141.1397412372917,104.36789885810079,0.6001116565583959,1.067832636181265e-06,0.002995474369981821,0.0029954743659175165,4.064304448547773e-12
7560.0,382.61758720624283,0.0,0.0,25.70610750948226,25.81286050220901,63.334387762667006,4.632931429155737,,,liquid,gas,25.89996037911111,26.01594986875121,2141.1397197897522,104.36792030564025,0.6001121850545463,1.0723769719334086e-06,0.003016921909420489,0.0030169219053846064,4.035882739117369e-12
7580.0,382.6285490426929,0.0,0.0,25.706153288437907,25.81334704487457,63.334331248827965,4.632938519243204,,,liquid,gas,25.90031261404791,26.01664163197543,2141.1396982512288,104.36794184416377,0.6001127145037211,1.0769261734822067e-06,0.0030384604328901332,0.003038460428896883,3.993250174971763e-12
7600.0,382.63952157840174,0.0,0.0,25.706199137188783,25.81383404084368,63.334274631992415,4.632945624414271,,,liquid,gas,25.900664169999423,26.017332834081028,2141.1396766216244,104.36796347376804,0.6001132449042389,1.0814802180902916e-06,0.003060090037251939,0.0030600900331734238,4.078515303262975e-12
7620.0,382.65050475760177,0.0,0.0,25.70624505555366,25.8143214875841,63.33421791234874,4.632952744653244,,,liquid,gas,25.901015048813342,26.01802347643209,2141.139654900843,104.36798519454932,0.6001137762542929,1.0860390602829284e-06,0.0030818108184575976,0.0030818108144501366,4.007461029686965e-12
7640.0,382.6614985246862,0.0,0.0,25.70629104335916,25.814809382572694,63.334161090071014,4.632959879943824,,,liquid,gas,25.90136525233232,26.018713560387773,2141.139633088789,104.36800700660342,0.600114308552212,1.0906027000601171e-06,0.0031036228724588,0.003103622868550815,3.907985046680551e-12
7660.0,382.67250282436834,0.0,0.0,25.706337100429444,25.815297723297405,63.33410416533879,4.632967030271036,,,liquid,gas,25.901714782393995,26.019403087302315,2141.139611185367,104.3680289100257,0.6001148417962732,1.09517111468449e-06,0.0031255262947524898,0.003125526290830294,3.922195901395753e-12
7680.0,382.6835176014985,0.0,0.0,25.706383226585444,25.815786507254924,63.33404713833835,4.632974195619015,,,liquid,gas,25.90206364083101,26.020092058525076,2141.1395891904817,104.36805090491107,0.60011537598469,1.0997442586813123e-06,0.003147521179926116,0.003147521176202872,3.723243935382925e-12
7700.0,382.6945428011589,0.0,0.0,25.706429421656964,25.816275731951826,63.333990009239756,4.632981375972178,,,liquid,gas,25.90241182947101,26.020780475400535,2141.1395671040386,104.36807299135401,0.6001159111158296,1.1043221547879512e-06,0.003169607623021875,0.0031696076191423117,3.879563337250147e-12
7720.0,382.7055783686612,0.0,0.0,25.706475685466195,25.816765394904547,63.33393277822792,4.632988571315203,,,liquid,gas,25.90275935013667,26.021468339268324,2141.139544925944,104.36809516944855,0.6001164471879188,1.1089047347923041e-06,0.003191785717717721,0.0031917857136818384,4.035882739117369e-12
7740.0,382.7166242494709,0.0,0.0,25.706522017840264,25.81725549363835,63.333875445478874,4.632995781632121,,,liquid,gas,25.9031062046457,26.02215565146324,2141.139522656104,104.3681174392883,0.6001169841992682,1.1134919986943713e-06,0.0032140555576916086,0.003214055553428352,4.263256414560601e-12
7760.0,382.7276803893124,0.0,0.0,25.706568418604732,25.8177460256887,63.33381801117261,4.633003006907603,,,liquid,gas,25.903452394810863,26.022842413315267,2141.139500294426,104.36813980096642,0.6001175221481518,1.1180839010194177e-06,0.003236417235711997,0.0032364172315482165,4.163780431554187e-12
7780.0,382.73874673410734,0.0,0.0,25.706614887588927,25.81823698860042,63.33376047548223,4.633010247126195,,,liquid,gas,25.90379792243999,26.023528626149588,2141.1394778408167,104.36816225457562,0.6001180610329081,1.1226804645048106e-06,0.003258870845002093,0.0032588708407530476,4.249045559845399e-12
7800.0,382.7498232299818,0.0,0.0,25.706661424619355,25.81872837992779,63.33370283858667,4.633017502272447,,,liquid,gas,25.90414278933598,26.024214291286608,2141.1394552951842,104.36818480020821,0.6001186008518211,1.1272816209384473e-06,0.003281416477420862,0.0032814164733423468,4.078515303262975e-12
7820.0,382.76090982324143,0.0,0.0,25.706708029524176,25.819220197234102,63.333645100662594,4.633024772330611,,,liquid,gas,25.904486997296843,26.02489941004198,2141.1394326574364,104.36820743795606,0.6001191416031962,1.1318873930576957e-06,0.003304054225282016,0.00330405422118929,4.092726157978177e-12
7840.0,382.77200646049135,0.0,0.0,25.706754702132145,25.819712438093333,63.3335872618861,4.633032057286094,,,liquid,gas,25.904830548115672,26.025583983726598,2141.1394099274817,104.36823016791058,0.6001196832853442,1.1364977353878204e-06,0.0033267841799897724,0.003326784175712305,4.277467269275803e-12
7860.0,382.7831130884101,0.0,0.0,25.706801442273562,25.82020510008705,63.33352932243075,4.6330393571227475,,,liquid,gas,25.905173443580694,26.02626801364665,2141.1393871052296,104.36825299016277,0.6001202258966001,1.1411126024540863e-06,0.003349606432038854,0.0033496064279034954,4.135358722123783e-12
7880.0,382.79422965396606,0.0,0.0,25.70684824977564,25.82069818080727,63.33347128247622,4.633046671825481,,,liquid,gas,25.905515685475258,26.02695150110361,2141.1393641905893,104.36827590480323,0.6001207694352413,1.1457320169938612e-06,0.0033725210723787313,0.0033725210683570594,4.021671884402167e-12
7900.0,382.80535610428217,0.0,0.0,25.706895124469813,25.8211916778546,63.333413142195624,4.63305400137867,,,liquid,gas,25.90585727557786,26.027634447394266,2141.1393411834706,104.36829891192208,0.600121313899607,1.15035593353241e-06,0.0033955281910493795,0.0033955281872124488,3.836930773104541e-12
7920.0,382.8164923867578,0.0,0.0,25.70694206618549,25.82168558884006,63.333354901765865,4.633061345767522,,,liquid,gas,25.90619821566215,26.028316853810736,2141.1393180837836,104.36832201160905,0.6001218592880012,1.1549843520697324e-06,0.003418627878090774,0.003418627874182789,3.907985046680551e-12
7940.0,382.8276384489532,0.0,0.0,25.70698907475643,25.822179911383166,63.33329656135626,4.633068704976863,,,liquid,gas,25.906538507496954,26.028998721640487,2141.139294891439,104.36834520395345,0.6001224055987995,1.1596172271310934e-06,0.003441820222633396,0.0034418202185833024,4.050093593832571e-12
7960.0,382.83879423854506,0.0,0.0,25.70703615001291,25.822674643111487,63.33323812114274,4.6330760789905066,,,liquid,gas,25.90687815284628,26.029680052166352,2141.1392716063483,104.36836848904416,0.6001229528303152,1.1642545359791256e-06,0.0034651053133529786,0.003465105309288674,4.064304448547773e-12
7980.0,382.8499597035892,0.0,0.0,25.707083291787292,25.823169781664255,63.33317958129931,4.633083467794406,,,liquid,gas,25.90721715346933,26.030360846666547,2141.1392482284227,104.36839186696963,0.6001235009808797,1.168896278613829e-06,0.003488483238925255,0.0034884832347614747,4.163780431554187e-12
8000.0,382.861134792139,0.0,0.0,25.707130499912083,25.823665324686978,63.33312094199825,4.633090871372161,,,liquid,gas,25.907555511120517,26.031041106414687,2141.1392247575745,104.36841533781792,0.600124050048841,1.1735424095604684e-06,0.0035119540871164645,0.00351195408305216,4.064304448547773e-12
8020.0,382.872319452652,0.0,0.0,25.70717777422204,25.824161269837102,63.3330622034101,4.633098289709823,,,liquid,gas,25.907893227549472,26.031720832679813,2141.139201193716,104.36843890167665,0.6001246000325637,1.178192928819044e-06,0.0035355179456928454,0.0035355179417848603,3.907985046680551e-12
8040.0,382.88351363357685,0.0,0.0,25.70722511454783,25.82465761477822,63.33300336571242,4.633105722791026,,,liquid,gas,25.908230304501075,26.0324000267264,2141.1391775367597,104.36846255863303,0.6001251509303461,1.182847813652188e-06,0.003559174901965889,0.00355917489815738,3.808509063674137e-12
8060.0,382.89471728374,0.0,0.0,25.707272520723727,25.825154357185475,63.332944429076576,4.633113170601548,,,liquid,gas,25.908566743715433,26.033078689814378,2141.139153786619,104.36848630877385,0.6001257027405451,1.187507041322533e-06,0.00358292504279234,0.0035829250389838307,3.808509063674137e-12
8080.0,382.9059303520597,0.0,0.0,25.707319992588626,25.82565149474153,63.33288539366663,4.63312063312597,,,liquid,gas,25.908902546927926,26.033756823199145,2141.139129943207,104.36851015218552,0.6001262554615868,1.1921705890927115e-06,0.003606768454574194,0.003606768450651998,3.922195901395753e-12
8100.0,382.9171527877043,0.0,0.0,25.707367529971897,25.826149025138726,63.33282625966407,4.633128110349526,,,liquid,gas,25.909237715869214,26.03443442813159,2141.1391060064384,104.368534088954,0.6001268090917329,1.1968384342253557e-06,0.003630705223258701,0.0036307052191233424,4.135358722123783e-12
8120.0,382.9283845399616,0.0,0.0,25.707415132715035,25.826646946077247,63.332767027228755,4.633135602256599,,,liquid,gas,25.909572252265225,26.03511150585811,2141.1390819762273,104.36855811916485,0.6001273636294494,1.2015105539830983e-06,0.003654735434338363,0.0036547354299756307,4.362732397567015e-12
8140.0,382.93962555835657,0.0,0.0,25.70746280064808,25.8271452552668,63.33270769654224,4.633143108832083,,,liquid,gas,25.909906157837202,26.035788057620625,2141.139057852489,104.36858224290324,0.6001279190729973,1.2061869256285718e-06,0.0036788591728509346,0.0036788591683745153,4.476419235288631e-12
8160.0,382.95087579267164,0.0,0.0,25.70751053361228,25.827643950426733,63.33264826776591,4.633150630061681,,,liquid,gas,25.910239434301694,26.036464084656593,2141.1390336351383,104.36860646025393,0.600128475420829,1.2108675264244085e-06,0.0037030765233794227,0.003703076519059323,4.320099833421409e-12
8180.0,382.96213519282367,0.0,0.0,25.707558331443174,25.82814302928447,63.33258874107216,4.633158165930391,,,liquid,gas,25.91057208337057,26.037139588199036,2141.139009324091,104.36863077130126,0.6001290326712921,1.2155523563706083e-06,0.003727387570506835,0.003727387566385687,4.121147867408581e-12
8200.0,382.9734037088376,0.0,0.0,25.707606193978236,25.82864248957503,63.33252911663021,4.633165716422268,,,liquid,gas,25.910904106751047,26.037814569476545,2141.1389849192633,104.36865517612917,0.6001295908227647,1.220241392729804e-06,0.003751792398361431,0.0037517923942971265,4.064304448547773e-12
8220.0,382.9846812911002,0.0,0.0,25.707654121057217,25.8291423290445,63.33246939460568,4.633173281523392,,,liquid,gas,25.91123550614568,26.038489029713304,2141.138960420571,104.36867967482122,0.6001301498736592,1.2249346127646278e-06,0.0037762910906167235,0.003776291086353467,4.263256414560601e-12
8240.0,382.9959678901058,0.0,0.0,25.707702112513786,25.82964254544656,63.332409575176236,4.633180861218901,,,liquid,gas,25.911566283252395,26.03916297012911,2141.1389358279316,104.36870426746056,0.6001307098222738,1.2296319710003444e-06,0.0038008837300367304,0.003800883725688209,4.348521542851813e-12
8260.0,383.007263456445,0.0,0.0,25.70775016819171,25.830143136542237,63.33234965850095,4.633188455492843,,,liquid,gas,25.911896439764487,26.039836391939378,2141.1389111412623,104.3687289541299,0.6001312706670833,1.2343334674369544e-06,0.0038255703993854695,0.003825570395036948,4.348521542851813e-12
8280.0,383.01856794111103,0.0,0.0,25.70779828793058,25.830644100104166,63.332289644746965,4.633196064331798,,,liquid,gas,25.91222597737064,26.04050929635517,2141.1388863604807,104.36875373491164,0.6001318324064857,1.2390390793370898e-06,0.0038503511809722113,0.0038503511767657983,4.206412995699793e-12
8300.0,383.02988129504166,0.0,0.0,25.707846471565244,25.831145433910212,63.33222953409137,4.633203687719516,,,liquid,gas,25.912554897754937,26.04118168458321,2141.1388614855045,104.3687786098877,0.6001323950387851,1.2437488067007506e-06,0.0038752261571062263,0.003875226152828759,4.277467269275803e-12
8320.0,383.0412034695751,0.0,0.0,25.707894718941205,25.83164713574979,63.33216932669149,4.6332113256422485,,,liquid,gas,25.91288320259687,26.041853557825892,2141.1388365162525,104.36880357913964,0.600132958562473,1.248462604053202e-06,0.0039001954091872904,0.0039001954047677145,4.419575816427823e-12
8340.0,383.0525344161198,0.0,0.0,25.707943029899432,25.8321492034192,63.33210902271374,4.633218978084917,,,liquid,gas,25.913210893571364,26.042524917281302,2141.1388114526435,104.36882864274864,0.6001335229759548,1.2531804486570764e-06,0.003925259018160432,0.003925259013769278,4.391154106997419e-12
8360.0,383.06387408632486,0.0,0.0,25.707991404276022,25.83265163472405,63.33204862233434,4.633226645033077,,,liquid,gas,25.91353797234877,26.04319576414324,2141.1387862945967,104.36885380079546,0.6001340882775432,1.2579023405123735e-06,0.003950417064970679,0.003950417060593736,4.376943252282217e-12
8380.0,383.0752224319363,0.0,0.0,25.70803984191798,25.833154427477105,63.331988125708655,4.633234326471321,,,liquid,gas,25.913864440594896,26.043866099601225,2141.1387610420315,104.3688790533605,0.6001346544657484,1.262628256881726e-06,0.003975669630108314,0.003975669625631895,4.476419235288631e-12
8400.0,383.08657940497704,0.0,0.0,25.70808834266593,25.833657579500994,63.33192753300596,4.633242022385271,,,liquid,gas,25.91419029997101,26.044535924840524,2141.1387356948685,104.36890440052376,0.6001352215389494,1.2673581522903986e-06,0.004001016793154122,0.004001016788890865,4.263256414560601e-12
8420.0,383.0979449575945,0.0,0.0,25.708136906364444,25.834161088625827,63.33186684438735,4.633249732759931,,,liquid,gas,25.91451555213385,26.045205241042158,2141.1387102530275,104.36892984236484,0.6001357894956019,1.2720920494757593e-06,0.004026458634143637,0.004026458629965646,4.177991286269389e-12
8440.0,383.10931904224367,0.0,0.0,25.70818553285313,25.834664952691863,63.331806060024924,4.633257457581738,,,liquid,gas,25.914840198735643,26.045874049382924,2141.1386847164295,104.36895537896295,0.6001363583340584,1.2768299029630725e-06,0.0040519952322028985,0.004051995228081751,4.121147867408581e-12
8460.0,383.12070161137035,0.0,0.0,25.70823422197733,25.835169169545026,63.331745180079324,4.633265196834929,,,liquid,gas,25.915164241424115,26.046542351035406,2141.1386590849957,104.36898101039695,0.6001369280527796,1.281571690014971e-06,0.004077626666003198,0.004077626662081002,3.922195901395753e-12
8480.0,383.13209261773943,0.0,0.0,25.708282973579387,25.835673737041475,63.33168420471797,4.633272950505364,,,liquid,gas,25.915487681842492,26.047210147167995,2141.1386333586474,104.36900673674529,0.6001374986501622,1.2863174106314545e-06,0.004103353014215827,0.004103353010421529,3.794298208958935e-12
8500.0,383.14349201424943,0.0,0.0,25.708331787507696,25.83617865304499,63.33162313409748,4.63328071857836,,,liquid,gas,25.915810521629535,26.047877438944905,2141.1386075373066,104.36903255808606,0.6001380701247051,1.2910670420751559e-06,0.00412917435505733,0.004129174351191978,3.865352482534945e-12
8520.0,383.15489975399356,0.0,0.0,25.7083806636055,25.836683915427827,63.33156196838421,4.633288501039404,,,liquid,gas,25.916132762419533,26.048544227526193,2141.138581620896,104.36905847449694,0.6001386424748153,1.2958205388713395e-06,0.004155090765834757,0.00415509076206888,3.765876499528531e-12
8540.0,383.1663157902435,0.0,0.0,25.708429601718166,25.837189522070396,63.33150070774142,4.63329629787402,,,liquid,gas,25.916454405842327,26.049210514067767,2141.1385556093373,104.36908448605524,0.6001392156989291,1.3005779237573734e-06,0.004181102324309904,0.004181102320373498,3.936406756110955e-12
8560.0,383.17774007640924,0.0,0.0,25.708478601691766,25.837695470860787,63.33143935233136,4.633304109067241,,,liquid,gas,25.916775453523304,26.0498762997214,2141.138529502555,104.36911059283791,0.6001397897954929,1.3053391285211547e-06,0.0042072091068803275,0.004207209103043397,3.836930773104541e-12
8580.0,383.1891725662249,0.0,0.0,25.70852766337278,25.838201759697256,63.33137790231605,4.633311934605839,,,liquid,gas,25.917095907083436,26.05054158563476,2141.1385033004713,104.36913679492152,0.6001403647629545,1.3101041759000508e-06,0.0042334111903983285,0.004233411186646663,3.751665644813329e-12
8600.0,383.2006132133906,0.0,0.0,25.70857678661003,25.83870838648319,63.331316357853595,4.633319774474136,,,liquid,gas,25.91741576813927,26.051206372951413,2141.1384770030104,104.36916309238225,0.6001409405997997,1.3148730431566946e-06,0.004259708651261462,0.004259708647381899,3.879563337250147e-12
8620.0,383.2120619718867,0.0,0.0,25.70862597124679,25.839215349131663,63.33125471911283,4.633327628657633,,,liquid,gas,25.91773503830295,26.051870662810842,2141.1384506100967,104.36918948529592,0.6001415173044126,1.3196456848163506e-06,0.004286101564957789,0.004286101561049804,3.907985046680551e-12
8640.0,383.223518795951,0.0,0.0,25.708675217130626,25.839722645564713,63.3311929862554,4.633335497142876,,,liquid,gas,25.91805371918222,26.05253445634846,2141.1384241216547,104.36921597373797,0.600142094875245,1.3244221008790191e-06,0.00431259000697537,0.004312590003095806,3.879563337250147e-12
8660.0,383.2349836398812,0.0,0.0,25.70872452411647,25.84023027371106,63.331131159429205,4.633343379914988,,,liquid,gas,25.918371812380443,26.05319775469564,2141.1383975376093,104.36924255778347,0.6001426733108798,1.3292022686073325e-06,0.004339174052347516,0.004339174048595851,3.751665644813329e-12
8680.0,383.24645645819004,0.0,0.0,25.708773892046267,25.840738231507785,63.33106923880714,4.633351276959651,,,liquid,gas,25.91868931949662,26.053860558979704,2141.1383708578855,104.36926923750713,0.6001432526096624,1.3339861880012904e-06,0.004365853776107542,0.004365853772256401,3.851141627819743e-12
8700.0,383.2579372055659,0.0,0.0,25.708823320771426,25.84124651690007,63.33100722454495,4.633359188262525,,,liquid,gas,25.91900624212539,26.054522870323964,2141.1383440824093,104.36929601298328,0.6001438327701014,1.3387738135861582e-06,0.004392629252379265,0.004392629248414437,3.964828465541359e-12
8720.0,383.2694258369098,0.0,0.0,25.708872810141607,25.8417551278416,63.330945116802134,4.633367113809751,,,liquid,gas,25.919322581857045,26.055184689847724,2141.138317211107,104.3693228842859,0.6001444137906697,1.3435651226245683e-06,0.004419500554831757,0.0044195005510374585,3.794298208958935e-12
8740.0,383.2809223071378,0.0,0.0,25.70892236000669,25.84226406229167,63.33088291573769,4.633375053585685,,,liquid,gas,25.919638340277533,26.0558460186663,2141.138290243904,104.3693498514886,0.600144995669845,1.3483601378538878e-06,0.0044464677575888345,0.004446467753723482,3.865352482534945e-12
8760.0,383.29242657157835,0.0,0.0,25.708971970214506,25.84277331822092,63.33082062151571,4.633383007577451,,,liquid,gas,25.91995351896849,26.056506857891033,2141.1382631807282,104.3693769146646,0.6001455784060571,1.3531587910620146e-06,0.004473530933410075,0.004473530929729463,3.680611371237319e-12
8780.0,383.30393858556994,0.0,0.0,25.70902164062114,25.843282893605533,63.33075823428496,4.633390975770324,,,liquid,gas,25.92026811950724,26.057167208629302,2141.138236021506,104.3694040738868,0.6001461619978806,1.357961104986316e-06,0.004500690155509801,0.004500690151928666,3.581135388230905e-12
8800.0,383.31545830471333,0.0,0.0,25.709071371075257,25.843792786430825,63.330695754208556,4.63339895815065,,,liquid,gas,25.92058214346681,26.057827071984548,2141.1382087661655,104.3694313292277,0.6001467464437547,1.362767034152057e-06,0.004527945496192842,0.00452794549282487,3.367972567502875e-12
8820.0,383.3269856845978,0.0,0.0,25.709121161428698,25.844302994687318,63.33063318144375,4.633406954702693,,,liquid,gas,25.920895592415924,26.058486449056275,2141.138181414634,104.36945868075946,0.6001473317421738,1.3675765785592376e-06,0.004555297027764027,0.004555297024595006,3.169020601490047e-12
8840.0,383.33852068129227,0.0,0.0,25.709171011533773,25.844813516377727,63.330570516148455,4.633414965414318,,,liquid,gas,25.92120846791904,26.059145340940084,2141.1381539668396,104.3694861285539,0.600147917891627,1.37238971547049e-06,0.004582744822073437,0.004582744819032314,3.0411229090532288e-12
8860.0,383.3500632507325,0.0,0.0,25.709220921242903,25.845324349508175,63.330507758479506,4.633422990269896,,,liquid,gas,25.921520771536354,26.059803748727667,2141.138126422711,104.36951367268244,0.6001485048906126,1.377206422148447e-06,0.004610288950516406,0.004610288947574759,2.9416469260468148e-12
8880.0,383.3616133491958,0.0,0.0,25.70927089041189,25.84583549209499,63.33044490858864,4.633431029255829,,,liquid,gas,25.921832504823804,26.06046167350684,2141.1380987821776,104.36954131321617,0.6001490927376779,1.3820266758557408e-06,0.0046379294840335206,0.0046379294813050365,2.7284841053187847e-12
8900.0,383.3731709330777,0.0,0.0,25.709320918889034,25.846346942161446,63.33038196664213,4.633439082357965,,,liquid,gas,25.92214366933308,26.061119116361542,2141.138071045168,104.36956905022583,0.6001496814312327,1.3868504765923718e-06,0.004665666493565368,0.004665666490964782,2.6005864128819667e-12
8920.0,383.3847359589039,0.0,0.0,25.70937100653081,25.84685869773799,63.330318932791265,4.633447149561712,,,liquid,gas,25.922454266611663,26.061776078371864,2141.138043211612,104.3695968837818,0.6001502709698286,1.391677801620972e-06,0.0046935000495977874,0.004693500046926147,2.6716406864579767e-12
8940.0,383.39630838355555,0.0,0.0,25.709421153191656,25.847370756865296,63.33025580719141,4.633455230854726,,,liquid,gas,25.922764298202782,26.062432560614056,2141.13801528144,104.36962481395409,0.6001508613519787,1.3965086054668063e-06,0.0047214302217071236,0.004721430219220224,2.4868995751603507e-12
8960.0,383.40788816374305,0.0,0.0,25.70947135872627,25.847883117586928,63.33019258999803,4.633463326220734,,,liquid,gas,25.923073765645487,26.06308856416054,2141.1379872545817,104.36965284081238,0.6001514525761953,1.4013429108672426e-06,0.004749457079924468,0.004749457077508623,2.4158453015843406e-12
8980.0,383.4194752567297,0.0,0.0,25.70952162298991,25.848395777959475,63.33012928136624,4.633471435648002,,,liquid,gas,25.923382670474616,26.063744090079936,2141.1379591309683,104.369680964426,0.600152044640994,1.4061806723475456e-06,0.004777580693371419,0.004777580691126104,2.2453150450019166e-12
9000.0,383.43106961955664,0.0,0.0,25.709571945838192,25.848908736041615,63.33006588145025,4.633479559120296,,,liquid,gas,25.92369101422083,26.06439913943706,2141.1379309105305,104.36970918486392,0.6001526375448993,1.4110218899077155e-06,0.004805801131169574,0.004805801129052156,2.1174173525650986e-12
9020.0,383.44267120976855,0.0,0.0,25.709622327127235,25.84942198990432,63.33000239040454,4.633487696625361,,,liquid,gas,25.923998798410604,26.065053713292954,2141.1379025931997,104.3697375021948,0.6001532312864333,1.4158665408103844e-06,0.004834118461985781,0.004834118459925207,2.0605739337042905e-12
9040.0,383.4542799849299,0.0,0.0,25.709672766713396,25.849935537623953,63.32993880838358,4.633495848149298,,,liquid,gas,25.92430602456627,26.065707812704886,2141.1378741789076,104.3697659164869,0.6001538258641176,1.420714602318185e-06,0.004862532754032145,0.0048625327520284145,2.0037305148434825e-12
9060.0,383.46589590267206,0.0,0.0,25.709723264450844,25.850449377283105,63.32987513554539,4.633504013677069,,,liquid,gas,25.924612694205994,26.06636143872638,2141.137845667586,104.36979442780816,0.6001544212764409,1.4255660744311172e-06,0.004891044075520767,0.004891044073289663,2.2311041902867146e-12
9080.0,383.47751892092987,0.0,0.0,25.709773820205392,25.850963506973685,63.32981137202748,4.6335121931953225,,,liquid,gas,25.924918808843806,26.06701459240721,2141.137817059168,104.3698230362262,0.6001550175220864,1.430420911674446e-06,0.004919652493754256,0.0049196524913242,2.4300561562995426e-12
9100.0,383.4891489977635,0.0,0.0,25.709824433823314,25.851477924794516,63.32974751800464,4.6335203866902965,,,liquid,gas,25.925224369989603,26.067667274793443,2141.137788353586,104.36985174180825,0.6001556145993839,1.4352790913108038e-06,0.004948358075580472,0.00494835807337779,2.2026824808563106e-12
9120.0,383.50078609137944,0.0,0.0,25.70987510517149,25.851992628851562,63.32968357361272,4.633528594148077,,,liquid,gas,25.925529379149175,26.06831948692742,2141.137759550773,104.36988054462124,0.6001562125070321,1.4401406588149256e-06,0.004977160888756771,0.004977160886369347,2.3874235921539366e-12
9140.0,383.51243016016,0.0,0.0,25.709925834108553,25.852507617258418,63.3296195390037,4.6335368155549235,,,liquid,gas,25.925833837824197,26.068971229847804,2141.1377306506624,104.36990944473173,0.6001568112435771,1.4450055232373415e-06,0.005006060999221518,0.005006060996862516,2.3590018827235326e-12
9160.0,383.5240811626365,0.0,0.0,25.70997662048751,25.853022888135754,63.329555414341094,4.633545050897008,,,liquid,gas,25.92613774751225,26.069622504589564,2141.1377016531883,104.36993844220598,0.6001574108074562,1.4498737073154189e-06,0.005035058473367826,0.0050350584711083,2.2595258997171186e-12
9180.0,383.5357390575102,0.0,0.0,25.71002746416771,25.85353843961172,63.32949119977617,4.633553300160637,,,liquid,gas,25.926441109706833,26.070273312184007,2141.1376725582845,104.36996753710987,0.6001580111972221,1.4547451883117901e-06,0.005064153377134062,0.005064153375002434,2.1316282072803006e-12
9200.0,383.54740380363006,0.0,0.0,25.710078365015068,25.85405426982157,63.329426895448975,4.633561563331994,,,liquid,gas,25.926743925897366,26.070923653658785,2141.137643365885,104.36999672950898,0.6001586124115346,1.4596199662264553e-06,0.005093345776458591,0.0050933457741138,2.3447910280083306e-12
9220.0,383.5590753599593,0.0,0.0,25.710129322889856,25.854570376907162,63.3293625015098,4.633569840396786,,,liquid,gas,25.92704619756921,26.071573530037913,2141.1376140759257,104.37002601946854,0.6001592144489559,1.4644979728473118e-06,0.005122635735915537,0.005122635733670222,2.2453150450019166e-12
9240.0,383.5707536857809,0.0,0.0,25.71018033764335,25.855086759019883,63.32929801812693,4.633578131342606,,,liquid,gas,25.927347926203684,26.07222294234178,2141.1375846883407,104.37005540705344,0.6001598173078782,1.4693792536490946e-06,0.005152023320988519,0.005152023318572674,2.4158453015843406e-12
9260.0,383.5824387404243,0.0,0.0,25.710231409149362,25.855603414316676,63.32923344542695,4.633586436155798,,,liquid,gas,25.927649113278047,26.07287189158717,2141.137555203066,104.37008489232825,0.6001604209870889,1.4742637404197012e-06,0.005181508595796913,0.005181508593381068,2.4158453015843406e-12
9280.0,383.5941304832652,0.0,0.0,25.710282537256294,25.85612034096014,63.329168783583825,4.633594754821417,,,liquid,gas,25.92794976026555,26.07352037878726,2141.1375256200367,104.37011447535721,0.6001610254849264,1.4791514558964992e-06,0.005211091624914843,0.005211091622342678,2.5721647034515627e-12
9300.0,383.6058288740022,0.0,0.0,25.710333721839262,25.85663753712233,63.32910403272187,4.633603087326502,,,liquid,gas,25.92824986863541,26.074168404951653,2141.1374959391896,104.37014415620422,0.6001616308001996,1.4840423546047532e-06,0.005240772472006938,0.005240772469349508,2.6574298317427747e-12
9320.0,383.61753387243505,0.0,0.0,25.710384962746854,25.85715500098166,63.329039193016534,4.633611433657468,,,liquid,gas,25.928549439852844,26.074815971086373,2141.137466160461,104.37017393493285,0.6001622369312332,1.4889364365444635e-06,0.0052705512007378275,0.005270551197980922,2.7569058147491887e-12
9340.0,383.62924543851597,0.0,0.0,25.710436259855648,25.857672730723536,63.32897426459008,4.633619793800727,,,liquid,gas,25.928848475379066,26.075463078193895,2141.1374362837873,104.37020381160636,0.6001628438768557,1.4938336789782625e-06,0.005300427874317393,0.005300427871489433,2.8279600883251987e-12
9360.0,383.64096353229513,0.0,0.0,25.710487613018298,25.858190724539696,63.32890924761033,4.63362816774204,,,liquid,gas,25.92914697667131,26.07610972727315,2141.137406309106,104.37023378628766,0.6001634516354643,1.4987340591687825e-06,0.005330402555500768,0.005330402552786495,2.7142732506035827e-12
9380.0,383.6526881141554,0.0,0.0,25.710539022101834,25.85870898063139,63.3288441422194,4.633636555469282,,,liquid,gas,25.929444945182833,26.076755919319535,2141.1373762363546,104.37026385903935,0.6001640602056996,1.5036375771160237e-06,0.005360475307043089,0.005360475304485135,2.5579538487363607e-12
9400.0,383.66441914445505,0.0,0.0,25.71059048697007,25.859227497204294,63.32877894856491,4.633644956968293,,,liquid,gas,25.92974238236293,26.07740165532494,2141.1373460654704,104.37029402992373,0.6001646695861501,1.5085442100826184e-06,0.005390646191244741,0.005390646188857318,2.3874235921539366e-12
9420.0,383.6761565837595,0.0,0.0,25.710642007483642,25.859746272471938,63.3287136668011,4.633653372225533,,,liquid,gas,25.930039289656936,26.078046936277747,2141.1373157963912,104.37032429900272,0.6001652797753417,1.513453958068567e-06,0.0054209152704061125,0.005420915267848159,2.5579538487363607e-12
9440.0,383.68790039279173,0.0,0.0,25.710693583518033,25.860265304654813,63.32864829705481,4.633661801227571,,,liquid,gas,25.93033566850624,26.07869176316285,2141.137285429056,104.37035466633796,0.6001658907720604,1.518366752861766e-06,0.005451282605463348,0.005451282603090135,2.3732127374387346e-12
9460.0,383.699650532492,0.0,0.0,25.71074521492379,25.86078459198123,63.32858283950047,4.633670243961767,,,liquid,gas,25.93063152034831,26.079336136961672,2141.1372549634034,104.37038513199077,0.6001665025746407,1.5232826399369515e-06,0.005481748258262087,0.005481748255903085,2.3590018827235326e-12
9480.0,383.7114069636898,0.0,0.0,25.710796901580956,25.86130413268276,63.32851729425626,4.6336787004124345,,,liquid,gas,25.930926846616686,26.07998005865217,2141.137224399372,104.37041569602214,0.6001671151819507,1.5282015738193876e-06,0.005512312289738475,0.005512312287265786,2.4726887204451486e-12
9500.0,383.723169647819,0.0,0.0,25.710848643340753,25.861823925004206,63.32845166149701,4.6336871705692,,,liquid,gas,25.931221648740998,26.08062352920885,2141.1371937369013,104.37044635849273,0.6001677285923213,1.5331235317717073e-06,0.005542974760373909,0.0055429747578585875,2.5153212845907547e-12
9520.0,383.73493854594165,0.0,0.0,25.710900440080394,25.86234396718988,63.32838594134701,4.633695654415644,,,liquid,gas,25.93151592814698,26.081266549602788,2141.137162975931,104.37047711946292,0.6001683428045632,1.5380485137939105e-06,0.005573735730649787,0.005573735728049201,2.6005864128819667e-12
9540.0,383.74671361980205,0.0,0.0,25.7109522916668,25.8628642574984,63.32832013395165,4.633704151941569,,,liquid,gas,25.931809686256464,26.081909120801633,2141.137132116401,104.37050797899273,0.6001689578172863,1.5429764971486294e-06,0.00560459526059276,0.0056045952578642755,2.7284841053187847e-12
9560.0,383.75849483075024,0.0,0.0,25.711004197955297,25.863384794187553,63.3282542394779,4.63371266313047,,,liquid,gas,25.932102924487413,26.08255124376963,2141.137101158252,104.3705389371419,0.6001695736288968,1.5479074590984965e-06,0.0056355534097747295,0.0056355534070320346,2.7426949600339867e-12
9580.0,383.7702821408328,0.0,0.0,25.711056158828974,25.863905575529593,63.328188258041365,4.6337211879722515,,,liquid,gas,25.93239564425392,26.08319291946762,2141.137070101424,104.37056999396985,0.6001701902382872,1.552841399643512e-06,0.0056666102377676,0.005666610234982272,2.7853275241795927e-12
9600.0,383.78207551176234,0.0,0.0,25.711108174143774,25.864426599796758,63.32812218980873,4.633729726451223,,,liquid,gas,25.932687846966214,26.08383414885307,2141.137038945858,104.37060114953567,0.6001708076438664,1.5577782960463083e-06,0.005697765803688526,0.005697765800803722,2.8848035071860068e-12
9620.0,383.79387490560526,0.0,0.0,25.711160243771758,25.86494786527086,63.32805603491676,4.633738278554148,,,liquid,gas,25.93297953403068,26.08447493288007,2141.1370076914955,104.37063240389816,0.6001714258443269,1.5627181255695177e-06,0.005729020166199916,0.005729020163286691,2.9132252166164108e-12
9640.0,383.8056802847892,0.0,0.0,25.711212367577644,25.865469370243467,63.32798979351692,4.633746844270276,,,liquid,gas,25.933270706849864,26.085115272499355,2141.1369763382777,104.37066375711579,0.6001720448382217,1.5676608882131404e-06,0.005760373383964179,0.005760373380923056,3.0411229090532288e-12
9660.0,383.8174916113874,0.0,0.0,25.711264545438215,25.86599111300576,63.32792346573774,4.633755423583079,,,liquid,gas,25.93356136682248,26.08575516865831,2141.136944886147,104.37069520924675,0.6001726646243217,1.5726065385024413e-06,0.005791825514734228,0.005791825511877846,2.8563817977556027e-12
9680.0,383.8293088481965,0.0,0.0,25.711316777223253,25.86651309186369,63.3278570517216,4.633764016482758,,,liquid,gas,25.933851515343438,26.086394622300997,2141.136913335045,104.37072676034889,0.600173285201266,1.5775550991747878e-06,0.005823376616717724,0.005823376614017661,2.7000623958883807e-12
9700.0,383.8411319576429,0.0,0.0,25.71136906279383,25.8670353051226,63.32779055162821,4.633772622953539,,,liquid,gas,25.93414115380383,26.087033634368154,2141.136881684914,104.37075841047977,0.60017390656753,1.5825065474928125e-06,0.00585502674766758,0.005855026744896463,2.7711166694643907e-12
9720.0,383.85296090260096,0.0,0.0,25.7114214020244,25.867557751098627,63.32772396559125,4.633781242983221,,,liquid,gas,25.934430283590952,26.08767220579721,2141.1368499356972,104.37079015969664,0.6001745287218359,1.58746083798178e-06,0.0058867759644272155,0.005886775961769786,2.6574298317427747e-12
9740.0,383.8647956459317,0.0,0.0,25.711473794780993,25.868080428112343,63.32765729376149,4.633789876557778,,,liquid,gas,25.934718906088325,26.08831033752231,2141.1368180873374,104.37082200805646,0.6001751516627434,1.5924179933790584e-06,0.005918624324294797,0.005918624321594734,2.7000623958883807e-12
9760.0,383.87663615094755,0.0,0.0,25.7115262409433,25.86860333449513,63.32759053626492,4.633798523666794,,,liquid,gas,25.935007022675673,26.088948030474302,2141.136786139778,104.37085395561587,0.6001757753890482,1.597377968209912e-06,0.005950571883658995,0.005950571881001565,2.6574298317427747e-12
9780.0,383.88848238056516,0.0,0.0,25.711578740382336,25.86912646857735,63.32752369324246,4.633807184293609,,,liquid,gas,25.935294634728972,26.08958528558078,2141.1367540929627,104.37088600243122,0.6001763998994035,1.6023407624743414e-06,0.005982618698908482,0.005982618696350528,2.5579538487363607e-12
9800.0,383.90033429838576,0.0,0.0,25.711631292961222,25.869649828703476,63.32745676485229,4.633815858427897,,,liquid,gas,25.935581743620446,26.090222103766077,2141.136721946835,104.37091814855854,0.6001770251922997,1.607306376172346e-06,0.006014764826431929,0.006014764823675023,2.7569058147491887e-12
9820.0,383.9121918679214,0.0,0.0,25.711683898562796,25.8701734132212,63.32738975121495,4.633824546056648,,,liquid,gas,25.935868350718557,26.09085848595128,2141.13668970134,104.3709503940536,0.6001776512665837,1.6122747638291913e-06,0.0060470103217085125,0.006047010318724233,2.9842794901924208e-12
9840.0,383.9240550526674,0.0,0.0,25.711736557039632,25.87069722048244,63.32732265250815,4.6338332471650565,,,liquid,gas,25.93615445738805,26.091494433054248,2141.136657356422,104.37098273897182,0.600178278120561,1.6172459027075093e-06,0.006079355239762663,0.0060793552369489134,2.8137492336099967e-12
9860.0,383.93592381649023,0.0,0.0,25.71178926828424,25.87122124884874,63.32725546883464,4.633841961741021,,,liquid,gas,25.936440064989927,26.092129945989615,2141.1366249120256,104.37101518336836,0.600178905753247,1.6222198155446677e-06,0.006111799636073556,0.0061117996334871805,2.5863755581667647e-12
9880.0,383.94779812324134,0.0,0.0,25.711842032163027,25.87174549668596,63.32718820034722,4.633850689770623,,,liquid,gas,25.9367251748815,26.092765025668815,2141.136592368096,104.37104772729806,0.6001795341631834,1.627196479603299e-06,0.006144343565665622,0.006144343563192933,2.4726887204451486e-12
9900.0,383.9596779372434,0.0,0.0,25.711894848544986,25.872269962370858,63.32712084719486,4.633859431243872,,,liquid,gas,25.937009788416344,26.093399673000082,2141.1365597245785,104.37108037081549,0.6001801633489479,1.6321758721460356e-06,0.006176987083108543,0.006176987080621643,2.4868995751603507e-12
9920.0,383.9715632223684,0.0,0.0,25.71194771731787,25.87279464427833,63.327053409489444,4.633868186143897,,,liquid,gas,25.937293906944355,26.09403388888847,2141.136526981419,104.3711131139749,0.6001807933094698,1.63715797043551e-06,0.006209730242517253,0.006209730240030353,2.4868995751603507e-12
9940.0,383.9834539433115,0.0,0.0,25.712000638337067,25.873319540799216,63.32698588740703,4.633876954461827,,,liquid,gas,25.93757753181175,26.09466767423587,2141.1364941385636,104.37114595683026,0.6001814240430706,1.642142774471722e-06,0.006242573098006687,0.00624257309539189,2.6147972675971687e-12
9960.0,383.9953500643028,0.0,0.0,25.712053611491406,25.87384465032217,63.32691828105832,4.633885736181797,,,liquid,gas,25.93786066436106,26.095301029940998,2141.136461195959,104.37117889943524,0.6001820555486912,1.647130238779937e-06,0.006275515702782286,0.006275515700366441,2.4158453015843406e-12
9980.0,384.0072515500515,0.0,0.0,25.71210663665596,25.8743699712469,63.32685059058189,4.633894531291926,,,liquid,gas,25.938143305931167,26.095933956899444,2141.1364281535507,104.37121194184323,0.6001826878250078,1.6521204088348896e-06,0.006308558110958984,0.0063085581083583975,2.6005864128819667e-12
10000.0,384.0191583652327,0.0,0.0,25.712159713691097,25.874895501977,63.32678281614394,4.633903339778375,,,liquid,gas,25.93842545785728,26.09656645600365,2141.136395011287,104.37124508410731,0.6001833208704358,1.6571131936871098e-06,0.006341700374832726,0.0063417003724453025,2.3874235921539366e-12
10020.0,384.03107047492534,0.0,0.0,25.712212842487602,25.875421240926016,63.326714957854115,4.633912161630434,,,liquid,gas,25.93870712147098,26.097198528142943,2141.136361769114,104.37127832628032,0.6001839546839262,1.6621086388113326e-06,0.006374942547608953,0.006374942545448903,2.1600499167107046e-12
10040.0,384.04298784407575,0.0,0.0,25.712266022916367,25.87594718650997,63.326647015859905,4.633920996834272,,,liquid,gas,25.938988298100185,26.097830174203533,2141.1363284269796,104.37131166841475,0.600184589264071,1.6671067214701908e-06,0.0064082846820383566,0.006408284679878307,2.1600499167107046e-12
10060.0,384.0549104379479,0.0,0.0,25.71231925485906,25.876473337153556,63.326578990288034,4.633929845378225,,,liquid,gas,25.939268989069216,26.09846139506854,2141.1362949848317,104.37134511056283,0.6001852246096598,1.6721073961889487e-06,0.0064417268299621355,0.006441726827958405,2.0037305148434825e-12
10080.0,384.06683822157163,0.0,0.0,25.712372538181953,25.87699969128252,63.32651088129528,4.633938707246326,,,liquid,gas,25.93954919569877,26.099092191617995,2141.136261442618,104.37137865277651,0.600185860719197,1.6771106857049744e-06,0.006475269043676235,0.006475269041644083,2.0321522242738865e-12
10100.0,384.07877116075804,0.0,0.0,25.71242587276747,25.87752624733778,63.326442689008715,4.633947582430181,,,liquid,gas,25.93982891930594,26.099722564728854,2141.136227800287,104.37141229510745,0.600186497591469,1.6821165445435326e-06,0.006508911374567106,0.006508911372577586,1.9895196601282805e-12
10120.0,384.0907092208044,0.0,0.0,25.712479258492927,25.878053003757273,63.32637441356439,4.633956470913857,,,liquid,gas,25.940108161204215,26.100352515275006,2141.1361940577876,104.37144603760702,0.6001871352251767,1.6871249727046233e-06,0.006542653874021198,0.006542653872145365,1.8758328224066645e-12
10140.0,384.1026523675127,0.0,0.0,25.712532695230834,25.878579958990294,63.32630605510861,4.633965372685761,,,liquid,gas,25.940386922703492,26.100982044127292,2141.1361602150682,104.37147988032632,0.6001877736189243,1.6921359701882466e-06,0.006576496593424963,0.006576496591449654,1.9753088054130785e-12
10160.0,384.11460056672473,0.0,0.0,25.71258618287009,25.879107111490796,63.32623761375662,4.633974287733266,,,liquid,gas,25.940665205110122,26.10161115215352,2141.1361262720784,104.37151382331616,0.6001884127716101,1.6971494915196673e-06,0.006610439583255356,0.0066104395812942585,1.9610979506978765e-12
10180.0,384.12655378441974,0.0,0.0,25.712639721289385,25.87963445971893,63.32616908964348,4.6339832160437915,,,liquid,gas,25.94094300972686,26.102239840218463,2141.1360922287677,104.37154786662707,0.6001890526819448,1.7021655366988853e-06,0.006644482893989334,0.006644482892198766,1.7905676941154525e-12
10200.0,384.13851198669414,0.0,0.0,25.712693310356627,25.880162002140672,63.32610048292553,4.633992157604595,,,liquid,gas,25.94122033785291,26.102868109183877,2141.1360580850856,104.3715820103093,0.6001896933484377,1.7071841057259007e-06,0.006678626576103852,0.006678626574426971,1.6768808563938364e-12
10220.0,384.1504751397963,0.0,0.0,25.712746949950844,25.880689737228202,63.32603179373759,4.634001112403241,,,liquid,gas,25.941497190783938,26.103495959908514,2141.136023840982,104.37161625441281,0.6001903347698019,1.712205175863346e-06,0.006712870679621119,0.006712870677944238,1.6768808563938364e-12
10240.0,384.1624432099861,0.0,0.0,25.71280063996855,25.88121766345804,63.32596302218191,4.634010080425897,,,liquid,gas,25.941773569812064,26.104123393248138,2141.1359894964075,104.37165059898732,0.6001909769450593,1.7172287243738537e-06,0.006747215254108596,0.006747215252445926,1.6626700016786344e-12
10260.0,384.1744161639743,0.0,0.0,25.712854380272848,25.881745779317235,63.325894168424995,4.634019061662436,,,liquid,gas,25.942049476225876,26.104750410055527,2141.1359550513125,104.37168504408221,0.6001916198726228,1.7222547512574238e-06,0.006781660349133745,0.006781660347343177,1.7905676941154525e-12
10280.0,384.1863939682861,0.0,0.0,25.71290817074376,25.88227408329422,63.32582523260115,4.634028056099153,,,liquid,gas,25.942324911310447,26.105377011180487,2141.1359205056483,104.37171958974666,0.600192263551211,1.7272832110393211e-06,0.006816206013354531,0.006816206011791337,1.5631940186722204e-12
10300.0,384.1983765897869,0.0,0.0,25.712962011279572,25.882802573886345,63.325756214810724,4.634037063724774,,,liquid,gas,25.942599876347348,26.106003197469867,2141.1358858593653,104.37175423602952,0.6001929079798637,1.7323141491942807e-06,0.006850852296338417,0.006850852294647325,1.6910917111090384e-12
10320.0,384.21036399516106,0.0,0.0,25.71301590174347,25.883331249592516,63.32568711522005,4.634046084524435,,,liquid,gas,25.942874372614643,26.10662896976757,2141.1358511124154,104.37178898297937,0.6001935531569959,1.7373474975101998e-06,0.006885599246288621,0.006885599244498053,1.7905676941154525e-12
10340.0,384.22235615152414,0.0,0.0,25.713069842022854,25.883860108921716,63.325617933951214,4.634055118486829,,,liquid,gas,25.943148401386907,26.107254328914557,2141.1358162647502,104.37182383064454,0.6001941990814419,1.7423832559870788e-06,0.006920446911408362,0.006920446909674638,1.7337242752546445e-12
10360.0,384.2343530259157,0.0,0.0,25.71312383199293,25.884389150385985,63.32554867114857,4.6340641655982715,,,liquid,gas,25.94342196393523,26.107879275748868,2141.1357813163218,104.3718587790731,0.600194845751825,1.7474214246249176e-06,0.0069553953399008606,0.00695539533822398,1.6768808563938364e-12
10380.0,384.24635458594196,0.0,0.0,25.713177871554628,25.884918372509205,63.32547932690953,4.634073225850236,,,liquid,gas,25.943695061527226,26.108503811105628,2141.135746267082,104.37189382831279,0.6001954931672135,1.7524619806863484e-06,0.0069904445795145875,0.006990444577922972,1.5916157281026244e-12
10400.0,384.2583607985596,0.0,0.0,25.713231960565167,25.88544777381029,63.32540990141286,4.6340822992251605,,,liquid,gas,25.94396769542707,26.10912793581706,2141.1357111169837,104.37192897841115,0.6001961413259046,1.7575049241713715e-06,0.007025594677998015,0.0070255946762785015,1.7195134205394424e-12
10420.0,384.27037163173884,0.0,0.0,25.713286098932628,25.885977352826316,63.32534039474329,4.634091385715826,,,liquid,gas,25.94423986689546,26.109751650712493,2141.1356758659795,104.37196422941541,0.6001967902270869,1.7625502096052514e-06,0.00706084568219012,0.007060845680541661,1.6484591469634324e-12
10440.0,384.2823870526923,0.0,0.0,25.71334028652067,25.886507108087745,63.325270807067795,4.634100485304743,,,liquid,gas,25.94451157718969,26.11037495661838,2141.1356405140223,104.37199958137255,0.6001974398691698,1.767597859725356e-06,0.007096197639384627,0.0070961976376793245,1.7053025658242404e-12
10460.0,384.29440702964865,0.0,0.0,25.713394523219506,25.88703703814324,63.32520113850613,4.634109597984814,,,liquid,gas,25.944782827563557,26.110997854358295,2141.1356050610657,104.37203503432926,0.6001980902510101,1.7726478290569502e-06,0.007131650595965766,0.007131650594388361,1.5774048733874224e-12
10480.0,384.30643153005826,0.0,0.0,25.713448808905966,25.88756714153454,63.32513138920077,4.634118723738427,,,liquid,gas,25.945053619267473,26.111620344752957,2141.135569507063,104.37207058833198,0.600198741371249,1.7777001403374016e-06,0.007167204598772514,0.007167204597109844,1.6626700016786344e-12
10500.0,384.3184605222945,0.0,0.0,25.713503143483806,25.888097416820194,63.325061559245974,4.634127862557322,,,liquid,gas,25.94532395354844,26.11224242862024,2141.135533851968,104.3721062434269,0.6001993932289854,1.7827547480919747e-06,0.007202859693734354,0.007202859692029051,1.7053025658242404e-12
10520.0,384.3304939745183,0.0,0.0,25.713557526811307,25.888627862559822,63.32499164882174,4.6341370144292755,,,liquid,gas,25.94559383165005,26.112864106775184,2141.135498095735,104.37214199965993,0.6002000458225052,1.78781165232067e-06,0.007238615926780767,0.007238615925061254,1.7195134205394424e-12
10540.0,384.3425318546511,0.0,0.0,25.71361195879941,25.889158477313494,63.32492165800716,4.6341461793379075,,,liquid,gas,25.945863254812462,26.113485380029985,2141.1354622383183,104.37217785707671,0.6002006991510508,1.7928708302861196e-06,0.007274473343386489,0.007274473341837506,1.5489831639570184e-12
10560.0,384.3545741315744,0.0,0.0,25.71366643930669,25.889689259658663,63.32485158698394,4.634155357276579,,,liquid,gas,25.9461322242725,26.114106249194045,2141.135426279672,104.37221381572262,0.6002013532128924,1.7979323047256913e-06,0.007310431989481003,0.007310431987747279,1.7337242752546445e-12
10580.0,384.3666207733297,0.0,0.0,25.713720968238455,25.89022020816494,63.32478143584188,4.634164548227456,,,liquid,gas,25.94640074126357,26.114726715073946,2141.135390219752,104.3722498756428,0.6002020080071709,1.8029960074272821e-06,0.007346491909629549,0.007346491907924246,1.7053025658242404e-12
10600.0,384.378671749052,0.0,0.0,25.713775545480914,25.89075132142106,63.32471120471091,4.634173752184036,,,liquid,gas,25.946668807015733,26.115346778473487,2141.135354058513,104.37228603688209,0.6002026635326474,1.80806196112826e-06,0.007382653148852114,0.007382653147217866,1.6342482922482304e-12
10620.0,384.3907270271457,0.0,0.0,25.713830170906064,25.891282598009465,63.32464089374546,4.634182969129897,,,liquid,gas,25.94693642275568,26.115966440193674,2141.13531779591,104.37232229948512,0.6002033197878504,1.8131301430912572e-06,0.007418915751713939,0.007418915750250221,1.4637180356658064e-12
10640.0,384.4027865766273,0.0,0.0,25.7138848444002,25.89181403652495,63.324570503074824,4.634192199054357,,,liquid,gas,25.94720358970675,26.116585701032744,2141.135281431899,104.37235866349623,0.6002039767715469,1.8182005533162736e-06,0.007455279762780265,0.007455279761359179,1.4210854715202004e-12
10660.0,384.4148503663799,0.0,0.0,25.71393956586406,25.89234563556426,63.32450003280002,4.634201441943805,,,liquid,gas,25.947470309088942,26.117204561786174,2141.1352449664355,104.37239512895951,0.6002046344827721,1.823273169065942e-06,0.0074917452261615836,0.007491745224641022,1.5205614545266144e-12
10680.0,384.42691836579235,0.0,0.0,25.713994335185156,25.892877393735077,63.32442948304901,4.634210697789111,,,liquid,gas,25.94773658211893,26.11782302324669,2141.135208399476,104.3724316959188,0.6002052929203057,1.8283479676028947e-06,0.0075283121855136415,0.007528312183936237,1.5774048733874224e-12
10700.0,384.4389905441187,0.0,0.0,25.714049152236086,25.893409309646973,63.32435885397768,4.6342199665782005,,,liquid,gas,25.948002410010055,26.118441086204268,2141.135171730977,104.37246836441768,0.6002059520826627,1.8334249489271315e-06,0.007564980684492184,0.007564980682815303,1.6768808563938364e-12
10720.0,384.4510668703493,0.0,0.0,25.71410401690447,25.893941381909624,63.32428814571239,4.63422924829456,,,liquid,gas,25.948267793972345,26.11905875144616,2141.1351349608954,104.37250513449948,0.6002066119686383,1.838504090301285e-06,0.00760175076629821,0.007601750764607118,1.6910917111090384e-12
10740.0,384.46314731449735,0.0,0.0,25.714158929100776,25.8944736091508,63.32421735833913,4.634238542932213,,,liquid,gas,25.94853273521251,26.1196760197569,2141.1350980891875,104.37254200620724,0.6002072725774105,1.8435853917253553e-06,0.007638622474132717,0.007638622472370571,1.7621459846850485e-12
10760.0,384.47523184578023,0.0,0.0,25.71421388869085,25.89500598999087,63.32414649202648,4.634247850474553,,,liquid,gas,25.94879723493398,26.120292891918304,2141.135061115811,104.3725789795838,0.6002079339073741,1.8486688304619747e-06,0.007675595850741956,0.007675595848937178,1.8047785488306545e-12
10780.0,384.48732043406716,0.0,0.0,25.714268895563116,25.895538523063145,63.32407554690187,4.634257170911177,,,liquid,gas,25.949061294336897,26.120909368709498,2141.135024040723,104.37261605467174,0.6002085959573142,1.8537544065111432e-06,0.007712670938872179,0.007712670936868449,2.0037305148434825e-12
10800.0,384.4994130491984,0.0,0.0,25.714323949621836,25.896071207004127,63.3240045230624,4.634266504230048,,,liquid,gas,25.949324914618114,26.121525450906912,2141.1349868638813,104.37265323151335,0.6002092587263037,1.858842074398126e-06,0.007749847780360142,0.007749847778484309,1.8758328224066645e-12
10820.0,384.51150966100926,0.0,0.0,25.714379050748718,25.89660404045406,63.32393342064847,4.634275850417674,,,liquid,gas,25.949588096971212,26.122141139284295,2141.1349495852437,104.37269051015072,0.6002099222130046,1.8639318795976577e-06,0.007787126417952095,0.007787126415848888,2.1032064978498966e-12
10840.0,384.5236102399976,0.0,0.0,25.71443419884148,25.897137022066147,63.32386223977123,4.634285209466954,,,liquid,gas,25.94985084258652,26.122756434612732,2141.1349122047686,104.37272789062565,0.6002105864163569,1.8690237538976363e-06,0.007824506893030048,0.007824506890784733,2.2453150450019166e-12
10860.0,384.5357147558051,0.0,0.0,25.714489393773988,25.897670150485325,63.323790980585315,4.6342945813594625,,,liquid,gas,25.950113152651127,26.12337133766065,2141.1348747224147,104.37276537297973,0.6002112513348881,1.874117697298061e-06,0.007861989246976009,0.007861989244858592,2.1174173525650986e-12
10880.0,384.54782317931137,0.0,0.0,25.71454463543693,25.898203424377442,63.32371964321672,4.634303966089879,,,liquid,gas,25.950375028348848,26.123985849193822,2141.13483713814,104.37280295725427,0.6002119169673968,1.8792137325363002e-06,0.007899573521626735,0.00789957351939563,2.2311041902867146e-12
10900.0,384.55993548053243,0.0,0.0,25.71459992374428,25.898736842400012,63.32364822774488,4.634313363641475,,,liquid,gas,25.95063647086028,26.12459996997539,2141.1347994519037,104.37284064349033,0.6002125833131239,1.884311814137618e-06,0.007937259757909487,0.00793725975546522,2.4442670110147446e-12
10920.0,384.57205163000606,0.0,0.0,25.71465525855502,25.899270403221465,63.32357673435449,4.634322774002284,,,liquid,gas,25.950897481362805,26.12521370076586,2141.1347616636654,104.37287843172878,0.6002132503703121,1.8894119193646475e-06,0.00797504799629678,0.007975047993909357,2.3874235921539366e-12
10940.0,384.5841715986881,0.0,0.0,25.71471063978465,25.899804105519678,63.323505163125056,4.634332197163895,,,liquid,gas,25.951158061030544,26.125827042323117,2141.134723773384,104.37291632201017,0.6002139181382014,1.8945140709547559e-06,0.008012938277715875,0.00801293827530003,2.4158453015843406e-12
10960.0,384.5962953572138,0.0,0.0,25.714766067324895,25.900337947971757,63.323433514179634,4.634341633112822,,,liquid,gas,25.95141821103446,26.12643999540245,2141.1346857810195,104.37295431437485,0.6002145866156188,1.8996182234332081e-06,0.00805093064218454,0.008050930639981857,2.2026824808563106e-12
10980.0,384.60842287662234,0.0,0.0,25.714821541042802,25.90087192926397,63.323361787689706,4.634351081839,,,liquid,gas,25.9516779325423,26.127052560756542,2141.1346476865315,104.37299240886294,0.6002152558009324,1.904724399537372e-06,0.008089025130175287,0.00808902512807208,2.1032064978498966e-12
11000.0,384.62055412747475,0.0,0.0,25.71487706085507,25.90140604807952,63.32328998373076,4.634360543325502,,,liquid,gas,25.951937226718602,26.127664739135486,2141.13460948988,104.37303060551429,0.6002159256934205,1.9098325765298796e-06,0.008127221781705884,0.008127221779417937,2.2879476091475226e-12
11020.0,384.63268908133756,0.0,0.0,25.71493262666722,25.90194030311928,63.323218102402514,4.634370017565772,,,liquid,gas,25.952196094724755,26.128276531286804,2141.1345711910258,104.37306890436851,0.6002165962921319,1.914942708935996e-06,0.008165520635884604,0.00816552063363929,2.2453150450019166e-12
11040.0,384.6448277094493,0.0,0.0,25.714988238317748,25.902474693083064,63.323146143930984,4.634379504548169,,,liquid,gas,25.952454537718953,26.12888793795544,2141.1345327899294,104.37310730546498,0.6002172675949177,1.920054819493089e-06,0.008203921732274466,0.008203921730114416,2.1600499167107046e-12
11060.0,384.65696998284596,0.0,0.0,25.715043895745193,25.903009216671443,63.32307410835184,4.634389004257395,,,liquid,gas,25.952712556856206,26.129498959883783,2141.1344942865517,104.37314580884285,0.600217939601434,1.9251688854637907e-06,0.008242425109983742,0.008242425107980011,2.0037305148434825e-12
11080.0,384.66911587313894,0.0,0.0,25.71509959883062,25.903543872596572,63.32300199581099,4.634398516683562,,,liquid,gas,25.952970153288398,26.13010959781167,2141.1344556808535,104.373184414541,0.6002186123102916,1.930284906848101e-06,0.008281030808120704,0.008281030806131184,1.9895196601282805e-12
11100.0,384.6812653517378,0.0,0.0,25.715155347467736,25.90407865957128,63.3229298064303,4.634408041813168,,,liquid,gas,25.953227328164246,26.130719852476403,2141.1344169727963,104.3732231225981,0.6002192857203292,1.935402860908653e-06,0.008319738865338877,0.00831973886323567,2.1032064978498966e-12
11120.0,384.69341839064174,0.0,0.0,25.715211141550675,25.90461357632018,63.322857540332386,4.6344175796382805,,,liquid,gas,25.95348408262935,26.13132972461275,2141.134378162342,104.37326193305259,0.600219959830379,1.940522724908078e-06,0.008358549319837039,0.008358549317719621,2.1174173525650986e-12
11140.0,384.7055749616424,0.0,0.0,25.715266980973887,25.905148621568475,63.32278519763842,4.63442713014729,,,liquid,gas,25.953740417826147,26.13193921495296,2141.134339249452,104.37330084594265,0.6002206346392865,1.9456444988463772e-06,0.008397462209813966,0.008397462207781814,2.0321522242738865e-12
11160.0,384.7177350361572,0.0,0.0,25.71532286563145,25.905683794039632,63.32271277846958,4.634436693322978,,,liquid,gas,25.953996334893993,26.132548324226775,2141.134300234088,104.37333986130625,0.600221310145897,1.95076818272355e-06,0.008436477573468437,0.008436477571379442,2.0889956431346945e-12
11180.0,384.729898586847,0.0,0.0,25.71537879541892,25.906219092477944,63.32264028294711,4.634446269161321,,,liquid,gas,25.9542518349691,26.13315705316143,2141.134261116213,104.3733789791811,0.6002219863490557,1.955893753802229e-06,0.008475595448544482,0.008475595446228112,2.3163693185779266e-12
11200.0,384.7420655851776,0.0,0.0,25.715434770231006,25.906754515614537,63.322567711191326,4.634455857643132,,,liquid,gas,25.954506919184556,26.133765402481668,2141.1342218957893,104.37341819960469,0.6002226632476165,1.961021189345047e-06,0.008514815872331383,0.008514815869816061,2.5153212845907547e-12
11220.0,384.7542360038741,0.0,0.0,25.715490789963546,25.90729006220152,63.32249506332335,4.63446545876263,,,liquid,gas,25.954761588670394,26.134373372909756,2141.1341825727795,104.37345752261427,0.6002233408404257,1.9661504893520034e-06,0.008554138882118423,0.00855413887940415,2.7142732506035827e-12
11240.0,384.7664098151102,0.0,0.0,25.715546854512304,25.90782573098671,63.322422339463195,4.634475072506405,,,liquid,gas,25.95501584455353,26.134980965165486,2141.134143147147,104.3734969482469,0.6002240191263403,1.971281631085731e-06,0.008593564514740137,0.008593564512025864,2.7142732506035827e-12
11260.0,384.77858699133196,0.0,0.0,25.71560296376378,25.908361520725258,63.322349539748934,4.6344846988629085,,,liquid,gas,25.955269687957816,26.135588179966184,2141.1341036188546,104.37353647653933,0.6002246981040458,1.9764146145462292e-06,0.008633092807031062,0.008633092804458897,2.5721647034515627e-12
11280.0,384.79076750526843,0.0,0.0,25.71565911763375,25.90889743017958,63.322276664264166,4.634494337822704,,,liquid,gas,25.955523120004017,26.136195018026726,2141.134063987866,104.37357610752815,0.6002253777727443,1.9815494397334986e-06,0.008672723795825732,0.008672723793281989,2.5437429940211587e-12
11300.0,384.8029513290644,0.0,0.0,25.71571531601871,25.90943345810738,63.32220371312707,4.634503989368305,,,liquid,gas,25.955776141809853,26.13680148005954,2141.134024254144,104.3736158412497,0.6002260581313106,1.986686083910172e-06,0.008712457517503935,0.008712457514832295,2.6716406864579767e-12
11320.0,384.81513843618046,0.0,0.0,25.71577155878687,25.909969603288125,63.322130686513624,4.634513653496311,,,liquid,gas,25.95602875448997,26.13740756677462,2141.1339844176537,104.37365567774008,0.6002267391780709,1.991824524338881e-06,0.008752294007990713,0.008752294005205385,2.7853275241795927e-12
11340.0,384.8273287988003,0.0,0.0,25.71582784586439,25.910505864486794,63.322057584485954,4.634523330187229,,,liquid,gas,25.956280959155976,26.138013278879534,2141.1339444783584,104.37369561703517,0.6002274209124312,1.9969647610196263e-06,0.008792233303211106,0.00879223330029788,2.9132252166164108e-12
11360.0,384.83952239042867,0.0,0.0,25.71588417713953,25.911042240490186,63.32198440718195,4.634533019435754,,,liquid,gas,25.95653275691644,26.13861861707943,2141.133904436223,104.37373565917063,0.6002281033330795,2.0021067712150396e-06,0.008832275438635406,0.008832275435764814,2.8705926524708048e-12
11380.0,384.8517191839815,0.0,0.0,25.715940552520188,25.911578730080272,63.32191115470058,4.634542721228465,,,liquid,gas,25.956784148876896,26.139223582077058,2141.133864291212,104.37377580418189,0.6002287864390724,2.007250554925122e-06,0.008872420449733909,0.008872420447019636,2.7142732506035827e-12
11400.0,384.86391915283457,0.0,0.0,25.715996971884586,25.912115332048693,63.32183782719823,4.634552435556136,,,liquid,gas,25.95703513613985,26.13982817457276,2141.1338240432897,104.37381605210416,0.6002294702289224,2.012396112149872e-06,0.008912668371976906,0.008912668369291055,2.6858515411731787e-12
11420.0,384.87612226992655,0.0,0.0,25.71605343513047,25.912652045184394,63.32176442479327,4.6345621624032125,,,liquid,gas,25.957285719804823,26.140432395264497,2141.1337836924213,104.37385640297241,0.6002301547015024,2.017543420151924e-06,0.008953019240379945,0.008953019237537774,2.8421709430404007e-12
11440.0,384.8883285088402,0.0,0.0,25.71610994217754,25.913188868288593,63.32169094756394,4.634571901760445,,,liquid,gas,25.957535900968292,26.141036244847843,2141.133743238572,104.3738968568214,0.600230839856066,2.0226924561939086e-06,0.008993473089503823,0.008993473086533754,2.9700686354772188e-12
11460.0,384.9005378428976,0.0,0.0,25.71616649292497,25.913725800162148,63.321617395626866,4.634581653614373,,,liquid,gas,25.957785680723756,26.141639724016002,2141.1337026817077,104.37393741368568,0.6002315256915026,2.027843220275827e-06,0.00903402995390934,0.009034029950811373,3.097966327914037e-12
11480.0,384.91275024608797,0.0,0.0,25.71622308725143,25.914262839618537,63.32154376913972,4.63459141795808,,,liquid,gas,25.958035060161745,26.142242833459825,2141.133662021794,104.37397807359956,0.6002322122063131,2.0329956896603107e-06,0.009074689867702546,0.009074689864689844,3.0127011996228248e-12
11500.0,384.92496569193906,0.0,0.0,25.71627972506692,25.914799985468093,63.32147006819874,4.634601194778113,,,liquid,gas,25.958284040369755,26.1428455738678,2141.133621258796,104.37401883659712,0.6002328993995801,2.038149887084728e-06,0.00911545286544424,0.009115452862246798,3.197442310920451e-12
11520.0,384.93718415446386,0.0,0.0,25.716336406260606,25.915337236531137,63.32139629294175,4.634610984065475,,,liquid,gas,25.95853262243234,26.143447945926066,2141.133580392681,104.37405970271223,0.6002335872699928,2.043305767074344e-06,0.009156318980785727,0.009156318977360911,3.424815986363683e-12
11540.0,384.9494056070091,0.0,0.0,25.716393130753946,25.915874591621964,63.32132244344274,4.634620785802248,,,liquid,gas,25.95878080743109,26.14404995031844,2141.1335394234147,104.37410067197857,0.6002342758168451,2.04846330689179e-06,0.009197288246923563,0.009197288243697699,3.225864020350855e-12
11560.0,384.9616300241755,0.0,0.0,25.716449898437155,25.916412049575612,63.321248519839266,4.634630599983931,,,liquid,gas,25.95902859644462,26.144651587726408,2141.1334983509637,104.37414174442955,0.6002349650388283,2.0536225520118023e-06,0.009238360697963799,0.009238360694681091,3.282707439211663e-12
11580.0,384.97385737989936,0.0,0.0,25.716506709222045,25.916949609221096,63.32117452222543,4.634640426597099,,,liquid,gas,25.959275990548626,26.145252858829135,2141.133457175295,104.3741829200984,0.6002356549350462,2.058783434222278e-06,0.009279536366648244,0.009279536363536067,3.112177182629239e-12
11600.0,384.98608764840935,0.0,0.0,25.716563562976226,25.91748726939466,63.32110045078041,4.634650265630608,,,liquid,gas,25.959522990815863,26.14585376430349,2141.1334158963755,104.37422419901814,0.6002363455037953,2.063945976260584e-06,0.009320815286173456,0.009320815283274442,2.8990143619012088e-12
11620.0,384.9983208042384,0.0,0.0,25.716620459634765,25.918025028940068,63.32102630555591,4.634660117075657,,,liquid,gas,25.959769598316104,26.146454304824022,2141.133374514172,104.37426558122155,0.6002370367445816,2.069110178126721e-06,0.00936219748973599,0.009362197486680657,3.055333763768431e-12
11640.0,385.0105568214121,0.0,0.0,25.716677399099275,25.918562886697142,63.320952086665784,4.63466998091641,,,liquid,gas,25.96001581411623,26.147054481063005,2141.1333330286525,104.37430706674118,0.6002377286563214,2.0742759716085855e-06,0.009403683009168162,0.00940368300631178,2.8563817977556027e-12
11660.0,385.0227956744614,0.0,0.0,25.716734381248862,25.919100841515963,63.320877794268306,4.634679857141755,,,liquid,gas,25.960261639280223,26.147654293690426,2141.1332914397844,104.37434865560941,0.6002384212375099,2.079443402180914e-06,0.00944527187721178,0.00944527187454014,2.6716406864579767e-12
11680.0,385.0350373386347,0.0,0.0,25.71679140599754,25.919638892259798,63.3208034284572,4.634689745747757,,,liquid,gas,25.960507074869106,26.148253743373992,2141.1332497475355,104.37439034785838,0.6002391144872545,2.0846124471063376e-06,0.009486964126153907,0.009486964123510688,2.6432189770275727e-12
11700.0,385.04728178783506,0.0,0.0,25.71684847323545,25.92017703777624,63.32072898936787,4.634699646713737,,,liquid,gas,25.960752121941063,26.148852830779163,2141.133207951874,104.37443214352001,0.6002398084042673,2.0897830836474894e-06,0.009528759787826857,0.009528759785141006,2.6858515411731787e-12
11720.0,385.05952899772967,0.0,0.0,25.716905582889588,25.92071527694074,63.32065447707045,4.63470956003834,,,liquid,gas,25.960996781551327,26.149451556569122,2141.1331660527676,104.37447404262603,0.6002405029878796,2.0949553118043696e-06,0.009570658894062944,0.00957065889116393,2.8990143619012088e-12
11740.0,385.0717789426199,0.0,0.0,25.716962734850675,25.9212536086127,63.3205798917004,4.634719485703255,,,liquid,gas,25.961241054752268,26.150049921404815,2141.133124050186,104.37451604520795,0.6002411982368033,2.1001290861022427e-06,0.00961266147578499,0.009612661473084927,2.7000623958883807e-12
11760.0,385.08403159752703,0.0,0.0,25.71701992902215,25.921792031664797,63.320505233371065,4.634729423697352,,,liquid,gas,25.961484942593362,26.150647925944945,2141.133081944097,104.37455815129705,0.6002418941499597,2.105304452015844e-06,0.009654767564825306,0.009654767562182087,2.6432189770275727e-12
11780.0,385.09628693822987,0.0,0.0,25.717077165308154,25.922330544983346,63.32043050219617,4.634739374017224,,,liquid,gas,25.961728446121267,26.15124557084599,2141.1330397344695,104.37460036092443,0.6002425907262668,2.1104813640704377e-06,0.009696977192106715,0.009696977189562972,2.5437429940211587e-12
11800.0,385.108544939303,0.0,0.0,25.717134443611997,25.922869147440906,63.32035569828825,4.634749336644345,,,liquid,gas,25.961971566379713,26.151842856762197,2141.132997421273,104.37464267412098,0.6002432879646541,2.115659822266025e-06,0.009739290388552035,0.009739290386107768,2.4442670110147446e-12
11820.0,385.12080557606396,0.0,0.0,25.71719176383793,25.923407837923545,63.32028082175935,4.634759311567691,,,liquid,gas,25.96221430440962,26.152439784345606,2141.1329550044766,104.37468509091735,0.6002439858640555,2.120839826602605e-06,0.009781707185084088,0.009781707182483501,2.6005864128819667e-12
11840.0,385.1330688243745,0.0,0.0,25.717249125903294,25.923946615327985,63.32020587269922,4.634769298781457,,,liquid,gas,25.962456661249043,26.153036354246055,2141.13291248405,104.37472761134403,0.6002446844236164,2.126021331605443e-06,0.009824227611716196,0.009824227609158243,2.5579538487363607e-12
11860.0,385.1453346595333,0.0,0.0,25.717306529687573,25.924485478546167,63.32013085126708,4.634779298272194,,,liquid,gas,25.962698637933205,26.153632567111174,2141.1328698599627,104.37477023543126,0.6002453836418239,2.131204360011907e-06,0.009866851698916435,0.009866851696386902,2.5295321393059567e-12
11880.0,385.1576030573825,0.0,0.0,25.717363975095616,25.92502442648062,63.32005575757577,4.634789310031668,,,liquid,gas,25.962940235494486,26.154228423586417,2141.132827132185,104.3748129632091,0.6002460835176044,2.136388889084628e-06,0.009909579476698127,0.009909579474225438,2.4726887204451486e-12
11900.0,385.16987399317355,0.0,0.0,25.71742146207075,25.92556345802872,63.31998059166332,4.63479933404366,,,liquid,gas,25.96318145496246,26.15482392431505,2141.1327843006866,104.37485579470739,0.600246784050594,2.1415749188236076e-06,0.0099524109750746,0.009952410972516645,2.5579538487363607e-12
11920.0,385.1821474427119,0.0,0.0,25.717478990467043,25.92610257209857,63.31990535373888,4.634809370297327,,,liquid,gas,25.963422297363856,26.155419069938162,2141.132741365438,104.37489872995576,0.6002474852388061,2.1467624264914775e-06,0.009995346223604429,0.009995346220890156,2.7142732506035827e-12
11940.0,385.1944233825914,0.0,0.0,25.71753656024282,25.926641767612306,63.31983004381598,4.634819418789867,,,liquid,gas,25.963662763722613,26.156013861094692,2141.1326983264103,104.37494176898366,0.6002481870821095,2.1519513893508703e-06,0.010038385251391446,0.01003838524879086,2.6005864128819667e-12
11960.0,385.2067017881123,0.0,0.0,25.71759417126446,25.927181043477,63.31975466207906,4.6348294795023826,,,liquid,gas,25.96390285505987,26.156608298421414,2141.1326551835737,104.37498491182033,0.6002488895787518,2.157141830139153e-06,0.01008152808799423,0.010081528085464697,2.5295321393059567e-12
11980.0,385.21898263535985,0.0,0.0,25.717651823451302,25.927720398613673,63.319679208613906,4.63483955242401,,,liquid,gas,25.96414257239399,26.15720238255296,2141.132611936899,104.37502815849481,0.6002495927279166,2.162333726118959e-06,0.010124774762516608,0.010124774759944444,2.5721647034515627e-12
12000.0,385.23126590123456,0.0,0.0,25.71770951669705,25.928259831957725,63.31960368355741,4.63484963755227,,,liquid,gas,25.9643819167405,26.157796114121815,2141.132568586358,104.37507150903592,0.6002502965283028,2.1675270545529203e-06,0.010168125303607667,0.010168125301049713,2.5579538487363607e-12
12020.0,385.2435515613,0.0,0.0,25.717767250934934,25.928799342428853,63.3195280869679,4.634859734868091,,,liquid,gas,25.964620889112204,26.158389493758346,2141.1325251319217,104.37511496347229,0.600251000979354,2.1727218154410365e-06,0.010211579739916488,0.010211579737415377,2.5011104298755527e-12
12040.0,385.2558395921676,0.0,0.0,25.717825026058968,25.92933892896436,63.319452418980845,4.6348698443634815,,,liquid,gas,25.9648594905191,26.158982522090785,2141.1324815735616,104.37515852183235,0.6002517060797831,2.177918008783308e-06,0.010255138100092154,0.010255138097477356,2.6147972675971687e-12
12060.0,385.26812997005703,0.0,0.0,25.71788284197617,25.929878590498973,63.31937667970591,4.6348799660248705,,,liquid,gas,25.965097721968444,26.15957519974525,2141.13243791125,104.37520218414434,0.6002524118285469,2.1831155891050003e-06,0.010298800411874254,0.01029880040947262,2.4016344468691386e-12
12080.0,385.2804226722699,0.0,0.0,25.717940698608995,25.93041832598555,63.319300869226794,4.6348900998501525,,,liquid,gas,25.965335584464718,26.160167527345763,2141.1323941449577,104.3752459504363,0.6002531182248491,2.1883146018808476e-06,0.01034256670391187,0.010342566701424971,2.4868995751603507e-12
12100.0,385.2927176744627,0.0,0.0,25.717998595836676,25.930958134356807,63.3192249877043,4.634900245817097,,,liquid,gas,25.96557307900969,26.16075950551424,2141.132350274658,104.37528982073606,0.600253825267162,2.1935149788987474e-06,0.010386437003489846,0.010386437001187687,2.3021584638627246e-12
12120.0,385.3050149541284,0.0,0.0,25.718056533581834,25.931498014574082,63.31914903522204,4.634910403923718,,,liquid,gas,25.965810206602324,26.1613511348705,2141.132306300323,104.37533379507124,0.6002545329546901,2.198716765633435e-06,0.010430411338802514,0.010430411336372458,2.4300561562995426e-12
12140.0,385.317314488117,0.0,0.0,25.718114511752997,25.93203796559264,63.319073011888754,4.634920574159521,,,liquid,gas,25.96604696823891,26.161942416032296,2141.132262221925,104.37537787346932,0.6002552412863995,2.2039198938728076e-06,0.01047448973667997,0.010474489734448866,2.2311041902867146e-12
12160.0,385.32961625256894,0.0,0.0,25.718172530243734,25.93257798636069,63.318996917839634,4.634930756504736,,,liquid,gas,25.966283364912993,26.162533349615288,2141.132218039437,104.37542205595751,0.6002559502610058,2.2091244090916008e-06,0.010518672224861803,0.01051867222264491,2.2168933355715126e-12
12180.0,385.34192022529135,0.0,0.0,25.71823058900724,25.933118075852633,63.31892075310065,4.634940950957894,,,liquid,gas,25.9665193976154,26.16312393623308,2141.1321737528315,104.3754663425629,0.6002566598782595,2.2143302658150787e-06,0.010562958830178104,0.010562958828032265,2.1458390619955026e-12
12200.0,385.3542263831299,0.0,0.0,25.71828868790889,25.933658233032297,63.31884451786307,4.634951157505329,,,liquid,gas,25.96675506733424,26.163714176497216,2141.132129362082,104.37551073331232,0.600257370136345,2.219537464043242e-06,0.010607349579458969,0.010607349577455238,2.0037305148434825e-12
12220.0,385.3665347035507,0.0,0.0,25.718346826858216,25.934198456875023,63.318768212234964,4.634961376139559,,,liquid,gas,25.96699037505492,26.16430407101718,2141.132084867162,104.37555522823246,0.6002580810342348,2.2247460037760903e-06,0.01065184449953449,0.010651844497587604,1.9468870959826745e-12
12240.0,385.3788451633185,0.0,0.0,25.718405005809075,25.93473874634926,63.31869183623855,4.6349716068438935,,,liquid,gas,25.96722532176015,26.16489362040043,2141.132040268045,104.37559982734976,0.6002587925717157,2.229955862276256e-06,0.010696443616780016,0.010696443614889972,1.8900436771218665e-12
12260.0,385.3911577400745,0.0,0.0,25.718463224627236,25.93527910043847,63.31861539006622,4.634981849610833,,,liquid,gas,25.96745990842997,26.165482825252372,2141.131995564704,104.37564453069052,0.6002595047469608,2.2351670395437394e-06,0.01074114695757089,0.010741146955652425,1.9184653865522705e-12
12280.0,385.4034724189503,0.0,0.0,25.718521483228706,25.93581951823297,63.31853887383532,4.634992104518997,,,liquid,gas,25.967694136041732,26.166071686176444,2141.131950757114,104.37568933828084,0.6002602175588554,2.240379512841173e-06,0.010785954547827714,0.010785954545966092,1.8616219676914625e-12
12300.0,385.4157896288085,0.0,0.0,25.718579781932576,25.93636002050355,63.318462288132054,4.635002371221457,,,liquid,gas,25.967928005570236,26.166660203778363,2141.1319058452473,104.3757342501472,0.6002609310018393,2.2455933276432916e-06,0.01083086641438058,0.010830866412334217,2.0463630789890885e-12
12320.0,385.42810821063546,0.0,0.0,25.718638119698085,25.936900552509755,63.318385631708225,4.635012650148078,,,liquid,gas,25.968161517987888,26.16724837866749,2141.1318608290776,104.37577926631675,0.6002616450877426,2.2508084839500953e-06,0.010875882584059582,0.010875882581885321,2.1742607714259066e-12
12340.0,385.44042894764704,0.0,0.0,25.718696497080003,25.9374411510684,63.318308905688305,4.635022941068528,,,liquid,gas,25.968394674263227,26.16783621141956,2141.1318157085825,104.37582438681198,0.6002623598059037,2.2560247543879088e-06,0.01092100307914734,0.010921003077115188,2.0321522242738865e-12
12360.0,385.4527517287096,0.0,0.0,25.718754913914637,25.93798181098955,63.318232110073275,4.635033244001326,,,liquid,gas,25.968627475363093,26.168423702633802,2141.1317704837356,104.37586961165876,0.6002630751563105,2.2612423435930395e-06,0.0109662279260192,0.010966227923887573,2.1316282072803006e-12
12380.0,385.46507650942124,0.0,0.0,25.718813370142346,25.938522530282565,63.31815524485222,4.635043558923038,,,liquid,gas,25.968859922251543,26.169010852904957,2141.131725154512,104.37591494088241,0.600263791139064,2.2664611833533853e-06,0.011011557149686269,0.01101155714754043,2.1458390619955026e-12
12400.0,385.47740326009495,0.0,0.0,25.71887186560479,25.93906330756684,63.31807831024277,4.635053885835329,,,liquid,gas,25.96909201589005,26.169597662825076,2141.1316797208865,104.37596037450798,0.6002645077520992,2.2716812736689463e-06,0.011056990775159647,0.011056990773113284,2.0463630789890885e-12
12420.0,385.4897319552526,0.0,0.0,25.718930400275234,25.939604141688474,63.31800130622393,4.635064224728237,,,liquid,gas,25.96932375723739,26.17018413298393,2141.131634182834,104.37600591256032,0.6002652249956124,2.276902614539722e-06,0.011102528827450442,0.011102528825446711,2.0037305148434825e-12
12440.0,385.5020625712461,0.0,0.0,25.718988974016305,25.940145031584546,63.317924232990414,4.63507457558949,,,liquid,gas,25.969555147249725,26.17077026396918,2141.1315885403305,104.37605155506401,0.6002659428677554,2.282125183228345e-06,0.011148171331115009,0.0111481713291397,1.9753088054130785e-12
12460.0,385.51439508534696,0.0,0.0,25.71904758673915,25.94068597622332,63.31784709064683,4.635084938410875,,,liquid,gas,25.969786186880608,26.171356056366456,2141.131542793351,104.37609730204349,0.6002666613675343,2.2873489797348155e-06,0.011193918310709705,0.01119391830862071,2.0889956431346945e-12
12480.0,385.52672947481267,0.0,0.0,25.719106238405296,25.941226974594073,63.31776987920223,4.6350953131763815,,,liquid,gas,25.97001687708092,26.17194151075937,2141.1314969418713,104.37614315352297,0.6002673804948613,2.292573981321766e-06,0.01123976979033614,0.011239769788105036,2.2311041902867146e-12
12500.0,385.5390657175661,0.0,0.0,25.71916492886099,25.94176802570025,63.317692598886836,4.635105699875957,,,liquid,gas,25.970247218799035,26.17252662772959,2141.1314509858676,104.37618910952652,0.6002681002475516,2.297800187989196e-06,0.011285725794095924,0.011285725791651657,2.4442670110147446e-12
12520.0,385.55140379251924,0.0,0.0,25.719223658069826,25.942309128571814,63.31761524971002,4.635116098506451,,,liquid,gas,25.970477212980676,26.1731114078568,2141.131404925316,104.37623517007798,0.6002688206255143,2.303027576999739e-06,0.01133178634563592,0.011331786343106387,2.5295321393059567e-12
12540.0,385.5637436780385,0.0,0.0,25.719282425945508,25.942850282234268,63.31753783177498,4.635126509057249,,,liquid,gas,25.970706860568974,26.173695851718765,2141.131358760193,104.37628133520101,0.6002695416277695,2.3082561483533937e-06,0.011377951468602987,0.01137795146614451,2.4584778657299466e-12
12560.0,385.5760853520592,0.0,0.0,25.719341232367398,25.94339148571285,63.31746034524878,4.63513693151065,,,liquid,gas,25.970936162504522,26.174279959891305,2141.131312490475,104.37632760491911,0.6002702632527307,2.3134859020501607e-06,0.01142422118664399,0.011424221184242356,2.4016344468691386e-12
12580.0,385.58842879357053,0.0,0.0,25.719400077249173,25.94393273804784,63.31738279023647,4.635147365861076,,,liquid,gas,25.971165119725296,26.17486373294832,2141.1312661161387,104.37637397925559,0.6002709854994007,2.318716815352673e-06,0.011470595522951044,0.01147059552071994,2.2311041902867146e-12
12600.0,385.6007739813212,0.0,0.0,25.719458960539512,25.94447403828425,63.317305166775476,4.635157812097225,,,liquid,gas,25.97139373316667,26.17544717146179,2141.131219637161,104.37642045823357,0.6002717083674226,2.3239488882609295e-06,0.011517074500716262,0.011517074498698321,2.0179413695586845e-12
12620.0,385.6131208938982,0.0,0.0,25.719517882153113,25.945015385465652,63.31722747496739,4.635168270205638,,,liquid,gas,25.971622003761546,26.1760302760018,2141.1311730535185,104.37646704187598,0.6002724318558313,2.329182120774931e-06,0.011563658143131761,0.01156365814111382,2.0179413695586845e-12
12640.0,385.62546951091576,0.0,0.0,25.71957684197021,25.945556778653117,63.31714971498255,4.6351787401836315,,,liquid,gas,25.97184993244023,26.176613047136534,2141.1311263651887,104.37651373020562,0.6002731559630102,2.3344164901573096e-06,0.011610346472934907,0.011610346470746435,2.1884716261411086e-12
12660.0,385.63781981112123,0.0,0.0,25.719635839905067,25.946098216899802,63.317071886924076,4.635189222016949,,,liquid,gas,25.972077520130448,26.17719548543229,2141.1310795721492,104.37656052324503,0.6002738806879804,2.3396519736706976e-06,0.011657139512408321,0.011657139510163006,2.2453150450019166e-12
12680.0,385.65017177398755,0.0,0.0,25.719694875908754,25.946639699270346,63.316993990826674,4.63519971569927,,,liquid,gas,25.97230476775742,26.177777591453474,2141.131032674378,104.37660742101666,0.6002746060304107,2.3448885713150958e-06,0.011704037283834623,0.01170403728178826,2.0463630789890885e-12
12700.0,385.66252537811795,0.0,0.0,25.719753949878516,25.947181224820667,63.3169160268258,4.635210221212951,,,liquid,gas,25.972531676243868,26.17835936576264,2141.1309856718517,104.37665442354272,0.6002753319890156,2.350126305827871e-06,0.01175103980995118,0.011751039807847974,2.1032064978498966e-12
12720.0,385.67488060288565,0.0,0.0,25.719813061730093,25.947722792620226,63.31683799502276,4.63522073854826,,,liquid,gas,25.972758246509912,26.178940808920448,2141.130938564549,104.37670153084525,0.6002760585628327,2.3553651317342884e-06,0.011798147112585866,0.011798147110383184,2.2026824808563106e-12
12740.0,385.6872374283391,0.0,0.0,25.719872211379958,25.94826440175089,63.31675989552064,4.6352312677022445,,,liquid,gas,25.97298447947323,26.179521921485726,2141.130891352448,104.37674874294616,0.6002767857508837,2.360605049034348e-06,0.011845359213566553,0.011845359211292816,2.2737367544323206e-12
12760.0,385.6995958339855,0.0,0.0,25.719931398744336,25.948806051289154,63.31668172842043,4.6352418086648735,,,liquid,gas,25.973210376048957,26.18010270401544,2141.130844035527,104.37679605986715,0.6002775135522094,2.3658460577280493e-06,0.011892676134721114,0.011892676132276847,2.4442670110147446e-12
12780.0,385.71195579877775,0.0,0.0,25.719990623757887,25.949347740306656,63.31660349378728,4.6352523614186465,,,liquid,gas,25.973435937149677,26.1806831570647,2141.1307966137642,104.37684348162972,0.6002782419661906,2.3710881350780256e-06,0.011940097897422675,0.01194009789485051,2.5721647034515627e-12
12800.0,385.7243173023592,0.0,0.0,25.72004988628098,25.94988946788738,63.316525191829,4.635262925953101,,,liquid,gas,25.97366116368556,26.18126328118679,2141.1307490871386,104.37689100825526,0.6002789709908559,2.3763312810842763e-06,0.01198762452304436,0.01198762452038693,2.6574298317427747e-12
12820.0,385.7366803255086,0.0,0.0,25.72010918628768,25.95043123313348,63.31644682254056,4.6352735022701035,,,liquid,gas,25.97388605656418,26.181843076933156,2141.130701455629,104.37693863976492,0.6002797006262517,2.381575473009434e-06,0.012035256032504549,0.012035256030046071,2.4584778657299466e-12
12840.0,385.7490448467191,0.0,0.0,25.720168523675206,25.950973035118327,63.31636838605674,4.635284090343889,,,liquid,gas,25.974110616690762,26.182422544853438,2141.1306537192145,104.37698637617972,0.600280430871099,2.3868207335908664e-06,0.012082992447176366,0.012082992444845786,2.3305801732931286e-12
12860.0,385.761410846931,0.0,0.0,25.720227898361884,25.951514872951357,63.31628988247891,4.635294690176379,,,liquid,gas,25.97433484496794,26.183001685495434,2141.1306058778737,104.3770342175205,0.600281161724435,2.3920670400912058e-06,0.01213083378797819,0.0121308337856334,2.3447910280083306e-12
12880.0,385.7737783061451,0.0,0.0,25.720287310265277,25.952056745731845,63.316211311907196,4.635305301757544,,,liquid,gas,25.974558742295898,26.18358049940515,2141.1305579315863,104.37708216380793,0.6002818931853098,2.3973143697730847e-06,0.012178780075373652,0.012178780073057283,2.3163693185779266e-12
12900.0,385.78614720340335,0.0,0.0,25.72034675930244,25.952598652548247,63.31613267444032,4.635315925065306,,,liquid,gas,25.974782309572397,26.184158987126786,2141.130509880332,104.37713021506248,0.600282625252786,2.402562722636503e-06,0.012226831329826382,0.012226831327609489,2.2168933355715126e-12
12920.0,385.7985175199173,0.0,0.0,25.72040624541213,25.953140592521663,63.31605397014169,4.635326560101899,,,liquid,gas,25.975005547692703,26.184737149202743,2141.13046172409,104.3771783713045,0.6002833579262611,2.407812098681461e-06,0.012274987571800011,0.01227498756962575,2.1742607714259066e-12
12940.0,385.8108892359264,0.0,0.0,25.72046576845317,25.95368256476212,63.315975199223594,4.635337206857374,,,liquid,gas,25.975228457549647,26.185314986173637,2141.1304134628404,104.37722663255413,0.600284091203722,2.413062475170591e-06,0.012323248821303423,0.01232324881925706,2.0463630789890885e-12
12960.0,385.82326233106085,0.0,0.0,25.720525328403056,25.954224568373835,63.31589636167138,4.635347865313759,,,liquid,gas,25.97545104003362,26.185892498578298,2141.1303650965633,104.37727499883135,0.6002848250853059,2.418313852103893e-06,0.012371615098345501,0.012371615096483879,1.8616219676914625e-12
12980.0,385.83563678605606,0.0,0.0,25.72058492516107,25.954766602478898,63.31581745762214,4.635358535465011,,,liquid,gas,25.975673296032575,26.18646968695379,2141.1303166252387,104.377323470156,0.6002855595697125,2.4235662294813665e-06,0.012420086422935128,0.01242008642113035,1.8047785488306545e-12
13000.0,385.84801258103334,0.0,0.0,25.72064455866647,25.955308666193147,63.31573848713542,4.635369217297133,,,liquid,gas,25.975895226432,26.18704655183539,2141.130268048847,104.3773720465477,0.6002862946563762,2.4288195845656446e-06,0.012468662814626441,0.012468662812835873,1.7905676941154525e-12
13020.0,385.86038969728065,0.0,0.0,25.72070422879799,25.955850758651394,63.315659450388374,4.635379910808687,,,liquid,gas,25.97611683211501,26.187623093756624,2141.1302193673687,104.37742072802597,0.6002870303436164,2.4340739173567273e-06,0.012517344292973576,0.012517344291097743,1.8758328224066645e-12
13040.0,385.8727681154404,0.0,0.0,25.72076393549577,25.95639287898169,63.31558034744068,4.63539061598992,,,liquid,gas,25.97633811396225,26.188199313249267,2141.1301705807846,104.37746951461008,0.6002877666308668,2.4393292051172468e-06,0.01256613087707592,0.012566130875214299,1.8616219676914625e-12
13060.0,385.8851478151107,0.0,0.0,25.720823678678457,25.956935026300155,63.315501178389,4.635401332818049,,,liquid,gas,25.976559072852012,26.188775210843342,2141.1301216890756,104.37751840631923,0.6002885035172097,2.444585447847203e-06,0.012615022586032865,0.012615022584355984,1.6768808563938364e-12
13080.0,385.89752877857677,0.0,0.0,25.720883458246185,25.9574771997626,63.31542194337329,4.635412061300632,,,liquid,gas,25.97677970966014,26.189350787067134,2141.1300726922227,104.37756740317236,0.6002892410013179,2.449842645546596e-06,0.012664019438943797,0.01266401943749429,1.4495071809506044e-12
13100.0,385.90991098519777,0.0,0.0,25.720943274159843,25.958019398486833,63.31534264240941,4.635422801410303,,,liquid,gas,25.97700002526008,26.189926042447183,2141.1300235902067,104.37761650518831,0.6002899790830398,2.455100798215426e-06,0.012713121454908105,0.012713121453444387,1.4637180356658064e-12
13120.0,385.92229441705285,0.0,0.0,25.7210031263414,25.958561621630622,63.31526327559515,4.635433553150491,,,liquid,gas,25.977220020522896,26.1905009775083,2141.1299743830095,104.37766571238573,0.6002907177614479,2.4603598603789577e-06,0.012762328652115684,0.012762328650865129,1.2505552149377763e-12
13140.0,385.93467905517406,0.0,0.0,25.721063014646923,25.95910386833982,63.31518384315061,4.635444316511518,,,liquid,gas,25.977439696317337,26.191075592773593,2141.129925070612,104.37771502478314,0.6002914570344546,2.4656198775119265e-06,0.012811641049665923,0.012811641048273259,1.3926637620897964e-12
13160.0,385.94706487949657,0.0,0.0,25.721122939082633,25.95964613774727,63.3151043450072,4.635455091470177,,,liquid,gas,25.97765905350959,26.191649888764427,2141.1298756529964,104.37776444239884,0.6002921969027099,2.4708807814022292e-06,0.012861058665293967,0.012861058663972358,1.3216094885137863e-12
13180.0,385.9594518723523,0.0,0.0,25.721182899505617,25.96018842902155,63.315024781386605,4.635465878030197,,,liquid,gas,25.97787809296366,26.19222386600048,2141.129826130144,104.37781396525101,0.6002929373641112,2.4761426175246016e-06,0.01291058151764446,0.012910581516138109,1.5063505998114124e-12
13200.0,385.97184001499573,0.0,0.0,25.721242895836564,25.960730741318823,63.3149451523868,4.635476676181892,,,liquid,gas,25.978096815541086,26.192797524999715,2141.129776502037,104.37786359335765,0.6002936784177291,2.481405340404308e-06,0.012960209624452546,0.012960209622775665,1.6768808563938364e-12
13220.0,385.98422928796697,0.0,0.0,25.72130292806284,25.961273073787478,63.314865457976495,4.635487485906502,,,liquid,gas,25.97831522210108,26.193370866278407,2141.129726768658,104.3779133267366,0.6002944200638597,2.4866689500413484e-06,0.013009943003453373,0.013009943001733859,1.7195134205394424e-12
13240.0,385.99661967265536,0.0,0.0,25.72136299603976,25.96181542559021,63.31478569837853,4.635498307194223,,,liquid,gas,25.978533313500485,26.193943890351132,2141.1296769299893,104.37796316540556,0.60029516230039,2.4919334464357233e-06,0.013059781672382087,0.013059781670690995,1.6910917111090384e-12
13260.0,386.00901115133,0.0,0.0,25.721423099712077,25.96235779590423,63.31470587364744,4.635509140044636,,,liquid,gas,25.978751090593843,26.194516597730797,2141.1296269860127,104.37801310938205,0.6002959051268026,2.4971988295874325e-06,0.013109725648973836,0.013109725647183268,1.7905676941154525e-12
13280.0,386.0214037051417,0.0,0.0,25.721483239001564,25.962900183893645,63.31462598387882,4.635519984443471,,,liquid,gas,25.978968554233283,26.195088988928617,2141.129576936711,104.37806315868343,0.6002966485421906,2.5024650767591085e-06,0.013159774950509018,0.01315977494856213,1.9468870959826745e-12
13300.0,386.03379731613006,0.0,0.0,25.72154341380801,25.963442588737237,63.314546029212316,4.635530840385928,,,liquid,gas,25.97918570526866,26.195661064454146,2141.129526782068,104.3781133133269,0.6002973925452298,2.507732165213383e-06,0.013209929593813285,0.013209929592036929,1.7763568394002505e-12
13320.0,386.0461919651548,0.0,0.0,25.72160362409913,25.963985009599597,63.31446600965541,4.635541707852731,,,liquid,gas,25.97940254454745,26.196232824815265,2141.129476522065,104.37816357332953,0.6002981371358491,2.5130001404249924e-06,0.013260189596621785,0.013260189594660687,1.9610979506978765e-12
13340.0,386.0585876344037,0.0,0.0,25.721663869775327,25.9645274456663,63.31438592534676,4.635552586839104,,,liquid,gas,25.979619072914826,26.1968042705182,2141.1294261566863,104.3782139387082,0.6002988823127333,2.5182689341818333e-06,0.013310554975305422,0.013310554973330113,1.9753088054130785e-12
13360.0,386.07098430530175,0.0,0.0,25.721724150759265,25.965069896114407,63.314305776381275,4.635563477330654,,,liquid,gas,25.97983529121369,26.19737540206754,2141.129375685915,104.37826440947964,0.6002996280749826,2.523538569221273e-06,0.013361025746689847,0.013361025744771382,1.9184653865522705e-12
13380.0,386.0833819605961,0.0,0.0,25.72178446697491,25.96561236014192,63.3142255628541,4.635574379327423,,,liquid,gas,25.98005120028462,26.197946219966212,2141.129325109734,104.37831498566045,0.6003003744216948,2.5288090455433123e-06,0.013411601927600714,0.013411601925582772,2.0179413695586845e-12
13400.0,386.09578058185815,0.0,0.0,25.721844818345403,25.96615483693261,63.31414528485979,4.635585292815052,,,liquid,gas,25.980266800965847,26.198516724715507,2141.1292744281272,104.37836566726703,0.6003011213519732,2.5340803404105826e-06,0.013462283534408925,0.01346228353216361,2.2453150450019166e-12
13420.0,386.1081801511502,0.0,0.0,25.721905204794425,25.96669732567942,63.314064942492536,4.635596217784021,,,liquid,gas,25.98048209409331,26.19908691681508,2141.1292236410786,104.37841645431565,0.6003018688649248,2.5393524310857173e-06,0.01351307058303064,0.013513070580785325,2.2453150450019166e-12
13440.0,386.12058065103344,0.0,0.0,25.721965626270503,25.967239825584535,63.313984535800714,4.635607154229779,,,liquid,gas,25.9806970805007,26.199656796762966,2141.129172748572,104.37846734682243,0.6003026169600907,2.5446253403060836e-06,0.013563963089836761,0.013563963087563025,2.2737367544323206e-12
13460.0,386.1329820628524,0.0,0.0,25.722026082648753,25.967782335835395,63.31390406496909,4.635618102132868,,,liquid,gas,25.980911761019428,26.200226365055585,2141.129121750591,104.37851834480334,0.6003033656357192,2.549899045334314e-06,0.013614961070743448,0.013614961068469711,2.2737367544323206e-12
13480.0,386.1453843688734,0.0,0.0,25.722086573852998,25.968324855634677,63.31382353009231,4.635629061483666,,,liquid,gas,25.981126136478586,26.20079562218773,2141.12907064712,104.37856944827416,0.600304114890913,2.5551735461704083e-06,0.013666064541666856,0.013666064539293643,2.3732127374387346e-12
13500.0,386.15778755232026,0.0,0.0,25.7221470998575,25.968867384200482,63.31374293117187,4.6356400322828835,,,liquid,gas,25.98134020770499,26.201364568652586,2141.1290194381436,104.37862065725055,0.6003048647256579,2.5604488200769993e-06,0.013717273518068396,0.013717273515680972,2.3874235921539366e-12
13520.0,386.17019159517287,0.0,0.0,25.72220766058726,25.96940992073599,63.313662268299254,4.635651014515962,,,liquid,gas,25.98155397552325,26.201933204941742,2141.1289681236462,104.37867197174802,0.6003056151390869,2.565724867054087e-06,0.013768588015409478,0.013768588013149952,2.2595258997171186e-12
13540.0,386.1825964803705,0.0,0.0,25.72226825589251,25.969952464459844,63.31358154171122,4.635662008178695,,,liquid,gas,25.9817674407557,26.2025015315452,2141.1289167036125,104.37872339178192,0.6003063661289553,2.5710016871016705e-06,0.013820008049151511,0.013820008047048304,2.1032064978498966e-12
13560.0,386.1950021891277,0.0,0.0,25.722328885772548,25.97049501456902,63.313500751355626,4.6356730132460555,,,liquid,gas,25.981980604222382,26.203069548951348,2141.128865178027,104.37877491736744,0.6003071176957574,2.576279280219751e-06,0.013871533634755906,0.013871533632567434,2.1884716261411086e-12
13580.0,386.2074087058747,0.0,0.0,25.722389550129144,25.97103757030738,63.31341989737502,4.635684029729506,,,liquid,gas,25.982193466741105,26.20363725764701,2141.128813546875,104.37882654851961,0.6003078698381421,2.581557600933593e-06,0.013923164786774578,0.013923164784742426,2.0321522242738865e-12
13600.0,386.21981601195483,0.0,0.0,25.722450248886815,25.971580130878078,63.313338979860696,4.635695057603934,,,liquid,gas,25.982406029127446,26.204204658117423,2141.128761810141,104.37887828525335,0.6003086225552441,2.586836694717931e-06,0.013974901520668936,0.013974901518480465,2.1884716261411086e-12
13620.0,386.2322240901248,0.0,0.0,25.722510981997218,25.97212269550613,63.31325799885507,4.635706096859816,,,liquid,gas,25.982618292194783,26.204771750846252,2141.128709967811,104.3789301275834,0.6003093758466616,2.5921164933606634e-06,0.01402674385053615,0.01402674384853242,2.0037305148434825e-12
13640.0,386.24463292415487,0.0,0.0,25.72257174930956,25.9726652634329,63.31317695459937,4.635717147498571,,,liquid,gas,25.98283025675422,26.205338536315598,2141.1286580198703,104.37898207552436,0.6003101297101078,2.5973970423365245e-06,0.01407869179138288,0.014078691789492837,1.8900436771218665e-12
13660.0,386.2570424964834,0.0,0.0,25.722632550827235,25.973207833883343,63.313095847037346,4.635728209505412,,,liquid,gas,25.983041923614653,26.205905015006003,2141.128605966304,104.37903412909068,0.600310884146116,2.6026783189081472e-06,0.014130745357761043,0.014130745355814156,1.9468870959826745e-12
13680.0,386.26945279056923,0.0,0.0,25.72269338645135,25.973750406098805,63.313014676309905,4.635739282876593,,,liquid,gas,25.983253293582727,26.20647118739645,2141.128553807098,104.37908628829665,0.6003116391533512,2.6079603003381633e-06,0.014182904563767806,0.014182904561778287,1.9895196601282805e-12
13700.0,386.2818637880364,0.0,0.0,25.722754256107272,25.974292979297285,63.31293344250723,4.635750367586325,,,liquid,gas,25.983464367462915,26.207037053964378,2141.128501542238,104.37913855315642,0.6003123947309585,2.6132429866265737e-06,0.014235169423500338,0.01423516942155345,1.9468870959826745e-12
13720.0,386.29427547389764,0.0,0.0,25.722815159750375,25.9748355527461,63.312852145671535,4.635761463647306,,,liquid,gas,25.983675146057497,26.20760261518568,2141.1284491717106,104.379190923684,0.6003131508785383,2.6185263777733782e-06,0.014287539951055805,0.01428753994913734,1.9184653865522705e-12
13740.0,386.30668782942485,0.0,0.0,25.722876097252495,25.975378125662694,63.31277078599376,4.6357725710281,,,liquid,gas,25.983885630166576,26.208167871534727,2141.128396695501,104.37924339989328,0.6003139075942806,2.623810473778576e-06,0.014340016160531377,0.01434001615841396,2.1174173525650986e-12
13760.0,386.3191008393066,0.0,0.0,25.722937068541626,25.97592069731415,63.312689363567046,4.635783689736114,,,liquid,gas,25.984095820588017,26.208732823484333,2141.1283441135965,104.37929598179795,0.6003146648773029,2.629095229167433e-06,0.014392598065114726,0.014392598063082573,2.0321522242738865e-12
13780.0,386.3315144868749,0.0,0.0,25.72299807362704,25.976463266950823,63.31260787832661,4.6357948197622605,,,liquid,gas,25.984305718117444,26.209297471505803,2141.1282914259828,104.37934866941157,0.6003154227282201,2.634380689414684e-06,0.01444528567890302,0.014445285676700337,2.2026824808563106e-12
13800.0,386.34392875404467,0.0,0.0,25.723059112325537,25.97700583380552,63.31252633056984,4.635805961080247,,,liquid,gas,25.984515323548433,26.209861816068923,2141.1282386326466,104.37940146274758,0.600316181144213,2.6396668090455933e-06,0.014498079015083931,0.014498079012710718,2.3732127374387346e-12
13820.0,386.35634362623586,0.0,0.0,25.723120184649332,25.977548397161918,63.31244472023186,4.6358171137036495,,,liquid,gas,25.984724637672283,26.210425857641958,2141.128185733575,104.37945436181926,0.6003169401258978,2.6449535880601616e-06,0.014550978086845134,0.014550978084386657,2.4584778657299466e-12
13840.0,386.3687590854867,0.0,0.0,25.72318129049758,25.978090956258715,63.31236304745383,4.6358282776061115,,,liquid,gas,25.984933661278195,26.21098959669168,2141.1281327287543,104.37950736663974,0.6003176996719364,2.650241026458389e-06,0.014603982907374302,0.014603982904873192,2.5011104298755527e-12
13860.0,386.38117511587853,0.0,0.0,25.723242429799065,25.978633510365214,63.31228131232591,4.63583945278416,,,liquid,gas,25.985142395153122,26.211553033683327,2141.128079618172,104.37956047722203,0.6003184597814749,2.6555291242402745e-06,0.014657093489859108,0.014657093487159045,2.7000623958883807e-12
13880.0,386.39359170106763,0.0,0.0,25.72330360248229,25.979176058746873,63.31219951493766,4.635850639228677,,,liquid,gas,25.985350840081967,26.212116169080677,2141.128026401815,104.37961369357896,0.6003192204536651,2.660817835931084e-06,0.01471030984657773,0.01471030984409083,2.4868995751603507e-12
13900.0,386.40600882477,0.0,0.0,25.7233648084759,25.97971860067205,63.31211765537858,4.635861836930448,,,liquid,gas,25.985558996847384,26.212679003345997,2141.127973079671,104.37966701572326,0.600319981687659,2.6661072070055525e-06,0.01476363199071784,0.01476363198838726,2.3305801732931286e-12
13920.0,386.418426470773,0.0,0.0,25.723426047737696,25.98026113541222,63.312035733683125,4.635873045880372,,,liquid,gas,25.985766866229984,26.213241536940078,2141.1279196517266,104.37972044366748,0.6003207434831307,2.671397214726312e-06,0.014817059935012367,0.014817059932610732,2.4016344468691386e-12
13940.0,386.43084462292546,0.0,0.0,25.72348732013919,25.980803662241755,63.31195375004984,4.635884266069295,,,liquid,gas,25.98597444900811,26.213803770322222,2141.12786611797,104.37977397742405,0.6003215058381987,2.6766878363559953e-06,0.014870593691739487,0.014870593689181533,2.5579538487363607e-12
13960.0,386.44326324595767,0.0,0.0,25.723548625622314,25.9813461795612,63.3118717044899,4.635895497484633,,,liquid,gas,25.986181745958078,26.214365703949422,2141.127812478389,104.37982761700515,0.600322268752758,2.6819790491572348e-06,0.014924233272722631,0.014924233270278364,2.4442670110147446e-12
13980.0,386.45568236230196,0.0,0.0,25.723609964148693,25.981888688408446,63.311789597138144,4.63590674012417,,,liquid,gas,25.986388757854016,26.214927338278713,2141.127758732971,104.379881362423,0.6003230322255311,2.6872708986047656e-06,0.014977978690694727,0.014977978688136773,2.5579538487363607e-12
14000.0,386.46810193674975,0.0,0.0,25.723671335631902,25.982431187186158,63.311707428059805,4.635917993975575,,,liquid,gas,25.986595485468012,26.215488673765176,2141.127704881704,104.37993521368968,0.6003237962559003,2.6925633392238526e-06,0.015031829957479204,0.015031829954807563,2.6716406864579767e-12
14020.0,386.48052195340307,0.0,0.0,25.723732739971904,25.982973675180517,63.31162519740045,4.635929259029658,,,liquid,gas,25.98680192956995,26.216049710862254,2141.1276509245768,104.379989170817,0.6003245608424865,2.6978563710144955e-06,0.015085787084899493,0.015085787082128377,2.7711166694643907e-12
14040.0,386.4929423964379,0.0,0.0,25.723794177158478,25.9835161516807,63.31154290513433,4.635940535277377,,,liquid,gas,25.98700809092764,26.21661045002194,2141.127596861577,104.3800432338167,0.6003253259855352,2.7031499939766946e-06,0.015139850084779027,0.01513985008183738,2.9416469260468148e-12
14060.0,386.50536325009784,0.0,0.0,25.723855647122498,25.984058615978874,63.31146055134792,4.635951822709749,,,liquid,gas,25.9872139703068,26.21717089169477,2141.127542692693,104.38009740270041,0.6003260916842273,2.7084441853730823e-06,0.015194018968486489,0.015194018965544842,2.9416469260468148e-12
14080.0,386.51778449868567,0.0,0.0,25.723917149703205,25.984601067370093,63.31137813630318,4.635963121317729,,,liquid,gas,25.987419568471086,26.21773103632987,2141.127488417914,104.38015167747956,0.6003268579360802,2.713738967941026e-06,0.01524829374784531,0.0152482937446905,3.154809746774845e-12
14100.0,386.5302061265694,0.0,0.0,25.723978684922542,25.985143505152266,63.31129565991339,4.63597443109232,,,liquid,gas,25.987624886181937,26.21829088437489,2141.127434037228,104.38020605816546,0.6003276247419173,2.7190342962057913e-06,0.015302674433769425,0.015302674430586194,3.183231456205249e-12
14120.0,386.54262811873497,0.0,0.0,25.72404025268139,25.985685928633927,63.31121312232472,4.635985752030967,,,liquid,gas,25.987829924198795,26.21885043627608,2141.127379550624,104.38026054476929,0.6003283921003539,2.724330192904745e-06,0.01535716103762752,0.015357161034415867,3.211653165635653e-12
14140.0,386.55505045857296,0.0,0.0,25.724101852941146,25.98622833710344,63.31113052356311,4.635997084111906,,,liquid,gas,25.988034683278993,26.21940969247825,2141.1273249580913,104.38031513730209,0.6003291600111454,2.7296266353005195e-06,0.01541175357033353,0.015411753567221353,3.112177182629239e-12
14160.0,386.5674731311939,0.0,0.0,25.724163485539744,25.986770729875083,63.31104786389498,4.636008427332576,,,liquid,gas,25.98823916417806,26.21996865342484,2141.1272702596184,104.38036983577484,0.6003299284717667,2.7349236461304828e-06,0.01546645204325614,0.015466452039973433,3.282707439211663e-12
14180.0,386.5798961212154,0.0,0.0,25.724225150502363,25.98731310625824,63.31096514322837,4.6360197816840065,,,liquid,gas,25.98844336764878,26.22052731955775,2141.127215455195,104.38042464019823,0.6003306974830911,2.7402211799198993e-06,0.015521256466854538,0.015521256463358668,3.495870259939693e-12
14200.0,386.5923194133249,0.0,0.0,25.724286847761327,25.98785546556524,63.31088236164891,4.636031147157326,,,liquid,gas,25.988647294442437,26.22108569131759,2141.12716054481,104.3804795505829,0.6003314670443084,2.74551923666877e-06,0.015576166851587914,0.0155761668480352,3.552713678800501e-12
14220.0,386.60474299226615,0.0,0.0,25.7243485771848,25.988397807111202,63.3107995193637,4.6360425237435985,,,liquid,gas,25.988850945308187,26.22164376914354,2141.1271055284537,104.3805345669394,0.600332237153456,2.7508178163770934e-06,0.015631183207915456,0.015631183204533272,3.382183422218077e-12
14240.0,386.6171668428489,0.0,0.0,25.72441033873653,25.988940130214104,63.31071661639875,4.636053911433947,,,liquid,gas,25.989054320992988,26.222201553473358,2141.127050406115,104.3805896892781,0.6003330078102886,2.7561169417822384e-06,0.0156863055467511,0.01568630554322681,3.524291969370097e-12
14260.0,386.6295909493584,0.0,0.0,25.724472132315675,25.989482434186563,63.31063365290126,4.636065310212736,,,liquid,gas,25.98925742224186,26.22275904474343,2141.126995177784,104.38064491760922,0.6003337790134122,2.761416544672102e-06,0.015741533877644542,0.015741533874347624,3.296918293926865e-12
14280.0,386.6420152978888,0.0,0.0,25.724533957953327,25.990024718368346,63.3105506287724,4.63607672008456,,,liquid,gas,25.98946024979774,26.223316243388755,2141.12693984345,104.38070025194287,0.6003345507637652,2.766716693258786e-06,0.015796868211509718,0.015796868207999637,3.510081114654895e-12
14300.0,386.65443987344764,0.0,0.0,25.724595815484243,25.990566982086,63.310467544284,4.636088141040737,,,liquid,gas,25.989662804401462,26.223873149842923,2141.126884403104,104.38075569228903,0.6003353230587717,2.7720172965928214e-06,0.015852308557441575,0.015852308554158867,3.282707439211663e-12
14320.0,386.66686465931025,0.0,0.0,25.724657704872296,25.99110922464395,63.31038439945713,4.6360995730518555,,,liquid,gas,25.98986508679199,26.224429764538193,2141.1268288567358,104.38081123865754,0.6003360958982333,2.77731842288631e-06,0.0159078549258993,0.015907854922673437,3.225864020350855e-12
14340.0,386.67928964297175,0.0,0.0,25.724719626019137,25.991651445407214,63.31030119444357,4.636111016136639,,,liquid,gas,25.990067097706103,26.224986087905414,2141.126773204335,104.38086689105813,0.6003368692807127,2.7826200266645175e-06,0.01596350732643259,0.01596350732326357,3.169020601490047e-12
14360.0,386.6917148078191,0.0,0.0,25.724781578922943,25.992193643685617,63.310217929199396,4.636122470265576,,,liquid,gas,25.990268837878677,26.225542120374083,2141.126717445893,104.38092264950038,0.6003376432066279,2.787922107927443e-06,0.01601926576859114,0.016019265765507384,3.083755473198835e-12
14380.0,386.70414013968326,0.0,0.0,25.724843563518302,25.99273581882487,63.31013460380868,4.636133935436764,,,liquid,gas,25.99047030804247,26.226097862372324,2141.1266615813997,104.38097851399372,0.6003384176751834,2.793224666675087e-06,0.01607513026192464,0.016075130258855097,3.069544618483633e-12
14400.0,386.71656562324983,0.0,0.0,25.72490557967049,25.99327797015666,63.310051218484425,4.6361454116343594,,,liquid,gas,25.990671508928315,26.226653314326924,2141.126605610846,104.3810344845475,0.6003391926843611,2.798527680170082e-06,0.016131100815528043,0.01613110081262903,2.8990143619012088e-12
14420.0,386.7289912451021,0.0,0.0,25.724967627313724,25.993820097041024,63.30996777331347,4.636156898863779,,,liquid,gas,25.99087244126499,26.22720847666327,2141.1265495342227,104.38109056117091,0.6003399682333395,2.8038311711497955e-06,0.01618717743895104,0.016187177436037814,2.9132252166164108e-12
14440.0,386.74141699003746,0.0,0.0,25.725029706484406,25.99436219881488,63.30988426818329,4.636168397109149,,,liquid,gas,25.991073105779346,26.227763349805503,2141.126493351521,104.381146743873,0.6003407443231871,2.8091350941394923e-06,0.01624336014083383,0.016243360138133767,2.7000623958883807e-12
14460.0,386.75384284416253,0.0,0.0,25.72509181701404,25.994904274835363,63.30980070337496,4.636179906369043,,,liquid,gas,25.991273503196183,26.22831793417636,2141.126437062731,104.38120303266273,0.6003415209512405,2.8144394946139075e-06,0.016299648930726107,0.016299648927855515,2.8705926524708048e-12
14480.0,386.7662687917646,0.0,0.0,25.725153958834994,25.99544632443618,63.30971707897261,4.636191426620286,,,liquid,gas,25.991473634238307,26.228872230197247,2141.126380667845,104.38125942754888,0.6003422981167039,2.819744304360938e-06,0.016356043816813326,0.016356043814013788,2.7995383788947947e-12
14500.0,386.7786948190637,0.0,0.0,25.725216131952312,25.99598834697977,63.309633394927225,4.636202957861421,,,liquid,gas,25.991673499626536,26.229426238288234,2141.1263241668535,104.38131592854015,0.600343075820044,2.82504956885532e-06,0.016412544808190432,0.016412544805277207,2.9132252166164108e-12
14520.0,386.7911209110847,0.0,0.0,25.72527833630076,25.99653034181391,63.309549651320346,4.636214500076459,,,liquid,gas,25.991873100079797,26.229979958868007,2141.1262675597486,104.38137253564511,0.6003438540604895,2.8303552426223177e-06,0.01646915191304288,0.01646915191024334,2.7995383788947947e-12
14540.0,386.8035470554361,0.0,0.0,25.725340571710063,25.997072308324015,63.30946584844068,4.636226053278687,,,liquid,gas,25.992072436314917,26.23053339235403,2141.1262108465216,104.38142924887218,0.6003446328353045,2.8356613483992987e-06,0.016525865140010865,0.016525865137310802,2.7000623958883807e-12
14560.0,386.8159732353427,0.0,0.0,25.725402838219697,25.997614245836438,63.309381986165654,4.636237617429981,,,liquid,gas,25.992271509046873,26.231086539162416,2141.1261540271644,104.38148606822966,0.6003454121456534,2.8409678634488957e-06,0.016582684497279843,0.016582684494792943,2.4868995751603507e-12
14580.0,386.8283994392038,0.0,0.0,25.725465135767735,25.998156153751303,63.309298064579565,4.636249192551457,,,liquid,gas,25.99247031898862,26.231639399707973,2141.126097101668,104.38154299372574,0.6003461919907388,2.8462748105084756e-06,0.016639609993490012,0.016639609990875215,2.6147972675971687e-12
14600.0,386.84082565097157,0.0,0.0,25.72552746421559,25.99869803140881,63.30921408390079,4.63626077861209,,,liquid,gas,25.992668866851158,26.23219197440418,2141.1260400700253,104.38160002536847,0.6003469723684921,2.851582144103304e-06,0.016696641636372078,0.01669664163360096,2.7711166694643907e-12
14620.0,386.8532518572384,0.0,0.0,25.72558982349856,25.99923987818763,63.30913004421411,4.636272375610742,,,liquid,gas,25.992867153343585,26.23274426366323,2141.125982932228,104.38165716316577,0.6003477532781112,2.8568898642333806e-06,0.016753779433656746,0.01675377943089984,2.7569058147491887e-12
14640.0,386.8656780440055,0.0,0.0,25.725652213625697,25.999781693460058,63.309045945462486,4.636283983538813,,,liquid,gas,25.99306517917297,26.233296267896023,2141.125925688268,104.38171440712544,0.6003485347201393,2.862197993636073e-06,0.016811023393529467,0.01681102339057361,2.9558577807620168e-12
14660.0,386.8781041966664,0.0,0.0,25.725714634533063,26.00032347659174,63.308961787725956,4.636295602380006,,,liquid,gas,25.99326294504458,26.233847987512174,2141.1258683381384,104.3817717572552,0.6003493166938194,2.8675064868366463e-06,0.0168683735232662,0.016868373520324553,2.9416469260468148e-12
14680.0,386.8905303033426,0.0,0.0,25.725777086046516,26.000865226988065,63.3088775713021,4.636307232148927,,,liquid,gas,25.993460451661626,26.234399422919985,2141.125810881831,104.38182921356258,0.6003500991963321,2.8728153665724675e-06,0.01692582983059765,0.016925829827712846,2.8848035071860068e-12
14700.0,386.9029563475298,0.0,0.0,25.725839568211985,26.001406943991924,63.30879329605646,4.636318872806043,,,liquid,gas,25.993657699725386,26.234950574526497,2141.1257533193384,104.38188677605503,0.600350882228954,2.8781246328435373e-06,0.01698339232325452,0.016983392320156554,3.097966327914037e-12
14720.0,386.9153823174758,0.0,0.0,25.725902080930183,26.001948627014045,63.30870896214442,4.636330524366136,,,liquid,gas,25.993854689935336,26.23550144273748,2141.1256956506536,104.38194444473986,0.6003516657902145,2.88343424017512e-06,0.017041061008058023,0.017041061004988478,3.069544618483633e-12
14740.0,386.92780819948223,0.0,0.0,25.72596462417601,26.002490275439904,63.30862456957477,4.636342186820846,,,liquid,gas,25.994051422988992,26.23605202795743,2141.1256378757694,104.38200221962427,0.6003524498800323,2.8887442113045837e-06,0.017098835892284114,0.01709883588939931,2.8848035071860068e-12
14760.0,386.9402339785262,0.0,0.0,25.726027197770414,26.003031888638333,63.308540118645546,4.6363538601458405,,,liquid,gas,25.994247899581833,26.236602330589562,2141.1255799946784,104.38206010071532,0.6003532344955835,2.894054546231928e-06,0.017156716983208753,0.017156716980451847,2.7569058147491887e-12
14780.0,386.9526596409968,0.0,0.0,25.726089801764957,26.003573465999587,63.30845560921972,4.636365544332497,,,liquid,gas,25.994444120407508,26.237152351035824,2141.125522007374,104.38211808801996,0.6003540196381698,2.899365222219785e-06,0.01721470428765315,0.017214704285095195,2.5579538487363607e-12
14800.0,386.9650851754365,0.0,0.0,25.726152436060346,26.00411500694559,63.30837104145342,4.636377239396461,,,liquid,gas,25.994640086157858,26.23770208969692,2141.1254639138488,104.38217618154505,0.6003548053063128,2.9046762620055235e-06,0.01727279781289326,0.017272797810178986,2.7142732506035827e-12
14820.0,386.97751056627203,0.0,0.0,25.72621510063135,26.004656510842874,63.30828641535056,4.636388945305132,,,liquid,gas,25.994835797522732,26.23825154697231,2141.1254057140964,104.38223438129728,0.6003555914999781,2.909987620114407e-06,0.017330997565295547,0.017330997562410744,2.8848035071860068e-12
14840.0,386.9899358007638,0.0,0.0,25.726277795298255,26.005197977099016,63.30820173121668,4.636400662058089,,,liquid,gas,25.995031255190078,26.238800723260198,2141.1253474081104,104.38229268728324,0.6003563782162704,2.9152992965464365e-06,0.017389303551226476,0.017389303548370094,2.8563817977556027e-12
14860.0,387.00236086482704,0.0,0.0,25.726340520115908,26.005739405104762,63.308116988907244,4.636412389638689,,,liquid,gas,25.99522645984598,26.239349618957526,2141.125288995884,104.3823510995094,0.6003571654565631,2.920611314038979e-06,0.017447715777507256,0.017447715774537187,2.9700686354772188e-12
14880.0,387.0147857472757,0.0,0.0,25.726403274984683,26.006280794292785,63.308032188580036,4.636424128063217,,,liquid,gas,25.995421412174615,26.239898234460007,2141.1252304774116,104.38240961798212,0.6003579532193623,2.9259236271172993e-06,0.0175062342500496,0.017506234247250063,2.7995383788947947e-12
14900.0,387.0272104327073,0.0,0.0,25.72646605988099,26.00682214403895,63.307947330235756,4.6364358772985605,,,liquid,gas,25.99561611285841,26.24044657016215,2141.125171852686,104.38246824270765,0.6003587415046636,2.9312362812561332e-06,0.017564858975674724,0.01756485897277571,2.8990143619012088e-12
14920.0,387.0396349086234,0.0,0.0,25.7265288746227,26.007363453761158,63.30786241418558,4.63644763734459,,,liquid,gas,25.995810562577795,26.24099462645721,2141.1251131217014,104.3825269736921,0.600359530309519,2.936549230980745e-06,0.01762358996029434,0.017623589957224794,3.069544618483633e-12
14940.0,387.05205916113437,0.0,0.0,25.72659171930939,26.007904722859806,63.307777440200454,4.636459408184434,,,liquid,gas,25.996004762011314,26.2415424037372,2141.125054284452,104.38258581094146,0.6003603196361029,2.941862476291135e-06,0.017682427209820162,0.017682427206594298,3.225864020350855e-12
14960.0,387.06448317932944,0.0,0.0,25.72665459371843,26.008445950778274,63.30769240867267,4.636471189835097,,,liquid,gas,25.996198711835735,26.242089902392937,2141.1249953409315,104.38264475446165,0.600361109480698,2.9471760171873028e-06,0.017741370730163908,0.017741370726781724,3.382183422218077e-12
14980.0,387.07690694706116,0.0,0.0,25.726717497908496,26.008987136888955,63.307607319444834,4.636482982252395,,,liquid,gas,25.99639241272597,26.242637122814028,2141.124936291135,104.38270380425843,0.6003618998447995,2.9524898309318814e-06,0.017800420526782545,0.01780042052355668,3.225864020350855e-12
15000.0,387.08933045478807,0.0,0.0,25.72678043182215,26.009528280657705,63.30752217259858,4.636494785467922,,,liquid,gas,25.996585865354984,26.24318406538885,2141.124877135056,104.38276296033742,0.6003626907276358,2.957803940262238e-06,0.01785957660558779,0.017859576602546667,3.0411229090532288e-12
15020.0,387.1017536860969,0.0,0.0,25.726843395312407,26.01006938145663,63.30743696836741,4.636506599433212,,,liquid,gas,25.99677907039406,26.243730730504595,2141.124817872689,104.38282222270419,0.6003634821269952,2.963118345178373e-06,0.017918838972491358,0.017918838969322337,3.169020601490047e-12
15040.0,387.1141766312558,0.0,0.0,25.72690638836253,26.010610438752337,63.307351706754666,4.63651842417645,,,liquid,gas,25.996972028512435,26.24427711854722,2141.124758504029,104.38288159136415,0.6003642740428489,2.9684330002055504e-06,0.01797820763249547,0.017978207629283816,3.211653165635653e-12
15060.0,387.126599274424,0.0,0.0,25.726969410909376,26.01115145192822,63.30726638783601,4.6365302596545765,,,liquid,gas,25.997164740377652,26.24482322990151,2141.1246990290706,104.38294106632263,0.600365066474482,2.9737479280811384e-06,0.01803768259105709,0.018037682587760173,3.296918293926865e-12
15080.0,387.1390216050825,0.0,0.0,25.727032462894343,26.011692420443318,63.307181011692414,4.636542105885477,,,liquid,gas,25.997357206655423,26.245369064951053,2141.1246394478085,104.38300064758481,0.6003658594211293,2.9790631060677696e-06,0.018097263853178447,0.018097263849938372,3.240074875066057e-12
15100.0,387.1514436097497,0.0,0.0,25.72709554425643,26.01223334371719,63.30709557840179,4.6365539628521635,,,liquid,gas,25.99754942800955,26.245914624078242,2141.1245797602373,104.38306033515576,0.6003666528820548,2.9843785569028112e-06,0.018156951424316503,0.018156951420891687,3.424815986363683e-12
15120.0,387.1638652757498,0.0,0.0,25.727158654892293,26.012774221182234,63.30701008812467,4.636565830546391,,,liquid,gas,25.997741405102058,26.246459907664295,2141.1245199663526,104.38312012904046,0.6003674468557392,2.9896942351115287e-06,0.018216745309018734,0.018216745305593918,3.424815986363683e-12
15140.0,387.1762865904587,0.0,0.0,25.72722179482814,26.013315052273214,63.306924540774645,4.636577708959912,,,liquid,gas,25.997933138593133,26.247004916089242,2141.1244600661494,104.38318002924375,0.6003682413430044,2.9950101634312887e-06,0.01827664551228736,0.018276645508876754,3.410605131648481e-12
15160.0,387.18870754210013,0.0,0.0,25.727284963961864,26.013855836438324,63.306838936512946,4.636589598093688,,,liquid,gas,25.99812462914128,26.24754964973196,2141.1244000596225,104.38324003577038,0.6003690363423245,3.000326341862092e-06,0.0183366520391246,0.018336652035515044,3.609557097661309e-12
15180.0,387.2011281165645,0.0,0.0,25.72734816227669,26.01439657309505,63.30675327533113,4.636601497921109,,,liquid,gas,25.998315877403016,26.248094108970122,2141.124339946768,104.38330014862498,0.6003698318537827,3.005642724929203e-06,0.018396764893623185,0.018396764890113104,3.510081114654895e-12
15200.0,387.21354830219485,0.0,0.0,25.72741138958132,26.01493726169653,63.306667557559656,4.636613408443345,,,liquid,gas,25.99850688403315,26.24863829418025,2141.124279727581,104.38336036781207,0.6003706278742477,3.010959358107357e-06,0.018456984080785332,0.018456984077204197,3.581135388230905e-12
15220.0,387.2259680857643,0.0,0.0,25.727474645948142,26.01547790167573,63.30658178302335,4.63662532964283,,,liquid,gas,25.998697649684694,26.249182205737707,2141.124219402057,104.38342069333606,0.6003714244053837,3.0162761959218187e-06,0.01851730960470377,0.018517309601193688,3.510081114654895e-12
15240.0,387.23838745730734,0.0,0.0,25.727537931276007,26.016018492512558,63.306495951885935,4.636637261539112,,,liquid,gas,25.99888817500896,26.249725844016716,2141.1241589701917,104.38348112520127,0.6003722214456413,3.021593261109956e-06,0.018577741469925968,0.018577741466401676,3.524291969370097e-12
15260.0,387.2508064021173,0.0,0.0,25.72760124554895,26.01655903362269,63.30641006413594,4.636649204096353,,,liquid,gas,25.999078460655237,26.250269209390314,2141.124098431981,104.38354166341185,0.6003730189951322,3.0269105309344015e-06,0.018638279680544656,0.01863827967697773,3.566924533515703e-12
15280.0,387.2632249087299,0.0,0.0,25.72766458857338,26.01709952446847,63.3063241201091,4.636661157315623,,,liquid,gas,25.999268507271257,26.250812302230404,2141.124037787421,104.38360230797188,0.6003738170506755,3.0322280053951546e-06,0.01869892424065256,0.01869892423701458,3.637978807091713e-12
15300.0,387.27564296493944,0.0,0.0,25.727727960471853,26.017639964503513,63.3062381195371,4.636673121188856,,,liquid,gas,25.999458315502817,26.251355122907746,2141.1239770365078,104.38366305888533,0.6003746156148189,3.037545661754848e-06,0.018759675153887656,0.01875967515046284,3.424815986363683e-12
15320.0,387.2880605585796,0.0,0.0,25.72779136104947,26.018180353183627,63.30615206275638,4.636685095707831,,,liquid,gas,25.999647885994033,26.25189767179196,2141.123916179237,104.38372391615606,0.6003754146843746,3.042863545488217e-06,0.01882053242479742,0.018820532421187863,3.609557097661309e-12
15340.0,387.3004776767196,0.0,0.0,25.727854790292742,26.018720689955575,63.30606594975532,4.63669708085496,,,liquid,gas,25.99983721938735,26.252439949251535,2141.123855215605,104.38378487978784,0.6003762142594564,3.0481815883831588e-06,0.018881496056565084,0.018881496052969737,3.595346242946107e-12
15360.0,387.3128943097885,0.0,0.0,25.72791824814545,26.019260974314378,63.30597978061387,4.636709076650897,,,liquid,gas,26.0000263163232,26.252981955653805,2141.123794145609,104.38384594978429,0.6003770143393089,3.0534998131770406e-06,0.018942566052828624,0.01894256604941802,3.410605131648481e-12
15380.0,387.32531044328834,0.0,0.0,25.72798173454766,26.01980120568823,63.30589355540447,4.636721083058789,,,liquid,gas,26.00021517744048,26.253523691365015,2141.123732969244,104.38390712614894,0.6003778149232483,3.058818242607231e-06,0.01900374241768077,0.019003742414071212,3.609557097661309e-12
15400.0,387.33772606524707,0.0,0.0,25.72804524944136,26.02034138354195,63.30580727420346,4.636733100070428,,,liquid,gas,26.000403803376116,26.254065156750233,2141.123671686508,104.38396840888521,0.6003786160105541,3.064136808461626e-06,0.01906502515385,0.01906502515033992,3.510081114654895e-12
15420.0,387.35014116629407,0.0,0.0,25.728108792723436,26.020881507378117,63.30572093717985,4.636745127707062,,,liquid,gas,26.000592194765552,26.25460635217346,2141.1236102973967,104.38402979799643,0.6003794175996265,3.069455556214962e-06,0.0191264142649743,0.019126414261563696,3.410605131648481e-12
15440.0,387.36255573117563,0.0,0.0,25.728172364476144,26.021421576619154,63.305634544134165,4.636757165921436,,,liquid,gas,26.000780352242323,26.255147277997565,2141.1235488019074,104.38409129348581,0.6003802196923606,3.07477446312987e-06,0.019187909754236898,0.01918790975093998,3.296918293926865e-12
15460.0,387.37496975063874,0.0,0.0,25.72823596445364,26.02196159077232,63.305548095507206,4.636769214735072,,,liquid,gas,26.000968276438243,26.2556879345843,2141.123487200037,104.38415289535645,0.600381022284579,3.0800935292063513e-06,0.019249511624821025,0.01924951162158095,3.240074875066057e-12
15480.0,387.3873832129387,0.0,0.0,25.728299592790368,26.022501549311876,63.30546159100982,4.6367812741401355,,,liquid,gas,26.00115596798349,26.256228322294334,2141.1234254917817,104.38421460361137,0.6003818253790275,3.0854127544444056e-06,0.019311219879909913,0.019311219876499308,3.410605131648481e-12
15500.0,387.39979610463877,0.0,0.0,25.72836324923498,26.023041451690176,63.30537503108199,4.6367933441086855,,,liquid,gas,26.0013434275063,26.256768441487196,2141.12336367714,104.38427641825342,0.600382628971537,3.0907320933692972e-06,0.0193730345217773,0.019373034518551435,3.225864020350855e-12
15520.0,387.4122084149323,0.0,0.0,25.728426933876342,26.023581297397573,63.30528841552352,4.636805424642614,,,liquid,gas,26.001530655633456,26.25730829252135,2141.123301756108,104.38433833928542,0.6003834330640092,3.096051591455762e-06,0.019434955553606414,0.01943495555055108,3.055333763768431e-12
15540.0,387.42462013221495,0.0,0.0,25.728490646609373,26.024121085914928,63.30520174450131,4.636817515734065,,,liquid,gas,26.001717652989814,26.257847875754152,2141.1232397286835,104.38440036671004,0.6003842376548646,3.1013712259664318e-06,0.019496982978125743,0.019496982975169885,2.9558577807620168e-12
15560.0,387.43703124403146,0.0,0.0,25.72855438737674,26.024660816712803,63.305115018088856,4.63682961736478,,,liquid,gas,26.001904420198606,26.258387191541857,2141.1231775948636,104.38446250052988,0.6003850427434098,3.106690996901307e-06,0.01955911679806377,0.019559116795008435,3.055333763768431e-12
15580.0,387.4494417406364,0.0,0.0,25.728618156173354,26.02520048930093,63.30502823626777,4.636841729547277,,,liquid,gas,26.002090957881357,26.25892624023966,2141.123115354646,104.3845247407474,0.6003858483298224,3.1120108815230195e-06,0.01962135701569423,0.01962135701252521,3.169020601490047e-12
15600.0,387.4618516096808,0.0,0.0,25.728681952842713,26.02574010315437,63.30494139930079,4.636853852263455,,,liquid,gas,26.00227726665787,26.259465022201656,2141.1230530080284,104.38458708736496,0.6003866544116143,3.11733087983157e-06,0.01968370363329086,0.01968370363009342,3.197442310920451e-12
15620.0,387.4742608397466,0.0,0.0,25.72874577737832,26.026279657762675,63.304854507167235,4.636865985505412,,,liquid,gas,26.002463347146207,26.26000353778086,2141.1229905550085,104.38464954038486,0.6003874609889852,3.1226509918269587e-06,0.0197461566531274,0.0197461566499868,3.140598892059643e-12
15640.0,387.4866694194602,0.0,0.0,25.72880962967336,26.026819152617474,63.304767560038556,4.63687812926524,,,liquid,gas,26.002649199962793,26.260541787329235,2141.122927995584,104.38471209980924,0.6003882680603124,3.1279712175091846e-06,0.019808716077477584,0.019808716074365407,3.112177182629239e-12
15660.0,387.4990773374983,0.0,0.0,25.728873509773305,26.027358587212653,63.30468055779518,4.636890283535051,,,liquid,gas,26.002834825722324,26.261079771197654,2141.122865329753,104.38477476564016,0.6003890756267335,3.1332915568782482e-06,0.01987138190861515,0.01987138190528981,3.325340003357269e-12
15680.0,387.51148458258217,0.0,0.0,25.728937417572013,26.027897961044165,63.30459350060693,4.63690244830696,,,liquid,gas,26.003020225037826,26.261617489735936,2141.1228025575138,104.38483753787958,0.6003898836866418,3.1386119644594147e-06,0.019934154147904337,0.019934154144706895,3.197442310920451e-12
15700.0,387.5238911444138,0.0,0.0,25.729001353066415,26.028437273623133,63.30450638845042,4.636914623583847,,,liquid,gas,26.003205398520688,26.262154943292835,2141.122739678864,104.38490041652938,0.6003906922402622,3.143932485727419e-06,0.019997032797618886,0.01999703279450671,3.112177182629239e-12
15720.0,387.53629700902826,0.0,0.0,25.729065316043773,26.028976524411235,63.304419221690374,4.636926809325737,,,liquid,gas,26.003390346780538,26.262692132216042,2141.122676693802,104.38496340159129,0.6003915012841397,3.149253097944893e-06,0.020060017859577783,0.020060017856422974,3.154809746774845e-12
15740.0,387.5487021680713,0.0,0.0,25.72912930665857,26.029515712949472,63.30433200000863,4.6369390055569175,,,liquid,gas,26.00357507042546,26.263229056852214,2141.1226136023265,104.385026493067,0.6003923108212952,3.1545737783744697e-06,0.020123109335145273,0.02012310933213257,3.0127011996228248e-12
15760.0,387.5611066098606,0.0,0.0,25.729193324646598,26.03005483873418,63.304244723874994,4.6369512122627095,,,liquid,gas,26.003759570061696,26.26376571754693,2141.1225504044355,104.38508969095805,0.6003931208472767,3.1598945497535167e-06,0.020186307226140343,0.020186307223184485,2.9558577807620168e-12
15780.0,387.5735103223584,0.0,0.0,25.729257370162024,26.03059390125822,63.30415739296134,4.636963429423801,,,liquid,gas,26.00394384629396,26.26430211464475,2141.1224871001277,104.3851529952659,0.6003939313651999,3.1652153893446666e-06,0.020249611533927236,0.020249611531028222,2.8990143619012088e-12
15800.0,387.5859132965223,0.0,0.0,25.72932144294059,26.031132900057507,63.30407000774458,4.636975657054945,,,liquid,gas,26.00412789972517,26.264838248489152,2141.122423689402,104.3852164059919,0.6003947423705457,3.170536297147919e-06,0.020313022259870195,0.020313022257028024,2.8421709430404007e-12
15820.0,387.5983155182049,0.0,0.0,25.729385543083826,26.031671834598527,63.30398256799152,4.636987895111439,,,liquid,gas,26.004311730956697,26.265374119422624,2141.1223601722563,104.38527992313729,0.6003955538655291,3.175857273163274e-06,0.02037653940533346,0.020376539402420235,2.9132252166164108e-12
15840.0,387.6107169803307,0.0,0.0,25.729449670541435,26.032210704447394,63.30389507377674,4.637000143629705,,,liquid,gas,26.00449534058836,26.26590972778661,2141.1222965486904,104.38534354670327,0.6003963658494468,3.181178294653364e-06,0.020440162971226528,0.020440162968398568,2.8279600883251987e-12
15860.0,387.6231176691682,0.0,0.0,25.729513825149272,26.032749509079306,63.303807525374125,4.637012402568802,,,liquid,gas,26.004678729218192,26.26644507392151,2141.1222328187027,104.38540727669088,0.600397178319705,3.1864993843555567e-06,0.02050389295891364,0.020503892956014624,2.8990143619012088e-12
15880.0,387.6355175738843,0.0,0.0,25.729578006906664,26.03328824801112,63.303719922753515,4.637024671920732,,,liquid,gas,26.00486189744252,26.266980158166692,2141.1221689822924,104.38547111310108,0.6003979912765934,3.1918205195324844e-06,0.02056772936930429,0.020567729366206322,3.097966327914037e-12
15900.0,387.6479166856635,0.0,0.0,25.729642215706438,26.033826920789096,63.3036322660937,4.6370369517002965,,,liquid,gas,26.005044845856133,26.267514980860525,2141.122105039459,104.38553505593471,0.6003988047184204,3.19714167744678e-06,0.020631672202853224,0.020631672199840523,3.0127011996228248e-12
15920.0,387.6603149928158,0.0,0.0,25.72970645160328,26.034365526921107,63.303544555256984,4.637049241888574,,,liquid,gas,26.005227575052263,26.26804954234035,2141.1220409902007,104.38559910519258,0.6003996186464956,3.202462903573178e-06,0.020695721460924688,0.020695721457713034,3.211653165635653e-12
15940.0,387.6727124856603,0.0,0.0,25.729770714489838,26.034904065944254,63.30345679041995,4.637061542489342,,,liquid,gas,26.00541008562239,26.26858384294248,2141.121976834518,104.38566326087533,0.6004004330591485,3.207784129699576e-06,0.02075987714351868,0.020759877140463345,3.055333763768431e-12
15960.0,387.68510915058306,0.0,0.0,25.72983500436574,26.03544253734259,63.30336897154456,4.637073853460457,,,liquid,gas,26.005592378156344,26.269117883002213,2141.12191257241,104.38572752298354,0.6004012479567435,3.2131054013007088e-06,0.020824139251544693,0.0208241392486741,2.8705926524708048e-12
15980.0,387.69750497998234,0.0,0.0,25.729899321068878,26.035980940684908,63.30328109891716,4.637086174828693,,,liquid,gas,26.005774453242587,26.269651662853903,2141.1218482038757,104.3857918915177,0.6004020633365686,3.218426718376577e-06,0.020888507785912225,0.02088850778282847,3.083755473198835e-12
16000.0,387.70989996333935,0.0,0.0,25.72996366460142,26.036519275500957,63.30319317250361,4.637098506586638,,,liquid,gas,26.005956311467628,26.270185182830822,2141.1217837289155,104.38585636647817,0.600402879198952,3.2237480127150773e-06,0.020952982746166526,0.020952982743295934,2.8705926524708048e-12
16020.0,387.7222940871153,0.0,0.0,25.730028034907694,26.03705754128009,63.30310519237122,4.637110848691492,,,liquid,gas,26.00613795341657,26.270718443265263,2141.1217191475284,104.38592094786523,0.6004036955432591,3.229069352528313e-06,0.021017564133217093,0.02101756413036071,2.8563817977556027e-12
16040.0,387.7346873429359,0.0,0.0,25.730092431936527,26.03759573758458,63.303017158593235,4.637123201159613,,,liquid,gas,26.00631937967291,26.271251444488556,2141.1216544597146,104.38598563567909,0.600404512368799,3.2343906923415487e-06,0.021082251947063924,0.021082251944221753,2.8421709430404007e-12
16060.0,387.7470797233044,0.0,0.0,25.73015685563736,26.038133863990325,63.30292907124405,4.637135564016965,,,liquid,gas,26.006500590818384,26.271784186830995,2141.121589665474,104.38605042991982,0.6004053296748705,3.2397120321547844e-06,0.02114704618770702,0.021147046184950113,2.7569058147491887e-12
16080.0,387.7594712129089,0.0,0.0,25.730221305953506,26.038671919966195,63.302840930388115,4.637147937198823,,,liquid,gas,26.006681587433363,26.27231667062194,2141.1215247648065,104.38611533058743,0.6004061474608663,3.24503337196802e-06,0.02121194685514638,0.021211946852560004,2.5863755581667647e-12
16100.0,387.77186180342306,0.0,0.0,25.730285782834045,26.039209905079385,63.30275273609834,4.637160320720567,,,liquid,gas,26.006862370096417,26.27284889618971,2141.1214597577123,104.38618033768181,0.6004069657260988,3.2503547117812557e-06,0.021276953949382005,0.021276953946937738,2.4442670110147446e-12
16120.0,387.7842514835155,0.0,0.0,25.730350286225615,26.039747818856785,63.30266448844366,4.637172714562422,,,liquid,gas,26.007042939384714,26.27338086386167,2141.1213946441912,104.3862454512028,0.6004077844699184,3.2556760515944914e-06,0.021342067470413895,0.021342067467926995,2.4868995751603507e-12
16140.0,387.7966402461073,0.0,0.0,25.730414816019895,26.040285660885537,63.30257618761005,4.63718511875323,,,liquid,gas,26.0072232958737,26.273912573964218,2141.121329424244,104.38631067115008,0.6004086036905654,3.2609973686703596e-06,0.021407287417787302,0.021407287415215137,2.5721647034515627e-12
16160.0,387.80902807680195,0.0,0.0,25.730479372337648,26.04082343065283,63.30248783332614,4.6371975332368285,,,liquid,gas,26.00740344013726,26.274444026822746,2141.1212640978706,104.3863759975233,0.6004094233906179,3.2663186630088604e-06,0.02147261379104748,0.021472613788432682,2.6147972675971687e-12
16180.0,387.82141496861834,0.0,0.0,25.730543954893584,26.041361127749916,63.30239942611522,4.637209958042207,,,liquid,gas,26.007583372747785,26.274975222761718,2141.121198665072,104.386441430322,0.6004102435651165,3.2716399346099933e-06,0.02153804658973968,0.02153804658712488,2.6147972675971687e-12
16200.0,387.8338009094815,0.0,0.0,25.73060856387152,26.04189875169885,63.30231096559238,4.637222393139048,,,liquid,gas,26.007763094275916,26.275506162104577,2141.1211331258482,104.38650696954556,0.6004110642177165,3.2769611834737587e-06,0.021603585813409154,0.02160358581069488,2.7142732506035827e-12
16220.0,387.846185892085,0.0,0.0,25.73067319898345,26.042436302089094,63.30222245228505,4.637234838551607,,,liquid,gas,26.00794260529105,26.276036845173874,2141.1210674802005,104.3865726151934,0.6004118853434196,3.282282386862789e-06,0.02166923146114641,0.021669231458531613,2.6147972675971687e-12
16240.0,387.8585699027562,0.0,0.0,25.730737860354193,26.042973778423296,63.30213388591638,4.6372472942301695,,,liquid,gas,26.00812190636073,26.276567272291157,2141.121001728129,104.38663836726474,0.6004127069448558,3.2876035675144522e-06,0.0217349835324967,0.02173498352986769,2.6290081223123707e-12
16260.0,387.87095293624344,0.0,0.0,25.73080254787651,26.04351118032207,63.302045266675194,4.637259760221741,,,liquid,gas,26.008300998051066,26.27709744377702,2141.120935869635,104.38670422575873,0.6004135290202384,3.29292470269138e-06,0.021800842026550526,0.021800842023864675,2.6858515411731787e-12
16280.0,387.8833349777286,0.0,0.0,25.730867261556234,26.0440485072749,63.301956594508,4.63727223646241,,,liquid,gas,26.008479880926455,26.277627359951083,2141.1208699047193,104.38677019067445,0.6004143515700792,3.2982457923935727e-06,0.021866806942398398,0.02186680693958465,2.8137492336099967e-12
16300.0,387.8957160193076,0.0,0.0,25.730932001221838,26.044585758868323,63.301867869718606,4.637284722967631,,,liquid,gas,26.008658555550102,26.27815702113209,2141.120803833383,104.38683626201092,0.6004151745915007,3.3035668138836627e-06,0.02193287827867607,0.021932878276047063,2.6290081223123707e-12
16320.0,387.9080960520139,0.0,0.0,25.7309967668839,26.045122934675558,63.30177909226114,4.637297219740086,,,liquid,gas,26.008837022483217,26.27868642763774,2141.1207376556267,104.38690243976696,0.6004159980849426,3.308887812636385e-06,0.0219990560349288,0.021999056032086628,2.8421709430404007e-12
16340.0,387.92047506141813,0.0,0.0,25.731061558487696,26.045660034195414,63.30169026219844,4.637309726718956,,,liquid,gas,26.00901528228582,26.279215579784896,2141.1206713714523,104.38696872394141,0.6004168220498132,3.3142087204396375e-06,0.02206534020933759,0.022065340206538053,2.7995383788947947e-12
16360.0,387.9328530452398,0.0,0.0,25.73112637598883,26.046197057096318,63.301601379608,4.637322243983177,,,liquid,gas,26.00919333551624,26.279744477889416,2141.1206049808607,104.38703511453298,0.6004176464853819,3.319529582768155e-06,0.022131730800992955,0.02213173079810815,2.8848035071860068e-12
16380.0,387.9452299911398,0.0,0.0,25.731191219334413,26.0467340029087,63.301512444555044,4.637334771495098,,,liquid,gas,26.009371182731282,26.28027312226623,2141.1205384838536,104.38710161154027,0.6004184713910343,3.324850354147202e-06,0.0221982278080759,0.022198227805404258,2.6716406864579767e-12
16400.0,387.95760588633124,0.0,0.0,25.731256088408195,26.047270871158084,63.30142345722469,4.637347309211461,,,liquid,gas,26.00954882448637,26.280801513229395,2141.120471880432,104.38716821496185,0.6004192967650192,3.330171080051514e-06,0.02226483122967693,0.022264831226976867,2.7000623958883807e-12
16420.0,387.9699807231645,0.0,0.0,25.731320983351544,26.047807661442498,63.30133441732535,4.637359857147802,,,liquid,gas,26.009726261335093,26.281329651091934,2141.1204051705977,104.38723492479612,0.6004201226101065,3.3354917150063555e-06,0.022331541063977056,0.022331541061248572,2.7284841053187847e-12
16440.0,387.98235449120955,0.0,0.0,25.73138590392353,26.048344373322728,63.301245325285855,4.63737241528712,,,liquid,gas,26.009903493829757,26.28185753616603,2141.1203383543525,104.38730174104144,0.6004209489222334,3.340812259011727e-06,0.02239835730915729,0.022398357306570915,2.5863755581667647e-12
16460.0,387.9947271814251,0.0,0.0,25.731450850073514,26.048881006380128,63.301156181176765,4.6373849836279835,,,liquid,gas,26.010080522521154,26.282385168762914,2141.120271431698,104.38736866369611,0.6004217757007353,3.3461327348049964e-06,0.02246527996385339,0.022465279961238593,2.6147972675971687e-12
16480.0,388.0070987857657,0.0,0.0,25.731515821881285,26.049417560211012,63.30106698482238,4.63739756218001,,,liquid,gas,26.010257347958458,26.282912549192922,2141.120204402636,104.38743569275827,0.600422602947283,3.3514530969114275e-06,0.02253230902579162,0.022532309023404196,2.3874235921539366e-12
16500.0,388.01946929478015,0.0,0.0,25.731580819298244,26.049954034393664,63.30097773628853,4.6374101509361,,,liquid,gas,26.010433970689437,26.28343967776546,2141.120137267168,104.38750282822605,0.6004234306612566,3.356773390805756e-06,0.022599444493607734,0.022599444491177678,2.4300561562995426e-12
16520.0,388.0318386955191,0.0,0.0,25.73164584207631,26.050490428459153,63.30088843601017,4.637422749848344,,,liquid,gas,26.010610391260283,26.28396655478903,2141.1200700252966,104.38757007009741,0.6004242588385351,3.3620935710132472e-06,0.022666686365028,0.0226666863625411,2.4868995751603507e-12
16540.0,388.0442069821032,0.0,0.0,25.7317108904303,26.0510267420377,63.30079908356145,4.637435358949975,,,liquid,gas,26.010786610215685,26.284493180571207,2141.120002677024,104.38763741837029,0.6004250874831626,3.3674136375339005e-06,0.022734034637778677,0.022734034635419675,2.3590018827235326e-12
16560.0,388.0565741451959,0.0,0.0,25.731775964048097,26.051562974712954,63.30070967950951,4.637447978233863,,,liquid,gas,26.010962628098895,26.28501955541869,2141.1199352223516,104.38770487304252,0.6004259165897641,3.3727336131050835e-06,0.02280148931004078,0.022801489307653355,2.3874235921539366e-12
16580.0,388.068940173109,0.0,0.0,25.73184106307617,26.05209912603724,63.300620223541884,4.63746060766531,,,liquid,gas,26.011138445451696,26.2855456796373,2141.119867661282,104.38777243411185,0.6004267461613078,3.378053474989429e-06,0.022869050379540568,0.022869050376982614,2.5579538487363607e-12
16600.0,388.08130505776,0.0,0.0,25.73190618746741,26.052635195614123,63.30053071572528,4.637473247250755,,,liquid,gas,26.011314062814254,26.286071553531887,2141.119799993818,104.38784010157593,0.600427576197166,3.3833732004495685e-06,0.02293671784354956,0.02293671784106266,2.4868995751603507e-12
16620.0,388.09366878870065,0.0,0.0,25.731971336971093,26.053171183015625,63.3004411565068,4.637485896968902,,,liquid,gas,26.01148948072541,26.286597177406485,2141.119732219962,104.38790787543235,0.6004284066931024,3.388692812222871e-06,0.023004491699794016,0.023004491697477647,2.3163693185779266e-12
16640.0,388.1060313591505,0.0,0.0,25.73203651180897,26.05370708786584,63.30035154544436,4.637498556840318,,,liquid,gas,26.011664699722253,26.287122551564153,2141.1196643397157,104.38797575567855,0.6004292376533149,3.3940123103093356e-06,0.023072371946000203,0.023072371943683834,2.3163693185779266e-12
16660.0,388.1183927587549,0.0,0.0,25.7321017117293,26.054242909740587,63.30026188298804,4.637511226843904,,,liquid,gas,26.011839720340816,26.287647676307166,2141.119596353082,104.38804374231198,0.600430069073539,3.399331671971595e-06,0.023140358579439635,0.023140358577109055,2.3305801732931286e-12
16680.0,388.1307529783976,0.0,0.0,25.732166936682447,26.054778648234098,63.30017216920541,4.637523906972396,,,liquid,gas,26.012014543115352,26.288172551936846,2141.1195282600643,104.38811183532995,0.6004309009531386,3.404650897209649e-06,0.023208451597383828,0.02320845159508167,2.3021584638627246e-12
16700.0,388.1431120082508,0.0,0.0,25.73223218682471,26.055314302931997,63.30008240377111,4.637536597209881,,,liquid,gas,26.012189168578757,26.288697178753647,2141.1194600606646,104.3881800347297,0.6004317332952047,3.4099699860234977e-06,0.023276650997104298,0.02327665099483056,2.2737367544323206e-12
16720.0,388.1554698415382,0.0,0.0,25.732297462005185,26.055849873463387,63.299992586952534,4.637549297575206,,,liquid,gas,26.012363597262446,26.28922155705718,2141.119391754886,104.38824834050837,0.6004325660972054,3.415288938413141e-06,0.02334495677587256,0.023344956773499348,2.3732127374387346e-12
16740.0,388.1678264670036,0.0,0.0,25.73236276187027,26.05638535939655,63.29990271939073,4.637562008035114,,,liquid,gas,26.01253782969632,26.289745687146127,2141.119323342731,104.38831675266302,0.6004333993530653,3.420607731641212e-06,0.023413368930505385,0.023413368928146383,2.3590018827235326e-12
16760.0,388.1801818764385,0.0,0.0,25.73242808688361,26.056920760343218,63.29981280017904,4.63757472859106,,,liquid,gas,26.012711866408885,26.29026956931835,2141.1192548242034,104.38838527119063,0.600434233071389,3.4259263884450774e-06,0.023481887458274286,0.023481887455758965,2.5153212845907547e-12
16780.0,388.1925360602004,0.0,0.0,25.7324934366874,26.057456075896518,63.299722829971195,4.637587459227514,,,liquid,gas,26.012885707927165,26.290793203870805,2141.119186199306,104.3884538960881,0.6004350672459807,3.4312448633500026e-06,0.023550512355541287,0.023550512353224917,2.3163693185779266e-12
16800.0,388.20488901158734,0.0,0.0,25.73255881123425,26.05799130569143,63.299632808837735,4.637600199962455,,,liquid,gas,26.013059354776814,26.29131659109961,2141.119117468042,104.38852262735226,0.6004359018761759,3.4365632018307226e-06,0.0236192436195779,0.02361924361738943,2.1884716261411086e-12
16820.0,388.217240718863,0.0,0.0,25.73262421068653,26.05852644929454,63.299542736436095,4.637612950755325,,,liquid,gas,26.013232807481963,26.291839731300016,2141.1190486304145,104.38859146497985,0.6004367369652288,3.4418813811498695e-06,0.0236880812472009,0.023688081244984005,2.2168933355715126e-12
16840.0,388.2295911773744,0.0,0.0,25.732689634716316,26.05906150637159,63.29945261337656,4.637625711646892,,,liquid,gas,26.013406066565295,26.292362624766408,2141.118979686427,104.38866040896751,0.6004375725073557,3.447199378570076e-06,0.0237570252347723,0.02375702523264067,2.1316282072803006e-12
16860.0,388.2419403723591,0.0,0.0,25.732755083484758,26.059596476449677,63.299362439310514,4.637638482560841,,,liquid,gas,26.01357913254807,26.29288527179234,2141.1189106360825,104.3887294593118,0.600438408505868,3.45251721682871e-06,0.023826075579108874,0.023826075576934613,2.1742607714259066e-12
16880.0,388.2542883009606,0.0,0.0,25.732820556950532,26.06013135922185,63.299272214307706,4.637651263557793,,,liquid,gas,26.01375200595031,26.293407672670508,2141.118841479385,104.38879861600925,0.6004392449601094,3.4578348731884034e-06,0.023895232276572642,0.02389523227438417,2.1884716261411086e-12
16900.0,388.26663495060166,0.0,0.0,25.732886054846528,26.060666154247826,63.299181938841016,4.637664054585792,,,liquid,gas,26.013924687290324,26.293929827692757,2141.118772216338,104.38886787905625,0.6004400818655988,3.4631523476491565e-06,0.023964495323525625,0.023964495321379786,2.1458390619955026e-12
16920.0,388.2789803146097,0.0,0.0,25.73295157734421,26.06120086117024,63.29909161256414,4.637676855660583,,,liquid,gas,26.014097177085112,26.29445173715005,2141.1187028469453,104.38893724844912,0.6004409192256266,3.4684696402109695e-06,0.024033864716329845,0.02403386471425506,2.0747847884194925e-12
16940.0,388.291324381011,0.0,0.0,25.733017124321528,26.06173547955955,63.299001235675505,4.637689666736345,,,liquid,gas,26.014269475850202,26.294973401332562,2141.1186333712103,104.38900672418411,0.6004417570383155,3.4737867508738416e-06,0.02410334045134732,0.024103340449244115,2.1032064978498966e-12
16960.0,388.3036671472228,0.0,0.0,25.733082695810708,26.06227000911729,63.29891080810557,4.637702487875154,,,liquid,gas,26.014441584099874,26.295494820529616,2141.118563789137,104.38907630625741,0.6004425953043299,3.479103656900406e-06,0.02417292252448533,0.024172922522538443,1.9468870959826745e-12
16980.0,388.3160085980728,0.0,0.0,25.733148291612302,26.062804449372074,63.29882033019105,4.637715318993457,,,liquid,gas,26.014613502346826,26.296015995029677,2141.1184941007295,104.3891459946651,0.600443434020481,3.4844203810280306e-06,0.02424261093210589,0.024242610930230057,1.8758328224066645e-12
17000.0,388.32834873101416,0.0,0.0,25.73321391175819,26.06333880002827,63.298729801863246,4.637728160152892,,,liquid,gas,26.014785231102287,26.29653692512039,2141.1184243059915,104.38921578940315,0.6004442731874253,3.4897369005193466e-06,0.024312405670116277,0.024312405668283077,1.8332002582610585e-12
17020.0,388.3406875342768,0.0,0.0,25.733279556124216,26.06387306066385,63.298639223324756,4.637741011308335,,,liquid,gas,26.014956770876385,26.297057611088608,2141.1183544049272,104.38928569046753,0.6004451128032465,3.495053215374355e-06,0.024382306734423764,0.02438230673266162,1.7621459846850485e-12
17040.0,388.3530250000896,0.0,0.0,25.73334522481445,26.064407230913275,63.298548594355196,4.6377538724603475,,,liquid,gas,26.01512812217754,26.297578053220306,2141.1182843975407,104.38935569785407,0.6004459528700399,3.5003693255930556e-06,0.024452314120935625,0.0244523141192019,1.7337242752546445e-12
17060.0,388.3653611200618,0.0,0.0,25.733410917708014,26.064941310403604,63.29845791516022,4.6377667436019365,,,liquid,gas,26.015299285513024,26.298098251800678,2141.118214283836,104.38942581155857,0.6004467933858598,3.505685231175448e-06,0.024522427825559134,0.024522427823697512,1.8616219676914625e-12
17080.0,388.37769588720397,0.0,0.0,25.733476634836382,26.065475298782438,63.298367185659686,4.637779624741858,,,liquid,gas,26.01547026138847,26.298618207114046,2141.118144063818,104.38949603157668,0.6004476343514717,3.5110009093841656e-06,0.024592647843746818,0.02459264784181414,1.9326762412674725e-12
17100.0,388.3900292910781,0.0,0.0,25.73354237599981,26.066009195650736,63.29827640620392,4.637792515848716,,,liquid,gas,26.0156410503084,26.299137919444004,2141.1180737374907,104.38956635790407,0.6004484757635576,3.516316360219207e-06,0.024662974170951202,0.024662974169203267,1.7479351299698465e-12
17120.0,388.40236132291756,0.0,0.0,25.73360814115101,26.066543000633875,63.298185576857726,4.637805416909931,,,liquid,gas,26.015811652775614,26.29965738907323,2141.1180033048586,104.38963679053623,0.6004493176215078,3.521631606417941e-06,0.02473340680307956,0.024733406801360047,1.7195134205394424e-12
17140.0,388.4146919763215,0.0,0.0,25.73367393047708,26.067076713390982,63.29809469724599,4.637818327939843,,,liquid,gas,26.015982069291837,26.300176616283657,2141.117932765926,104.38970732946864,0.6004501599288858,3.5269466252429995e-06,0.02480394573558442,0.02480394573376543,1.8189894035458565e-12
17160.0,388.42702124305447,0.0,0.0,25.733739743623147,26.067610333557006,63.29800376802073,4.637831248931209,,,liquid,gas,26.016152300357394,26.30069560135641,2141.117862120698,104.3897779746967,0.6004510026795122,3.5322613939570147e-06,0.02487459096346356,0.024874590961829313,1.6342482922482304e-12
17180.0,388.439349111759,0.0,0.0,25.73380558085219,26.068143860724817,63.29791278864882,4.637844179840399,,,liquid,gas,26.016322346470815,26.301214344571722,2141.117791369179,104.38984872621567,0.6004518458784487,3.537575958034722e-06,0.024945342482624255,0.024945342480805266,1.8189894035458565e-12
17200.0,388.4516755788733,0.0,0.0,25.73387144188918,26.06867729459626,63.297821759643185,4.6378571207132495,,,liquid,gas,26.016492208129872,26.301732846209156,2141.117720511374,104.38991958402083,0.6004526895208356,3.542890249264019e-06,0.025016200287609536,0.025016200285961077,1.6484591469634324e-12
17220.0,388.4640006357272,0.0,0.0,25.733937326766174,26.069210634803614,63.29773068091722,4.637870071536319,,,liquid,gas,26.016661885830683,26.302251106547413,2141.1176495472873,104.38999054810733,0.6004535336074993,3.548204335857008e-06,0.025087164374326676,0.025087164372465054,1.8616219676914625e-12
17240.0,388.4763242714161,0.0,0.0,25.734003235356525,26.06974388094942,63.29763955268161,4.637883032269996,,,liquid,gas,26.016831380067778,26.302769125864355,2141.1175784769243,104.39006161847021,0.6004543781364465,3.5535181496015865e-06,0.025158234737318708,0.0251582347353434,1.9753088054130785e-12
17260.0,388.48864647931657,0.0,0.0,25.734069167774948,26.070277032696513,63.29754837469801,4.637896002923628,,,liquid,gas,26.017000691334715,26.30328690443713,2141.11750730029,104.3901327951045,0.6004552231099439,3.5588317132351222e-06,0.02522941137158341,0.025229411369636523,1.9468870959826745e-12
17280.0,388.5009672514312,0.0,0.0,25.734135123897666,26.070810089689807,63.297457147179166,4.637908983490354,,,liquid,gas,26.017169820123442,26.303804442542067,2141.1174360173895,104.3902040780051,0.6004560685259782,3.5641450267576146e-06,0.025300694272118562,0.02530069427022852,1.8900436771218665e-12
17300.0,388.5132865783473,0.0,0.0,25.734201103678753,26.071343051555854,63.29736587018564,4.637921973946561,,,liquid,gas,26.01733876692478,26.304321740454693,2141.1173646282277,104.39027546716689,0.6004569143839805,3.569458090169064e-06,0.025372083433921944,0.02537208343201769,1.9042545318370685e-12
17320.0,388.5256044570238,0.0,0.0,25.734267107159056,26.07187591801035,63.29727454362993,4.6379349743417215,,,liquid,gas,26.017507532227942,26.304838798449747,2141.11729313281,104.39034696258463,0.6004577606847861,3.574770880732103e-06,0.025443578851536586,0.02544357884976023,1.7763568394002505e-12
17340.0,388.5379208736134,0.0,0.0,25.734333134127134,26.07240868862062,63.29718316787539,4.637947984600355,,,liquid,gas,26.01767611652114,26.30535561680126,2141.1172215311417,104.39041856425305,0.6004586074249536,3.5800834211840994e-06,0.025515180519960268,0.02551518051818391,1.7763568394002505e-12
17360.0,388.55023582131287,0.0,0.0,25.734399184538372,26.072941363052603,63.29709174298738,4.6379610047277655,,,liquid,gas,26.01784452029081,26.305872195782378,2141.117149823228,104.39049027216674,0.6004594546038683,3.5853956887876848e-06,0.02558688843373602,0.0255868884318744,1.8616219676914625e-12
17380.0,388.5625492957483,0.0,0.0,25.734465258515183,26.07347394100681,63.297000268719394,4.637974034756896,,,liquid,gas,26.01801274402226,26.306388535665523,2141.1170780090742,104.39056208632026,0.6004603022238738,3.59070768354286e-06,0.02565870258740688,0.025658702585388937,2.0179413695586845e-12
17400.0,388.57486128764555,0.0,0.0,25.734531356013427,26.074006422117137,63.296908745129,4.63798707466381,,,liquid,gas,26.018180788199746,26.306904636722376,2141.1170060886866,104.39063400670813,0.6004611502844299,3.5960193827122566e-06,0.025730622975061124,0.025730622973256345,1.8047785488306545e-12
17420.0,388.5871717897348,0.0,0.0,25.7345974767411,26.074538806046263,63.296817172751005,4.638000124447289,,,liquid,gas,26.018348653305733,26.3074204992238,2141.11693406207,104.39070603332472,0.6004619987804684,3.6013308317706105e-06,0.025802649591696536,0.025802649589849125,1.8474111129762605e-12
17440.0,388.5994807903036,0.0,0.0,25.73466362089956,26.07507109239655,63.29672555116872,4.638013184054527,,,liquid,gas,26.018516339821527,26.307936123439905,2141.1168619292303,104.39077816616435,0.6004628477159476,3.606641985243186e-06,0.0258747824314014,0.025874782429482934,1.9184653865522705e-12
17460.0,388.6117882896896,0.0,0.0,25.73472978836898,26.07560328093797,63.29663388061,4.638026253571227,,,liquid,gas,26.018683848227248,26.308451509640058,2141.1167896901734,104.39085040522131,0.6004636970887117,3.611952843129984e-06,0.025947021488264,0.02594702148644501,1.8189894035458565e-12
17480.0,388.62409426768966,0.0,0.0,25.734795979095306,26.076135371157697,63.29654216112086,4.63803933284596,,,liquid,gas,26.018851179001594,26.308966658092842,2141.116717344905,104.39092275048979,0.6004645468983294,3.6172634281683715e-06,0.026019366756827367,0.026019366754923112,1.9042545318370685e-12
17500.0,388.63639872821614,0.0,0.0,25.73486219304471,26.076667362877295,63.296450392775895,4.638052422004846,,,liquid,gas,26.01901833262184,26.309481569066044,2141.116644893431,104.39099520196389,0.6004653971440986,3.622573694883613e-06,0.02609181823072504,0.026091818229019736,1.7053025658242404e-12
17520.0,388.64870165967704,0.0,0.0,25.734928430170537,26.07719925570501,63.296358575630435,4.638065520994974,,,liquid,gas,26.01918530956407,26.309996242826777,2141.116572335757,104.39106775963764,0.6004662478255002,3.627883688750444e-06,0.026164375904500048,0.026164375902766324,1.7337242752546445e-12
17540.0,388.6610030565097,0.0,0.0,25.73499469051699,26.077731049333536,63.29626670958424,4.638078629832527,,,liquid,gas,26.019352110303185,26.310510679641393,2141.11649967189,104.39114042350504,0.6004670989434904,3.6331933642941295e-06,0.02623703977178593,0.026237039770165893,1.6200374375330284e-12
17560.0,388.6733029076501,0.0,0.0,25.735060973866858,26.0782627433806,63.29617479501905,4.6380917484699005,,,liquid,gas,26.019518735312655,26.311024879775463,2141.116426901835,104.39121319355998,0.6004679504944533,3.638502744252037e-06,0.02630980982667097,0.026309809825107777,1.5631940186722204e-12
17580.0,388.6856012047268,0.0,0.0,25.73512728026167,26.078794337502163,63.296082831831974,4.638104876890179,,,liquid,gas,26.019685185064567,26.311538843493793,2141.116354025599,104.3912860697963,0.600468802479371,3.6438118058867987e-06,0.026382686062788707,0.026382686061424465,1.3642420526593924e-12
17600.0,388.69789794472115,0.0,0.0,25.735193609575177,26.07932583142928,63.295990820253635,4.638118015137711,,,liquid,gas,26.019851460029756,26.312052571060462,2141.1162810431874,104.39135905220773,0.6004696548960609,3.649120571935782e-06,0.026455668474227423,0.02645566847286318,1.3642420526593924e-12
17620.0,388.71019312021065,0.0,0.0,25.73525996202611,26.0798572248331,63.295898759846274,4.638131163205761,,,liquid,gas,26.020017560677832,26.312566062738835,2141.116207954607,104.39143214078798,0.6004705077486815,3.6544290196616204e-06,0.026528757054620655,0.026528757053114305,1.5063505998114124e-12
17640.0,388.722486717424,0.0,0.0,25.73532633730496,26.08038851729812,63.295806651159864,4.638144321014078,,,liquid,gas,26.02018348747701,26.313079318791498,2141.1161347598645,104.39150533553067,0.6004713610320211,3.659737126326945e-06,0.026601951797147194,0.026601951795797163,1.3500311979441904e-12
17660.0,388.73477873780877,0.0,0.0,25.735392735463723,26.080919708620172,63.29571449409906,4.638157488657378,,,liquid,gas,26.02034924089443,26.31359233948035,2141.1160614589658,104.39157863642933,0.6004722147469899,3.665044937406492e-06,0.026675252695895324,0.026675252694460028,1.4352963262354024e-12
17680.0,388.74706916603327,0.0,0.0,25.73545915636433,26.08145079836426,63.29562228888257,4.638170666036696,,,liquid,gas,26.020514821395736,26.314105125066504,2141.1159880519176,104.39165204347746,0.6004730688915187,3.6703524074255255e-06,0.026748659744043835,0.026748659742594327,1.4495071809506044e-12
17700.0,388.7593579996275,0.0,0.0,25.735525600145962,26.08198178627417,63.295530035237974,4.638183853200868,,,liquid,gas,26.020680229445333,26.314617675810364,2141.1159145387264,104.39172555666845,0.6004739234681976,3.6756595591214135e-06,0.026822172935226263,0.026822172933577804,1.6484591469634324e-12
17720.0,388.7716452308833,0.0,0.0,25.735592066767403,26.082512672022283,63.29543773322139,4.638197050138039,,,liquid,gas,26.02084546550638,26.315129991971602,2141.115840919399,104.39179917599564,0.6004747784764998,3.6809663697567887e-06,0.0268957922626214,0.026895792260773987,1.8474111129762605e-12
17740.0,388.78393085142926,0.0,0.0,25.735658555915993,26.083043455272836,63.29534538340391,4.638210256828354,,,liquid,gas,26.02101053004092,26.315642073809222,2141.1157671939422,104.39187290145233,0.6004756339110132,3.6862728393316503e-06,0.02696951771940803,0.026969517717461144,1.9468870959826745e-12
17760.0,388.7962148560958,0.0,0.0,25.735725067911805,26.08357413573534,63.29525298516089,4.638223473288475,,,liquid,gas,26.0211754235095,26.316153921581435,2141.115693362363,104.3919467330317,0.6004764897776698,3.6915789678459987e-06,0.02704334929876495,0.027043349296832275,1.9326762412674725e-12
17780.0,388.80849723445664,0.0,0.0,25.735791602439367,26.0841047130477,63.29516053906311,4.638236699474143,,,liquid,gas,26.02134014637159,26.316665535545777,2141.115619424668,104.39202067072691,0.60047734607106,3.696884755299834e-06,0.027117286993870948,0.027117286992037748,1.8332002582610585e-12
17800.0,388.82077797936387,0.0,0.0,25.735858159455518,26.08463518689413,63.29506804517188,4.63824993537851,,,liquid,gas,26.021504699084876,26.317176915958957,2141.1155453808638,104.39209471453093,0.6004782027906079,3.702190201693156e-06,0.02719133079790481,0.0271913307960574,1.8474111129762605e-12
17820.0,388.83305708867186,0.0,0.0,25.735924739105698,26.085165557028954,63.29497550320381,4.638263181051994,,,liquid,gas,26.02166908210642,26.31768806307711,2141.115471230958,104.39216886443681,0.6004790599390082,3.7074952842885976e-06,0.027265480703590583,0.027265480701942124,1.6484591469634324e-12
17840.0,388.8453345483729,0.0,0.0,25.735991341343805,26.085695823043586,63.294882913206266,4.638276436408032,,,liquid,gas,26.02183329589181,26.31819897715561,2141.1153969749575,104.39224312043748,0.600479917515817,3.712800025823526e-06,0.027339736704107054,0.027339736702614914,1.4921397450962104e-12
17860.0,388.8576103593831,0.0,0.0,25.73605796608591,26.086225984736643,63.294790275341114,4.638289701531587,,,liquid,gas,26.02199734089549,26.318709658449137,2141.115322612869,104.39231748252583,0.6004807755195045,3.718104426297941e-06,0.027414098792633013,0.027414098790956132,1.6768808563938364e-12
17880.0,388.8698845077626,0.0,0.0,25.73612461297082,26.086756041702444,63.2946975902566,4.6383029763362025,,,liquid,gas,26.022161217570602,26.319220107211677,2141.1152481447,104.39239195069464,0.6004816339439268,3.723408440237108e-06,0.027488566961437755,0.027488566959775085,1.6626700016786344e-12
17900.0,388.8821569878028,0.0,0.0,25.736191282270553,26.08728599365014,63.29460485741755,4.6383162608298045,,,liquid,gas,26.022324926368764,26.319730323696422,2141.1151735704584,104.39246652493662,0.6004824927941668,3.728712090378394e-06,0.027563141203245323,0.027563141201753183,1.4921397450962104e-12
17920.0,388.894427797617,0.0,0.0,25.736257974000353,26.08781584034253,63.29451207678934,4.6383295550640495,,,liquid,gas,26.022488467740747,26.32024030815596,2141.1150988901504,104.39254120524446,0.6004833520705589,3.7340153994591675e-06,0.027637821511234506,0.027637821509586047,1.6484591469634324e-12
17940.0,388.906696924338,0.0,0.0,25.73632468811563,26.088345581391785,63.29441924841956,4.6383428589637505,,,liquid,gas,26.022651842135758,26.320750060842112,2141.115024103784,104.3926159916107,0.6004842117726574,3.7393183220046922e-06,0.0277126078776746,0.02771260787582719,1.8474111129762605e-12
17960.0,388.9189643636645,0.0,0.0,25.73639142438845,26.088875216529395,63.29432637272993,4.638356172552028,,,liquid,gas,26.02281505000204,26.32125958200606,2141.114949211367,104.3926908840279,0.6004850718964676,3.7446208580149685e-06,0.0277875002948349,0.02778750029303012,1.8047785488306545e-12
17980.0,388.93123010872455,0.0,0.0,25.73645818287237,26.08940474545223,63.294233449598345,4.638369495822085,,,liquid,gas,26.02297809178646,26.321768871898264,2141.114874212906,104.39276588248853,0.6004859324431535,3.7499230302273646e-06,0.027862498755439447,0.02786249875366309,1.7763568394002505e-12
18000.0,388.94349415016575,0.0,0.0,25.736524963524683,26.08993416782402,63.29414047907919,4.638382828738152,,,liquid,gas,26.023140967934644,26.322277930768486,2141.11479910841,104.39284098698496,0.6004867934122052,3.755224815904512e-06,0.027937603251757537,0.027937603250094867,1.6626700016786344e-12
18020.0,388.9557564852182,0.0,0.0,25.7365917662114,26.09046348340018,63.294047461419055,4.638396171339989,,,liquid,gas,26.023303678891082,26.32278675886582,2141.114723897885,104.39291619750955,0.6004876548012892,3.760526237783779e-06,0.028012813776513212,0.028012813774680012,1.8332002582610585e-12
18040.0,388.9680171076399,0.0,0.0,25.736658591182767,26.090992691889312,63.29395439612305,4.638409523626976,,,liquid,gas,26.023466225099,26.32329535643867,2141.11464858134,104.39299151405454,0.6004885166151066,3.76582725039043e-06,0.02808813032152102,0.02808813031967361,1.8474111129762605e-12
18060.0,388.98027600645935,0.0,0.0,25.736725438104706,26.091521792935524,63.29386128379607,4.6384228855437435,,,liquid,gas,26.02362860700045,26.323803723734777,2141.1145731587826,104.39306693661216,0.6004893788479244,3.771127876461833e-06,0.028163552879050258,0.02816355287728811,1.7621459846850485e-12
18080.0,388.9925331772035,0.0,0.0,25.736792306937474,26.09205078627372,63.293768124500666,4.638436257109373,,,liquid,gas,26.023790825036187,26.324311861001163,2141.1144976302203,104.39314246517452,0.6004902414991554,3.7764281159979873e-06,0.028239081441370217,0.028239081439650704,1.7195134205394424e-12
18100.0,389.0047886125295,0.0,0.0,25.736859197934805,26.092579671600127,63.29367491773191,4.638449638309567,,,liquid,gas,26.023952879645677,26.32481976848417,2141.114421995661,104.39321809973367,0.6004911045735959,3.7817279689988936e-06,0.028314716000750195,0.028314715998803308,1.9468870959826745e-12
18120.0,389.01704230449354,0.0,0.0,25.73692611076124,26.093108448603598,63.29358166410599,4.638463029122781,,,liquid,gas,26.024114771267413,26.325327446429487,2141.114346255113,104.39329384028166,0.600491968065406,3.7870273899898165e-06,0.02839045654854999,0.028390456546787846,1.7621459846850485e-12
18140.0,389.02929425245134,0.0,0.0,25.73699304538013,26.0936371170747,63.293488363690024,4.638476429611184,,,liquid,gas,26.024276500338615,26.325834895082135,2141.114270408584,104.39336968681042,0.6004928319739548,3.7923264471828587e-06,0.02846630307749365,0.02846630307554676,1.9468870959826745e-12
18160.0,389.04154444143745,0.0,0.0,25.737060002043727,26.09416567660722,63.29339501596088,4.638489839671735,,,liquid,gas,26.024438067295257,26.326342114686476,2141.1141944560827,104.39344563931184,0.6004936963042117,3.7976250723659176e-06,0.028542255578940967,0.02854225557696566,1.9753088054130785e-12
18180.0,389.0537928729204,0.0,0.0,25.737126980420296,26.094694127022812,63.293301621553724,4.638503259390233,,,liquid,gas,26.024599472572035,26.326849105486158,2141.114118397617,104.39352169777771,0.6004945610501566,3.802923288276361e-06,0.028618314044706494,0.028618314042844872,1.8616219676914625e-12
18200.0,389.06603953477264,0.0,0.0,25.737193980564953,26.095222467956297,63.29320818032901,4.638516688695662,,,liquid,gas,26.024760716602813,26.327355867724247,2141.1140422331946,104.39359786219985,0.6004954262131194,3.8082211176515556e-06,0.028694478467059525,0.02869447846498474,2.0747847884194925e-12
18220.0,389.0782844211719,0.0,0.0,25.737261002438885,26.09575069913057,63.29311469234334,4.638530127589217,,,liquid,gas,26.02492179981954,26.32786240164301,2141.1139659628248,104.39367413256986,0.6004962917925694,3.8135184922793995e-06,0.028770748836905113,0.028770748834986648,1.9184653865522705e-12
18240.0,389.0905275272581,0.0,0.0,25.7373280459021,26.09627882028268,63.293021157849324,4.638543576082875,,,liquid,gas,26.02508272265362,26.328368707484145,2141.113889586515,104.3937505088794,0.6004971577861159,3.818815480371996e-06,0.028847125146512553,0.028847125144537245,1.9753088054130785e-12
18260.0,389.1027688468408,0.0,0.0,25.737395111221524,26.096806831132234,63.292927576320096,4.638557034172958,,,liquid,gas,26.025243485535118,26.328874785488708,2141.1138131042744,104.39382699112006,0.6004980241987636,3.824112036454608e-06,0.028923607387241645,0.028923607385195282,2.0463630789890885e-12
18280.0,389.1150083747013,0.0,0.0,25.737462198052853,26.09733473141318,63.29283394839628,4.6385705018666545,,,liquid,gas,26.025404088892746,26.32938063589704,2141.113736516111,104.3939035792833,0.6004988910244411,3.829408160527237e-06,0.02900019555045219,0.02900019554843425,2.0179413695586845e-12
18300.0,389.12724610075867,0.0,0.0,25.73752930645601,26.097862520793253,63.29274027393472,4.638583979114859,,,liquid,gas,26.02556453315429,26.329886258948886,2141.1136598220337,104.3939802733606,0.6004997582645123,3.83470387532725e-06,0.029076889627958735,0.02907688962572763,2.2311041902867146e-12
18320.0,389.1394820186583,0.0,0.0,25.73759643628809,26.098390198992625,63.29264655318911,4.638597465911014,,,liquid,gas,26.025724818746195,26.33039165488329,2141.113583022051,104.39405707334332,0.6005006259165766,3.8399991353799125e-06,0.029153689610666333,0.02915368960844944,2.2168933355715126e-12
18340.0,389.151716125827,0.0,0.0,25.737663587825253,26.098917765784407,63.29255278562517,4.638610962291818,,,liquid,gas,26.02588494609378,26.330896823938698,2141.1135061161717,104.39413397922279,0.6005014939857093,3.845293963422591e-06,0.029230595489934785,0.029230595487916844,2.0179413695586845e-12
18360.0,389.1639484139631,0.0,0.0,25.737730760610212,26.09944522086375,63.29245897209024,4.63862446822764,,,liquid,gas,26.026044915621185,26.331401766352858,2141.113429104404,104.39421099099025,0.6005023624638772,3.850588382192655e-06,0.02930760725757864,0.029307607255375956,2.2026824808563106e-12
18380.0,389.17617887918925,0.0,0.0,25.737797955178614,26.099972563987595,63.29236511155218,4.63863798373951,,,liquid,gas,26.026204727751356,26.33190648236291,2141.1133519867576,104.39428810863689,0.6005032313608792,3.8558823234779995e-06,0.0293847249040482,0.029384724902016046,2.0321522242738865e-12
18400.0,389.1884075091076,0.0,0.0,25.737865170605453,26.1004997947963,63.292271205737755,4.638651508750055,,,liquid,gas,26.026364382906173,26.332410972205352,2141.1132747632405,104.39436533215387,0.6005041006603384,3.861175855490728e-06,0.029461948421158013,0.029461948418997963,2.1600499167107046e-12
18420.0,389.2006343033826,0.0,0.0,25.73793240763401,26.10102691309757,63.29217725322909,4.638665043320408,,,liquid,gas,26.026523881506346,26.332915236116023,2141.1131974338623,104.39444266153227,0.6005049703757136,3.866468910018739e-06,0.029539277799358388,0.02953927779739729,1.9610979506978765e-12
18440.0,389.21285925594543,0.0,0.0,25.73799966596717,26.101553918620866,63.29208325457459,4.638678587445396,,,liquid,gas,26.02668322397136,26.333419274330158,2141.1131199986316,104.39452009676309,0.6005058405018077,3.871761532536766e-06,0.029616713030009123,0.029616713028218555,1.7905676941154525e-12
18460.0,389.2250823546707,0.0,0.0,25.738066945669075,26.102080811012957,63.291989209617476,4.638692141049846,,,liquid,gas,26.026842410719354,26.33392308708229,2141.1130424575576,104.39459763783724,0.6005067110401148,3.877053700307442e-06,0.029694254104015272,0.029694254102366813,1.6484591469634324e-12
18480.0,389.2373035994355,0.0,0.0,25.73813424649208,26.10260759008719,63.29189511882787,4.63870570419638,,,liquid,gas,26.02700144216792,26.334426674606416,2141.1129648106494,104.3946752847457,0.6005075819861804,3.882345413330768e-06,0.029771901012281887,0.02977190101083238,1.4495071809506044e-12
18500.0,389.24952298329913,0.0,0.0,25.73820156839616,26.10313425556362,63.291800982262316,4.638719276868861,,,liquid,gas,26.027160318732726,26.334930037135795,2141.112887057916,104.39475303747923,0.6005084533394744,3.887636671606742e-06,0.029849653745714022,0.02984965374436399,1.3500311979441904e-12
18520.0,389.26174049680185,0.0,0.0,25.738268911556776,26.103660807128477,63.29170679955905,4.638732859021859,,,liquid,gas,26.02731904082891,26.335433174903166,2141.1128091993664,104.39483089602865,0.6005093251034356,3.892927475135366e-06,0.02992751229521673,0.029927512293781433,1.4352963262354024e-12
18540.0,389.27395613929883,0.0,0.0,25.738336275942203,26.104187244590527,63.29161257077601,4.638746450711042,,,liquid,gas,26.027477608870203,26.335936088140567,2141.1127312350104,104.39490886038466,0.6005101972775204,3.898217801179271e-06,0.030005476651240315,0.030005476649790808,1.4495071809506044e-12
18560.0,389.28616989773553,0.0,0.0,25.738403661290334,26.104713567588128,63.291518296375244,4.638760051849,,,liquid,gas,26.02763602326925,26.33643877707945,2141.112653164857,104.39498693053791,0.6005110698573514,3.903507672475826e-06,0.03008354680468983,0.030083546803041372,1.6484591469634324e-12
18580.0,389.29838177405196,0.0,0.0,25.738471067679132,26.105239775967412,63.291423976212705,4.6387736625205465,,,liquid,gas,26.02779428443769,26.336941241950665,2141.1125749889156,104.39506510647904,0.6005119428443016,3.908797066287662e-06,0.030161722746015585,0.030161722744168173,1.8474111129762605e-12
18600.0,389.3105917543559,0.0,0.0,25.738538495064308,26.10576586935698,63.29132961033325,4.638787282627998,,,liquid,gas,26.02795239278572,26.337443482984384,2141.112496707196,104.39514338819853,0.6005128162379519,3.914085982614779e-06,0.03024000446566788,0.03024000446366415,2.0037305148434825e-12
18620.0,389.3227998387162,0.0,0.0,25.738605943413667,26.106291847578888,63.291235198797565,4.63880091223401,,,liquid,gas,26.028110348722457,26.33794550041016,2141.1124183197076,104.39522177568688,0.6005136900377328,3.919374421457178e-06,0.030318391954097024,0.030318391952008028,2.0889956431346945e-12
18640.0,389.3350060212372,0.0,0.0,25.738673412689558,26.106817710373704,63.291140741660165,4.638814551332339,,,liquid,gas,26.028268152656207,26.338447294457026,2141.11233982646,104.3953002689345,0.6005145642431335,3.924662382814858e-06,0.03039688520175332,0.030396885199635904,2.1174173525650986e-12
18660.0,389.3472102900798,0.0,0.0,25.738740902849997,26.10734345740101,63.29104623896696,4.638828199847997,,,liquid,gas,26.02842580499397,26.33894886535331,2141.1122612274626,104.3953788679318,0.6005154388537247,3.929949866687821e-06,0.030475484199087077,0.030475484196927027,2.1600499167107046e-12
18680.0,389.3594126474314,0.0,0.0,25.738808413864433,26.10786908851455,63.29095169078161,4.638841857867139,,,liquid,gas,26.028583306141776,26.339450213326824,2141.112182522725,104.39545757266907,0.6005163138689088,3.935236873076065e-06,0.0305541889365486,0.030554188934203808,2.3447910280083306e-12
18700.0,389.3716130813678,0.0,0.0,25.738875945690786,26.10839460337443,63.29085709715019,4.638855525313209,,,liquid,gas,26.02874065650412,26.339951338604656,2141.1121037122575,104.39553638313654,0.6005171892882551,3.940523379242223e-06,0.030632999404133443,0.030632999401674965,2.4584778657299466e-12
18720.0,389.38381158630256,0.0,0.0,25.738943498292233,26.108920001728908,63.29076245812634,4.638869202182305,,,liquid,gas,26.0288978564848,26.34045224141338,2141.11202479607,104.39561529932442,0.6005180651112613,3.945809385186294e-06,0.03071191559183717,0.03071191558954922,2.2879476091475226e-12
18740.0,389.3960081602455,0.0,0.0,25.739011071520235,26.109445283376818,63.29066777398652,4.6388828885115565,,,liquid,gas,26.029054906486365,26.340952921978904,2141.1119457741715,104.39569432122286,0.6005189413353104,3.951094913645647e-06,0.030790937490110082,0.030790937487992665,2.1174173525650986e-12
18760.0,389.4082027956613,0.0,0.0,25.7390786656808,26.109970448041196,63.29057304412629,4.638896584274053,,,liquid,gas,26.02921180691022,26.341453380526602,2141.1118666465727,104.39577344882191,0.6005198179661443,3.956379941882915e-06,0.03087006508894774,0.030870065087043486,1.9042545318370685e-12
18780.0,389.42039548878097,0.0,0.0,25.7391462803948,26.110495495497954,63.29047826925612,4.638910289485884,,,liquid,gas,26.0293685581568,26.341953617281234,2141.111787413283,104.39585268211162,0.600520694997028,3.961664492635464e-06,0.03094929837880045,0.030949298376754086,2.0463630789890885e-12
18800.0,389.432586229942,0.0,0.0,25.73921391562064,26.11102042544256,63.290383449427985,4.638924004095058,,,liquid,gas,26.029525160625443,26.342453632466942,2141.1117080743124,104.39593202108199,0.600521572427475,3.96694852042856e-06,0.03102863734920902,0.031028637347120025,2.0889956431346945e-12
18820.0,389.4447750136072,0.0,0.0,25.739281571670894,26.111545237628214,63.290288584029526,4.638937728096735,,,liquid,gas,26.029681614714058,26.34295342630725,2141.1116286296715,104.39601146572288,0.600522450263302,3.972232047999569e-06,0.031108081990169012,0.031108081988008962,2.1600499167107046e-12
18840.0,389.4569618398123,0.0,0.0,25.739349248047716,26.112069931885756,63.29019367400883,4.638951461549898,,,liquid,gas,26.029837920819794,26.343452999025153,2141.1115490793704,104.39609101602416,0.60052332849552,3.9775150526111245e-06,0.031187632291221234,0.031187632289288558,1.9326762412674725e-12
18860.0,389.4691466973053,0.0,0.0,25.7394169451784,26.112594507891195,63.290098718519545,4.638965204383397,,,liquid,gas,26.029994079338614,26.343952350843015,2141.111469423419,104.39617067197563,0.6005242071321657,3.982797579737962e-06,0.031267288242815994,0.03126728824075542,2.0605739337042905e-12
18880.0,389.4813295825441,0.0,0.0,25.739484662676404,26.113118965427773,63.290003718287466,4.6389789566144595,,,liquid,gas,26.030150090665344,26.344451481982603,2141.1113896618276,104.39625043356703,0.6005250861663594,3.988079561167978e-06,0.03134704983403935,0.03134704983216352,1.8758328224066645e-12
18900.0,389.4935104873445,0.0,0.0,25.73955240062083,26.113643304215472,63.289908673138136,4.638992718206645,,,liquid,gas,26.03030595519382,26.344950392665137,2141.1113097946068,104.39633030078807,0.6005259655997627,3.9933610423759095e-06,0.03142691705488687,0.03142691705319578,1.6910917111090384e-12
18920.0,389.5056894132833,0.0,0.0,25.73962015886218,26.114167524109625,63.28981358335991,4.639006489235494,,,liquid,gas,26.030461673316804,26.34544908311124,2141.1112298217663,104.39641027362838,0.600526845429646,3.998642023361754e-06,0.03150688989535411,0.031506889893506695,1.8474111129762605e-12
18940.0,389.51786634822,0.0,0.0,25.73968793759733,26.11469162477736,63.28971844854283,4.639020269618476,,,liquid,gas,26.030617245425823,26.345947553540956,2141.111149743317,104.39649035207752,0.600527725659906,4.003922458650777e-06,0.03158696834452712,0.03158696834265129,1.8758328224066645e-12
18960.0,389.53004128841616,0.0,0.0,25.739755736673047,26.11521560600235,63.28962326896823,4.639034059369438,,,liquid,gas,26.03077267191153,26.34644580417375,2141.1110695592697,104.39657053612505,0.6005286062878799,4.009202370980347e-06,0.03166715239194673,0.03166715239018458,1.7621459846850485e-12
18980.0,389.54221422893704,0.0,0.0,25.73982355605401,26.1157394675527,63.28952804468809,4.6390478584881345,,,liquid,gas,26.030927953163413,26.34694383522851,2141.1109892696345,104.39665082576043,0.600529487313081,4.0144817603504634e-06,0.03174744202715374,0.03174744202556212,1.5916157281026244e-12
19000.0,389.55438516437863,0.0,0.0,25.739891395826326,26.11626320919075,63.28943277552275,4.639061666968691,,,liquid,gas,26.031083089569826,26.347441646923542,2141.110908874422,104.39673122097308,0.6005303687372207,4.019760626761126e-06,0.03182783723968896,0.03182783723821103,1.4779288903810084e-12
19020.0,389.56655408878635,0.0,0.0,25.739959255589028,26.116786830672076,63.2893374622186,4.639075484798593,,,liquid,gas,26.03123808151817,26.347939239476588,2141.1108283736426,104.39681172175237,0.6005312505532232,4.025038970212336e-06,0.03190833801909321,0.03190833801750159,1.5916157281026244e-12
19040.0,389.57872099759453,0.0,0.0,25.74002713579512,26.117310331772266,63.28924210389909,4.639089311981004,,,liquid,gas,26.03139292939462,26.34843661310482,2141.110747767307,104.39689232808759,0.6005321327694126,4.030316767966724e-06,0.03198894435445254,0.03198894435271882,1.7337242752546445e-12
19060.0,389.59088588284743,0.0,0.0,25.740095035917,26.117833712220897,63.28914670154644,4.639103148479847,,,liquid,gas,26.031547633584548,26.348933768024843,2141.110667055427,104.39697303996802,0.6005330153764759,4.035594020024291e-06,0.03206965623485303,0.032069656233147725,1.7053025658242404e-12
19080.0,389.6030487454402,0.0,0.0,25.740162956416846,26.11835697187042,63.28905125428154,4.639116994360511,,,liquid,gas,26.03170219447176,26.349430704452626,2141.110586238012,104.3970538573828,0.6005338983827607,4.040870749122405e-06,0.032150473649835476,0.03215047364793122,1.9042545318370685e-12
19100.0,389.6152095738886,0.0,0.0,25.74023089676014,26.118880110403307,63.28895576309035,4.63913084954581,,,liquid,gas,26.031856612439817,26.349927422603752,2141.1105053150736,104.39713478032118,0.6005347817789188,4.04614690978633e-06,0.0322313965880312,0.03223139658631169,1.7195134205394424e-12
19120.0,389.6273683653182,0.0,0.0,25.740298857410124,26.11940312762159,63.28886022708095,4.639144714057246,,,liquid,gas,26.032010887870523,26.35042392269309,2141.1104242866227,104.3972158087722,0.6005356655734199,4.051422547490802e-06,0.03231242503898102,0.03231242503733256,1.6484591469634324e-12
19140.0,389.63952511248976,0.0,0.0,25.74036683795707,26.119926023267983,63.288764647013046,4.639158587865839,,,liquid,gas,26.03216502114503,26.350920204934983,2141.11034315267,104.39729694272494,0.6005365497590619,4.056697639498452e-06,0.03239355899177099,0.032393558990065685,1.7053025658242404e-12
19160.0,389.6516798157999,0.0,0.0,25.740434838495233,26.120448797191052,63.28866902270769,4.639172471030173,,,liquid,gas,26.032319012643146,26.351416269543233,2141.1102619132266,104.39737818216835,0.6005374343375499,4.061972163071914e-06,0.032474798435032426,0.03247479843348344,1.5489831639570184e-12
19180.0,389.66383246397754,0.0,0.0,25.74050285898472,26.120971449079498,63.28857335420812,4.639186363474373,,,liquid,gas,26.032472862743834,26.351912116731068,2141.1101805683033,104.3974595270914,0.6005383193084798,4.067246163685923e-06,0.032556143358306144,0.03255614335652979,1.7763568394002505e-12
19200.0,389.6759830545178,0.0,0.0,25.74057089939297,26.121493978743523,63.28847764156889,4.6392002652230975,,,liquid,gas,26.032626571824963,26.352407746711183,2141.110099117912,104.39754097748298,0.6005392046713411,4.072519573128375e-06,0.03263759374976871,0.03263759374810604,1.6626700016786344e-12
19220.0,389.6881315820047,0.0,0.0,25.740638959685313,26.12201638595402,63.28838188484009,4.639214176267248,,,liquid,gas,26.032780140263373,26.352903159695714,2141.110017562063,104.39762253333191,0.6005400904256651,4.077792436874006e-06,0.03271914959850619,0.032719149597042474,1.4637180356658064e-12
19240.0,389.70027803871477,0.0,0.0,25.740707039696638,26.122538670450847,63.28828608431368,4.63922809657095,,,liquid,gas,26.032933568434807,26.353398355896232,2141.109935900768,104.397704194627,0.6005409765686882,4.083064754922816e-06,0.03280081089360465,0.03280081089212672,1.4779288903810084e-12
19260.0,389.7124224264937,0.0,0.0,25.740775139783317,26.123060832106447,63.288190239315306,4.639242026208048,,,liquid,gas,26.03308685671398,26.35389333552378,2141.109854134038,104.39778596135693,0.6005418631068162,4.088336504537438e-06,0.0328825776236954,0.03288257762206115,1.6342482922482304e-12
19280.0,389.7245647319387,0.0,0.0,25.74084325938961,26.123582870584002,63.288094350865435,4.639255965076823,,,liquid,gas,26.03324000547473,26.354388098788846,2141.1097722618842,104.39786783351045,0.6005427500303725,4.0936076857178705e-06,0.032964449777409754,0.032964449775576554,1.8332002582610585e-12
19300.0,389.7367049550826,0.0,0.0,25.740911398872257,26.1241047857325,63.28799841828376,4.6392699132297475,,,liquid,gas,26.03339301508983,26.35488264590141,2141.1096902843187,104.39794981107617,0.6005436373458196,4.098878275726747e-06,0.03304642734292429,0.03304642734130425,1.6200374375330284e-12
19320.0,389.7488430906357,0.0,0.0,25.74097955806792,26.12462657732841,63.28790244186583,4.639283870657832,,,liquid,gas,26.0335458859308,26.355376977070836,2141.1096082013523,104.39803189404266,0.6005445250503597,4.104148320038803e-06,0.033128510309325065,0.03312851030779029,1.5347723092418164e-12
19340.0,389.76097913460166,0.0,0.0,25.74104773707456,26.125148245166677,63.2878064214129,4.6392978373667075,,,liquid,gas,26.033698618368682,26.355871092506092,2141.1095260129964,104.39811408239851,0.6005454131458855,4.10941779591667e-06,0.0332106986652434,0.03321069866363757,1.6058265828178264e-12
19360.0,389.7731130777676,0.0,0.0,25.74111593546116,26.12566978897126,63.28771035771975,4.6393118133017675,,,liquid,gas,26.033851212772802,26.356364992415433,2141.109443719263,104.39819637613215,0.6005463016248621,4.114686680622981e-06,0.03329299239885586,0.033292992397278454,1.5774048733874224e-12
19380.0,389.78524491810253,0.0,0.0,25.74118415358982,26.126191208565746,63.287614250089995,4.639325798490676,,,liquid,gas,26.034003669511687,26.35685867700664,2141.109361320163,104.39827877523199,0.6005471904939046,4.119954996895103e-06,0.03337539149879376,0.03337539149711688,1.6768808563938364e-12
19400.0,389.7973746477401,0.0,0.0,25.741252391425974,26.1267125036941,63.28751809856675,4.639339792893777,,,liquid,gas,26.034155988953273,26.357352146487028,2141.1092788157084,104.39836127968647,0.6005480797526105,4.125222721995669e-06,0.033457895953233674,0.033457895951599426,1.6342482922482304e-12
19420.0,389.8095022681525,0.0,0.0,25.741320648542576,26.12723367422965,63.287421903967015,4.639353796578489,,,liquid,gas,26.03430817146385,26.35784540106327,2141.109196205911,104.39844388948386,0.6005489693932341,4.130489878662047e-06,0.033540505750806915,0.033540505748987925,1.8189894035458565e-12
19440.0,389.8216277684695,0.0,0.0,25.74138892543362,26.12775471987647,63.28732566531836,4.639367809470107,,,liquid,gas,26.03446021740929,26.35833844094163,2141.1091134907824,104.39852660461248,0.60054985942501,4.135756421419501e-06,0.033623220879235305,0.03362322087761527,1.6200374375330284e-12
19460.0,389.8337511456348,0.0,0.0,25.741457221666828,26.128275640446954,63.28722938343493,4.639381831583492,,,liquid,gas,26.03461212715419,26.358831266327787,2141.1090306703345,104.3986094250606,0.6005507498402194,4.1410223957427664e-06,0.03370604132715016,0.033706041325729075,1.4210854715202004e-12
19480.0,389.84587239299094,0.0,0.0,25.741525537340713,26.12879643570477,63.28713305810988,4.639395862891808,,,liquid,gas,26.034763901061815,26.3593238774268,2141.108947744579,104.39869235081632,0.6005516406408321,4.146287778894475e-06,0.03378896708272805,0.03378896708144907,1.2789769243681803e-12
19500.0,389.8579915099897,0.0,0.0,25.741593872289574,26.12931710549828,63.287036689656475,4.639409903438237,,,liquid,gas,26.034915539495206,26.359816274443393,2141.1088647135275,104.39877538186786,0.6005525318238822,4.151552570874628e-06,0.03387199813414554,0.03387199813299446,1.1510792319313623e-12
19520.0,389.8701084900886,0.0,0.0,25.741662226749682,26.12983764959414,63.28694027760523,4.639423953196761,,,liquid,gas,26.035067042815687,26.360308457581628,2141.108781577192,104.39885851820326,0.6005534233938317,4.156816771683225e-06,0.03395513446957921,0.033955134468385495,1.1937117960769683e-12
19540.0,389.8822233276031,0.0,0.0,25.741730600888125,26.130358067771482,63.2868438216215,4.639438012151021,,,liquid,gas,26.0352184113837,26.360800427045067,2141.108698335585,104.39894175981051,0.6005543153538632,4.162080358582898e-06,0.034038376076750865,0.03403837607564242,1.1084466677857563e-12
19560.0,389.89433602025775,0.0,0.0,25.74179899380273,26.13087835985715,63.28674732341695,4.639452080323518,,,liquid,gas,26.03536964555939,26.361292183036866,2141.108614988718,104.39902510667771,0.6005552076877411,4.167343354311015e-06,0.034121722943837085,0.034121722942842325,9.947598300641403e-13
19580.0,389.9064465593358,0.0,0.0,25.741867406191282,26.13139852559005,63.28665078163682,4.639466157662512,,,liquid,gas,26.035520745700936,26.36178372575949,2141.1085315366026,104.39910855879272,0.600556100408328,4.172605758867576e-06,0.03420517505901444,0.034205175057849146,1.1652900866465643e-12
19600.0,389.91855494014874,0.0,0.0,25.741935837682988,26.1319185647652,63.286554196973746,4.639480244162302,,,liquid,gas,26.03567171216601,26.362275055414973,2141.108447979252,104.39919211614344,0.6005569935090584,4.177867526777845e-06,0.03428873240954999,0.034288732408569444,9.805489753489383e-13
19620.0,389.9306611640197,0.0,0.0,25.742004288526786,26.132438477261125,63.28645756895602,4.6394943398860065,,,liquid,gas,26.035822545311618,26.362766172204918,2141.1083643166776,104.39927577871777,0.6005578869944153,4.183128726253926e-06,0.03437239498407507,0.03437239498289557,1.1795009413617663e-12
19640.0,389.94276521748407,0.0,0.0,25.742072758544367,26.132958262753494,63.28636089788556,4.639508444726579,,,liquid,gas,26.035973245492926,26.363257076330246,2141.108280548892,104.3993595465034,0.6005587808615408,4.188389289083716e-06,0.034456162769856746,0.03445616276853514,1.3216094885137863e-12
19660.0,389.9548671064006,0.0,0.0,25.74214124785238,26.133477921184742,63.286264183555225,4.639522558798722,,,liquid,gas,26.03612381306498,26.3637477679915,2141.108196675907,104.3994434194882,0.6005596751124075,4.193649238004582e-06,0.03454003575461684,0.03454003575332365,1.2931877790833823e-12
19680.0,389.96696681768327,0.0,0.0,25.742209755989695,26.133997452237093,63.286167426806564,4.63953668199927,,,liquid,gas,26.03627424838145,26.364238247388695,2141.1081126977356,104.3995273976598,0.6005605697390367,4.198908573016524e-06,0.03462401392607717,0.03462401392492609,1.1510792319313623e-12
19700.0,389.97906434902154,0.0,0.0,25.742278283488794,26.134516855741936,63.28607062661728,4.639550814348573,,,liquid,gas,26.036424551795093,26.36472851472131,2141.1080286143897,104.39961148100589,0.6005614647511364,4.204167294119543e-06,0.03470809727195956,0.03470809727102164,9.379164112033322e-13
19720.0,389.9911596955458,0.0,0.0,25.74234682975146,26.1350361314961,63.28597378411333,4.639564955837339,,,liquid,gas,26.036574723657814,26.36521857018835,2141.1079444258817,104.3996956695141,0.6005623601380288,4.209425401313638e-06,0.03479228577998583,0.03479228577923266,7.531752999057062e-13
19740.0,389.5747067317511,0.003369581009489305,0.0673916201897861,25.74205580581662,26.12404120466772,63.28536524716724,4.636640550589463,,,liquid,gas,26.03672476432026,26.36570841398828,2141.107860132224,104.33238834298217,0.6005681113582675,4.214682894598809e-06,0.03487657943787781,0.03487657943708704,7.907702270770756e-13
19760.0,387.0332550971697,0.020137214057838658,0.47013590134655925,25.739981420836767,26.055865585237868,63.28221884756975,4.619090982267143,,,liquid,gas,26.03687118196927,26.3661444585014,2141.107775178246,103.92972901580345,0.6005979478473416,4.247698893777852e-06,0.034961533415753365,0.034961533415135304,6.180611578088246e-13
19780.0,384.51822000629744,0.02001778706383563,0.8704916426232718,25.737928670516144,25.98822454903874,63.279102760563624,4.601641716264957,,,liquid,gas,26.037012270987063,26.3665005325271,2141.1076892439933,103.52945920877939,0.6006274993097673,4.296712631912669e-06,0.03504746766839162,0.0350474676677881,6.035172361862351e-13
19800.0,382.9113810747992,0.019906994937805223,1.2686315413793763,25.733830802327976,25.933398918044794,63.18238941634477,4.594525763991698,0.0001260643793420583,,twophase,gas,26.037147243711892,26.366779400827852,2141.107603355007,103.13140519900927,0.6015468562697452,4.294449308872572e-06,0.03513335665456907,0.03513335665377171,7.973621762857874e-13
19820.0,382.4006392743572,0.019877997068849507,1.6661914827563664,25.727208388303687,25.893967850022996,62.97148589936524,4.6000767836611445,0.00040664814716960356,,twophase,gas,26.03726718661959,26.367002963405827,2141.107529002793,102.7339196098462,0.6035615304665576,3.717610707099084e-06,0.03520770886871105,0.03520770886769364,1.0174083797664935e-12
19840.0,381.89238371865616,0.01986213857229968,2.06343425420236,25.720612048725748,25.854704114272558,62.76233223849653,4.605659184939357,0.0006859079324080993,,twophase,gas,26.037370768643918,26.3671750713642,2141.1074679568437,102.3367378843492,0.6055728645823741,3.052297461181297e-06,0.03526875481793468,0.035268754816695225,1.2394529846915248e-12
19860.0,381.3865964494529,0.019846525501999966,2.4603647642423594,25.71404162652231,25.81560701114315,62.55490696962041,4.611273161130608,0.0009638537683833748,,twophase,gas,26.03745808596045,26.367296281229542,2141.1074201529004,101.93985517825239,0.6075808647820243,2.390197164459096e-06,0.03531655876122386,0.03531655875987649,1.34736666268509e-12
19880.0,380.88325978443,0.019831157400958997,2.8569879122615394,25.707496967262355,25.77667576482279,62.34918869270518,4.616918941503106,0.0012404959465383988,,twophase,gas,26.037529234205767,26.367367008480215,2141.1073855270492,101.54326665608457,0.6095855400081325,1.7312925592705142e-06,0.03535118461240927,0.03535118461123865,1.170619157164765e-12
19900.0,380.3823561916322,0.01981603383921051,3.2533085890457496,25.700977917540232,25.73790960631674,62.14515635128051,4.622596759913955,0.001515844659442302,,twophase,gas,26.037584308472574,26.36738766646454,2141.107364015729,101.14696749062041,0.6115868992528066,1.0755660014183376e-06,0.03537269593243764,0.035372695931291886,1.1457501614131615e-12
19920.0,379.88386828405106,0.019801154402157482,3.6493316770888993,25.69448432491696,25.699307772815118,61.942789223877554,4.628306855052621,0.0017899100043201987,,twophase,gas,26.0376234033131,26.367358666390984,2141.10735555573,100.75095286257661,0.6135849515739067,4.229999603921897e-07,0.03538115593164548,0.03538115593064051,1.0049738818906917e-12
19940.0,379.4943401875944,0.019787873779547983,4.045089152679859,25.689405943798413,25.689405943798413,61.78461929963482,4.628943337218992,0.002004764382982958,0.999158777344596,twophase,twophase,26.037648108333126,26.367295228889617,2141.107355229843,100.35519571287273,0.6151557418550831,1.6294347915390973e-08,0.03538148181860379,0.035381481817717386,8.86402062860725e-13
19960.0,379.12454920460476,0.01977689101375759,4.440626972955011,25.684581495624357,25.684581495624357,61.63472710225751,4.6286922648837,0.0022089169720203084,0.9981669332235115,twophase,twophase,26.03766088621733,26.367221263396306,2141.107355229843,99.95965789259758,0.6166517660967893,0.0,0.03538148181860379,0.035381481817717386,8.86402062860725e-13
19980.0,378.75546910791434,0.019766044840483055,4.835947869764672,25.679763028839837,25.679763028839837,61.48548868533683,4.628458052747874,0.002412712158693847,0.9971734119950151,twophase,twophase,26.037661881448937,26.36713775333372,2141.107355229843,99.56433699578791,0.6181485116758088,0.0,0.03538148181860379,0.035381481817713833,8.899547765395255e-13
20000.0,378.3870988698525,0.01975524287556647,5.231052727276001,25.674950543554775,25.674950543554775,61.33690020740676,4.628240811166896,0.002616150716569242,0.9961781943933712,twophase,twophase,26.037651137738717,26.36704468563132,2141.107355229843,99.16923213827658,0.6196459748044322,0.0,0.03538148181860379,0.03538148181771561,8.881784197001252e-13
20020.0,378.0194374692132,0.0197444852956969,5.625942433189939,25.670144039939046,25.670144039939046,61.188957857525246,4.628040652074896,0.002819233415419232,0.9951812609497928,twophase,twophase,26.037628698679917,26.36694204691099,2141.107355229843,98.77434243236264,0.6211441516784466,0.0,0.03538148181860379,0.035381481817713833,8.899547765395255e-13
20040.0,377.65248389162866,0.019733772280313124,6.020617878796202,25.665343518227647,25.665343518227647,61.04165785484663,4.627857689029571,0.003021961021412802,0.9941825919859373,twophase,twophase,26.037594607748638,26.366829823383316,2141.107355229843,98.37966698675638,0.6226430384784024,0.0,0.03538148181860379,0.035381481817708504,8.952838470577262e-13
20060.0,377.28623713010074,0.019723104011701943,6.4150799590302405,25.660548978727924,25.660548978727924,60.89499644814081,4.627692037266409,0.003224334297382506,0.9931821676057612,twophase,twophase,26.037548908304213,26.366708000696757,2141.107355229843,97.98520490652234,0.6241426313714998,0.0,0.03538148181860379,0.03538148181771206,8.917311333789257e-13
20080.0,376.9206961857925,0.019712480675127743,6.809329572532795,25.655760421830152,25.655760421830152,60.748969915189036,4.627543813768284,0.003426354003265162,0.9921799676846383,twophase,twophase,26.037491643589576,26.366576563706616,2141.107355229843,97.59095529301979,0.6256429265148384,0.0,0.03538148181860379,0.03538148181771472,8.890665981198254e-13
20100.0,376.55586006933436,0.019701902459011534,7.203367621713026,25.650977848025033,25.650977848025033,60.60357456201613,4.627413137363464,0.0036280208967713265,0.9911759718535221,twophase,twophase,26.03742285673159,26.366435496097132,2141.107355229843,97.19691724383956,0.6271439200604859,0.0,0.03538148181860379,0.03538148181772094,8.828493491819245e-13
20120.0,376.19172780310254,0.019691369555210468,7.597195012817235,25.64620125793395,25.64620125793395,60.45880672168617,4.627300128879438,0.0038293357346530403,0.9901701594731301,twophase,twophase,26.03734259074135,26.366284779704973,2141.107355229843,96.80308985273535,0.6286456081652672,0.0,0.03538148181860379,0.03538148181772005,8.837375276016246e-13
20140.0,375.82829842588495,0.019680882159510693,7.990812656007449,25.641430652370676,25.641430652370676,60.31466275217614,4.627204911428534,0.004030299275227345,0.9891625095847324,twophase,twophase,26.037250888514365,26.366124393138026,2141.107355229843,96.40947220954514,0.630147987010496,0.0,0.03538148181860379,0.035381481817722715,8.810729923425242e-13
20160.0,375.4655710046531,0.019670440472693684,8.384221465461323,25.636666032496773,25.636666032496773,60.17113903134965,4.6271276110874515,0.004230912284822883,0.988153000790753,twophase,twophase,26.03714779283056,26.365954308269412,2141.107355229843,96.01606340009127,0.6316510528527424,0.0,0.03538148181860379,0.035381481817722715,8.810729923425242e-13
20180.0,375.10354468396525,0.019660044703825808,8.77742235953784,25.63190740047237,25.63190740047237,60.028231936616386,4.627068359647303,0.004431175564825769,0.9871416107663704,twophase,twophase,26.03703334635363,26.365774475509074,2141.107355229843,95.62286250601476,0.6331548022375935,0.0,0.03538148181860379,0.03538148181772449,8.79296635503124e-13
20200.0,374.7422187851965,0.019649695088118778,9.170416261300215,25.627154760765194,25.627154760765194,59.88593780468563,4.627027300160412,0.00463109000616752,0.9861283152728969,twophase,twophase,26.03690759162679,26.365584794203375,2141.107355229843,95.22986860425237,0.6346592324304716,0.0,0.03538148181860379,0.03538148181771916,8.846257060213247e-13
20220.0,374.38159166451055,0.019639391805488772,9.56320409740999,25.622408105121703,25.622408105121703,59.7442533978341,4.627004524274429,0.004830655963743688,0.9851130993316985,twophase,twophase,26.036770571085086,26.365385453441803,2141.107355229843,94.8370807681426,0.6361643364661849,0.0,0.03538148181860379,0.03538148181771916,8.846257060213247e-13
20240.0,374.0216622685399,0.019629135000597663,9.955786797421943,25.61766743302103,25.61766743302103,59.60317526460168,4.627000157223779,0.00502987410768996,0.9840959420707283,twophase,twophase,26.03662232706348,26.365176467769174,2141.107355229843,94.44449806813064,0.6376701098854576,0.0,0.03538148181860379,0.03538148181771561,8.881784197001252e-13
20260.0,373.6624296340038,0.019618924882641053,10.348165295074764,25.612932745103983,25.612932745103983,59.46269994657113,4.627014330705944,0.0052287451498743455,0.9830768215642367,twophase,twophase,26.036462901784702,26.36495782656496,2141.107355229843,94.05211957047781,0.6391765485699644,0.0,0.03538148181860379,0.035381481817708504,8.952838470577262e-13
20280.0,373.30389280360595,0.01960876166396357,10.740340528354036,25.608204042067342,25.608204042067342,59.322824012647516,4.627047178318132,0.005427269797872704,0.9820557156483682,twophase,twophase,26.03629233735967,26.36472951914607,2141.107355229843,93.65994433719854,0.6406836483778602,0.0,0.03538148181860379,0.03538148181770495,8.988365607365267e-13
20300.0,372.94605082612264,0.01959864556011883,11.132313439556413,25.60348132466531,25.60348132466531,59.18354405881173,4.627098835593786,0.00562544875496417,0.9810326019166961,twophase,twophase,26.036110675787906,26.364491534749998,2141.107355229843,93.26797142599617,0.6421914051435033,0.0,0.03538148181860379,0.035381481817708504,8.952838470577262e-13
20320.0,372.5889027565018,0.019588576789931,11.524084975355033,25.598764593710964,25.598764593710964,59.044856707834185,4.627169440040388,0.005823282720186296,0.9800074577155568,twophase,twophase,26.035917958957963,26.364243862514797,2141.107355229843,92.87619989019754,0.6436998146776411,0.0,0.03538148181860379,0.035381481817703175,9.00612917575927e-13
20340.0,372.2324476559762,0.01957855557556032,11.915656086866239,25.594053850078023,25.594053850078023,58.906758609015405,4.6272591311789615,0.006020772388357696,0.9789802601391515,twophase,twophase,26.03571422864783,26.363986491454927,2141.107355229843,92.48462877868633,0.645208872767342,0.0,0.03538148181860379,0.035381481817697846,9.059419880941277e-13
20360.0,371.876681812616,0.01956873136281434,12.307030714122526,25.589349057932182,25.589349057932182,58.76924538719912,4.627368052076907,0.0062179199588834584,0.9779509778380563,twophase,twophase,26.035499526502228,26.3637194104113,2141.107355229843,92.09325415143005,0.6467185867385548,0.0,0.03538148181860379,0.0353814818177014,9.023892744153272e-13
20380.0,371.52159591464766,0.019559406490473562,12.698218843931997,25.584650107189244,25.584650107189244,58.632310589533006,4.627496351837196,0.006414730670296698,0.9769195624948308,twophase,twophase,26.035273893842923,26.363442607845876,2141.107355229843,91.70206602162058,0.648228987368029,0.0,0.03538148181860379,0.035381481817708504,8.952838470577262e-13
20400.0,371.1671884926087,0.019550161781109042,13.089222079554178,25.57995699132949,25.57995699132949,58.49595076716829,4.627644178521377,0.006611205504190945,0.9758859883893866,twophase,twophase,26.03503737174015,26.36315607185536,2141.107355229843,91.3110627859984,0.6497400729801083,0.0,0.03538148181860379,0.03538148181771028,8.93507490218326e-13
20420.0,370.81345871229087,0.019540963782844756,13.480041355211073,25.575269712212663,25.575269712212663,58.36016273408853,4.627811682109989,0.006807345097257526,0.9748502313658018,twophase,twophase,26.034790001157894,26.362859790238346,2141.107355229843,90.9202435103415,0.6512518392670712,0.0,0.03538148181860379,0.03538148181771028,8.93507490218326e-13
20440.0,370.46040574659224,0.019531812743727617,13.870677610085625,25.570588271774177,25.570588271774177,58.22494332864845,4.627999014861004,0.007003150082539109,0.9738122669811881,twophase,twophase,26.034531822954303,26.36255375041591,2141.107355229843,90.52960725546696,0.6527642818984085,0.0,0.03538148181860379,0.03538148181771206,8.917311333789257e-13
20460.0,370.10802877592147,0.01952270891567833,14.261131788399192,25.56591267203074,25.56591267203074,58.090289413235595,4.628206331372516,0.007198621089610043,0.9727720704970714,twophase,twophase,26.034262877882057,26.362237939323528,2141.107355229843,90.1391530771534,0.6542773965219907,0.0,0.03538148181860379,0.035381481817717386,8.86402062860725e-13
20480.0,369.75632698874506,0.0195136525546185,14.651404839491562,25.561242915087867,25.561242915087867,57.95619787386416,4.628433788655419,0.007393758744862255,0.971729616869053,twophase,twophase,26.03398320658874,26.361912343258737,2141.107355229843,89.74888002606103,0.6557911787660659,0.0,0.03538148181860379,0.035381481817722715,8.810729923425242e-13
20500.0,369.4052995823729,0.019504643920627007,15.041497717904102,25.556579003150677,25.556579003150677,57.82266561972088,4.628681546221943,0.007588563671871247,0.9706848807337359,twophase,twophase,26.033692849617207,26.361576947657255,2141.107355229843,89.35878714764848,0.6573056242418907,0.0,0.03538148181860379,0.035381481817717386,8.86402062860725e-13
20520.0,369.05494576415333,0.019495683278144504,15.431411383466992,25.55192093854007,25.55192093854007,57.68968958251329,4.628949766200338,0.007783036492061229,0.9696378363910481,twophase,twophase,26.033391847405905,26.361231736746007,2141.107355229843,88.9688734820856,0.6588207285487172,0.0,0.03538148181860379,0.03538148181772094,8.828493491819245e-13
20540.0,368.70526475343655,0.01948677089626081,15.821146801392208,25.547268723719306,25.547268723719306,57.557266715584085,4.6292386134978685,0.007977177825731244,0.9685884577780851,twophase,twophase,26.03308024028918,26.360876692966745,2141.107355229843,88.57913806416039,0.6603364872816312,0.0,0.03538148181860379,0.035381481817728044,8.757439218243235e-13
20560.0,368.35625578513486,0.019477907049167076,16.21070494237555,25.542622361341834,25.542622361341834,57.42539399244043,4.629548256062407,0.008170988293965746,0.967536718425492,twophase,twophase,26.032758068497486,26.3605117959227,2141.107355229843,88.18957992317705,0.6618528960463739,0.0,0.03538148181860379,0.03538148181772982,8.739675649849232e-13
20580.0,368.0079181171503,0.019469092016975154,16.600086782715053,25.537981854350978,25.537981854350978,57.29406840383489,4.629878865382624,0.0083644685227236,0.9664825913714811,twophase,twophase,26.032425372157476,26.360137020159947,2141.107355229843,87.80019808283755,0.6633699504913634,0.0,0.03538148181860379,0.035381481817736926,8.668621376273222e-13
20600.0,367.6602510502832,0.019460326087564185,16.989293304466337,25.533347206246336,25.533347206246336,57.16328695029895,4.6302306177493,0.008557619153736372,0.965426048940561,twophase,twophase,26.032082191291753,26.35975232920844,2141.107355229843,87.41099156108626,0.6648876463935035,0.0,0.03538148181860379,0.03538148181772982,8.739675649849232e-13
20620.0,367.31325403304305,0.019451609562895912,17.378325495724255,25.528718422484204,25.528718422484204,57.0330466032284,4.630603700672589,0.008750440902220399,0.9643670616047247,twophase,twophase,26.031728565817435,26.359357644120923,2141.107355229843,87.02195936982834,0.6664059801138051,0.0,0.03538148181860379,0.035381481817722715,8.810729923425242e-13
20640.0,366.96692651960933,0.01944294278000296,17.767184351324314,25.524095508587468,25.524095508587468,56.90334435844069,4.630998304498176,0.00894293447880094,0.9633055994815065,twophase,twophase,26.031364535540778,26.35895288617841,2141.107355229843,86.63310051422827,0.6679249479800214,0.0,0.03538148181860379,0.03538148181771916,8.846257060213247e-13
20660.0,366.62126687823263,0.019434325969829302,18.1558708707209,25.519478455560222,25.519478455560222,56.77417763875015,4.63141455603524,0.00913509998824934,0.9622416441472387,twophase,twophase,26.030990140178815,26.3585383046633,2141.107355229843,86.24441399483169,0.6694445415367789,0.0,0.03538148181860379,0.03538148181771916,8.846257060213247e-13
20680.0,366.27627427725844,0.019425759358152918,18.54438605788396,25.51486726505678,25.51486726505678,56.64554359244956,4.631852632476807,0.009326937967213162,0.9611751683569943,twophase,twophase,26.030605419361397,26.35811391039645,2141.107355229843,85.85589880766862,0.6709647557441185,0.0,0.03538148181860379,0.03538148181771206,8.917311333789257e-13
20700.0,365.9319479594525,0.01941724324443772,18.932730922772713,25.510261939707938,25.510261939707938,56.517439364744284,4.632312717912142,0.009518448985231794,0.9601061437948678,twophase,twophase,26.0302104126183,26.357679693771896,2141.107355229843,85.46755394277987,0.6724855858245005,0.0,0.03538148181860379,0.03538148181771561,8.881784197001252e-13
20720.0,365.58828717439496,0.019408777932800624,19.320906481428725,25.50566248221914,25.50566248221914,56.38986212277153,4.6327949992978485,0.00970963360745082,0.9590345417948923,twophase,twophase,26.029805159379652,26.357235645079466,2141.107355229843,85.07937838412386,0.6740070269679302,0.0,0.03538148181860379,0.03538148181771206,8.917311333789257e-13
20740.0,365.24529117858276,0.019400363732106563,19.708913756070856,25.50106889537203,25.50106889537203,56.262809055381375,4.633299666517293,0.00990049239466594,0.9579603333340827,twophase,twophase,26.02938969897636,26.356781754485663,2141.107355229843,84.69137110948172,0.6755290743320159,0.0,0.03538148181860379,0.035381481817708504,8.952838470577262e-13
20760.0,364.9029592355649,0.019392000956067967,20.096753775192216,25.496481182026546,25.496481182026546,56.13627737294465,4.633826912442489,0.010091025903330376,0.9568834890251996,twophase,twophase,26.028964070640523,26.356318012011048,2141.107355229843,84.30353109036037,0.6770517230417317,0.0,0.03538148181860379,0.03538148181771206,8.917311333789257e-13
20780.0,364.5612906160842,0.019383689923345493,20.484427573659126,25.491899345123098,25.491899345123098,56.01026430715218,4.634376932998333,0.010281234685579123,0.95580397910918,twophase,twophase,26.028528313505866,26.355844407503223,2141.107355229843,83.91585729189346,0.6785749681893118,0.0,0.03538148181860379,0.03538148181771561,8.881784197001252e-13
20800.0,364.2202845982383,0.019375430957658146,20.87193619281229,25.487323387684953,25.487323387684953,55.8847671107957,4.634949927229539,0.010471119289285256,0.9547217734471897,twophase,twophase,26.028082466608158,26.355360930604128,2141.107355229843,83.5283486727403,0.6800988048343964,0.0,0.03538148181860379,0.03538148181771206,8.917311333789257e-13
20820.0,363.87994046767557,0.019367224387894844,21.259280680570185,25.48275331282118,25.48275331282118,55.75978305756957,4.635546097371014,0.010660680258088917,0.9536368415122096,twophase,twophase,26.02762656888562,26.354867570709857,2141.107355229843,83.14100418498239,0.6816232280039537,0.0,0.03538148181860379,0.035381481817708504,8.952838470577262e-13
20840.0,363.5402575178011,0.019359070548235734,21.6464620915349,25.478189123729663,25.478189123729663,55.635309441833826,4.636165648921701,0.010849918131490242,0.9525491523800564,twophase,twophase,26.02716065917935,26.354364316920524,2141.107355229843,82.75382277401768,0.6831482326927086,0.0,0.03538148181860379,0.035381481817708504,8.952838470577262e-13
20860.0,363.2012350500699,0.019350969778281168,22.033481487100524,25.473630823701324,25.473630823701324,55.51134357839601,4.636808790723753,0.011038833444919051,0.9514586747196812,twophase,twophase,26.026684776233736,26.353851157976518,2141.107355229843,82.36680337845205,0.6846738138633782,0.0,0.03538148181860379,0.0353814818177014,9.023892744153272e-13
20880.0,362.8628723743034,0.019342922423191845,22.42033993556436,25.46907841612473,25.46907841612473,55.38788280224656,4.637475735047297,0.011227426729881985,0.9503653767825133,twophase,twophase,26.026198958696856,26.353328082175686,2141.107355229843,81.9799449299882,0.6861999664475197,0.0,0.03538148181860379,0.035381481817697846,9.059419880941277e-13
20900.0,362.52516880912674,0.019334928833843003,22.80703851224122,25.46453190449225,25.46453190449225,55.2649244682895,4.638166697683553,0.011415698514124759,0.9492692263905109,twophase,twophase,26.025703245120884,26.35279507726309,2141.107355229843,81.59324635331134,0.6877266853464877,0.0,0.03538148181860379,0.035381481817694294,9.094947017729282e-13
20920.0,362.1881236825204,0.01932698936700099,23.19357829958124,25.45999129240784,25.45999129240784,55.14246595101276,4.638881898048975,0.011603649321896678,0.9481701909223514,twophase,twophase,26.025197673962474,26.3522521302798,2141.107355229843,81.20670656597132,0.6892539654331997,0.0,0.03538148181860379,0.03538148181768719,9.166001291305292e-13
20940.0,361.851736332609,0.019319104385528085,23.579960387291802,25.45545658359802,25.45545658359802,55.02050464410297,4.63962155930621,0.011791279674314453,0.947068237296846,twophase,twophase,26.024682283583143,26.35169922734809,2141.107355229843,80.82032447826076,0.6907818015546736,0.0,0.03538148181860379,0.03538148181769074,9.130474154517287e-13
20960.0,361.5160061087752,0.019311274258634013,23.966185872464482,25.45092778192731,25.45092778192731,54.89903795995013,4.64038590851067,0.01197859008991458,0.9459633319519215,twophase,twophase,26.024157112249615,26.351136353352537,2141.107355229843,80.43409899308807,0.6923101885360483,0.0,0.03538148181860379,0.035381481817683635,9.201528428093297e-13
20980.0,361.1809323733851,0.019303499362204768,24.352255859708578,25.446404891421977,25.446404891421977,54.778063328944846,4.641175176800953,0.012165581085556074,0.9448554408160365,twophase,twophase,26.023622198134152,26.350563491439704,2141.107355229843,80.04802900584397,0.6938391211873618,0.0,0.03538148181860379,0.03538148181768008,9.237055564881302e-13
21000.0,360.8465145046566,0.019295780079266044,24.7381714612939,25.44188791630927,25.44188791630927,54.65757819841561,4.64198959967014,0.012352253177931741,0.9437445292654469,twophase,twophase,26.023077579314805,26.34998062217342,2141.107355229843,79.66211340425865,0.6953685943151151,0.0,0.03538148181860379,0.03538148181767653,9.272582701669307e-13
21020.0,360.5127519019655,0.01928811680071938,25.123933797308286,25.43737686108982,25.43737686108982,54.537580030755706,4.642829417407201,0.012538606886435603,0.9426305620516054,twophase,twophase,26.02252329377558,26.349387721955633,2141.107355229843,79.27635106824427,0.6968986027445138,0.0,0.03538148181860379,0.035381481817683635,9.201528428093297e-13
21040.0,360.17964399731045,0.019280509926705314,25.509543995842392,25.43287173069363,25.43287173069363,54.41806629948928,4.643694875965236,0.012724642739464097,0.9415135031532175,twophase,twophase,26.021959379406393,26.348784759580575,2141.107355229843,78.89074086971016,0.6984291413687634,0.0,0.03538148181860379,0.03538148181768008,9.237055564881302e-13
21060.0,359.90448955542263,0.01606142588260333,25.83077251349446,25.429148187838074,25.429148187838074,54.31892280095136,4.64441919337081,0.01287932209902622,0.9405892602099784,twophase,twophase,26.021385874002476,26.348171686323614,2141.107355229843,78.56951235205808,0.6997039219606002,0.0,0.03538148181860379,0.03538148181767298,9.308109838457312e-13
21080.0,359.91613240392144,0.0,25.83077251349446,25.429305785817277,25.429305785817277,54.3194360222463,4.644316949865431,0.012878649877777914,0.9406439976158598,twophase,twophase,26.02081036620993,26.347556144505422,2141.107355229843,78.56951235205808,0.6996973110128586,0.0,0.03538148181860379,0.03538148181767298,9.308109838457312e-13
21100.0,359.9277630461077,0.0,25.83077251349446,25.429463214998407,25.429463214998407,54.31994896576197,4.644214768084106,0.01287797788820115,0.9406986904152543,twophase,twophase,26.02023663612395,26.346941972312273,2141.107355229843,78.56951235205808,0.6996907037680903,0.0,0.03538148181860379,0.03538148181767298,9.308109838457312e-13
21120.0,359.9393815118619,0.0,25.83077251349446,25.429620475797343,25.429620475797343,54.320461631911236,4.644112647976328,0.012877306130175457,0.9407533386959535,twophase,twophase,26.01966467892105,26.346329167142013,2141.107355229843,78.56951235205808,0.6996841002207712,0.0,0.03538148181860379,0.03538148181767298,9.308109838457312e-13
21140.0,359.9509878304776,0.0,25.83077251349446,25.42977756862197,25.42977756862197,54.32097402092721,4.644010589484919,0.01287663460385932,0.9408079425455911,twophase,twophase,26.019094489790923,26.345717726397265,2141.107355229843,78.56951235205808,0.699677500367693,0.0,0.03538148181860379,0.03538148181767298,9.308109838457312e-13
21160.0,359.9625820311705,0.0,25.83077251349446,25.429934493879085,25.429934493879085,54.32148613304519,4.643908592552574,0.0128759633094062,0.9408625020516347,twophase,twophase,26.018526063936427,26.34510764748541,2141.107355229843,78.56951235205808,0.6996709042056194,0.0,0.03538148181860379,0.03538148181767298,9.308109838457312e-13
21180.0,359.9741641430815,0.0,25.83077251349446,25.430091251974396,25.430091251974396,54.32199796849345,4.643806657121835,0.012875292246979166,0.9409170173013887,twophase,twophase,26.017959396573538,26.344498927818584,2141.107355229843,78.56951235205808,0.6996643117314049,0.0,0.03538148181860379,0.03538148181767298,9.308109838457312e-13
21200.0,359.98573419528645,0.0,25.83077251349446,25.430247843312713,25.430247843312713,54.32250952750885,4.643704783135291,0.012874621416726214,0.9409714883819925,twophase,twophase,26.017394482931305,26.343891564813667,2141.107355229843,78.56951235205808,0.6996577229417938,0.0,0.03538148181860379,0.03538148181767298,9.308109838457312e-13
21220.0,359.9972922167865,0.0,25.83077251349446,25.430404268297764,25.430404268297764,54.32302081032379,4.643602970535398,0.012873950818800859,0.9410259153804216,twophase,twophase,26.016831318251832,26.343285555892276,2141.107355229843,78.56951235205808,0.6996511378335885,0.0,0.03538148181860379,0.03538148181767298,9.308109838457312e-13
21240.0,360.00883823651475,0.0,25.83077251349446,25.43056052733232,25.43056052733232,54.32353181717434,4.643501219264585,0.012873280453349373,0.941080298383488,twophase,twophase,26.016269897790227,26.342680898480758,2141.107355229843,78.56951235205808,0.6996445564035438,0.0,0.03538148181860379,0.03538148181767298,9.308109838457312e-13
21260.0,360.0203722833316,0.0,25.83077251349446,25.430716620818107,25.430716620818107,54.324042548292766,4.643399529265173,0.012872610320522474,0.9411346374778405,twophase,twophase,26.015710216814576,26.342077590010174,2141.107355229843,78.56951235205808,0.6996379786484648,0.0,0.03538148181860379,0.03538148181767298,9.308109838457312e-13
21280.0,360.0318943860242,0.0,25.83077251349446,25.43087254915583,25.43087254915583,54.324553003916215,4.64329790047941,0.01287194042046173,0.9411889327499648,twophase,twophase,26.0151522706059,26.341475627916303,2141.107355229843,78.56951235205808,0.699631404565093,0.0,0.03538148181860379,0.03538148181767298,9.308109838457312e-13
21300.0,360.0434045733142,0.0,25.83077251349446,25.43102831274524,25.43102831274524,54.325063184278186,4.643196332849514,0.01287127075331299,0.941243184286184,twophase,twophase,26.014596054458124,26.340875009639625,2141.107355229843,78.56951235205808,0.699624834150218,0.0,0.03538148181860379,0.03538148181767298,9.308109838457312e-13
21320.0,360.0549028738508,0.0,25.83077251349446,25.431183911985084,25.431183911985084,54.32557308961672,4.643094826317627,0.012870601319213373,0.941297392172658,twophase,twophase,26.014041563678045,26.340275732625315,2141.107355229843,78.56951235205808,0.6996182674005712,0.0,0.03538148181860379,0.03538148181767298,9.308109838457312e-13
21340.0,360.0663893162154,0.0,25.83077251349446,25.431339347273134,25.431339347273134,54.32608272016833,4.642993380825855,0.012869932118301015,0.9413515564953856,twophase,twophase,26.013488793585285,26.339677794323237,2141.107355229843,78.56951235205808,0.6996117043129035,0.0,0.03538148181860379,0.03538148181767298,9.308109838457312e-13
21360.0,360.0778639289152,0.0,25.83077251349446,25.431494619006095,25.431494619006095,54.32659207616819,4.642891996316157,0.012869263150714672,0.9414056773402035,twophase,twophase,26.012937739512267,26.33908119218793,2141.107355229843,78.56951235205808,0.699605144883984,0.0,0.03538148181860379,0.03538148181767298,9.308109838457312e-13
21380.0,360.0893267403896,0.0,25.83077251349446,25.431649727579735,25.431649727579735,54.32710115785498,4.642790672730495,0.01286859441658607,0.9414597547927855,twophase,twophase,26.012388396804173,26.338485923678608,2141.107355229843,78.56951235205808,0.6995985891105365,0.0,0.03538148181860379,0.03538148181767298,9.308109838457312e-13
21400.0,360.1007777790131,0.0,25.83077251349446,25.431804673388875,25.431804673388875,54.327609965465705,4.642689410010789,0.012867925916048123,0.9415137889386456,twophase,twophase,26.011840760818913,26.33789198625914,2141.107355229843,78.56951235205808,0.6995920369893073,0.0,0.03538148181860379,0.03538148181767298,9.308109838457312e-13
21420.0,360.11221707307993,0.0,25.83077251349446,25.43195945682721,25.43195945682721,54.32811849923778,4.642588208098775,0.012867257649231656,0.9415677798631362,twophase,twophase,26.011294826927085,26.33729937739806,2141.107355229843,78.56951235205808,0.6995854885170371,0.0,0.03538148181860379,0.03538148181767298,9.308109838457312e-13
21440.0,360.12364465083067,0.0,25.83077251349446,25.432114078287672,25.432114078287672,54.328626759411684,4.642487066936328,0.012866589616261224,0.9416217276514486,twophase,twophase,26.010750590511947,26.33670809456854,2141.107355229843,78.56951235205808,0.699578943690428,0.0,0.03538148181860379,0.03538148181767298,9.308109838457312e-13
21460.0,360.13506054042057,0.0,25.83077251349446,25.43226853816198,25.43226853816198,54.32913474622532,4.642385986465047,0.012865921817263884,0.9416756323886138,twophase,twophase,26.010208046969378,26.336118135248388,2141.107355229843,78.56951235205808,0.6995724025062152,0.0,0.03538148181860379,0.03538148181767298,9.308109838457312e-13
21480.0,360.1464647699501,0.0,25.83077251349446,25.43242283684108,25.43242283684108,54.32964245991896,4.642284966626659,0.01286525425236169,0.9417294941595029,twophase,twophase,26.009667191707845,26.33552949692005,2141.107355229843,78.56951235205808,0.6995658649611042,0.0,0.03538148181860379,0.03538148181767298,9.308109838457312e-13
21500.0,360.15785736744033,0.0,25.83077251349446,25.432576974714785,25.432576974714785,54.33014990073055,4.642184007362684,0.012864586921678746,0.9417833130488271,twophase,twophase,26.009128020148363,26.334942177070584,2141.107355229843,78.56951235205808,0.6995593310518307,0.0,0.03538148181860379,0.03538148181767298,9.308109838457312e-13
21520.0,360.1692383608485,0.0,25.83077251349446,25.43273095217199,25.43273095217199,54.33065706889872,4.642083108614633,0.012863919825336752,0.9418370891411377,twophase,twophase,26.00859052772447,26.33435617319167,2141.107355229843,78.56951235205808,0.6995528007751214,0.0,0.03538148181860379,0.03538148181767298,9.308109838457312e-13
21540.0,360.18060777807005,0.0,25.83077251349446,25.432884769600747,25.432884769600747,54.33116396466912,4.641982270324085,0.01286325296344485,0.9418908225208258,twophase,twophase,26.008054709882177,26.33377148277959,2141.107355229843,78.56951235205808,0.6995462741276135,0.0,0.03538148181860379,0.03538148181767298,9.308109838457312e-13
21560.0,360.1919656469116,0.0,25.83077251349446,25.433038427387817,25.433038427387817,54.33167058827639,4.641881492432243,0.012862586336128067,0.9419445132721257,twophase,twophase,26.007520562079957,26.33318810333522,2141.107355229843,78.56951235205808,0.6995397511060865,0.0,0.03538148181860379,0.03538148181767298,9.308109838457312e-13
21580.0,360.20331199513737,0.0,25.83077251349446,25.433191925919363,25.433191925919363,54.33217693996605,4.641780774880615,0.012861919943492969,0.94199816147911,twophase,twophase,26.00698807978869,26.332606032364033,2141.107355229843,78.56951235205808,0.6995332317071795,0.0,0.03538148181860379,0.03538148181767298,9.308109838457312e-13
21600.0,360.2146468504323,0.0,25.83077251349446,25.43334526558043,25.43334526558043,54.332683019978795,4.64168011761049,0.01286125378565226,0.9420517672256952,twophase,twophase,26.00645725849164,26.332025267376075,2141.107355229843,78.56951235205808,0.6995267159275945,0.0,0.03538148181860379,0.03538148181767298,9.308109838457312e-13
