time_s,pressure_kPa_abs,rate_kg_s,cum_release_kg,lower_wall_K,upper_wall_K
0.0,380.0,0.0,0.0,25.695997657899554,25.695997657899554
20.0,380.00001934809865,0.0,0.0,25.696531932034464,25.696710304703917
40.0,380.00007740017094,0.0,0.0,25.697064940769415,25.697421826295987
60.0,380.00017398844506,0.0,0.0,25.697596687514185,25.69813222638874
80.0,380.0003089258594,0.0,0.0,25.698127175686185,25.698841508691306
100.0,380.0004820573394,0.0,0.0,25.698656408693665,25.69954967689879
120.0,380.00069325000374,0.0,0.0,25.699184389935713,25.700256734692083
140.0,380.0009423218605,0.0,0.0,25.69971112280231,25.700962685738542
160.0,380.00122913619487,0.0,0.0,25.700236610674306,25.70166753369049
180.0,380.00155354131914,0.0,0.0,25.700760856923516,25.70237128218758
200.0,380.00191536183155,0.0,0.0,25.701283864912675,25.703073934854814
220.0,380.00231447579137,0.0,0.0,25.701805637995506,25.703775495304047
240.0,380.00275071513545,0.0,0.0,25.7023261795167,25.704475967132403
260.0,380.0032239237034,0.0,0.0,25.702845492812006,25.70517535392431
280.0,380.00373396881605,0.0,0.0,25.70336358120821,25.705873659250752
300.0,380.00428067101257,0.0,0.0,25.703880448023117,25.706570886667503
320.0,380.00486391624037,0.0,0.0,25.704396096565695,25.707267039718705
340.0,380.00548352412306,0.0,0.0,25.70491053013599,25.707962121934234
360.0,380.006139357016,0.0,0.0,25.70542375202517,25.708656136830353
380.0,380.00683128354314,0.0,0.0,25.705935765515573,25.709349087909853
400.0,380.0075591342917,0.0,0.0,25.706446573880694,25.710040978662335
420.0,380.0083227723364,0.0,0.0,25.70695618038528,25.71073181256456
440.0,380.00912203548813,0.0,0.0,25.70746458828541,25.71142159307999
460.0,380.00995682266534,0.0,0.0,25.707971800828158,25.712110323658667
480.0,380.01082693071123,0.0,0.0,25.708477821252167,25.712798007737554
500.0,380.0117322498545,0.0,0.0,25.708982652787007,25.713484648740238
520.0,380.0126726178956,0.0,0.0,25.709486298654006,25.71417025007867
540.0,380.01364792611133,0.0,0.0,25.709988762065475,25.71485481514953
560.0,380.0146579769847,0.0,0.0,25.710490046225374,25.715538347338843
580.0,380.01570268344227,0.0,0.0,25.710990154328876,25.716220850018505
600.0,380.0167818770382,0.0,0.0,25.71148908956267,25.716902326547814
620.0,380.01789540353093,0.0,0.0,25.71198685510475,25.717582780273993
640.0,380.0190431413152,0.0,0.0,25.712483454124772,25.71826221453094
660.0,380.0202249770381,0.0,0.0,25.712978889783745,25.71894063263927
680.0,380.02144072197325,0.0,0.0,25.713473165234134,25.719618037907917
700.0,380.0226902190028,0.0,0.0,25.713966283619897,25.720294433633494
720.0,380.0239734084059,0.0,0.0,25.71445824807668,25.720969823098557
740.0,380.02529008808546,0.0,0.0,25.71494906173197,25.72164420957512
760.0,380.0266401324405,0.0,0.0,25.715438727703848,25.72231759632198
780.0,380.0280234451856,0.0,0.0,25.715927249103565,25.722989986585134
800.0,380.0294398382832,0.0,0.0,25.71641462903217,25.72366138359874
820.0,380.0308891966879,0.0,0.0,25.716900870584002,25.724331790584397
840.0,380.03237139746375,0.0,0.0,25.717385976844078,25.72500121075237
860.0,380.03388627276786,0.0,0.0,25.71786995088963,25.72566964729935
880.0,380.03543370090046,0.0,0.0,25.718352795789443,25.72633710341091
900.0,380.0370135741158,0.0,0.0,25.718834514604332,25.72700358226005
920.0,380.03862572656067,0.0,0.0,25.71931511038671,25.72766908700887
940.0,380.0402700364617,0.0,0.0,25.719794586180672,25.728333620805326
960.0,380.0419463877321,0.0,0.0,25.720272945020785,25.728997186787083
980.0,380.04365462460305,0.0,0.0,25.720750189936947,25.729659788079367
1000.0,380.0453946167981,0.0,0.0,25.721226323946823,25.73032142779512
1020.0,380.04716625702804,0.0,0.0,25.721701350064112,25.730982109036606
1040.0,380.0489693788908,0.0,0.0,25.72217527128939,25.731641834893768
1060.0,380.05080387338995,0.0,0.0,25.722648090619423,25.732300608444902
1080.0,380.05266963459445,0.0,0.0,25.723119811041357,25.732958432756053
1100.0,380.05456648887815,0.0,0.0,25.723590435533882,25.73361531088274
1120.0,380.0564943314252,0.0,0.0,25.72405996706937,25.734271245867976
1140.0,380.0584530402356,0.0,0.0,25.724528408611185,25.73492624074458
1160.0,380.06044247465303,0.0,0.0,25.724995763113117,25.7355802985314
1180.0,380.06246250324233,0.0,0.0,25.72546203352393,25.7362334222377
1200.0,380.06451299968876,0.0,0.0,25.725927222782218,25.736885614861226
1220.0,380.06659389794237,0.0,0.0,25.72639133381861,25.737536879388834
1240.0,380.0687049430612,0.0,0.0,25.7268543695574,25.738187218794994
1260.0,380.07084613687465,0.0,0.0,25.727316332914366,25.738836636042453
1280.0,380.0730172792545,0.0,0.0,25.727777226797222,25.739485134083427
1300.0,380.0752183257211,0.0,0.0,25.72823705410727,25.740132715860316
1320.0,380.07744902882166,0.0,0.0,25.72869581773431,25.740779384302314
1340.0,380.07970938166676,0.0,0.0,25.729153520565337,25.741425142329142
1360.0,380.0819991895949,0.0,0.0,25.72961016547424,25.742069992847266
1380.0,380.08431839881644,0.0,0.0,25.730065755334373,25.74271393875581
1400.0,380.0866667850942,0.0,0.0,25.730520293002563,25.743356982940302
1420.0,380.0890442948258,0.0,0.0,25.73097378133372,25.743999128274638
1440.0,380.0914508693829,0.0,0.0,25.731426223173656,25.74464037762315
1460.0,380.0938862041868,0.0,0.0,25.731877621362365,25.745280733840385
1480.0,380.0963503474604,0.0,0.0,25.732327978722815,25.745920199766726
1500.0,380.0988431895172,0.0,0.0,25.732777298085534,25.74655877823495
1520.0,380.10136444642905,0.0,0.0,25.73322558225728,25.747196472065287
1540.0,380.1039142094456,0.0,0.0,25.73367283406335,25.747833284072073
1560.0,380.10649215820604,0.0,0.0,25.734119056292876,25.748469217051312
1580.0,380.1090982761399,0.0,0.0,25.734564251738625,25.749104273793204
1600.0,380.1117325177142,0.0,0.0,25.735008423175334,25.749738457074233
1620.0,380.1143946607654,0.0,0.0,25.73545157339865,25.7503717696667
1640.0,380.11708459337393,0.0,0.0,25.735893705165154,25.75100421432517
1660.0,380.11980209384626,0.0,0.0,25.736334821245844,25.751635793798705
1680.0,380.1225473625487,0.0,0.0,25.736774924399512,25.75226651082317
1700.0,380.12532003652433,0.0,0.0,25.737214017364554,25.75289636812608
1720.0,380.1281199689939,0.0,0.0,25.737652102887825,25.753525368423617
1740.0,380.1309472198447,0.0,0.0,25.73808918369565,25.754153514419855
1760.0,380.13380166692855,0.0,0.0,25.738525262516934,25.754780808810896
1780.0,380.1366831482789,0.0,0.0,25.73896034207413,25.755407254285913
1800.0,380.1395913497598,0.0,0.0,25.73939442507829,25.756032853518004
1820.0,380.1425263842665,0.0,0.0,25.739827514216326,25.756657609168926
1840.0,380.145488209314,0.0,0.0,25.740259612192755,25.75728152389621
1860.0,380.14847654378315,0.0,0.0,25.74069072170535,25.757904600347917
1880.0,380.15149116868673,0.0,0.0,25.74112084544125,25.758526841160386
1900.0,380.154532292664,0.0,0.0,25.74154998605597,25.75914824895348
1920.0,380.15759954326643,0.0,0.0,25.741978146226312,25.759768826346175
1940.0,380.16069306095676,0.0,0.0,25.742405328601944,25.760388575939785
1960.0,380.1638123652228,0.0,0.0,25.742831535857285,25.76100750033629
1980.0,380.16695791023335,0.0,0.0,25.743256770633575,25.761625602120205
2000.0,380.17012895637134,0.0,0.0,25.74368103555176,25.762242883863763
2020.0,380.1733258647838,0.0,0.0,25.74410433326772,25.762859348138342
2040.0,380.17654824053005,0.0,0.0,25.74452666638088,25.76347499749504
2060.0,380.17979613146036,0.0,0.0,25.74494803754848,25.764089834490903
2080.0,380.183069268975,0.0,0.0,25.745368449340727,25.764703861653665
2100.0,380.1863676081138,0.0,0.0,25.74578790436716,25.765317081512222
2120.0,380.18969145697855,0.0,0.0,25.746206405224015,25.76592949658549
2140.0,380.1930400171242,0.0,0.0,25.746623954508017,25.766541109385468
2160.0,380.19641364339265,0.0,0.0,25.747040554801107,25.767151922407788
2180.0,380.1998118798904,0.0,0.0,25.747456208704055,25.767761938151637
2200.0,380.2032352241483,0.0,0.0,25.747870918744077,25.768371159086644
2220.0,380.2066829698012,0.0,0.0,25.748284687525995,25.768979587695135
2240.0,380.2101552988669,0.0,0.0,25.74869751757849,25.769587226431828
2260.0,380.2136520838074,0.0,0.0,25.74910941141127,25.770194077741518
2280.0,380.2171731798525,0.0,0.0,25.74952037164195,25.770800144086817
2300.0,380.2207184276269,0.0,0.0,25.74993040076613,25.77140542789169
2320.0,380.224287783892,0.0,0.0,25.750339501311032,25.77200993158113
2340.0,380.22788114667213,0.0,0.0,25.750747675797136,25.77261365757148
2360.0,380.23149841491136,0.0,0.0,25.751154926737932,25.773216608269273
2380.0,380.2351394244426,0.0,0.0,25.751561256640493,25.773818786072592
2400.0,380.23880427203017,0.0,0.0,25.751966668003654,25.774420193370002
2420.0,380.24249264210704,0.0,0.0,25.75237116332309,25.775020832541895
2440.0,380.246204524538,0.0,0.0,25.75277474508426,25.77562070595884
2460.0,380.2499398191167,0.0,0.0,25.75317741576704,25.77621981598254
2480.0,380.2536984017869,0.0,0.0,25.753579177844713,25.776818164966485
2500.0,380.25748019871156,0.0,0.0,25.75398003378379,25.777415755254598
2520.0,380.26128510319353,0.0,0.0,25.754379986044178,25.77801258918233
2540.0,380.26511301722127,0.0,0.0,25.754779037079135,25.778608669076313
2560.0,380.2689638419117,0.0,0.0,25.755177189335296,25.779203997254363
2580.0,380.27283748375874,0.0,0.0,25.7555744452527,25.779798576025623
2600.0,380.27673384209936,0.0,0.0,25.75597080726479,25.78039240769046
2620.0,380.28065282166557,0.0,0.0,25.75636627779847,25.780985494540836
2640.0,380.284594326289,0.0,0.0,25.75676085927407,25.781577838859892
2660.0,380.2885582594194,0.0,0.0,25.757154554105394,25.782169442922203
2680.0,380.29254452789115,0.0,0.0,25.757547364699732,25.782760308993836
2700.0,380.29655304231335,0.0,0.0,25.75793929345784,25.783350439332022
2720.0,380.3005836849114,0.0,0.0,25.75833034277411,25.783939836186455
2740.0,380.30463638493933,0.0,0.0,25.758720515036323,25.78452850179723
2760.0,380.30871104110133,0.0,0.0,25.759109812625933,25.785116438396862
2780.0,380.3128075591319,0.0,0.0,25.759498237917896,25.78570364820902
2800.0,380.3169258382232,0.0,0.0,25.759885793280773,25.78629013344914
2820.0,380.3210658086865,0.0,0.0,25.760272481076743,25.786875896324375
2840.0,380.3252273624529,0.0,0.0,25.7606583036599,25.78746093903304
2860.0,380.32941039185584,0.0,0.0,25.76104326338307,25.78804526376673
2880.0,380.33361482821124,0.0,0.0,25.761427362587643,25.78862887270728
2900.0,380.3378405722801,0.0,0.0,25.761810603610385,25.78921176802887
2920.0,380.3420875336563,0.0,0.0,25.762192988781752,25.789793951897522
2940.0,380.3463556192152,0.0,0.0,25.762574520425908,25.790375426471122
2960.0,380.35064474078,0.0,0.0,25.76295520086073,25.790956193899436
2980.0,380.35495480744993,0.0,0.0,25.76333503239785,25.791536256324182
3000.0,380.3592857294294,0.0,0.0,25.763714017329182,25.792115615875524
3020.0,380.36363741734834,0.0,0.0,25.764092157980862,25.792694274686173
3040.0,380.36800978937646,0.0,0.0,25.764469456632327,25.793272234870297
3060.0,380.37240273451283,0.0,0.0,25.764845915570337,25.7938494985377
3080.0,380.3768161866358,0.0,0.0,25.76522153707441,25.794426067789956
3100.0,380.38125005018475,0.0,0.0,25.765596323421075,25.795001944721466
3120.0,380.3857042354192,0.0,0.0,25.765970276877557,25.795577131418177
3140.0,380.3901786609129,0.0,0.0,25.766343399706003,25.79615162995836
3160.0,380.39467323355126,0.0,0.0,25.766715694162446,25.796725442412527
3180.0,380.39918786772927,0.0,0.0,25.767087162496832,25.797298570843417
3200.0,380.40372247736644,0.0,0.0,25.767457806953022,25.79787101730604
3220.0,380.4082769803479,0.0,0.0,25.767827629768416,25.798442783847644
3240.0,380.41285129237673,0.0,0.0,25.768196633175563,25.79901387250789
3260.0,380.4174453086801,0.0,0.0,25.76856481939982,25.799584285319014
3280.0,380.42205896560876,0.0,0.0,25.768932190660873,25.800154024305222
3300.0,380.4266921677319,0.0,0.0,25.769298749172442,25.80072309148335
3320.0,380.43134484096333,0.0,0.0,25.769664497142262,25.80129148886267
3340.0,380.4360168907401,0.0,0.0,25.77002943677209,25.80185921844489
3360.0,380.44070823668767,0.0,0.0,25.770393570257752,25.802426282224264
3380.0,380.44541879527225,0.0,0.0,25.770756899789127,25.80299268218758
3400.0,380.45014848328907,0.0,0.0,25.771119427550175,25.80355842031417
3420.0,380.45489721785066,0.0,0.0,25.771481155718963,25.804123498575983
3440.0,380.45966491637313,0.0,0.0,25.77184208646766,25.804687918937564
3460.0,380.4644514965233,0.0,0.0,25.77220222196257,25.805251683356072
3480.0,380.4692568765758,0.0,0.0,25.772561564364146,25.805814793781494
3500.0,380.47408097465956,0.0,0.0,25.77292011582699,25.80637725215637
3520.0,380.4789237095315,0.0,0.0,25.77327787849989,25.806939060416006
3540.0,380.48378500692326,0.0,0.0,25.773634854525817,25.80750022048851
3560.0,380.4886647658405,0.0,0.0,25.773991046041957,25.80806073429479
3580.0,380.4935629261724,0.0,0.0,25.77434645517971,25.808620603748498
3600.0,380.49847940104013,0.0,0.0,25.774701084064716,25.80917983075619
3620.0,380.5034141085754,0.0,0.0,25.775054934816872,25.80973841721728
3640.0,380.50836697555,0.0,0.0,25.77540800955034,25.81029636502409
3660.0,380.51333791650245,0.0,0.0,25.775760310373567,25.810853676061875
3680.0,380.51832685464217,0.0,0.0,25.776111839389294,25.811410352208835
3700.0,380.5233337113687,0.0,0.0,25.776462598694582,25.811966395336157
3720.0,380.5283584083972,0.0,0.0,25.77681259038082,25.812521807308038
3740.0,380.53340086773926,0.0,0.0,25.777161816533738,25.813076589981694
3760.0,380.53846100963034,0.0,0.0,25.77751027923343,25.81363074520746
3780.0,380.54353876285836,0.0,0.0,25.77785798055436,25.81418427482871
3800.0,380.54863404412504,0.0,0.0,25.778204922565383,25.814737180681956
3820.0,380.5537467786899,0.0,0.0,25.77855110732976,25.81528946459685
3840.0,380.5588768900232,0.0,0.0,25.778896536905172,25.81584112839622
3860.0,380.56402429994677,0.0,0.0,25.77924121334373,25.816392173896084
3880.0,380.56918893837405,0.0,0.0,25.779585138691996,25.81694260290567
3900.0,380.57437072379986,0.0,0.0,25.779928314991,25.81749241722751
3920.0,380.57956958280613,0.0,0.0,25.780270744276248,25.818041618657354
3940.0,380.58478544031374,0.0,0.0,25.780612428577733,25.818590208984276
3960.0,380.5900182215364,0.0,0.0,25.780953369919967,25.819138189990678
3980.0,380.5952678519628,0.0,0.0,25.781293570321978,25.819685563452314
4000.0,380.6005342573648,0.0,0.0,25.781633031797334,25.820232331138318
4020.0,380.6058173638033,0.0,0.0,25.781971756354153,25.820778494811226
4040.0,380.611117097615,0.0,0.0,25.782309745995118,25.821324056227006
4060.0,380.61643338541694,0.0,0.0,25.7826470027175,25.821869017135082
4080.0,380.62176615053846,0.0,0.0,25.78298352851316,25.82241337927836
4100.0,380.62711533086076,0.0,0.0,25.78331932536857,25.82295714439324
4120.0,380.6324808431325,0.0,0.0,25.783654395264826,25.82350031420968
4140.0,380.63786261864504,0.0,0.0,25.783988740177662,25.82404289045117
4160.0,380.6432605854013,0.0,0.0,25.78432236207747,25.82458487483479
4180.0,380.648674671679,0.0,0.0,25.784655262929306,25.825126269071223
4200.0,380.654104806028,0.0,0.0,25.784987444692906,25.825667074864782
4220.0,380.6595509172696,0.0,0.0,25.7853189093227,25.826207293913434
4240.0,380.66501293449016,0.0,0.0,25.785649658767838,25.826746927908832
4260.0,380.6704907870543,0.0,0.0,25.78597969497218,25.827285978536327
4280.0,380.67598440459267,0.0,0.0,25.786309019874334,25.827824447475
4300.0,380.68149371699644,0.0,0.0,25.786637635407658,25.82836233639768
4320.0,380.6870186544333,0.0,0.0,25.786965543500276,25.828899646970985
4340.0,380.6925591473327,0.0,0.0,25.787292746075092,25.82943638085532
4360.0,380.6981151263888,0.0,0.0,25.787619245049804,25.82997253970492
4380.0,380.70368652255377,0.0,0.0,25.78794504233692,25.830508125167867
4400.0,380.7092732670544,0.0,0.0,25.788270139843764,25.831043138886116
4420.0,380.7148752913668,0.0,0.0,25.788594539472506,25.831577582495516
4440.0,380.7204925272327,0.0,0.0,25.788918243120154,25.83211145762584
4460.0,380.7261249066585,0.0,0.0,25.78924125267859,25.832644765900795
4480.0,380.7317723618978,0.0,0.0,25.789563570034566,25.833177508938064
4500.0,380.73743482547246,0.0,0.0,25.78988519706973,25.833709688349312
4520.0,380.74311223015366,0.0,0.0,25.79020613566063,25.83424130574022
4540.0,380.74880450897314,0.0,0.0,25.79052638767873,25.834772362710503
4560.0,380.7545115952189,0.0,0.0,25.790845954990438,25.835302860853933
4580.0,380.7602334224242,0.0,0.0,25.791164839457092,25.835832801758368
4600.0,380.7659699243804,0.0,0.0,25.791483042935,25.83636218700577
4620.0,380.77172103513396,0.0,0.0,25.791800567275434,25.83689101817222
4640.0,380.77748668897704,0.0,0.0,25.792117414324657,25.83741929682796
4660.0,380.78326682045116,0.0,0.0,25.79243358592393,25.8379470245374
4680.0,380.7890613643535,0.0,0.0,25.792749083909527,25.83847420285914
4700.0,380.79487025572394,0.0,0.0,25.793063910112746,25.839000833346002
4720.0,380.80069342984444,0.0,0.0,25.793378066359924,25.83952691754505
4740.0,380.80653082225757,0.0,0.0,25.793691554472456,25.840052456997604
4760.0,380.8123823687436,0.0,0.0,25.794004376266795,25.84057745323927
4780.0,380.8182480053119,0.0,0.0,25.794316533554476,25.841101907799963
4800.0,380.8241276682463,0.0,0.0,25.794628028142128,25.84162582220392
4820.0,380.8300212940475,0.0,0.0,25.794938861831483,25.842149197969732
4840.0,380.83592881946936,0.0,0.0,25.79524903641939,25.84267203661036
4860.0,380.84185018150026,0.0,0.0,25.79555855369783,25.84319433963316
4880.0,380.8477853173762,0.0,0.0,25.79586741545393,25.8437161085399
4900.0,380.8537341645662,0.0,0.0,25.796175623469978,25.844237344826787
4920.0,380.8596966607746,0.0,0.0,25.79648317952342,25.844758049984485
4940.0,380.86567274395776,0.0,0.0,25.7967900853869,25.845278225498134
4960.0,380.87166235228005,0.0,0.0,25.797096342828247,25.84579787284738
4980.0,380.87766542417376,0.0,0.0,25.797401953610507,25.84631699350639
5000.0,380.88368189828014,0.0,0.0,25.79770691949194,25.846835588943872
5020.0,380.88971171349334,0.0,0.0,25.79801124222605,25.847353660623092
5040.0,380.89575480891403,0.0,0.0,25.798314923561577,25.847871210001912
5060.0,380.901811123909,0.0,0.0,25.79861796524253,25.848388238532795
5080.0,380.9078805980462,0.0,0.0,25.79892036900819,25.848904747662825
5100.0,380.91396317113976,0.0,0.0,25.799222136593116,25.849420738833743
5120.0,380.9200587832278,0.0,0.0,25.799523269727175,25.84993621348195
5140.0,380.92616737458223,0.0,0.0,25.799823770135536,25.85045117303854
5160.0,380.9322888856866,0.0,0.0,25.800123639538697,25.850965618929315
5180.0,380.9384232572643,0.0,0.0,25.80042287965249,25.851479552574805
5200.0,380.94457043027137,0.0,0.0,25.8007214921881,25.85199297539029
5220.0,380.9507303458665,0.0,0.0,25.801019478852062,25.852505888785817
5240.0,380.95690294545227,0.0,0.0,25.801316841346292,25.853018294166233
5260.0,380.9630881706505,0.0,0.0,25.801613581368088,25.85353019293118
5280.0,380.969285963289,0.0,0.0,25.801909700610146,25.854041586475144
5300.0,380.9754962654422,0.0,0.0,25.80220520076058,25.854552476187454
5320.0,380.9817190193855,0.0,0.0,25.802500083502913,25.85506286345231
5340.0,380.9879541676181,0.0,0.0,25.802794350516113,25.8555727496488
5360.0,380.99420165286887,0.0,0.0,25.803088003474592,25.856082136150924
5380.0,381.0004614180791,0.0,0.0,25.803381044048223,25.85659102432761
5400.0,381.00673340639884,0.0,0.0,25.803673473902347,25.857099415542734
5420.0,381.0130175612042,0.0,0.0,25.803965294697786,25.85760731115514
5440.0,381.0193138260829,0.0,0.0,25.804256508090866,25.858114712518656
5460.0,381.02562214483714,0.0,0.0,25.804547115733413,25.858621620982127
5480.0,381.03194246148877,0.0,0.0,25.80483711927278,25.859128037889413
5500.0,381.03827472026853,0.0,0.0,25.805126520351845,25.859633964579423
5520.0,381.0446188656089,0.0,0.0,25.805415320609033,25.86013940238613
5540.0,381.0509748421782,0.0,0.0,25.805703521678325,25.860644352638595
5560.0,381.05734259483376,0.0,0.0,25.805991125189266,25.861148816660968
5580.0,381.0637220686568,0.0,0.0,25.806278132766984,25.861652795772535
5600.0,381.0701132089301,0.0,0.0,25.8065645460322,25.86215629128771
5620.0,381.07651596114596,0.0,0.0,25.806850366601232,25.862659304516075
5640.0,381.0829302710037,0.0,0.0,25.80713559608602,25.86316183676238
5660.0,381.08935608441027,0.0,0.0,25.807420236094124,25.863663889326578
5680.0,381.0957933474863,0.0,0.0,25.80770428822875,25.864165463503834
5700.0,381.102242006544,0.0,0.0,25.807987754088742,25.864666560584542
5720.0,381.10870200811365,0.0,0.0,25.80827063526862,25.865167181854353
5740.0,381.115173298917,0.0,0.0,25.808552933358566,25.865667328594185
5760.0,381.1216558258852,0.0,0.0,25.808834649944455,25.86616700208024
5780.0,381.128149536156,0.0,0.0,25.809115786607855,25.866666203584025
5800.0,381.1346543770593,0.0,0.0,25.809396344926043,25.86716493437238
5820.0,381.14117029612856,0.0,0.0,25.80967632647201,25.86766319570748
5840.0,381.1476972411054,0.0,0.0,25.809955732814494,25.868160988846856
5860.0,381.1542351599145,0.0,0.0,25.810234565517955,25.868658315043426
5880.0,381.160784000692,0.0,0.0,25.81051282614262,25.869155175545497
5900.0,381.16734371177455,0.0,0.0,25.810790516244477,25.86965157159679
5920.0,381.17391424167874,0.0,0.0,25.811067637375295,25.870147504436456
5940.0,381.18049553913545,0.0,0.0,25.811344191082625,25.870642975299095
5960.0,381.1870875530618,0.0,0.0,25.811620178909823,25.871137985414776
5980.0,381.19369023257036,0.0,0.0,25.81189560239605,25.871632536009045
6000.0,381.20030352696784,0.0,0.0,25.812170463076292,25.872126628302954
6020.0,381.20692738575787,0.0,0.0,25.812444762481373,25.87262026351307
6040.0,381.2135617586279,0.0,0.0,25.81271850213795,25.873113442851498
6060.0,381.22020659547223,0.0,0.0,25.812991683568548,25.873606167525892
6080.0,381.22686184636166,0.0,0.0,25.813264308291547,25.874098438739477
6100.0,381.23352746155916,0.0,0.0,25.813536377821215,25.874590257691068
6120.0,381.2402033915306,0.0,0.0,25.8138078936677,25.875081625575078
6140.0,381.2468895869138,0.0,0.0,25.814078857337055,25.87557254358154
6160.0,381.2535859985463,0.0,0.0,25.814349270331242,25.876063012896132
6180.0,381.2602925775564,0.0,0.0,25.81461913414815,25.87655303470018
6200.0,381.26700927481903,0.0,0.0,25.81488845028159,25.877042610170683
6220.0,381.27373604206343,0.0,0.0,25.815157220221323,25.877531740480325
6240.0,381.2804728307593,0.0,0.0,25.815425445453066,25.878020426797498
6260.0,381.287219592671,0.0,0.0,25.8156931274585,25.878508670286312
6280.0,381.2939762797416,0.0,0.0,25.81596026771528,25.878996472106614
6300.0,381.30074284410745,0.0,0.0,25.81622686769705,25.879483833414007
6320.0,381.3075192380785,0.0,0.0,25.816492928873455,25.87997075535986
6340.0,381.31430541415733,0.0,0.0,25.81675845271014,25.880457239091335
6360.0,381.3211013250092,0.0,0.0,25.817023440668777,25.88094328575139
6380.0,381.3279069235086,0.0,0.0,25.817287894207062,25.8814288964788
6400.0,381.3347221626804,0.0,0.0,25.817551814778742,25.88191407240818
6420.0,381.3415469957469,0.0,0.0,25.817815203833604,25.88239881466999
6440.0,381.3483813761015,0.0,0.0,25.818078062817502,25.882883124390567
6460.0,381.3552252573177,0.0,0.0,25.81834039317236,25.88336700269212
6480.0,381.36207859315004,0.0,0.0,25.818602196336187,25.88385045069276
6500.0,381.36894133752,0.0,0.0,25.81886347374309,25.88433346950651
6520.0,381.3758134445323,0.0,0.0,25.81912422682327,25.88481606024333
6540.0,381.382694868466,0.0,0.0,25.81938445700305,25.88529822400912
6560.0,381.3895855637805,0.0,0.0,25.819644165704876,25.885779961905737
6580.0,381.3964854850934,0.0,0.0,25.81990335434733,25.88626127503102
6600.0,381.4033945872032,0.0,0.0,25.820162024345134,25.8867421644788
6620.0,381.4103128250928,0.0,0.0,25.820420177109177,25.887222631338915
6640.0,381.4172401538976,0.0,0.0,25.82067781404651,25.887702676697227
6660.0,381.42417652893795,0.0,0.0,25.820934936560352,25.88818230163563
6680.0,381.4311219056976,0.0,0.0,25.82119154605012,25.888661507232083
6700.0,381.4380762398373,0.0,0.0,25.821447643911423,25.8891402945606
6720.0,381.44503948718005,0.0,0.0,25.821703231536084,25.88961866469129
6740.0,381.4520116037189,0.0,0.0,25.821958310312134,25.890096618690354
6760.0,381.4589925456208,0.0,0.0,25.822212881623837,25.890574157620108
6780.0,381.4659822692104,0.0,0.0,25.822466946851698,25.891051282539
6800.0,381.4729807309878,0.0,0.0,25.822720507372463,25.89152799450162
6820.0,381.4799878876217,0.0,0.0,25.822973564559142,25.89200429455871
6840.0,381.4870036959318,0.0,0.0,25.823226119781012,25.892480183757197
6860.0,381.49402811291895,0.0,0.0,25.823478174403625,25.892955663140185
6880.0,381.50106109573204,0.0,0.0,25.823729729788827,25.89343073374699
6900.0,381.5081026017023,0.0,0.0,25.823980787294758,25.893905396613132
6920.0,381.5151525883107,0.0,0.0,25.824231348275866,25.89437965277038
6940.0,381.52221101320885,0.0,0.0,25.82448141408292,25.894853503246733
6960.0,381.5292778341964,0.0,0.0,25.82473098606302,25.89532694906646
6980.0,381.53635300925515,0.0,0.0,25.824980065559593,25.895799991250108
7000.0,381.54343649651395,0.0,0.0,25.825228653912422,25.8962726308145
7020.0,381.5505282542539,0.0,0.0,25.82547675245765,25.896744868772775
7040.0,381.55762824093796,0.0,0.0,25.82572436252778,25.897216706134383
7060.0,381.56473641517556,0.0,0.0,25.825971485451696,25.89768814390511
7080.0,381.57185273572526,0.0,0.0,25.82621812255467,25.89815918308709
7100.0,381.5789771615219,0.0,0.0,25.826464275158372,25.898629824678803
7120.0,381.5861096516421,0.0,0.0,25.826709944580873,25.89910006967512
7140.0,381.5932501653321,0.0,0.0,25.826955132136664,25.899569919067297
7160.0,381.60039866189516,0.0,0.0,25.827199839136657,25.90003937384298
7180.0,381.6075551010527,0.0,0.0,25.82744406688821,25.90050843498624
7200.0,381.61471944242794,0.0,0.0,25.82768781669511,25.900977103477576
7220.0,381.62189164587824,0.0,0.0,25.827931089857618,25.901445380293936
7240.0,381.62907167141657,0.0,0.0,25.828173887672442,25.901913266408716
7260.0,381.6362594792092,0.0,0.0,25.82841621143277,25.902380762791786
7280.0,381.64345502957536,0.0,0.0,25.828658062428275,25.9028478704095
7300.0,381.65065828298594,0.0,0.0,25.82889944194512,25.903314590224706
7320.0,381.65786920006104,0.0,0.0,25.829140351265966,25.903780923196774
7340.0,381.6650877415712,0.0,0.0,25.829380791669998,25.904246870281582
7360.0,381.67231386844264,0.0,0.0,25.829620764432907,25.904712432431563
7380.0,381.6795475417429,0.0,0.0,25.829860270826924,25.905177610595686
7400.0,381.6867887226986,0.0,0.0,25.830099312120815,25.905642405719494
7420.0,381.694037372674,0.0,0.0,25.830337889579898,25.9061068187451
7440.0,381.70129345318804,0.0,0.0,25.830576004466042,25.906570850611217
7460.0,381.70855692590686,0.0,0.0,25.830813658037695,25.907034502253154
7480.0,381.71582775264,0.0,0.0,25.83105085154987,25.907497774602838
7500.0,381.72310589534646,0.0,0.0,25.83128758625417,25.90796066858883
7520.0,381.73039131612813,0.0,0.0,25.8315238633988,25.908423185136332
7540.0,381.73768397723694,0.0,0.0,25.831759684228558,25.908885325167198
7560.0,381.74498384106147,0.0,0.0,25.83199504998486,25.90934708959995
7580.0,381.752290870142,0.0,0.0,25.83222996190575,25.9098084793498
7600.0,381.75960502715526,0.0,0.0,25.832464421225893,25.91026949532864
7620.0,381.7669262749319,0.0,0.0,25.8326984291766,25.910730138445086
7640.0,381.7742545764337,0.0,0.0,25.83293198698583,25.91119040960446
7660.0,381.7815898947673,0.0,0.0,25.833165095878208,25.91165030970882
7680.0,381.78893219317706,0.0,0.0,25.833397757075016,25.912109839656967
7700.0,381.7962814350766,0.0,0.0,25.83362997179422,25.91256900034446
7720.0,381.80363758397124,0.0,0.0,25.83386174125047,25.913027792663634
7740.0,381.8110006035413,0.0,0.0,25.834093066655107,25.913486217503593
7760.0,381.8183704575942,0.0,0.0,25.83432394921618,25.913944275750247
7780.0,381.82574711008084,0.0,0.0,25.834554390138447,25.914401968286302
7800.0,381.83313052508726,0.0,0.0,25.83478439062339,25.914859295991292
7820.0,381.84052066683586,0.0,0.0,25.83501395186922,25.915316259741576
7840.0,381.84791749968736,0.0,0.0,25.83524307507089,25.91577286041036
7860.0,381.85532098814514,0.0,0.0,25.835471761420088,25.916229098867703
7880.0,381.862731096839,0.0,0.0,25.835700012105274,25.91668497598053
7900.0,381.8701477905383,0.0,0.0,25.835927828311668,25.91714049261265
7920.0,381.87757103415265,0.0,0.0,25.836155211221257,25.917595649624758
7940.0,381.8850007927158,0.0,0.0,25.83638216201282,25.918050447874457
7960.0,381.8924370314085,0.0,0.0,25.836608681861925,25.918504888216262
7980.0,381.89987971553194,0.0,0.0,25.836834771940936,25.918958971501613
8000.0,381.90732881052224,0.0,0.0,25.83706043341903,25.919412698578896
8020.0,381.91478428197615,0.0,0.0,25.837285667462197,25.919866070293438
8040.0,381.92224609556484,0.0,0.0,25.837510475233255,25.920319087487535
8060.0,381.9297142171617,0.0,0.0,25.837734857891856,25.92077175100046
8080.0,381.9371886127059,0.0,0.0,25.837958816594497,25.921224061668457
8100.0,381.94466924829834,0.0,0.0,25.83818235249452,25.921676020324785
8120.0,381.95215609018663,0.0,0.0,25.838405466742135,25.9221276277997
8140.0,381.95964910471514,0.0,0.0,25.838628160484415,25.92257888492048
8160.0,381.96714825838285,0.0,0.0,25.83885043486531,25.92302979251144
8180.0,381.974653517795,0.0,0.0,25.83907229102566,25.923480351393927
8200.0,381.98216484969146,0.0,0.0,25.839293730103186,25.923930562386353
8220.0,381.9896822209583,0.0,0.0,25.839514753232525,25.92438042630419
8240.0,381.99720559859065,0.0,0.0,25.83973536154522,25.92482994395999
8260.0,382.0047349497197,0.0,0.0,25.839955556169727,25.925279116163388
8280.0,382.01227024159226,0.0,0.0,25.840175338231436,25.925727943721125
8300.0,382.01981144157565,0.0,0.0,25.84039470885267,25.926176427437046
8320.0,382.02735851719217,0.0,0.0,25.8406136691527,25.926624568112118
8340.0,382.0349114360602,0.0,0.0,25.840832220247734,25.927072366544444
8360.0,382.04247016593223,0.0,0.0,25.841050363250954,25.92751982352927
8380.0,382.05003467470186,0.0,0.0,25.841268099272508,25.927966939858994
8400.0,382.05760493034967,0.0,0.0,25.841485429419514,25.92841371632318
8420.0,382.0651809010018,0.0,0.0,25.841702354796084,25.92886015370857
8440.0,382.0727625549163,0.0,0.0,25.84191887650331,25.929306252799087
8460.0,382.0803498604597,0.0,0.0,25.8421349956393,25.929752014375858
8480.0,382.08794278611146,0.0,0.0,25.842350713299158,25.930197439217217
8500.0,382.0955413004796,0.0,0.0,25.84256603057501,25.93064252809872
8520.0,382.1031453723199,0.0,0.0,25.842780948556012,25.931087281793143
8540.0,382.1107549704606,0.0,0.0,25.84299546832834,25.931531701070515
8560.0,382.1183700638828,0.0,0.0,25.843209590975224,25.931975786698107
8580.0,382.1259906216678,0.0,0.0,25.84342331757694,25.932419539440456
8600.0,382.1336166130518,0.0,0.0,25.84363664921081,25.93286296005937
8620.0,382.1412480073376,0.0,0.0,25.84384958695124,25.933306049313938
8640.0,382.1488847739749,0.0,0.0,25.84406213186969,25.933748807960544
8660.0,382.1565268825427,0.0,0.0,25.844274285034714,25.934191236752877
8680.0,382.16417430271986,0.0,0.0,25.84448604751195,25.934633336441934
8700.0,382.17182700428424,0.0,0.0,25.844697420364128,25.93507510777604
8720.0,382.1794849571724,0.0,0.0,25.84490840465109,25.935516551500857
8740.0,382.1871481314175,0.0,0.0,25.845119001429786,25.935957668359386
8760.0,382.1948164971444,0.0,0.0,25.84532921175429,25.936398459091983
8780.0,382.20249002462697,0.0,0.0,25.845539036675795,25.936838924436373
8800.0,382.21016868424886,0.0,0.0,25.845748477242637,25.93727906512765
8820.0,382.2178524464661,0.0,0.0,25.845957534500293,25.937718881898302
8840.0,382.2255412819145,0.0,0.0,25.84616620949139,25.938158375478203
8860.0,382.23323516129295,0.0,0.0,25.846374503255717,25.938597546594636
8880.0,382.2409340554558,0.0,0.0,25.846582416830227,25.9390363959723
8900.0,382.24863793533194,0.0,0.0,25.846789951249043,25.93947492433331
8920.0,382.2563467719348,0.0,0.0,25.846997107543476,25.93991313239723
8940.0,382.26406053648634,0.0,0.0,25.847203886742022,25.940351020881057
8960.0,382.27177920025264,0.0,0.0,25.84741028987038,25.940788590499245
8980.0,382.2795027345899,0.0,0.0,25.84761631795144,25.941225841963718
9000.0,382.28723111102715,0.0,0.0,25.84782197200532,25.941662775983865
9020.0,382.29496430115825,0.0,0.0,25.84802725304935,25.942099393266567
9040.0,382.30270227670394,0.0,0.0,25.848232162098082,25.942535694516188
9060.0,382.31044500948695,0.0,0.0,25.848436700163308,25.942971680434603
9080.0,382.3181924714429,0.0,0.0,25.848640868254066,25.9434073517212
9100.0,382.3259446346156,0.0,0.0,25.848844667376632,25.943842709072875
9120.0,382.3337014711571,0.0,0.0,25.84904809853455,25.944277753184075
9140.0,382.34146295332243,0.0,0.0,25.849251162728624,25.944712484746773
9160.0,382.34922905347946,0.0,0.0,25.849453860956928,25.945146904450503
9180.0,382.35699974410994,0.0,0.0,25.849656194214816,25.94558101298235
9200.0,382.36477499776134,0.0,0.0,25.84985816349493,25.946014811026966
9220.0,382.37255478715923,0.0,0.0,25.8500597697872,25.94644829926659
9240.0,382.3803390850596,0.0,0.0,25.850261014078864,25.94688147838104
9260.0,382.388127864358,0.0,0.0,25.850461897354464,25.94731434904774
9280.0,382.3959210980912,0.0,0.0,25.85066242059586,25.947746911941714
9300.0,382.40371875931237,0.0,0.0,25.850862584782234,25.9481791677356
9320.0,382.4115208212763,0.0,0.0,25.8510623908901,25.948611117099663
9340.0,382.4193272572627,0.0,0.0,25.851261839893304,25.949042760701797
9360.0,382.4271380406805,0.0,0.0,25.85146093276304,25.949474099207546
9380.0,382.43495314508573,0.0,0.0,25.851659670467853,25.949905133280097
9400.0,382.4427725440491,0.0,0.0,25.851858053973647,25.950335863580303
9420.0,382.45059621132714,0.0,0.0,25.852056084243692,25.950766290766683
9440.0,382.4584241207452,0.0,0.0,25.852253762238632,25.95119641549544
9460.0,382.4662562462001,0.0,0.0,25.85245108891649,25.951626238420452
9480.0,382.47409256173023,0.0,0.0,25.852648065232675,25.95205576019331
9500.0,382.48193304146105,0.0,0.0,25.852844692139993,25.952484981463297
9520.0,382.4897776596032,0.0,0.0,25.853040970588648,25.95291390287741
9540.0,382.49762639052534,0.0,0.0,25.853236901526255,25.95334252508037
9560.0,382.50547920859395,0.0,0.0,25.853432485897844,25.953770848714633
9580.0,382.5133360883759,0.0,0.0,25.85362772464587,25.954198874420396
9600.0,382.52119700448145,0.0,0.0,25.853822618710215,25.954626602835596
9620.0,382.5290619316248,0.0,0.0,25.85401716902819,25.955054034595932
9640.0,382.53693084462935,0.0,0.0,25.85421137653456,25.955481170334867
9660.0,382.54480371842294,0.0,0.0,25.85440524216154,25.95590801068364
9680.0,382.55268052797373,0.0,0.0,25.85459876683879,25.956334556271273
9700.0,382.5605612484541,0.0,0.0,25.85479195149345,25.956760807724574
9720.0,382.5684458550202,0.0,0.0,25.85498479705012,25.95718676566816
9740.0,382.57633432297627,0.0,0.0,25.85517730443088,25.957612430724442
9760.0,382.58422662775075,0.0,0.0,25.8553694745553,25.958037803513662
9780.0,382.5921227448357,0.0,0.0,25.85556130834043,25.95846288465388
9800.0,382.6000226497864,0.0,0.0,25.855752806700824,25.958887674760987
9820.0,382.60792631830543,0.0,0.0,25.855943970548548,25.95931217444872
9840.0,382.6158337261502,0.0,0.0,25.856134800793168,25.959736384328657
9860.0,382.62374484923816,0.0,0.0,25.856325298341773,25.96016030501025
9880.0,382.6316596634697,0.0,0.0,25.85651546409898,25.960583937100797
9900.0,382.63957814497155,0.0,0.0,25.856705298966933,25.961007281205486
9920.0,382.6475002698214,0.0,0.0,25.856894803845318,25.961430337927382
9940.0,382.6554260143172,0.0,0.0,25.857083979631362,25.961853107867437
9960.0,382.66335535477504,0.0,0.0,25.857272827219848,25.962275591624504
9980.0,382.67128826763695,0.0,0.0,25.857461347503115,25.962697789795342
10000.0,382.67922472937187,0.0,0.0,25.857649541371067,25.96311970297463
10020.0,382.68716471663845,0.0,0.0,25.857837409711184,25.96354133175496
10040.0,382.6951082061221,0.0,0.0,25.858024953408513,25.96396267672686
10060.0,382.70305517463015,0.0,0.0,25.8582121733457,25.964383738478798
10080.0,382.7110055989895,0.0,0.0,25.858399070402967,25.96480451759718
10100.0,382.71895945622134,0.0,0.0,25.85858564545815,25.965225014666373
10120.0,382.72691672337277,0.0,0.0,25.858771899386674,25.96564523026871
10140.0,382.7348773776071,0.0,0.0,25.858957833061584,25.96606516498448
10160.0,382.74284139612774,0.0,0.0,25.859143447353542,25.966484819391965
10180.0,382.75080875625713,0.0,0.0,25.85932874313083,25.966904194067418
10200.0,382.75877943544987,0.0,0.0,25.85951372125936,25.967323289585092
10220.0,382.7667534112061,0.0,0.0,25.859698382602687,25.967742106517246
10240.0,382.7747306610589,0.0,0.0,25.859882728022,25.968160645434136
10260.0,382.7827111627628,0.0,0.0,25.860066758376142,25.96857890690404
10280.0,382.79069489400297,0.0,0.0,25.86025047452161,25.968996891493255
10300.0,382.79868183268485,0.0,0.0,25.860433877312563,25.969414599766118
10320.0,382.806671956727,0.0,0.0,25.86061696760083,25.969832032284994
10340.0,382.8146652441524,0.0,0.0,25.860799746235916,25.970249189610303
10360.0,382.822661673088,0.0,0.0,25.860982214065004,25.97066607230051
10380.0,382.8306612216842,0.0,0.0,25.861164371932965,25.971082680912144
10400.0,382.8386638682399,0.0,0.0,25.86134622068236,25.971499015999804
10420.0,382.84666959109313,0.0,0.0,25.861527761153457,25.97191507811616
10440.0,382.8546783687577,0.0,0.0,25.861708994184227,25.972330867811976
10460.0,382.8626901796713,0.0,0.0,25.861889920610345,25.972746385636093
10480.0,382.87070500252065,0.0,0.0,25.86207054126522,25.973161632135458
10500.0,382.87872281599994,0.0,0.0,25.862250856979973,25.97357660785512
10520.0,382.88674359884254,0.0,0.0,25.862430868583463,25.973991313338235
10540.0,382.89476732990886,0.0,0.0,25.86261057690228,25.97440574912609
10560.0,382.90279398819416,0.0,0.0,25.862789982760763,25.974819915758086
10580.0,382.91082355272425,0.0,0.0,25.862969086980993,25.97523381377177
10600.0,382.9188560025356,0.0,0.0,25.863147890382816,25.975647443702815
10620.0,382.9268913168911,0.0,0.0,25.863326393783826,25.976060806085055
10640.0,382.93492947503756,0.0,0.0,25.863504597999395,25.976473901450476
10660.0,382.9429704563258,0.0,0.0,25.863682503842668,25.97688673032922
10680.0,382.95101424019106,0.0,0.0,25.863860112124563,25.977299293249605
10700.0,382.9590608061432,0.0,0.0,25.86403742365379,25.977711590738117
10720.0,382.96711013380497,0.0,0.0,25.864214439236846,25.978123623319433
10740.0,382.9751622027668,0.0,0.0,25.86439115967803,25.97853539151642
10760.0,382.9832169928848,0.0,0.0,25.864567585779437,25.978946895850132
10780.0,382.9912744839107,0.0,0.0,25.864743718340975,25.97935813683984
10800.0,382.99933465578454,0.0,0.0,25.864919558160373,25.97976911500301
10820.0,383.00739748846127,0.0,0.0,25.865095106033174,25.980179830855338
10840.0,383.01546296206783,0.0,0.0,25.86527036275275,25.980590284910743
10860.0,383.02353105674285,0.0,0.0,25.865445329110308,25.98100047768137
10880.0,383.0316017526266,0.0,0.0,25.865620005894893,25.9814104096776
10900.0,383.0396750301017,0.0,0.0,25.865794393893395,25.981820081408067
10920.0,383.04775086951497,0.0,0.0,25.865968493890552,25.98222949337965
10940.0,383.0558292513183,0.0,0.0,25.86614230666896,25.982638646097485
10960.0,383.0639101560739,0.0,0.0,25.866315833009075,25.983047540064977
10980.0,383.0719935643229,0.0,0.0,25.86648907368923,25.983456175783797
11000.0,383.08007945678435,0.0,0.0,25.86666202948562,25.983864553753897
11020.0,383.0881678141692,0.0,0.0,25.866834701172326,25.984272674473512
11040.0,383.0962586174114,0.0,0.0,25.867007089521316,25.984680538439168
11060.0,383.1043518472945,0.0,0.0,25.867179195302445,25.98508814614569
11080.0,383.11244748488883,0.0,0.0,25.867351019283465,25.985495498086202
11100.0,383.1205455112527,0.0,0.0,25.867522562230036,25.98590259475214
11120.0,383.1286459074541,0.0,0.0,25.867693824905718,25.986309436633263
11140.0,383.13674865472666,0.0,0.0,25.867864808071992,25.986716024217646
11160.0,383.1448537343503,0.0,0.0,25.868035512488255,25.987122357991694
11180.0,383.1529611276721,0.0,0.0,25.868205938911828,25.987528438440147
11200.0,383.16107081611665,0.0,0.0,25.868376088097964,25.987934266046096
11220.0,383.16918278118374,0.0,0.0,25.868545960799853,25.98833984129097
11240.0,383.1772970044397,0.0,0.0,25.868715557768628,25.988745164654556
11260.0,383.18541346752943,0.0,0.0,25.868884879753367,25.989150236615004
11280.0,383.1935321521618,0.0,0.0,25.869053927501103,25.98955505764883
11300.0,383.2016530400863,0.0,0.0,25.869222701756826,25.989959628230924
11320.0,383.2097761132678,0.0,0.0,25.869391203263493,25.990363948834556
11340.0,383.21790135353154,0.0,0.0,25.869559432762028,25.99076801993138
11360.0,383.22602874290385,0.0,0.0,25.869727390991333,25.991171841991445
11380.0,383.23415826346246,0.0,0.0,25.869895078688288,25.991575415483197
11400.0,383.24228989733757,0.0,0.0,25.870062496587764,25.99197874087349
11420.0,383.25042362674435,0.0,0.0,25.870229645422615,25.992381818627575
11440.0,383.2585594339254,0.0,0.0,25.870396525923702,25.992784649209135
11460.0,383.2666973013424,0.0,0.0,25.870563138819886,25.99318723308027
11480.0,383.2748372112605,0.0,0.0,25.870729484838026,25.993589570701506
11500.0,383.2829791463212,0.0,0.0,25.87089556470301,25.993991662531805
11520.0,383.29112308896725,0.0,0.0,25.871061379137732,25.994393509028573
11540.0,383.29926902185787,0.0,0.0,25.871226928863113,25.994795110647658
11560.0,383.3074169276921,0.0,0.0,25.871392214598114,25.99519646784336
11580.0,383.3155667892265,0.0,0.0,25.871557237059715,25.99559758106844
11600.0,383.32371858929184,0.0,0.0,25.87172199696295,25.995998450774124
11620.0,383.33187231078546,0.0,0.0,25.87188649502089,25.9963990774101
11640.0,383.34002793666855,0.0,0.0,25.872050731944665,25.996799461424544
11660.0,383.3481854499346,0.0,0.0,25.872214708443448,25.997199603264104
11680.0,383.3563448338013,0.0,0.0,25.872378425224486,25.99759950337392
11700.0,383.36450607127034,0.0,0.0,25.872541882993087,25.99799916219762
11720.0,383.37266914569824,0.0,0.0,25.87270508245263,25.998398580177337
11740.0,383.38083404033404,0.0,0.0,25.872868024304573,25.998797757753707
11760.0,383.3890007385442,0.0,0.0,25.873030709248464,25.999196695365875
11780.0,383.39716922375646,0.0,0.0,25.873193137981925,25.9995953934515
11800.0,383.4053394795074,0.0,0.0,25.873355311200676,25.999993852446767
11820.0,383.4135114892676,0.0,0.0,25.873517229598537,26.000392072786386
11840.0,383.4216852367055,0.0,0.0,25.873678893867428,26.0007900549036
11860.0,383.42986070546186,0.0,0.0,25.87384030469738,26.00118779923019
11880.0,383.43803787937964,0.0,0.0,25.87400146277654,26.001585306196482
11900.0,383.44621674227443,0.0,0.0,25.87416236879117,26.00198257623135
11920.0,383.45439727793456,0.0,0.0,25.87432302342565,26.00237960976222
11940.0,383.46257947035144,0.0,0.0,25.8744834273625,26.002776407215084
11960.0,383.4707633035298,0.0,0.0,25.874643581282367,26.0031729690145
11980.0,383.4789487614971,0.0,0.0,25.874803485864035,26.003569295583596
12000.0,383.4871358285214,0.0,0.0,25.87496314178444,26.003965387344074
12020.0,383.49532448866125,0.0,0.0,25.875122549718668,26.004361244716225
12040.0,383.50351472617143,0.0,0.0,25.875281710339944,26.00475686811892
12060.0,383.51170652546887,0.0,0.0,25.87544062431966,26.005152257969627
12080.0,383.5198998708879,0.0,0.0,25.87559929232738,26.00554741468441
12100.0,383.52809474692447,0.0,0.0,25.875757715030826,26.005942338677944
12120.0,383.53629113793147,0.0,0.0,25.875915893095904,26.006337030363504
12140.0,383.54448902867983,0.0,0.0,25.87607382718669,26.006731490152983
12160.0,383.55268840587627,0.0,0.0,25.876231517965447,26.0071257184569
12180.0,383.5608892475538,0.0,0.0,25.876388966092634,26.007519715684392
12200.0,383.5690915451232,0.0,0.0,25.876546172226888,26.007913482243215
12220.0,383.57729528130875,0.0,0.0,25.87670313702506,26.008307018539778
12240.0,383.58550044077293,0.0,0.0,25.876859861142197,26.008700324979127
12260.0,383.5937070086565,0.0,0.0,25.87701634523155,26.00909340196495
12280.0,383.6019149697352,0.0,0.0,25.877172589944593,26.009486249899588
12300.0,383.6101243092735,0.0,0.0,25.877328595931022,26.009878869184035
12320.0,383.6183350122176,0.0,0.0,25.877484363838736,26.01027126021795
12340.0,383.6265470637863,0.0,0.0,25.877639894313884,26.010663423399656
12360.0,383.63476044915313,0.0,0.0,25.87779518800083,26.011055359126146
12380.0,383.6429751537141,0.0,0.0,25.87795024554219,26.011447067793092
12400.0,383.6511911628084,0.0,0.0,25.87810506757881,26.011838549794845
12420.0,383.659408461729,0.0,0.0,25.878259654749797,26.012229805524445
12440.0,383.667627035992,0.0,0.0,25.878414007692495,26.01262083537362
12460.0,383.67584687110593,0.0,0.0,25.878568127042517,26.013011639732795
12480.0,383.6840679526545,0.0,0.0,25.878722013433723,26.0134022189911
12500.0,383.69229026620707,0.0,0.0,25.878875667498253,26.013792573536364
12520.0,383.7005137975687,0.0,0.0,25.879029089866503,26.014182703755132
12540.0,383.7087385324866,0.0,0.0,25.879182281167164,26.01457261003267
12560.0,383.7169644566433,0.0,0.0,25.8793352420272,26.014962292752955
12580.0,383.72519155595717,0.0,0.0,25.87948797307184,26.01535175229869
12600.0,383.73341981634445,0.0,0.0,25.87964047492463,26.01574098905132
12620.0,383.7416492237099,0.0,0.0,25.879792748207407,26.016130003391012
12640.0,383.7498797642078,0.0,0.0,25.879944793540286,26.016518795696683
12660.0,383.7581114239184,0.0,0.0,25.880096611541703,26.016907366345986
12680.0,383.76634418879433,0.0,0.0,25.88024820282839,26.01729571571533
12700.0,383.7745780452789,0.0,0.0,25.880399568015406,26.01768384417988
12720.0,383.7828129793647,0.0,0.0,25.880550707716125,26.01807175211356
12740.0,383.7910489776132,0.0,0.0,25.88070162254223,26.018459439889046
12760.0,383.79928602618253,0.0,0.0,25.88085231310374,26.018846907877798
12780.0,383.8075241114897,0.0,0.0,25.881002780009005,26.01923415645004
12800.0,383.8157632201281,0.0,0.0,25.881153023864705,26.019621185974778
12820.0,383.8240033386219,0.0,0.0,25.881303045275864,26.0200079968198
12840.0,383.8322444535016,0.0,0.0,25.881452844845853,26.02039458935168
12860.0,383.8404865511782,0.0,0.0,25.88160242317639,26.02078096393579
12880.0,383.8487296185446,0.0,0.0,25.881751780867532,26.021167120936283
12900.0,383.8569736424526,0.0,0.0,25.88190091851772,26.02155306071613
12920.0,383.86521860947687,0.0,0.0,25.882049836723745,26.021938783637097
12940.0,383.8734645064592,0.0,0.0,25.88219853608076,26.022324290059764
12960.0,383.881711320427,0.0,0.0,25.882347017182294,26.022709580343523
12980.0,383.8899590383273,0.0,0.0,25.882495280620248,26.02309465484659
13000.0,383.898207647017,0.0,0.0,25.882643326984915,26.023479513926002
13020.0,383.90645713353786,0.0,0.0,25.882791156864958,26.02386415793762
13040.0,383.91470748513865,0.0,0.0,25.88293877084743,26.02424858723614
13060.0,383.9229586888968,0.0,0.0,25.883086169517792,26.024632802175102
13080.0,383.931210732093,0.0,0.0,25.88323335345989,26.025016803106876
13100.0,383.9394636017542,0.0,0.0,25.883380323255974,26.02540059038268
13120.0,383.94771728548653,0.0,0.0,25.883527079486704,26.02578416435259
13140.0,383.95597177041935,0.0,0.0,25.883673622731145,26.02616752536553
13160.0,383.96422704396105,0.0,0.0,25.883819953566782,26.026550673769282
13180.0,383.97248309379717,0.0,0.0,25.883966072569518,26.026933609910493
13200.0,383.98073990720576,0.0,0.0,25.884111980313683,26.02731633413468
13220.0,383.98899747174033,0.0,0.0,25.88425767737202,26.027698846786226
13240.0,383.99725577524674,0.0,0.0,25.88440316431573,26.028081148208393
13260.0,384.00551480514684,0.0,0.0,25.884548441714426,26.028463238743324
13280.0,384.0137745491422,0.0,0.0,25.884693510136177,26.028845118732043
13300.0,384.022034995234,0.0,0.0,25.88483837014749,26.029226788514467
13320.0,384.0302961309811,0.0,0.0,25.88498302231332,26.029608248429405
13340.0,384.03855794424226,0.0,0.0,25.88512746719708,26.029989498814558
13360.0,384.0468204231613,0.0,0.0,25.885271705360644,26.030370540006537
13380.0,384.0550835554485,0.0,0.0,25.885415737364337,26.030751372340852
13400.0,384.06334732909477,0.0,0.0,25.88555956376696,26.031131996151924
13420.0,384.0716117324104,0.0,0.0,25.885703185125784,26.031512411773086
13440.0,384.07987675314433,0.0,0.0,25.885846601996544,26.031892619536595
13460.0,384.0881423796998,0.0,0.0,25.88598981493346,26.03227261977362
13480.0,384.0964086001849,0.0,0.0,25.886132824489238,26.03265241281427
13500.0,384.1046754028365,0.0,0.0,25.886275631215067,26.033031998987568
13520.0,384.1129427759412,0.0,0.0,25.886418235660624,26.03341137862148
13540.0,384.12121070792165,0.0,0.0,25.8865606383741,26.033790552042912
13560.0,384.1294791869863,0.0,0.0,25.886702839902153,26.03416951957771
13580.0,384.13774820155317,0.0,0.0,25.886844840789966,26.03454828155066
13600.0,384.1460177403748,0.0,0.0,25.886986641581228,26.034926838285507
13620.0,384.1542877916041,0.0,0.0,25.88712824281813,26.035305190104946
13640.0,384.1625583441742,0.0,0.0,25.88726964504139,26.03568333733063
13660.0,384.1708293864273,0.0,0.0,25.887410848790243,26.036061280283178
13680.0,384.17910090701827,0.0,0.0,25.887551854602435,26.03643901928217
13700.0,384.18737289483477,0.0,0.0,25.887692663014253,26.036816554646155
13720.0,384.1956453386371,0.0,0.0,25.88783327456052,26.037193886692663
13740.0,384.2039182270246,0.0,0.0,25.887973689774576,26.037571015738195
13760.0,384.2121915489389,0.0,0.0,25.888113909188313,26.03794794209823
13780.0,384.2204652932612,0.0,0.0,25.888253933332173,26.03832466608725
13800.0,384.22873944892694,0.0,0.0,25.88839376273512,26.038701188018702
13820.0,384.23701400490893,0.0,0.0,25.88853339792469,26.039077508205043
13840.0,384.24528895013043,0.0,0.0,25.888672839426995,26.039453626957727
13860.0,384.2535642738555,0.0,0.0,25.888812087766652,26.039829544587196
13880.0,384.2618399651965,0.0,0.0,25.888951143466876,26.040205261402907
13900.0,384.27011601309704,0.0,0.0,25.889090007049454,26.040580777713323
13920.0,384.2783924068655,0.0,0.0,25.889228679034723,26.040956093825915
13940.0,384.2866691356353,0.0,0.0,25.889367159941614,26.041331210047176
13960.0,384.2949461890011,0.0,0.0,25.889505450287622,26.041706126682612
13980.0,384.30322355613254,0.0,0.0,25.889643550588833,26.04208084403676
14000.0,384.311501225948,0.0,0.0,25.889781461359917,26.04245536241318
14020.0,384.3197791886275,0.0,0.0,25.889919183114145,26.042829682114455
14040.0,384.32805743305835,0.0,0.0,25.890056716363368,26.04320380344221
14060.0,384.33633594905785,0.0,0.0,25.890194061618043,26.043577726697112
14080.0,384.34461472606245,0.0,0.0,25.890331219387217,26.04395145217886
14100.0,384.35289375376624,0.0,0.0,25.890468190178556,26.0443249801862
14120.0,384.3611730215803,0.0,0.0,25.89060497449833,26.044698311016933
14140.0,384.3694525192846,0.0,0.0,25.89074157285142,26.045071444967906
14160.0,384.3777322365884,0.0,0.0,25.89087798574133,26.045444382335024
14180.0,384.38601216325014,0.0,0.0,25.891014213670193,26.04581712341325
14200.0,384.39429228905965,0.0,0.0,25.89115025713875,26.046189668496613
14220.0,384.40257260385835,0.0,0.0,25.891286116646366,26.046562017878202
14240.0,384.41085309740714,0.0,0.0,25.89142179269105,26.046934171850182
14260.0,384.41913375997257,0.0,0.0,25.891557285769455,26.047306130703795
14280.0,384.42741458116757,0.0,0.0,25.891692596376856,26.04767789472935
14300.0,384.43569555111264,0.0,0.0,25.891827725007175,26.04804946421624
14320.0,384.44397665985014,0.0,0.0,25.891962672152996,26.048420839452948
14340.0,384.45225789734235,0.0,0.0,25.892097438305534,26.04879202072704
14360.0,384.4605392540694,0.0,0.0,25.892232023954673,26.049163008325166
14380.0,384.4688207197206,0.0,0.0,25.89236642958895,26.049533802533084
14400.0,384.4771022848562,0.0,0.0,25.892500655695557,26.04990440363564
14420.0,384.4853839396015,0.0,0.0,25.892634702760358,26.050274811916786
14440.0,384.49366567424767,0.0,0.0,25.89276857126787,26.05064502765953
14460.0,384.5019474792302,0.0,0.0,25.89290226170132,26.051015051146095
14480.0,384.51022934466863,0.0,0.0,25.89303577454258,26.051384882657754
14500.0,384.5185112610916,0.0,0.0,25.89316911027221,26.05175452247489
14520.0,384.5267932188147,0.0,0.0,25.89330226936946,26.052123970877012
14540.0,384.5350752086945,0.0,0.0,25.893435252312248,26.052493228142744
14560.0,384.54335722074796,0.0,0.0,25.893568059577206,26.052862294549843
14580.0,384.551639246043,0.0,0.0,25.893700691639637,26.053231170375184
14600.0,384.5599212748013,0.0,0.0,25.89383314897356,26.053599855894717
14620.0,384.5682032977777,0.0,0.0,25.893965432051694,26.05396835138364
14640.0,384.57648530551427,0.0,0.0,25.89409754134545,26.054336657116234
14660.0,384.5847672889892,0.0,0.0,25.894229477324952,26.054704773365923
14680.0,384.59304923895604,0.0,0.0,25.89436124045904,26.055072700405276
14700.0,384.60133114593935,0.0,0.0,25.89449283121528,26.055440438506004
14720.0,384.60961300089645,0.0,0.0,25.89462425005993,26.055807987938984
14740.0,384.6178947945576,0.0,0.0,25.894755497457993,26.056175348974225
14760.0,384.626176518092,0.0,0.0,25.894886573873197,26.056542521880907
14780.0,384.6344581624452,0.0,0.0,25.895017479767986,26.056909506927372
14800.0,384.6427397183192,0.0,0.0,25.89514821560353,26.057276304381116
14820.0,384.65102117672586,0.0,0.0,25.895278781839767,26.057642914508808
14840.0,384.65930252899216,0.0,0.0,25.89540917893535,26.058009337576284
14860.0,384.66758376641025,0.0,0.0,25.89553940734769,26.05837557384856
14880.0,384.67586487907795,0.0,0.0,25.89566946753292,26.05874162358982
14900.0,384.6841458593244,0.0,0.0,25.895799359945947,26.059107487063425
14920.0,384.69242669758063,0.0,0.0,25.89592908504042,26.05947316453192
14940.0,384.70070738550334,0.0,0.0,25.896058643268752,26.05983865625704
14960.0,384.7089879143704,0.0,0.0,25.896188035082112,26.0602039624997
14980.0,384.7172682750487,0.0,0.0,25.896317260930427,26.060569083520015
15000.0,384.7255484594653,0.0,0.0,25.8964463212624,26.06093401957729
15020.0,384.73382845840837,0.0,0.0,25.896575216525505,26.061298770930033
15040.0,384.74210826373394,0.0,0.0,25.896703947165975,26.06166333783595
15060.0,384.7503878667442,0.0,0.0,25.89683251362883,26.06202772055193
15080.0,384.7586672590756,0.0,0.0,25.896960916357877,26.062391919334107
15100.0,384.766946431943,0.0,0.0,25.897089155795715,26.062755934437796
15120.0,384.77522537705426,0.0,0.0,25.897217232383692,26.063119766117527
15140.0,384.7835040858439,0.0,0.0,25.89734514656198,26.06348341462706
15160.0,384.79178255040006,0.0,0.0,25.897472898769536,26.06384688021936
15180.0,384.80006076176,0.0,0.0,25.897600489444102,26.064210163146612
15200.0,384.80833871224235,0.0,0.0,25.89772791902224,26.064573263660233
15220.0,384.8166163931075,0.0,0.0,25.897855187939296,26.06493618201086
15240.0,384.82489379611417,0.0,0.0,25.897982296629444,26.06529891844837
15260.0,384.83317091337443,0.0,0.0,25.898109245525657,26.065661473221876
15280.0,384.84144773672415,0.0,0.0,25.898236035059693,26.066023846579704
15300.0,384.8497242575465,0.0,0.0,25.898362665662173,26.06638603876943
15320.0,384.85800046822186,0.0,0.0,25.89848913776253,26.066748050037884
15340.0,384.86627636068204,0.0,0.0,25.898615451788988,26.067109880631122
15360.0,384.8745519265728,0.0,0.0,25.898741608168624,26.06747153079446
15380.0,384.88282715804746,0.0,0.0,25.898867607327343,26.06783300077246
15400.0,384.89110204714876,0.0,0.0,25.898993449689858,26.06819429080893
15420.0,384.89937658593465,0.0,0.0,25.899119135679765,26.06855540114695
15440.0,384.90765076634034,0.0,0.0,25.899244665719454,26.06891633202883
15460.0,384.9159245809991,0.0,0.0,25.899370040230185,26.06927708369618
15480.0,384.92419802157644,0.0,0.0,25.899495259632037,26.069637656389837
15500.0,384.9324710804292,0.0,0.0,25.89962032434396,26.069998050349938
15520.0,384.9407437497967,0.0,0.0,25.899745234783758,26.07035826581586
15540.0,384.9490160219356,0.0,0.0,25.899869991368067,26.070718303026265
15560.0,384.95728788896565,0.0,0.0,25.899994594512403,26.07107816221909
15580.0,384.96555934374203,0.0,0.0,25.900119044631115,26.07143784363156
15600.0,384.97383037792014,0.0,0.0,25.900243342137433,26.071797347500148
15620.0,384.98210098441734,0.0,0.0,25.90036748744349,26.072156674060658
15640.0,384.9903711554847,0.0,0.0,25.900491480960234,26.072515823548134
15660.0,384.9986408835724,0.0,0.0,25.900615323097497,26.072874796196935
15680.0,385.00691016116934,0.0,0.0,25.900739014263994,26.0732335922407
15700.0,385.01517898079516,0.0,0.0,25.90086255486734,26.07359221191238
15720.0,385.02344733499507,0.0,0.0,25.90098594531401,26.073950655444193
15740.0,385.031715216537,0.0,0.0,25.901109186009354,26.074308923067672
15760.0,385.03998261747444,0.0,0.0,25.90123227735763,26.074667015013663
15780.0,385.0482495310115,0.0,0.0,25.901355219762003,26.07502493151229
15800.0,385.05651594963086,0.0,0.0,25.901478013624487,26.075382672793005
15820.0,385.0647818662294,0.0,0.0,25.901600659346038,26.07574023908456
15840.0,385.0730472731609,0.0,0.0,25.901723157326476,26.076097630615024
15860.0,385.08131216319146,0.0,0.0,25.901845507964573,26.07645484761178
15880.0,385.0895765296921,0.0,0.0,25.901967711657946,26.076811890301528
15900.0,385.09784036491254,0.0,0.0,25.9020897688032,26.077168758910297
15920.0,385.1061036617062,0.0,0.0,25.90221167979577,26.077525453663416
15940.0,385.1143664133485,0.0,0.0,25.902333445030028,26.077881974785548
15960.0,385.1226286125659,0.0,0.0,25.902455064899303,26.07823832250069
15980.0,385.130890252497,0.0,0.0,25.90257653979582,26.078594497032167
16000.0,385.1391513255298,0.0,0.0,25.90269787011071,26.078950498602637
16020.0,385.1474118254626,0.0,0.0,25.902819056234076,26.07930632743409
16040.0,385.1556717447358,0.0,0.0,25.902940098554918,26.07966198374785
16060.0,385.16393107640573,0.0,0.0,25.903060997461164,26.080017467764588
16080.0,385.1721898141833,0.0,0.0,25.903181753339712,26.080372779704316
16100.0,385.18044795037144,0.0,0.0,25.903302366576376,26.080727919786383
16120.0,385.1887054789446,0.0,0.0,25.90342283755592,26.081082888229506
16140.0,385.19696239226124,0.0,0.0,25.903543166662022,26.081437685251725
16160.0,385.2052186841512,0.0,0.0,25.90366335427734,26.081792311070444
16180.0,385.2134743476499,0.0,0.0,25.903783400783503,26.082146765902433
16200.0,385.2217293762347,0.0,0.0,25.903903306561045,26.082501049963795
16220.0,385.2299837627797,0.0,0.0,25.904023071989492,26.082855163470022
16240.0,385.23823750082437,0.0,0.0,25.90414269744728,26.08320910663594
16260.0,385.2464905837192,0.0,0.0,25.904262183311875,26.083562879675757
16280.0,385.254743004633,0.0,0.0,25.90438152995967,26.083916482803037
16300.0,385.2629947576231,0.0,0.0,25.90450073776604,26.08426991623072
16320.0,385.2712458354787,0.0,0.0,25.90461980710529,26.084623180171107
16340.0,385.27949623188147,0.0,0.0,25.904738738350773,26.084976274835896
16360.0,385.28774594032865,0.0,0.0,25.904857531874733,26.08532920043613
16380.0,385.29599495411526,0.0,0.0,25.904976188048458,26.085681957182263
16400.0,385.3042432672383,0.0,0.0,25.905094707242192,26.086034545284097
16420.0,385.31249087305275,0.0,0.0,25.905213089825157,26.08638696495084
16440.0,385.32073776516364,0.0,0.0,25.90533133616557,26.086739216391077
16460.0,385.32898393720006,0.0,0.0,25.905449446630662,26.087091299812773
16480.0,385.337229383052,0.0,0.0,25.90556742158662,26.087443215423306
16500.0,385.34547409571877,0.0,0.0,25.905685261398627,26.087794963429417
16520.0,385.3537180698322,0.0,0.0,25.905802966430898,26.08814654403727
16540.0,385.3619612982072,0.0,0.0,25.905920537046615,26.088497957452404
16560.0,385.3702037753063,0.0,0.0,25.906037973607983,26.088849203879757
16580.0,385.3784454949295,0.0,0.0,25.90615527647621,26.089200283523684
16600.0,385.3866864504214,0.0,0.0,25.906272446011506,26.08955119658794
16620.0,385.394926635869,0.0,0.0,25.906389482573097,26.089901943275674
16640.0,385.40316604514385,0.0,0.0,25.906506386519226,26.09025252378945
16660.0,385.41140467190274,0.0,0.0,25.906623158207157,26.090602938331237
16680.0,385.41964251055253,0.0,0.0,25.906739797993183,26.09095318710243
16700.0,385.4278795550532,0.0,0.0,25.90685630623258,26.091303270303815
16720.0,385.43611579864677,0.0,0.0,25.906972683279687,26.09165318813562
16740.0,385.44435123631615,0.0,0.0,25.907088929487866,26.09200294079748
16760.0,385.4525858613422,0.0,0.0,25.9072050452095,26.09235252848846
16780.0,385.4608196706032,0.0,0.0,25.907321030796002,26.092701951407285
16800.0,385.4690531209139,0.0,0.0,25.907436886598845,26.093051209778302
16820.0,385.47728511208385,0.0,0.0,25.907552612966256,26.093400303765662
16840.0,385.4855163477178,0.0,0.0,25.907668210246804,26.09374923356639
16860.0,385.49374677353467,0.0,0.0,25.907783678788135,26.09409799937949
16880.0,385.50197636823765,0.0,0.0,25.907899018936963,26.09444660140184
16900.0,385.5102051184072,0.0,0.0,25.908014231038955,26.09479503982917
16920.0,385.5184330147873,0.0,0.0,25.908129315438877,26.095143314856365
16940.0,385.5266600506559,0.0,0.0,25.908244272480502,26.095491426677643
16960.0,385.5348862181116,0.0,0.0,25.90835910250668,26.095839375486552
16980.0,385.54311151133777,0.0,0.0,25.908473805859305,26.09618716147605
17000.0,385.55133592362614,0.0,0.0,25.90858838287936,26.0965347848385
17020.0,385.55955944991996,0.0,0.0,25.90870283390685,26.096882245765702
17040.0,385.56778208324425,0.0,0.0,25.908817159280897,26.097229544448886
17060.0,385.57600381894946,0.0,0.0,25.908931359339626,26.09757668107871
17080.0,385.58422465052587,0.0,0.0,25.909045434420285,26.0979236558453
17100.0,385.5924445725473,0.0,0.0,25.90915938485917,26.098270468938214
17120.0,385.6006635791281,0.0,0.0,25.909273210991696,26.098617120546482
17140.0,385.60888166531953,0.0,0.0,25.909386913152282,26.098963610858565
17160.0,385.6170988255313,0.0,0.0,25.909500491674546,26.099309940062415
17180.0,385.625315053784,0.0,0.0,25.909613946891035,26.099656108345417
17200.0,385.6335303446181,0.0,0.0,25.90972727913353,26.100002115894437
17220.0,385.6417446933707,0.0,0.0,25.90984048873281,26.100347962895807
17240.0,385.6499580938457,0.0,0.0,25.9099535760188,26.100693649535327
17260.0,385.6581705406625,0.0,0.0,25.9100665413205,26.101039175998263
17280.0,385.66638202933535,0.0,0.0,25.910179384965993,26.101384542469365
17300.0,385.67459255340304,0.0,0.0,25.910292107282462,26.10172974913284
17320.0,385.68280210869955,0.0,0.0,25.910404708596207,26.102074796172392
17340.0,385.6910106888042,0.0,0.0,25.910517189232618,26.102419683771195
17360.0,385.69921828962606,0.0,0.0,25.910629549516198,26.102764412111906
17380.0,385.70742490507735,0.0,0.0,25.910741789770597,26.103108981376668
17400.0,385.71563053026273,0.0,0.0,25.910853910318508,26.103453391747113
17420.0,385.72383515967425,0.0,0.0,25.910965911481824,26.103797643404352
17440.0,385.73203878878024,0.0,0.0,25.91107779358146,26.104141736528987
17460.0,385.74024141215364,0.0,0.0,25.911189556937487,26.104485671301116
17480.0,385.74844302497456,0.0,0.0,25.911301201869136,26.104829447900332
17500.0,385.7566436215777,0.0,0.0,25.91141272869473,26.105173066505714
17520.0,385.7648431971847,0.0,0.0,25.911524137731735,26.10551652729585
17540.0,385.77304174677363,0.0,0.0,25.91163542929669,26.10585983044882
17560.0,385.7812392650346,0.0,0.0,25.91174660370533,26.1062029761422
17580.0,385.78943574754794,0.0,0.0,25.91185766127251,26.106545964553078
17600.0,385.7976311890766,0.0,0.0,25.911968602312186,26.10688879585804
17620.0,385.8058255846463,0.0,0.0,25.912079427137492,26.107231470233188
17640.0,385.81401892966005,0.0,0.0,25.912190136060694,26.107573987854128
17660.0,385.8222112185851,0.0,0.0,25.912300729393206,26.107916348895976
17680.0,385.8304024468514,0.0,0.0,25.912411207445555,26.10825855353335
17700.0,385.8385926092857,0.0,0.0,25.912521570527428,26.108600601940392
17720.0,385.846781701995,0.0,0.0,25.91263181894768,26.108942494290762
17740.0,385.8549697192112,0.0,0.0,25.912741953014304,26.109284230757627
17760.0,385.86315665646595,0.0,0.0,25.912851973034492,26.10962581151369
17780.0,385.8713425089697,0.0,0.0,25.91296187931452,26.109967236731162
17800.0,385.87952727165555,0.0,0.0,25.913071672159884,26.110308506581774
17820.0,385.8877109407652,0.0,0.0,25.91318135187519,26.110649621236792
17840.0,385.89589351061727,0.0,0.0,25.913290918764257,26.110990580867007
17860.0,385.90407497684106,0.0,0.0,25.913400373130035,26.11133138564273
17880.0,385.91225533477603,0.0,0.0,25.91350971527467,26.111672035733807
17900.0,385.92043457976786,0.0,0.0,25.913618945499465,26.11201253130962
17920.0,385.92861270686495,0.0,0.0,25.913728064104866,26.112352872539073
17940.0,385.9367897124583,0.0,0.0,25.913837071390553,26.112693059590615
17960.0,385.9449655909623,0.0,0.0,25.913945967655327,26.11303309263223
17980.0,385.9531403378095,0.0,0.0,25.914054753197203,26.11337297183143
18000.0,385.9613139494678,0.0,0.0,25.914163428313394,26.11371269735529
18020.0,385.969486420406,0.0,0.0,25.914271993300275,26.114052269370408
18040.0,385.97765774611287,0.0,0.0,25.91438044845335,26.114391688042918
18060.0,385.9858279231326,0.0,0.0,25.914488794067427,26.114730953538526
18080.0,385.9939969456304,0.0,0.0,25.914597030436422,26.11507006602247
18100.0,386.00216481054713,0.0,0.0,25.914705157853476,26.11540902565953
18120.0,386.0103315124247,0.0,0.0,25.914813176610927,26.115747832614055
18140.0,386.01849704684525,0.0,0.0,25.91492108700027,26.116086487049923
18160.0,386.0266614104913,0.0,0.0,25.91502888931228,26.11642498913059
18180.0,386.03482459758794,0.0,0.0,25.91513658383687,26.116763339019045
18200.0,386.0429866048512,0.0,0.0,25.915244170863176,26.11710153687785
18220.0,386.05114742760827,0.0,0.0,25.9153516506795,26.11743958286911
18240.0,386.0593070619113,0.0,0.0,25.915459023573412,26.117777477154505
18260.0,386.0674655027625,0.0,0.0,25.915566289831688,26.118115219895273
18280.0,386.0756227458862,0.0,0.0,25.91567344974028,26.118452811252208
18300.0,386.0837787881377,0.0,0.0,25.915780503584426,26.11879025138568
18320.0,386.09193362419404,0.0,0.0,25.915887451648462,26.119127540455615
18340.0,386.10008725021316,0.0,0.0,25.91599429421604,26.11946467862152
18360.0,386.10823966163724,0.0,0.0,25.916101031570008,26.119801666042456
18380.0,386.1163908550372,0.0,0.0,25.916207663992427,26.120138502877065
18400.0,386.1245408262764,0.0,0.0,25.916314191764606,26.120475189283564
18420.0,386.13268957008773,0.0,0.0,25.91642061516704,26.12081172541974
18440.0,386.1408370838741,0.0,0.0,25.9165269344795,26.121148111442956
18460.0,386.1489833620285,0.0,0.0,25.91663314998096,26.121484347510155
18480.0,386.1571284019943,0.0,0.0,25.916739261949665,26.121820433777863
18500.0,386.16527219857574,0.0,0.0,25.916845270663057,26.122156370402177
18520.0,386.17341474773133,0.0,0.0,25.91695117639784,26.12249215753878
18540.0,386.18155604621336,0.0,0.0,25.91705697942992,26.122827795342943
18560.0,386.18969609002795,0.0,0.0,25.917162680034476,26.123163283969514
18580.0,386.1978348740254,0.0,0.0,25.917268278485924,26.123498623572935
18600.0,386.2059723954088,0.0,0.0,25.91737377505798,26.12383381430724
18620.0,386.21410865024075,0.0,0.0,25.91747917002351,26.124168856326047
18640.0,386.22224363341246,0.0,0.0,25.917584463654745,26.124503749782573
18660.0,386.23037734259566,0.0,0.0,25.917689656223047,26.12483849482961
18680.0,386.23850977231155,0.0,0.0,25.9177947479991,26.12517309161956
18700.0,386.24664092028536,0.0,0.0,25.917899739252814,26.12550754030441
18720.0,386.25477078105445,0.0,0.0,25.918004630253456,26.125841841035765
18740.0,386.26289935199446,0.0,0.0,25.918109421269417,26.126175993964807
18760.0,386.271026628882,0.0,0.0,25.918214112568418,26.126509999242327
18780.0,386.2791526079142,0.0,0.0,25.918318704417437,26.126843857018713
18800.0,386.2872772853105,0.0,0.0,25.918423197082767,26.127177567443972
18820.0,386.29540065771585,0.0,0.0,25.9185275908299,26.127511130667703
18840.0,386.3035227205591,0.0,0.0,25.91863188592361,26.127844546839107
18860.0,386.3116434701012,0.0,0.0,25.918736082627962,26.128177816106998
18880.0,386.319762903885,0.0,0.0,25.91884018120627,26.1285109386198
18900.0,386.3278810165327,0.0,0.0,25.918944181921173,26.12884391452555
18920.0,386.335997806057,0.0,0.0,25.91904808503459,26.129176743971897
18940.0,386.3441132671004,0.0,0.0,25.91915189080764,26.12950942710609
18960.0,386.35222739771837,0.0,0.0,25.919255599500808,26.12984196407501
18980.0,386.36034019257346,0.0,0.0,25.919359211373834,26.13017435502515
19000.0,386.3684516493449,0.0,0.0,25.919462726685747,26.130506600102613
19020.0,386.3765617640041,0.0,0.0,25.919566145694873,26.130838699453133
19040.0,386.3846705329773,0.0,0.0,25.91966946865882,26.131170653222053
19060.0,386.39277795270544,0.0,0.0,25.919772695834496,26.131502461554348
19080.0,386.40088401964294,0.0,0.0,25.91987582747809,26.131834124594608
19100.0,386.40898873070506,0.0,0.0,25.919978863845067,26.132165642487045
19120.0,386.4170920815038,0.0,0.0,25.920081805190236,26.13249701537551
19140.0,386.4251940689808,0.0,0.0,25.920184651767688,26.132828243403473
19160.0,386.43329468921604,0.0,0.0,25.92028740383083,26.133159326714026
19180.0,386.44139393963746,0.0,0.0,25.92039006163233,26.133490265449904
19200.0,386.44949181681005,0.0,0.0,25.920492625424227,26.13382105975347
19220.0,386.4575883159504,0.0,0.0,25.92059509545781,26.134151709766712
19240.0,386.46568343500076,0.0,0.0,25.920697471983736,26.13448221563127
19260.0,386.4737771701163,0.0,0.0,25.9207997552519,26.13481257748839
19280.0,386.48186951837084,0.0,0.0,25.92090194551157,26.135142795478984
19300.0,386.48996047549315,0.0,0.0,25.92100404301132,26.13547286974359
19320.0,386.49805003858876,0.0,0.0,25.92110604799896,26.135802800422375
19340.0,386.5061382038602,0.0,0.0,25.92120796072176,26.136132587655165
19360.0,386.51422495066095,0.0,0.0,25.9213097814262,26.13646223158125
19380.0,386.5223103113599,0.0,0.0,25.921411510358155,26.136791732339063
19400.0,386.5303942652632,0.0,0.0,25.9215131477628,26.137121090068202
19420.0,386.5384768086375,0.0,0.0,25.921614693884646,26.13745030490706
19440.0,386.54655793870853,0.0,0.0,25.921716148967494,26.137779376993677
19460.0,386.55463765129076,0.0,0.0,25.92181751325449,26.138108306465742
19480.0,386.5627159431574,0.0,0.0,25.92191878698815,26.138437093460592
19500.0,386.57079281323973,0.0,0.0,25.922019970410307,26.13876573811523
19520.0,386.5788682548066,0.0,0.0,25.92212106376206,26.139094240566287
19540.0,386.586942267265,0.0,0.0,25.922222067284014,26.139422600950073
19560.0,386.59501484675434,0.0,0.0,25.922322981215903,26.139750819402526
19580.0,386.6030859896378,0.0,0.0,25.922423805796956,26.140078896059258
19600.0,386.6111556937684,0.0,0.0,25.922524541265677,26.14040683105554
19620.0,386.61922395603585,0.0,0.0,25.922625187859975,26.140734624526296
19640.0,386.6272907723506,0.0,0.0,25.922725745817008,26.141062276606107
19660.0,386.635356139627,0.0,0.0,25.92282621537333,26.141389787429215
19680.0,386.64342005629027,0.0,0.0,25.922926596764885,26.14171715712953
19700.0,386.65148251728436,0.0,0.0,25.92302689022701,26.14204438584063
19720.0,386.6595435210747,0.0,0.0,25.92312709599421,26.142371473695743
19740.0,386.6676030641358,0.0,0.0,25.923227214300535,26.142698420827777
19760.0,386.6756611434564,0.0,0.0,25.923327245379273,26.1430252273693
19780.0,386.68371775604186,0.0,0.0,25.923427189463165,26.143351893452554
19800.0,386.6917728989076,0.0,0.0,25.923527046784187,26.143678419209436
19820.0,386.6998265696101,0.0,0.0,25.923626817573826,26.144004804771537
19840.0,386.7078787641588,0.0,0.0,25.923726502062827,26.144331050270104
19860.0,386.71592948013785,0.0,0.0,25.923826100481335,26.144657155836057
19880.0,386.72397871462067,0.0,0.0,25.92392561305888,26.144983121599996
19900.0,386.7320264641759,0.0,0.0,25.924025040024347,26.145308947692197
19920.0,386.7400727269549,0.0,0.0,25.924124381606017,26.145634634242604
19940.0,386.7481174995565,0.0,0.0,25.924223638031506,26.14596018138086
19960.0,386.7561607791133,0.0,0.0,25.924322809527762,26.14628558923626
19980.0,386.7642025633045,0.0,0.0,25.92442189632124,26.1466108579378
20000.0,386.7722428482354,0.0,0.0,25.92452089863766,26.146935987614146
20020.0,386.78028163160616,0.0,0.0,25.92461981670219,26.147260978393657
20040.0,386.7883189100686,0.0,0.0,25.924718650739305,26.147585830404356
20060.0,386.7963546819068,0.0,0.0,25.92481740097296,26.14791054377398
20080.0,386.8043889437987,0.0,0.0,25.924916067626476,26.148235118629934
20100.0,386.81242169297883,0.0,0.0,25.925014650922453,26.148559555099308
20120.0,386.8204529272393,0.0,0.0,25.925113151083018,26.148883853308888
20140.0,386.8284826421947,0.0,0.0,25.925211568329562,26.14920801338514
20160.0,386.83651083731627,0.0,0.0,25.925309902882987,26.149532035454236
20180.0,386.84453750768347,0.0,0.0,25.925408154963545,26.149855919642032
20200.0,386.85256265225524,0.0,0.0,25.925506324790852,26.150179666074074
20220.0,386.8605862677881,0.0,0.0,25.925604412583915,26.150503274875597
20240.0,386.86860835161843,0.0,0.0,25.925702418561247,26.15082674617155
20260.0,386.8766289016458,0.0,0.0,25.925800342940615,26.15115008008656
20280.0,386.88464791409615,0.0,0.0,25.925898185939243,26.15147327674495
20300.0,386.8926653868994,0.0,0.0,25.925995947773778,26.15179633627076
20320.0,386.9006813168652,0.0,0.0,25.92609362866027,26.152119258787707
20340.0,386.90869570252875,0.0,0.0,25.926191228814204,26.152442044419228
20360.0,386.91670854130234,0.0,0.0,25.92628874845038,26.152764693288447
20380.0,386.9247198294581,0.0,0.0,25.926386187783123,26.153087205518208
20400.0,386.932729564421,0.0,0.0,25.9264835470261,26.153409581231042
20420.0,386.94073774537617,0.0,0.0,25.926580826392406,26.153731820549197
20440.0,386.948744368046,0.0,0.0,25.926678026094574,26.154053923594617
20460.0,386.95674943047624,0.0,0.0,25.926775146344458,26.15437589048895
20480.0,386.96475293015646,0.0,0.0,25.926872187353453,26.154697721353568
20500.0,386.97275486458443,0.0,0.0,25.92696914933234,26.155019416309546
20520.0,386.9807552306718,0.0,0.0,25.927066032491222,26.15534097547765
20540.0,386.98875402713446,0.0,0.0,25.927162837039813,26.155662398978386
20560.0,386.9967512509109,0.0,0.0,25.927259563187093,26.15598368693196
20580.0,387.00474689954746,0.0,0.0,25.927356211141507,26.156304839458286
20600.0,387.0127409706121,0.0,0.0,25.927452781110954,26.156625856677003
20620.0,387.0207334622796,0.0,0.0,25.92754927330276,26.156946738707454
20640.0,387.0287243703158,0.0,0.0,25.92764568792359,26.157267485668694
20660.0,387.03671369475313,0.0,0.0,25.927742025179718,26.157588097679522
20680.0,387.04470143137405,0.0,0.0,25.927838285276742,26.15790857485844
20700.0,387.05268757840827,0.0,0.0,25.927934468419682,26.158228917323658
20720.0,387.06067213287315,0.0,0.0,25.92803057481308,26.15854912519313
20740.0,387.0686550936535,0.0,0.0,25.928126604660754,26.158869198584497
20760.0,387.07663645841427,0.0,0.0,25.928222558166116,26.15918913761515
20780.0,387.08461622358544,0.0,0.0,25.928318435532038,26.159508942402212
20800.0,387.09259438746955,0.0,0.0,25.92841423696067,26.1598286130625
20820.0,387.1005709471292,0.0,0.0,25.928509962653774,26.160148149712583
20840.0,387.10854590217264,0.0,0.0,25.928605612812486,26.160467552468745
20860.0,387.1165192477794,0.0,0.0,25.92870118763731,26.16078682144698
20880.0,387.1244909835935,0.0,0.0,25.928796687328365,26.161105956763045
20900.0,387.13246110736253,0.0,0.0,25.928892112085094,26.161424958532397
20920.0,387.14042961556135,0.0,0.0,25.928987462106424,26.161743826870243
20940.0,387.1483965059458,0.0,0.0,25.929082737590804,26.16206256189152
20960.0,387.15636177759313,0.0,0.0,25.929177938736107,26.162381163710887
20980.0,387.1643254282991,0.0,0.0,25.92927306573951,26.16269963244273
21000.0,387.1722874539079,0.0,0.0,25.92936811879789,26.163017968201203
21020.0,387.18024785419254,0.0,0.0,25.929463098107398,26.163336171100145
21040.0,387.18820662632555,0.0,0.0,25.929558003863775,26.163654241253173
21060.0,387.1961637688059,0.0,0.0,25.92965283626215,26.163972178773623
21080.0,387.20411927749615,0.0,0.0,25.929747595497062,26.16428998377457
21100.0,387.21207315224456,0.0,0.0,25.929842281762703,26.164607656368837
21120.0,387.22002539092887,0.0,0.0,25.929936895252528,26.164925196668968
21140.0,387.2279759900926,0.0,0.0,25.930031436159563,26.165242604787263
21160.0,387.23592494762704,0.0,0.0,25.93012590467632,26.165559880835765
21180.0,387.24387226345965,0.0,0.0,25.93022030099477,26.165877024926264
21200.0,387.25181793280296,0.0,0.0,25.930314625306302,26.166194037170268
21220.0,387.2597619562973,0.0,0.0,25.930408877801774,26.16651091767904
21240.0,387.26770432916237,0.0,0.0,25.93050305867158,26.1668276665636
21260.0,387.2756450509875,0.0,0.0,25.93059716810566,26.167144283934718
21280.0,387.2835841202618,0.0,0.0,25.93069120629329,26.167460769902902
21300.0,387.2915215337508,0.0,0.0,25.93078517342326,26.167777124578397
21320.0,387.299457290535,0.0,0.0,25.93087906968387,26.16809334807121
21340.0,387.3073913865181,0.0,0.0,25.930972895262908,26.1684094404911
21360.0,387.3153238225005,0.0,0.0,25.93106665034762,26.16872540194757
21380.0,387.32325459439386,0.0,0.0,25.931160335124787,26.169041232549876
21400.0,387.3311837009291,0.0,0.0,25.931253949780658,26.16935693240704
21420.0,387.3391111394333,0.0,0.0,25.931347494500923,26.169672501627808
21440.0,387.3470369093713,0.0,0.0,25.931440969470813,26.169987940320706
21460.0,387.354961008809,0.0,0.0,25.931534374874982,26.170303248594003
21480.0,387.3628834343888,0.0,0.0,25.931627710897647,26.17061842655573
21500.0,387.37080418418316,0.0,0.0,25.931720977722527,26.170933474313667
21520.0,387.37872325771934,0.0,0.0,25.931814175532796,26.171248391975368
21540.0,387.3866406531074,0.0,0.0,25.931907304511103,26.171563179648118
21560.0,387.39455636628566,0.0,0.0,25.9320003648397,26.171877837439002
21580.0,387.4024703982762,0.0,0.0,25.93209335670021,26.172192365454826
21600.0,387.4103827443022,0.0,0.0,25.932186280273893,26.172506763802183
21620.0,387.4182934054281,0.0,0.0,25.93227913574143,26.172821032587425
21640.0,387.4262023776102,0.0,0.0,25.932371923282865,26.17313517191663
21660.0,387.434109659002,0.0,0.0,25.93246464307803,26.173449181895695
21680.0,387.4420152492595,0.0,0.0,25.93255729530608,26.173763062630247
21700.0,387.4499191458273,0.0,0.0,25.93264988014568,26.174076814225685
21720.0,387.4578213476489,0.0,0.0,25.932742397775133,26.174390436787185
21740.0,387.4657218506806,0.0,0.0,25.932834848372188,26.174703930419692
21760.0,387.473620655383,0.0,0.0,25.932927232114018,26.175017295227903
21780.0,387.48151775923367,0.0,0.0,25.93301954917736,26.175330531316277
21800.0,387.4894131612254,0.0,0.0,25.933111799738484,26.17564363878906
21820.0,387.4973068580878,0.0,0.0,25.93320398397328,26.175956617750288
21840.0,387.5051988488284,0.0,0.0,25.933296102056907,26.17626946830371
21860.0,387.5130891309461,0.0,0.0,25.933388154164245,26.1765821905529
21880.0,387.5209777050195,0.0,0.0,25.933480140469705,26.176894784601195
21900.0,387.5288645662533,0.0,0.0,25.933572061147075,26.177207250551678
21920.0,387.5367497160329,0.0,0.0,25.93366391636978,26.17751958850724
21940.0,387.54463315033684,0.0,0.0,25.933755706310713,26.17783179857053
21960.0,387.552514868256,0.0,0.0,25.93384743114234,26.178143880843983
21980.0,387.5603948681113,0.0,0.0,25.93393909103659,26.178455835429794
22000.0,387.5682731482339,0.0,0.0,25.934030686164913,26.178767662429944
22020.0,387.57614970696824,0.0,0.0,25.934122216698388,26.1790793619462
22040.0,387.58402454187177,0.0,0.0,25.93421368280752,26.179390934080097
22060.0,387.59189765368626,0.0,0.0,25.934305084662466,26.17970237893296
22080.0,387.59976903760565,0.0,0.0,25.93439642243273,26.180013696605876
22100.0,387.60763869439467,0.0,0.0,25.934487696287462,26.18032488719973
22120.0,387.61550662164814,0.0,0.0,25.934578906395505,26.180635950815212
22140.0,387.6233728185767,0.0,0.0,25.934670052924883,26.18094688755274
22160.0,387.6312372811571,0.0,0.0,25.93476113604344,26.181257697512553
22180.0,387.63910001105256,0.0,0.0,25.934852155918573,26.181568380794698
22200.0,387.6469610034372,0.0,0.0,25.934943112716933,26.181878937498936
22220.0,387.6548202600073,0.0,0.0,25.935034006605047,26.18218936772488
22240.0,387.6626777767598,0.0,0.0,25.93512483774875,26.182499671571893
22260.0,387.6705335521423,0.0,0.0,25.935215606313577,26.182809849139137
22280.0,387.6783875870937,0.0,0.0,25.93530631246455,26.183119900525572
22300.0,387.6862398776146,0.0,0.0,25.935396956366095,26.183429825829915
22320.0,387.6940904221672,0.0,0.0,25.93548753818249,26.18373962515072
22340.0,387.70193922175355,0.0,0.0,25.93557805807728,26.184049298586295
22360.0,387.7097862723687,0.0,0.0,25.935668516213735,26.184358846234762
22380.0,387.7176315725171,0.0,0.0,25.935758912754554,26.18466826819401
22400.0,387.72547512239544,0.0,0.0,25.93584924786213,26.18497756456175
22420.0,387.7333169205421,0.0,0.0,25.93593952169829,26.185286735435458
22440.0,387.7411569637939,0.0,0.0,25.936029734424444,26.185595780912433
22460.0,387.74899525154535,0.0,0.0,25.936119886201627,26.185904701089747
22480.0,387.75683178234834,0.0,0.0,25.936209977190323,26.186213496064273
22500.0,387.7646665547649,0.0,0.0,25.93630000755065,26.18652216593269
22520.0,387.7724995673681,0.0,0.0,25.936389977442264,26.186830710791465
22540.0,387.78033081873247,0.0,0.0,25.936479887024387,26.18713913073686
22560.0,387.7881603074528,0.0,0.0,25.936569736455745,26.187447425864935
22580.0,387.79598803212167,0.0,0.0,25.93665952589476,26.18775559627156
22600.0,387.8038139913497,0.0,0.0,25.936749255499407,26.188063642052413
22620.0,387.811638183745,0.0,0.0,25.936838925427026,26.188371563302937
22640.0,387.8194606079319,0.0,0.0,25.93692853583481,26.188679360118417
22660.0,387.82728126254295,0.0,0.0,25.9370180868792,26.188987032593896
22680.0,387.8351001462175,0.0,0.0,25.937107578716528,26.18929458082427
22700.0,387.8429172567134,0.0,0.0,25.937197011502374,26.1896020049042
22720.0,387.8507325953583,0.0,0.0,25.937286385392245,26.189909304928168
22740.0,387.85854615814543,0.0,0.0,25.937375700541047,26.190216480990472
22760.0,387.8663579446405,0.0,0.0,25.937464957103174,26.190523533185193
22780.0,387.87416795261754,0.0,0.0,25.93755415523266,26.190830461606208
22800.0,387.8819761825745,0.0,0.0,25.937643295083177,26.19113726634723
22820.0,387.8897826323043,0.0,0.0,25.937732376807997,26.191443947501785
22840.0,387.89758730143086,0.0,0.0,25.937821400559763,26.191750505163167
22860.0,387.9053901859291,0.0,0.0,25.937910366490964,26.192056939424518
22880.0,387.9131912872584,0.0,0.0,25.937999274753516,26.19236325037877
22900.0,387.9209906041596,0.0,0.0,25.93808812549893,26.192669438118667
22920.0,387.92878813260864,0.0,0.0,25.93817691887834,26.192975502736772
22940.0,387.93658387411466,0.0,0.0,25.938265655042517,26.193281444325457
22960.0,387.9443778265109,0.0,0.0,25.938354334141643,26.193587262976898
22980.0,387.9521699885633,0.0,0.0,25.938442956325634,26.19389295878308
23000.0,387.9599603590384,0.0,0.0,25.938531521743958,26.194198531835827
23020.0,387.967748937658,0.0,0.0,25.938620030545668,26.194503982226752
23040.0,387.9755357213344,0.0,0.0,25.938708482879434,26.194809310047308
23060.0,387.9833207097931,0.0,0.0,25.938796878893427,26.195114515388724
23080.0,387.9911039008935,0.0,0.0,25.93888521873552,26.195419598342067
23100.0,387.99888529629044,0.0,0.0,25.938973502553186,26.195724558998243
23120.0,388.0066648919549,0.0,0.0,25.939061730493354,26.19602939744794
23140.0,388.0144426876627,0.0,0.0,25.93914990270275,26.196334113781695
23160.0,388.0222186822491,0.0,0.0,25.939238019327476,26.196638708089818
23180.0,388.02999287455305,0.0,0.0,25.93932608051335,26.196943180462476
23200.0,388.0377652634223,0.0,0.0,25.93941408640585,26.197247530989667
23220.0,388.0455358467479,0.0,0.0,25.939502037149985,26.19755175976117
23240.0,388.05330462630207,0.0,0.0,25.939589932890353,26.19785586686661
23260.0,388.0610715970688,0.0,0.0,25.939677773771148,26.19815985239543
23280.0,388.06883676183014,0.0,0.0,25.939765559936212,26.198463716436883
23300.0,388.0766001165422,0.0,0.0,25.939853291529,26.198767459080088
23320.0,388.0843616600872,0.0,0.0,25.939940968692547,26.199071080413926
23340.0,388.09212139433185,0.0,0.0,25.940028591569423,26.199374580527135
23360.0,388.09987931522164,0.0,0.0,25.94011616030188,26.19967795950828
23380.0,388.10763542166546,0.0,0.0,25.94020367503182,26.199981217445732
23400.0,388.11538971457804,0.0,0.0,25.940291135900786,26.200284354427726
23420.0,388.1231421938852,0.0,0.0,25.940378543049764,26.20058737054229
23440.0,388.1308928515757,0.0,0.0,25.940465896619454,26.200890265877288
23460.0,388.13864169551,0.0,0.0,25.940553196750226,26.201193040520412
23480.0,388.1463887197092,0.0,0.0,25.940640443581962,26.201495694559174
23500.0,388.1541339251316,0.0,0.0,25.940727637254223,26.201798228080946
23520.0,388.16187730662045,0.0,0.0,25.9408147779061,26.20210064117289
23540.0,388.1696188704418,0.0,0.0,25.94090186567643,26.202402933922034
23560.0,388.1773586093061,0.0,0.0,25.940988900703566,26.202705106415188
23580.0,388.18509652326156,0.0,0.0,25.941075883125496,26.20300715873903
23600.0,388.1928326143902,0.0,0.0,25.94116281308,26.203309090980106
23620.0,388.2005668795658,0.0,0.0,25.9412496907043,26.203610903224735
23640.0,388.20829931596296,0.0,0.0,25.9413365161351,26.20391259555905
23660.0,388.21602992641704,0.0,0.0,25.941423289509018,26.204214168069075
23680.0,388.22375870415374,0.0,0.0,25.941510010962183,26.204515620840642
23700.0,388.2314856550383,0.0,0.0,25.941596680630305,26.204816953959416
23720.0,388.2392107771609,0.0,0.0,25.94168329864891,26.20511816751095
23740.0,388.24693406358966,0.0,0.0,25.941769865152896,26.205419261580552
23760.0,388.25465552134574,0.0,0.0,25.94185638027695,26.20572023625342
23780.0,388.26237514351146,0.0,0.0,25.941942844155196,26.206021091614545
23800.0,388.2700929320737,0.0,0.0,25.942029256921735,26.206321827748805
23820.0,388.2778088833257,0.0,0.0,25.942115618710005,26.206622444740887
23840.0,388.2855229986907,0.0,0.0,25.942201929653272,26.206922942675316
23860.0,388.29323527655845,0.0,0.0,25.942288189884195,26.207223321636455
23880.0,388.3009457188569,0.0,0.0,25.94237439953529,26.207523581708546
23900.0,388.3086543180749,0.0,0.0,25.942460558738656,26.20782372297562
23920.0,388.3163610803807,0.0,0.0,25.942546667625958,26.208123745521565
23940.0,388.3240660007244,0.0,0.0,25.942632726328576,26.208423649430127
23960.0,388.33176907932165,0.0,0.0,25.942718734977596,26.208723434784893
23980.0,388.339470315267,0.0,0.0,25.942804693703504,26.209023101669253
24000.0,388.3471697057338,0.0,0.0,25.942890602636528,26.209322650166467
24020.0,388.35486725671535,0.0,0.0,25.94297646190678,26.20962208035968
24040.0,388.3625629576073,0.0,0.0,25.943062271643722,26.20992139233181
24060.0,388.3702568144346,0.0,0.0,25.943148031976456,26.210220586165647
24080.0,388.3779488243639,0.0,0.0,25.94323374303406,26.21051966194386
24100.0,388.38563898855097,0.0,0.0,25.943319404944805,26.210818619748895
24120.0,388.3933273001932,0.0,0.0,25.943405017837012,26.211117459663118
24140.0,388.4010137655649,0.0,0.0,25.943490581838446,26.211416181768712
24160.0,388.4086983796236,0.0,0.0,25.9435760970764,26.211714786147663
24180.0,388.416381142675,0.0,0.0,25.943661563678113,26.21201327288188
24200.0,388.4240620539184,0.0,0.0,25.943746981770335,26.212311642053077
24220.0,388.43174111056663,0.0,0.0,25.94383235147925,26.212609893742783
24240.0,388.43941831780074,0.0,0.0,25.943917672931143,26.212908028032466
24260.0,388.4470936697177,0.0,0.0,25.944002946251715,26.213206045003417
24280.0,388.454767162991,0.0,0.0,25.944088171566168,26.2135039447367
24300.0,388.46243880422185,0.0,0.0,25.94417334899954,26.21380172731329
24320.0,388.4701085892723,0.0,0.0,25.94425847867669,26.21409939281407
24340.0,388.4777765159204,0.0,0.0,25.94434356072179,26.214396941319684
24360.0,388.4854425834076,0.0,0.0,25.944428595258746,26.214694372910625
24380.0,388.4931067952997,0.0,0.0,25.944513582411336,26.214991687667304
24400.0,388.50076914570974,0.0,0.0,25.94459852230287,26.215288885669963
24420.0,388.5084296350798,0.0,0.0,25.944683415056318,26.21558596699869
24440.0,388.51608826232973,0.0,0.0,25.94476826079423,26.215882931733393
24460.0,388.5237450318949,0.0,0.0,25.944853059639065,26.216179779953908
24480.0,388.5313999370776,0.0,0.0,25.944937811712652,26.21647651173988
24500.0,388.5390529802181,0.0,0.0,25.945022517136614,26.21677312717081
24520.0,388.54670415744727,0.0,0.0,25.945107176032245,26.217069626326047
24540.0,388.55435347122943,0.0,0.0,25.945191788520503,26.217366009284824
24560.0,388.5620009206154,0.0,0.0,25.945276354722072,26.217662276126237
24580.0,388.56964650253155,0.0,0.0,25.945360874757277,26.217958426929233
24600.0,388.5772902174809,0.0,0.0,25.945445348746027,26.218254461772574
24620.0,388.58493206760346,0.0,0.0,25.945529776807987,26.218550380734943
24640.0,388.5925720474094,0.0,0.0,25.94561415906244,26.218846183894822
24660.0,388.60021015985524,0.0,0.0,25.94569849562829,26.219141871330603
24680.0,388.607846404299,0.0,0.0,25.945782786624292,26.219437443120505
24700.0,388.61548077842076,0.0,0.0,25.94586703216876,26.21973289934264
24720.0,388.62311327925795,0.0,0.0,25.945951232379695,26.220028240074967
24740.0,388.63074391215423,0.0,0.0,25.94603538737475,26.220323465395282
24760.0,388.6383726720303,0.0,0.0,25.94611949727134,26.220618575381295
24780.0,388.6459995582479,0.0,0.0,25.946203562186447,26.220913570110522
24800.0,388.65362457265127,0.0,0.0,25.94628758223673,26.221208449660352
24820.0,388.661247715381,0.0,0.0,25.94637155753879,26.221503214108115
24840.0,388.6688689818448,0.0,0.0,25.94645548820858,26.22179786353091
24860.0,388.6764883726813,0.0,0.0,25.94653937436181,26.22209239800572
24880.0,388.68410588878123,0.0,0.0,25.946623216114,26.222386817609426
24900.0,388.6917215288064,0.0,0.0,25.94670701358016,26.222681122418734
24920.0,388.69933529215837,0.0,0.0,25.9467907668753,26.22297531251028
24940.0,388.7069471769939,0.0,0.0,25.9468744761138,26.223269387960485
24960.0,388.7145571852631,0.0,0.0,25.94695814140972,26.223563348845648
24980.0,388.7221653144055,0.0,0.0,25.94704176287719,26.22385719524203
25000.0,388.72977156729735,0.0,0.0,25.94712534062965,26.22415092722567
25020.0,388.73737593865894,0.0,0.0,25.947208874780223,26.22444454487248
25040.0,388.74497842992815,0.0,0.0,25.94729236544193,26.22473804825826
25060.0,388.75257903926655,0.0,0.0,25.947375812727447,26.225031437458693
25080.0,388.7601777693421,0.0,0.0,25.947459216749035,26.225324712549313
25100.0,388.76777461769865,0.0,0.0,25.947542577618634,26.22561787360549
25120.0,388.7753695811452,0.0,0.0,25.947625895448006,26.225910920702535
25140.0,388.7829626644815,0.0,0.0,25.94770917034854,26.226203853915564
25160.0,388.7905538631144,0.0,0.0,25.947792402431322,26.226496673319616
25180.0,388.7981431792788,0.0,0.0,25.947875591807104,26.226789378989572
25200.0,388.80573061171606,0.0,0.0,25.947958738586454,26.227081971000217
25220.0,388.8133161586541,0.0,0.0,25.948041842879427,26.22737444942616
25240.0,388.82089981754496,0.0,0.0,25.948124904795954,26.2276668143419
25260.0,388.82848159256184,0.0,0.0,25.948207924445608,26.227959065821832
25280.0,388.83606148254506,0.0,0.0,25.94829090193763,26.2282512039402
25300.0,388.8436394843494,0.0,0.0,25.948373837381137,26.228543228771155
25320.0,388.85121559682597,0.0,0.0,25.948456730884534,26.228835140388647
25340.0,388.8587898254777,0.0,0.0,25.948539582556496,26.2291269388666
25360.0,388.8663621624967,0.0,0.0,25.94862239250486,26.22941862427875
25380.0,388.873932613452,0.0,0.0,25.948705160837555,26.229710196698733
25400.0,388.88150117448413,0.0,0.0,25.94878788766198,26.23000165620003
25420.0,388.88906784455435,0.0,0.0,25.948870573085316,26.230293002856023
25440.0,388.89663262377303,0.0,0.0,25.948953217214527,26.230584236739983
25460.0,388.9041955151318,0.0,0.0,25.949035820156187,26.230875357925033
25480.0,388.9117565121112,0.0,0.0,25.94911838201651,26.231166366484167
25500.0,388.919315622236,0.0,0.0,25.94920090290177,26.23145726249034
25520.0,388.92687283723194,0.0,0.0,25.94928338291747,26.23174804601627
25540.0,388.9344281591319,0.0,0.0,25.949365822169117,26.2320387171346
25560.0,388.94198158966486,0.0,0.0,25.949448220761855,26.232329275917873
25580.0,388.94953312702694,0.0,0.0,25.94953057880058,26.232619722438496
25600.0,388.95708277219654,0.0,0.0,25.949612896389745,26.23291005676874
25620.0,388.96463052198584,0.0,0.0,25.949695173633724,26.23320027898078
25640.0,388.9721763753825,0.0,0.0,25.94977741063652,26.233490389146656
25660.0,388.9797203379687,0.0,0.0,25.949859607501885,26.233780387338328
25680.0,388.98726240337095,0.0,0.0,25.949941764333182,26.234070273627577
25700.0,388.99480257177294,0.0,0.0,25.950023881233594,26.234360048086103
25720.0,389.00234084702817,0.0,0.0,25.95010595830605,26.234649710785497
25740.0,389.0098772231048,0.0,0.0,25.950187995653103,26.23493926179722
25760.0,389.0174117052893,0.0,0.0,25.950269993377017,26.235228701192586
25780.0,389.0249442875295,0.0,0.0,25.950351951579755,26.235518029042826
25800.0,389.03247497515554,0.0,0.0,25.950433870363156,26.23580724541908
25820.0,389.0400037620956,0.0,0.0,25.950515749828615,26.236096350392298
25840.0,389.04753065371716,0.0,0.0,25.950597590077315,26.236385344033373
25860.0,389.0550556439206,0.0,0.0,25.950679391210205,26.236674226413093
25880.0,389.0625787381212,0.0,0.0,25.950761153327907,26.236962997602074
25900.0,389.0700999301932,0.0,0.0,25.950842876530814,26.237251657670893
25920.0,389.077619224141,0.0,0.0,25.950924560919038,26.237540206689957
25940.0,389.0851366176414,0.0,0.0,25.95100620659222,26.237828644729543
25960.0,389.0926521145607,0.0,0.0,25.95108781365005,26.238116971859878
25980.0,389.100165704693,0.0,0.0,25.951169382191665,26.238405188151024
26000.0,389.10767739757296,0.0,0.0,25.95125091231618,26.238693293672988
26020.0,389.1151871887211,0.0,0.0,25.95133240412231,26.23898128849562
26040.0,389.1226950798317,0.0,0.0,25.95141385770844,26.23926917268865
26060.0,389.1302010676447,0.0,0.0,25.95149527317277,26.239556946321713
26080.0,389.137705151845,0.0,0.0,25.95157665061308,26.239844609464328
26100.0,389.14520733458875,0.0,0.0,25.951657990127153,26.240132162185926
26120.0,389.15270761512613,0.0,0.0,25.951739291812192,26.24041960455578
26140.0,389.16020599314186,0.0,0.0,25.951820555765558,26.240706936643146
26160.0,389.1677024673583,0.0,0.0,25.95190178208395,26.24099415851708
26180.0,389.17519703799223,0.0,0.0,25.95198297086384,26.241281270246525
26200.0,389.1826897062736,0.0,0.0,25.9520641222017,26.241568271900412
26220.0,389.1901804674032,0.0,0.0,25.95214523619358,26.24185516354747
26240.0,389.19766932763395,0.0,0.0,25.952226312935014,26.242141945256325
26260.0,389.2051562792015,0.0,0.0,25.952307352521803,26.242428617095587
26280.0,389.2126413293644,0.0,0.0,25.95238835504909,26.24271517913363
26300.0,389.22012447129066,0.0,0.0,25.95246932061191,26.243001631438812
26320.0,389.2276057108374,0.0,0.0,25.952550249304856,26.24328797407934
26340.0,389.2350850411698,0.0,0.0,25.95263114122251,26.243574207123356
26360.0,389.24256246802,0.0,0.0,25.952711996459122,26.243860330638864
26380.0,389.25003798978645,0.0,0.0,25.952792815108648,26.244146344693775
26400.0,389.257511603606,0.0,0.0,25.952873597264755,26.24443224935588
26420.0,389.26498331122775,0.0,0.0,25.95295434302092,26.244718044692902
26440.0,389.2724531095389,0.0,0.0,25.953035052470298,26.245003730772407
26460.0,389.27992100431993,0.0,0.0,25.953115725705747,26.24528930766187
26480.0,389.2873869906624,0.0,0.0,25.95319636282002,26.24557477542871
26500.0,389.2948510666233,0.0,0.0,25.953276963905502,26.24586013414018
26520.0,389.30231323969053,0.0,0.0,25.95335752905447,26.246145383863478
26540.0,389.3097735003982,0.0,0.0,25.953438058358696,26.24643052466565
26560.0,389.3172318545392,0.0,0.0,25.953518551909852,26.24671555661368
26580.0,389.32468830274775,0.0,0.0,25.953599009799564,26.247000479774478
26600.0,389.3321428404153,0.0,0.0,25.953679432118822,26.24728529421478
26620.0,389.33959546735275,0.0,0.0,25.95375981895857,26.247570000001254
26640.0,389.34704618776266,0.0,0.0,25.953840170409514,26.247854597200465
26660.0,389.35449500027084,0.0,0.0,25.953920486561923,26.248139085878872
26680.0,389.3619419002841,0.0,0.0,25.954000767506045,26.248423466102857
26700.0,389.36938689443843,0.0,0.0,25.95408101333187,26.248707737938666
26720.0,389.37682997658203,0.0,0.0,25.95416122412922,26.248991901452513
26740.0,389.3842711493069,0.0,0.0,25.954241399987268,26.2492759567104
26760.0,389.3917104120676,0.0,0.0,25.954321540995238,26.24955990377831
26780.0,389.39914776263674,0.0,0.0,25.954401647242,26.249843742722092
26800.0,389.40658320542235,0.0,0.0,25.95448171881647,26.25012747360756
26820.0,389.4140167373344,0.0,0.0,25.954561755806992,26.25041109650035
26840.0,389.4214483586652,0.0,0.0,25.954641758301737,26.25069461146603
26860.0,389.42887807126016,0.0,0.0,25.954721726388794,26.250978018570116
26880.0,389.4363058689884,0.0,0.0,25.954801660155706,26.25126131787795
26900.0,389.44373175770863,0.0,0.0,25.954881559690104,26.25154450945481
26920.0,389.4511557369409,0.0,0.0,25.95496142507913,26.25182759336587
26940.0,389.45857780158354,0.0,0.0,25.955041256409984,26.252110569676265
26960.0,389.46599795815007,0.0,0.0,25.955121053769325,26.252393438450962
26980.0,389.47341619946127,0.0,0.0,25.955200817243725,26.252676199754855
27000.0,389.48083253359493,0.0,0.0,25.95528054691944,26.25295885365272
27020.0,389.4882469535693,0.0,0.0,25.9553602428825,26.2532414002093
27040.0,389.49565945967925,0.0,0.0,25.955439905218725,26.25352383948915
27060.0,389.50307005532505,0.0,0.0,25.95551953401386,26.253806171556842
27080.0,389.51047874154375,0.0,0.0,25.955599129353033,26.254088396476746
27100.0,389.51788551122195,0.0,0.0,25.95567869132144,26.25437051431322
27120.0,389.52529037328543,0.0,0.0,25.955758220004093,26.254652525130503
27140.0,389.5326933201942,0.0,0.0,25.955837715485526,26.25493442899272
27160.0,389.54009435322524,0.0,0.0,25.95591717785028,26.25521622596392
27180.0,389.54749347711737,0.0,0.0,25.955996607182517,26.255497916108073
27200.0,389.55489068666475,0.0,0.0,25.956076003566153,26.255779499489016
27220.0,389.5622859817718,0.0,0.0,25.956155367084886,26.256060976170513
27240.0,389.569679365257,0.0,0.0,25.956234697822104,26.256342346216226
27260.0,389.57707083696994,0.0,0.0,25.95631399586131,26.25662360968976
27280.0,389.5844603969331,0.0,0.0,25.956393261285562,26.256904766654642
27300.0,389.59184804042764,0.0,0.0,25.95647249417744,26.25718581717422
27320.0,389.59923377258787,0.0,0.0,25.95655169461989,26.257466761311868
27340.0,389.60661759162707,0.0,0.0,25.95663086269504,26.257747599130738
27360.0,389.6139994970549,0.0,0.0,25.956709998484957,26.25802833069397
27380.0,389.6213794918712,0.0,0.0,25.956789102071717,26.258308956064646
27400.0,389.6287575714571,0.0,0.0,25.95686817353701,26.258589475305715
27420.0,389.6361337372409,0.0,0.0,25.956947212962348,26.258869888480046
27440.0,389.64350798812694,0.0,0.0,25.957026220428773,26.25915019565036
27460.0,389.6508803273698,0.0,0.0,25.957105196017665,26.2594303968794
27480.0,389.65825075316815,0.0,0.0,25.95718413980943,26.2597104922297
27500.0,389.66561926549247,0.0,0.0,25.957263051884812,26.259990481763793
27520.0,389.672985864311,0.0,0.0,25.957341932324127,26.2602703655441
27540.0,389.68035054917704,0.0,0.0,25.957420781207432,26.260550143632923
27560.0,389.6877133213383,0.0,0.0,25.95749959861485,26.260829816092546
27580.0,389.6950741795047,0.0,0.0,25.957578384626085,26.26110938298514
27600.0,389.70243312607806,0.0,0.0,25.957657139320737,26.261388844372796
27620.0,389.7097901568641,0.0,0.0,25.957735862777756,26.26166820031744
27640.0,389.7171452742385,0.0,0.0,25.957814555076308,26.26194745088098
27660.0,389.724498477991,0.0,0.0,25.957893216295105,26.262226596125213
27680.0,389.73184976630586,0.0,0.0,25.957971846512798,26.26250563611185
27700.0,389.73919914233994,0.0,0.0,25.95805044580804,26.26278457090259
27720.0,389.74654660754976,0.0,0.0,25.958129014258812,26.263063400558952
27740.0,389.7538921546371,0.0,0.0,25.95820755194317,26.263342125142405
27760.0,389.76123579254056,0.0,0.0,25.95828605893883,26.263620744714338
27780.0,389.76857751465315,0.0,0.0,25.958364535323298,26.263899259336057
27800.0,389.7759173213423,0.0,0.0,25.95844298117391,26.264177669068754
27820.0,389.78325521632854,0.0,0.0,25.95852139656783,26.26445597397357
27840.0,389.7905911977857,0.0,0.0,25.958599781581924,26.264734174111553
27860.0,389.7979252657375,0.0,0.0,25.9586781362929,26.265012269543668
27880.0,389.8052574202162,0.0,0.0,25.958756460777245,26.265290260330783
27900.0,389.81258766124796,0.0,0.0,25.958834755111496,26.26556814653377
27920.0,389.8199159908728,0.0,0.0,25.95891301937143,26.26584592821327
27940.0,389.82724240260615,0.0,0.0,25.958991253632956,26.26612360542993
27960.0,389.8345669060437,0.0,0.0,25.959069457971818,26.266401178244326
27980.0,389.84188949167736,0.0,0.0,25.959147632463463,26.266678646716898
28000.0,389.8492101655124,0.0,0.0,25.959225777183008,26.266956010908032
28020.0,389.85652892916784,0.0,0.0,25.959303892205533,26.267233270878023
28040.0,389.8638457747956,0.0,0.0,25.959381977606046,26.267510426687146
28060.0,389.8711607122097,0.0,0.0,25.959460033459003,26.267787478395498
28080.0,389.8784737342525,0.0,0.0,25.959538059838998,26.268064426063205
28100.0,389.8857848412389,0.0,0.0,25.959616056819996,26.26834126975017
28120.0,389.8930940392428,0.0,0.0,25.9596940244761,26.268618009516324
28140.0,389.90040132250573,0.0,0.0,25.959771962881078,26.268894645421476
28160.0,389.90770669299815,0.0,0.0,25.959849872108677,26.269171177525394
28180.0,389.9150101508049,0.0,0.0,25.95992775223231,26.26944760588775
28200.0,389.92231169599444,0.0,0.0,25.960005603325097,26.26972393056809
28220.0,389.9296113267046,0.0,0.0,25.960083425460052,26.270000151625954
28240.0,389.93690904885176,0.0,0.0,25.960161218710116,26.270276269120764
28260.0,389.9442048547343,0.0,0.0,25.960238983147764,26.27055228311183
28280.0,389.95149875027874,0.0,0.0,25.960316718845593,26.270828193658485
28300.0,389.958790735599,0.0,0.0,25.96039442587555,26.27110400081985
28320.0,389.96608080685314,0.0,0.0,25.960472104309964,26.27137970465513
28340.0,389.9733689635216,0.0,0.0,25.960549754220345,26.271655305223277
28360.0,389.98065521148914,0.0,0.0,25.96062737567849,26.271930802583267
28380.0,389.9879395470331,0.0,0.0,25.960704968755746,26.272206196793988
28400.0,389.9952219708792,0.0,0.0,25.960782533523385,26.27248148791425
28420.0,389.5740083030999,0.003369848783925684,0.06739697567851367,25.960860070052625,26.272756676002807
28440.0,387.02808145076625,0.020138740408980418,0.470171783858122,25.96093408420214,26.272978203466554
28460.0,384.5086238220438,0.02001914465180328,0.8705546768941876,25.96100286918051,26.27311991407209
28480.0,383.25568522104464,0.01991998466284508,1.2689543701510893,25.961064330165794,26.27318774775393
28500.0,382.74253151631973,0.019897540892048326,1.6669051879920558,25.961110120473855,26.27320257076899
28520.0,382.2318747354003,0.019881658254279354,2.064538353077643,25.96113963795384,26.273166600981508
28540.0,381.7236969239307,0.019866023094155992,2.4618588149607628,25.96115297882711,26.27308032843838
28560.0,381.2179802804538,0.019850634965395585,2.8588715142686745,25.961150238770085,26.272944171610128
28580.0,380.7147071717243,0.01983549344166611,3.2555813831019966,25.96113151291416,26.272758546861304
28600.0,380.2198228287727,0.01982062700117495,3.6519939231254956,25.96109692740933,26.27252417972703
28620.0,379.84749860738464,0.019807931103887965,4.048152545203255,25.961048708800746,26.272262528770753
28640.0,379.4758878321889,0.0197970110373618,4.444092765950491,25.960988766230077,26.271991969814025
28660.0,379.1049894666141,0.019786135173464593,4.839815469419783,25.960917143336033,26.271712490746733
28680.0,378.73480248018785,0.019775303687357183,5.235321543166926,25.960833883640113,26.27142407925233
28700.0,378.3653258488177,0.019764516756873362,5.630611878304394,25.960739030546996,26.271126722738245
28720.0,377.9965585551292,0.01975377456259837,6.025687369556361,25.960632627344935,26.27082040823784
28740.0,377.62849958896885,0.01974307728796578,6.420548915315677,25.96051471720614,26.27050512226616
28760.0,377.26114794819574,0.019732425119383022,6.815197417703337,25.960385343187145,26.270180850595924
28780.0,376.89450263994627,0.019721818246408996,7.209633782631517,25.960244548229134,26.269847577883876
28800.0,376.5285626829686,0.019711256862033143,7.60385891987218,25.96009237515825,26.269505286983414
28820.0,376.1633271125747,0.019700741163186698,7.997873743135914,25.959928866685786,26.269153957479574
28840.0,375.79879499415847,0.0196902713519135,8.391679170174184,25.959754065408152,26.268793561657734
28860.0,375.4349655105293,0.01967984763957915,8.785276122965767,25.959568013806027,26.268424038472116
28880.0,375.0718377584962,0.019669470260517928,9.178665528176126,25.95937075424076,26.268045354237582
28900.0,374.70941023453867,0.019659139371649204,9.57184831560911,25.959162328971143,26.26765765602504
28920.0,374.3476819496408,0.01964885514846495,9.964825418578409,25.95894278015057,26.26726093912389
28940.0,373.9866519382476,0.01963861780163647,10.357597774611138,25.958712149820876,26.266855193540373
28960.0,373.62631924075095,0.01962842754500187,10.750166325511175,25.95847047991278,26.266440409231002
28980.0,373.26668290358884,0.019618284595624758,11.14253201742367,25.958217812246293,26.266016576087075
29000.0,372.9077419793267,0.019608189173857492,11.53469580090082,25.957954188531133,26.26558368391621
29020.0,372.5494955267522,0.01959814150340433,11.926658630968907,25.957679650367144,26.265141722420022
29040.0,372.19194261103314,0.019588141811390614,12.31842146719672,25.95739423924471,26.264690681166766
29060.0,371.835079582901,0.019578336580469813,12.709988198806116,25.95709799652282,26.264230549538023
29080.0,371.47889706854704,0.0195690352391213,13.101368903588542,25.956790963239015,26.263761316521215
29100.0,371.1233935892231,0.019559815285443614,13.492565209297414,25.956473180178488,26.263282970709653
29120.0,370.7685683155293,0.019550642485808824,13.88357805901359,25.956144688021286,26.26279550035258
29140.0,370.41442042546237,0.019541517093779957,14.27440840088919,25.9558055273427,26.26229889325219
29160.0,370.0609491049315,0.019532439366929742,14.665057188227784,25.955455738613637,26.26179313661715
29180.0,369.7081535485335,0.019523409566993076,15.055525379567646,25.955095362200982,26.26127821684473
29200.0,369.35603296073845,0.019514427960069726,15.44581393876904,25.954724438367933,26.260754119177875
29220.0,369.00458655786014,0.01950549481691253,15.835923835107291,25.954343007274293,26.260220827123486
29240.0,368.6538135717699,0.01949661041338846,16.22585604337506,25.953951108976707,26.25967832135657
29260.0,368.3037132580039,0.019487775031348065,16.61561154400202,25.953548783428722,26.259126577297653
29280.0,367.95428491969056,0.019478988960726085,17.005191323216543,25.95313607048049,26.258565557948074
29300.0,367.6055280523496,0.01947025250836969,17.394596373383937,25.9527130098768,26.257995170442296
29320.0,367.25744179598115,0.019461566002232544,17.783827693428588,25.952279641254385,26.25741543057254
29340.0,366.9100247432789,0.019452929651421515,18.172886286457018,25.95183600416594,26.25682652027435
29360.0,366.5632761287099,0.019444343720292957,18.561773160862877,25.951382138070624,26.256228430686356
29380.0,366.2171951934239,0.01943580851045006,18.95048933107188,25.950918082328197,26.25562115287337
29400.0,365.87178118533336,0.01942732432817813,19.33903581763544,25.950443876199454,26.255004677811264
29420.0,365.52703335923127,0.0194188914845407,19.727413647326255,25.94995955884664,26.25437899636925
29440.0,365.18295097692186,0.019410510295476514,20.115623853235785,25.949465169333877,26.25374409928891
29460.0,364.8395333073411,0.019402181081903967,20.503667474873865,25.948960746627588,26.253099977159028
29480.0,364.49677962672865,0.019393904169827003,20.891545558270405,25.94844632959691,26.252446620385076
29500.0,364.15468921879886,0.019385679890449127,21.279259156079387,25.947921957014117,26.25178401915156
29520.0,363.8132613749601,0.019377508580292614,21.66680932768524,25.94738766755505,26.25111216337486
29540.0,363.47249539456556,0.019369390581326584,22.05419713931177,25.946843499799506,26.25043104264294
29560.0,363.1323905852499,0.019361326241106803,22.441423664133907,25.946289492231667,26.249740646136644
29580.0,362.7929462633251,0.019353315912927726,22.828489982392462,25.94572568324049,26.24904096252412
29600.0,362.4541617543308,0.019345359955997666,23.215397181512415,25.945152111120105,26.248331979814903
29620.0,362.11603639379763,0.01933745873564092,23.602146356225234,25.944568814070198,26.247613685150416
29640.0,361.77856952835407,0.019329612623548976,23.988738608696213,25.943975830196354,26.246886064489004
29660.0,361.44176051745853,0.01932182199810768,24.375175048658367,25.94337319751039,26.24614910210335
29680.0,361.1056087363445,0.019314087244868005,24.761456793555727,25.942760953930623,26.24540277971226
29700.0,360.77011358165777,0.01930640875731111,25.14758496870195,25.942139137282016,26.24464707480224
29720.0,360.4352744843367,0.01929878693832663,25.53356070746848,25.94150778529612,26.2438819567575
29740.0,360.1010909511894,0.019291222204011582,25.919385151548713,25.940866935610366,26.24310737433026
29760.0,360.0539085716468,0.003214576495616406,25.98367668146104,25.94022040175131,26.242326962050715
29780.0,360.0640446117429,0.0,25.98367668146104,25.93957575014796,26.24154821011041
29800.0,360.07416706441944,0.0,25.98367668146104,25.938932975565343,26.240771099664247
29820.0,360.0842759625799,0.0,25.98367668146104,25.938292072931066,26.23999562755075
29840.0,360.09437133848843,0.0,25.98367668146104,25.93765303718656,26.23922179061444
29860.0,360.10445322433696,0.0,25.98367668146104,25.937015863287048,26.238449585705816
29880.0,360.1145216522278,0.0,25.98367668146104,25.9363805462015,26.237679009681354
29900.0,360.12457665419544,0.0,25.98367668146104,25.935747080912606,26.23691005940349
29920.0,360.13461826219196,0.0,25.98367668146104,25.935115462416725,26.2361427317406
29940.0,360.1446465080892,0.0,25.98367668146104,25.934485685723857,26.235377023567004
29960.0,360.1546614236842,0.0,25.98367668146104,25.933857745857605,26.23461293176294
29980.0,360.1646630407042,0.0,25.98367668146104,25.93323163785513,26.233850453214547
30000.0,360.17465139078183,0.0,25.98367668146104,25.93260735676712,26.233089584813875
30020.0,360.1846265054897,0.0,25.98367668146104,25.93198489765776,26.232330323458854
30040.0,360.1945884163167,0.0,25.98367668146104,25.931364255604677,26.231572666053285
30060.0,360.204537154676,0.0,25.98367668146104,25.930745425698916,26.230816609506835
30080.0,360.2144727519018,0.0,25.98367668146104,25.930128403044904,26.230062150735012
30100.0,360.22439523925567,0.0,25.98367668146104,25.929513182760406,26.22930928665917
30120.0,360.23430464792006,0.0,25.98367668146104,25.928899759976492,26.228558014206488
30140.0,360.2442010090094,0.0,25.98367668146104,25.928288129837505,26.22780833030995
30160.0,360.25408435355286,0.0,25.98367668146104,25.927678287501013,26.227060231908357
30180.0,360.2639547125112,0.0,25.98367668146104,25.927070228137783,26.226313715946286
30200.0,360.2738121167657,0.0,25.98367668146104,25.926463946931744,26.2255687793741
30220.0,360.2836565971237,0.0,25.98367668146104,25.925859439079943,26.22482541914793
30240.0,360.29348818431953,0.0,25.98367668146104,25.92525669979252,26.22408363222966
30260.0,360.30330690901087,0.0,25.98367668146104,25.924655724292663,26.22334341558692
30280.0,360.31311280178005,0.0,25.98367668146104,25.924056507816577,26.222604766193072
30300.0,360.32290589314374,0.0,25.98367668146104,25.92345904561345,26.2218676810272
30320.0,360.33268621353227,0.0,25.98367668146104,25.922863332945404,26.2211321570741
30340.0,360.34245379330935,0.0,25.98367668146104,25.92226936508748,26.22039819132426
30360.0,360.3522086627622,0.0,25.98367668146104,25.921677137327592,26.219665780773866
30380.0,360.3619508521084,0.0,25.98367668146104,25.921086644966486,26.218934922424776
30400.0,360.371680391486,0.0,25.98367668146104,25.920497883317715,26.218205613284507
30420.0,360.38139731096766,0.0,25.98367668146104,25.919910847707598,26.21747785036624
30440.0,360.3911016405467,0.0,25.98367668146104,25.919325533475188,26.216751630688798
30460.0,360.4007934101468,0.0,25.98367668146104,25.918741935972236,26.21602695127663
30480.0,360.41047264961804,0.0,25.98367668146104,25.918160050563156,26.215303809159806
30500.0,360.42013938873737,0.0,25.98367668146104,25.917579872624987,26.214582201374014
30520.0,360.42979365721317,0.0,25.98367668146104,25.917001397547367,26.21386212496054
30540.0,360.4394354846764,0.0,25.98367668146104,25.91642462073249,26.21314357696625
30560.0,360.44906490069025,0.0,25.98367668146104,25.915849537595072,26.212426554443596
30580.0,360.45868193474564,0.0,25.98367668146104,25.915276143562323,26.211711054450593
30600.0,360.4682866162626,0.0,25.98367668146104,25.91470443407391,26.210997074050816
30620.0,360.47787897458346,0.0,25.98367668146104,25.91413440458192,26.21028461031338
30640.0,360.48745903899135,0.0,25.98367668146104,25.913566050550823,26.209573660312937
30660.0,360.4970268386878,0.0,25.98367668146104,25.912999367457452,26.208864221129662
30680.0,360.50658240280785,0.0,25.98367668146104,25.91243435079095,26.208156289849246
30700.0,360.5161257604181,0.0,25.98367668146104,25.911870996052752,26.207449863562882
30720.0,360.5256569405062,0.0,25.98367668146104,25.911309298756546,26.20674493936725
30740.0,360.5351759720004,0.0,25.98367668146104,25.910749254428236,26.20604151436452
30760.0,360.54468288375426,0.0,25.98367668146104,25.910190858605915,26.20533958566233
30780.0,360.55417770455097,0.0,25.98367668146104,25.90963410683982,26.204639150373776
30800.0,360.5636604631012,0.0,25.98367668146104,25.909078994692315,26.203940205617403
30820.0,360.5731311880515,0.0,25.98367668146104,25.908525517737843,26.203242748517205
30840.0,360.5825899079784,0.0,25.98367668146104,25.907973671562903,26.202546776202595
30860.0,360.5920366513839,0.0,25.98367668146104,25.90742345176601,26.20185228580841
30880.0,360.6014714467067,0.0,25.98367668146104,25.90687485395767,26.201159274474897
30900.0,360.61089432231444,0.0,25.98367668146104,25.90632787376034,26.200467739347697
30920.0,360.62030530650645,0.0,25.98367668146104,25.90578250680839,26.199777677577845
30940.0,360.62970442751026,0.0,25.98367668146104,25.905238748748086,26.19908908632175
30960.0,360.6390917134894,0.0,25.98367668146104,25.90469659523755,26.198401962741187
30980.0,360.6484671925401,0.0,25.98367668146104,25.90415604194672,26.197716304003297
31000.0,360.65783089269064,0.0,25.98367668146104,25.903617084557332,26.19703210728056
31020.0,360.6671828418872,0.0,25.98367668146104,25.903079718762875,26.196349369750795
31040.0,360.67652306802876,0.0,25.98367668146104,25.90254394026856,26.195668088597152
31060.0,360.6858515989398,0.0,25.98367668146104,25.9020097447913,26.194988261008096
31080.0,360.6951684623709,0.0,25.98367668146104,25.90147712805966,26.1943098841774
31100.0,360.7044736860152,0.0,25.98367668146104,25.900946085813846,26.193632955304132
31120.0,360.71376729749,0.0,25.98367668146104,25.90041661380565,26.19295747159265
31140.0,360.72304932435566,0.0,25.98367668146104,25.899888707798436,26.192283430252587
31160.0,360.73231979409456,0.0,25.98367668146104,25.8993623635671,26.191610828498845
31180.0,360.74157873413395,0.0,25.98367668146104,25.89883757689804,26.190939663551582
31200.0,360.7508261718206,0.0,25.98367668146104,25.898314343589124,26.190269932636205
31220.0,360.7600621344485,0.0,25.98367668146104,25.897792659449667,26.189601632983358
31240.0,360.76928664924293,0.0,25.98367668146104,25.897272520300383,26.18893476182891
31260.0,360.77849974335624,0.0,25.98367668146104,25.896753921973364,26.188269316413955
31280.0,360.7877014438792,0.0,25.98367668146104,25.89623686031205,26.187605293984788
31300.0,360.7968917778417,0.0,25.98367668146104,25.8957213311712,26.186942691792904
31320.0,360.8060707721999,0.0,25.98367668146104,25.89520733041684,26.18628150709499
31340.0,360.815238453855,0.0,25.98367668146104,25.894694853926268,26.18562173715291
31360.0,360.82439484963214,0.0,25.98367668146104,25.894183897587993,26.184963379233697
31380.0,360.83353998629786,0.0,25.98367668146104,25.893674457301717,26.184306430609542
31400.0,360.8426738905538,0.0,25.98367668146104,25.893166528978302,26.183650888557793
31420.0,360.8517965890342,0.0,25.98367668146104,25.892660108539737,26.182996750360928
31440.0,360.8609081083095,0.0,25.98367668146104,25.892155191919112,26.18234401330656
31460.0,360.87000847488974,0.0,25.98367668146104,25.89165177506059,26.18169267468743
31480.0,360.8790977152142,0.0,25.98367668146104,25.89114985391937,26.18104273180138
31500.0,360.88817585566795,0.0,25.98367668146104,25.890649424461653,26.18039418195136
31520.0,360.8972429225633,0.0,25.98367668146104,25.890150482664623,26.17974702244541
31540.0,360.90629894215357,0.0,25.98367668146104,25.889653024516413,26.179101250596656
31560.0,360.915343940626,0.0,25.98367668146104,25.88915704601607,26.178456863723294
31580.0,360.9243779441054,0.0,25.98367668146104,25.88866254317353,26.177813859148586
31600.0,360.9334009786535,0.0,25.98367668146104,25.888169512009593,26.17717223420085
31620.0,360.9424130702708,0.0,25.98367668146104,25.887677948555876,26.176531986213444
31640.0,360.9514142448923,0.0,25.98367668146104,25.8871878488548,26.17589311252477
31660.0,360.9604045283917,0.0,25.98367668146104,25.88669920895956,26.17525561047825
31680.0,360.9693839465814,0.0,25.98367668146104,25.88621202493408,26.174619477422326
31700.0,360.9783525252084,0.0,25.98367668146104,25.885726292853,26.173984710710446
31720.0,360.98731028996275,0.0,25.98367668146104,25.885242008801644,26.173351307701058
31740.0,360.9962572664639,0.0,25.98367668146104,25.88475916887598,26.1727192657576
31760.0,361.0051934802749,0.0,25.98367668146104,25.884277769182603,26.172088582248485
31780.0,361.0141189568988,0.0,25.98367668146104,25.8837978058387,26.171459254547102
31800.0,361.0230337217735,0.0,25.98367668146104,25.88331927497202,26.170831280031802
31820.0,361.03193780027755,0.0,25.98367668146104,25.88284217272085,26.170204656085886
31840.0,361.040831217727,0.0,25.98367668146104,25.88236649523398,26.169579380097595
31860.0,361.0497139993748,0.0,25.98367668146104,25.88189223867068,26.16895544946011
31880.0,361.05858617041804,0.0,25.98367668146104,25.881419399200666,26.168332861571532
31900.0,361.0674477559921,0.0,25.98367668146104,25.88094797300408,26.167711613834882
31920.0,361.07629878116114,0.0,25.98367668146104,25.88047795627145,26.167091703658084
31940.0,361.0851392709468,0.0,25.98367668146104,25.880009345203664,26.16647312845396
31960.0,361.09396925029574,0.0,25.98367668146104,25.879542136011953,26.165855885640216
31980.0,361.1027887441014,0.0,25.98367668146104,25.879076324917847,26.165239972639448
32000.0,361.11159777719286,0.0,25.98367668146104,25.878611908153157,26.164625386879116
32020.0,361.12039637434214,0.0,25.98367668146104,25.878148881959945,26.16401212579154
32040.0,361.1291845602638,0.0,25.98367668146104,25.877687242590493,26.16340018681389
32060.0,361.1379623596075,0.0,25.98367668146104,25.877226986307278,26.16278956738819
32080.0,361.14672979696576,0.0,25.98367668146104,25.876768109382944,26.16218026496129
32100.0,361.15548689686807,0.0,25.98367668146104,25.87631060810027,26.161572276984863
32120.0,361.1642336837967,0.0,25.98367668146104,25.875854478752142,26.160965600915404
32140.0,361.1729701821615,0.0,25.98367668146104,25.87539971764154,26.16036023421421
32160.0,361.1816964163185,0.0,25.98367668146104,25.874946321081485,26.159756174347383
32180.0,361.1904124105616,0.0,25.98367668146104,25.874494285395038,26.159153418785813
32200.0,361.19911818913533,0.0,25.98367668146104,25.87404360691525,26.15855196500517
32220.0,361.2078137762175,0.0,25.98367668146104,25.87359428198515,26.157951810485894
32240.0,361.21649919592994,0.0,25.98367668146104,25.873146306957707,26.15735295271319
32260.0,361.22517447233287,0.0,25.98367668146104,25.872699678195815,26.156755389177018
32280.0,361.2338396294339,0.0,25.98367668146104,25.872254392072254,26.15615911737208
32300.0,361.2424946911808,0.0,25.98367668146104,25.871810444969668,26.155564134797824
32320.0,361.25113968146354,0.0,25.98367668146104,25.87136783328054,26.154970438958415
32340.0,361.259774624112,0.0,25.98367668146104,25.87092655340716,26.154378027362746
32360.0,361.2683995429051,0.0,25.98367668146104,25.8704866017616,26.153786897524416
32380.0,361.2770144615561,0.0,25.98367668146104,25.87004797476569,26.153197046961726
32400.0,361.2856194037255,0.0,25.98367668146104,25.86961066885099,26.15260847319767
32420.0,361.2942143930176,0.0,25.98367668146104,25.86917468045876,26.152021173759934
32440.0,361.30279945297866,0.0,25.98367668146104,25.868740006039936,26.15143514618087
32460.0,361.31137460709544,0.0,25.98367668146104,25.868306642055106,26.1508503879975
32480.0,361.319939878803,0.0,25.98367668146104,25.86787458497448,26.15026689675151
32500.0,361.32849529147387,0.0,25.98367668146104,25.867443831277864,26.14968466998923
32520.0,361.337040868433,0.0,25.98367668146104,25.867014377454637,26.149103705261638
32540.0,361.3455766329397,0.0,25.98367668146104,25.866586220003718,26.148524000124336
32560.0,361.3541026082015,0.0,25.98367668146104,25.866159355433545,26.14794555213756
32580.0,361.36261881737147,0.0,25.98367668146104,25.86573378026205,26.147368358866157
32600.0,361.371125283544,0.0,25.98367668146104,25.865309491016635,26.146792417879578
32620.0,361.37962202976104,0.0,25.98367668146104,25.86488648423413,26.14621772675188
32640.0,361.3881090790075,0.0,25.98367668146104,25.86446475646079,26.145644283061703
32660.0,361.3965864542048,0.0,25.98367668146104,25.864044304252253,26.14507208439228
32680.0,361.40505417823795,0.0,25.98367668146104,25.863625124173524,26.144501128331406
32700.0,361.4135122739141,0.0,25.98367668146104,25.86320721279894,26.14393141247145
32720.0,361.4219607640049,0.0,25.98367668146104,25.862790566712157,26.143362934409332
32740.0,361.4303996712162,0.0,25.98367668146104,25.862375182506106,26.14279569174652
32760.0,361.4388290182014,0.0,25.98367668146104,25.861961056782988,26.14222968208903
32780.0,361.4472488275611,0.0,25.98367668146104,25.861548186154234,26.1416649030474
32800.0,361.455659123697,0.0,25.98367668146104,25.861136567240486,26.141101352236692
32820.0,361.4640599253863,0.0,25.98367668146104,25.860726196671585,26.1405390272765
32840.0,361.4724512569173,0.0,25.98367668146104,25.860317071086506,26.139977925790898
32860.0,361.48083314067964,0.0,25.98367668146104,25.85990918713337,26.139418045408473
32880.0,361.48920559900125,0.0,25.98367668146104,25.859502541469407,26.138859383762295
32900.0,361.497568654148,0.0,25.98367668146104,25.859097130760933,26.138301938489924
32920.0,361.50592232834913,0.0,25.98367668146104,25.858692951683324,26.13774570723339
32940.0,361.5142666437697,0.0,25.98367668146104,25.858290000920988,26.137190687639183
32960.0,361.522601622524,0.0,25.98367668146104,25.857888275167344,26.13663687735826
32980.0,361.53092728667247,0.0,25.98367668146104,25.857487771124802,26.136084274046016
33000.0,361.53924365822473,0.0,25.98367668146104,25.857088485504722,26.135532875362298
33020.0,361.54755075912954,0.0,25.98367668146104,25.85669041502741,26.134982678971376
33040.0,361.55584861129495,0.0,25.98367668146104,25.856293556422077,26.13443368254195
33060.0,361.5641372365646,0.0,25.98367668146104,25.85589790642683,26.133885883747134
33080.0,361.57241665674076,0.0,25.98367668146104,25.85550346178863,26.133339280264448
33100.0,361.58068689356224,0.0,25.98367668146104,25.855110219263278,26.132793869775814
33120.0,361.58894796872227,0.0,25.98367668146104,25.854718175615393,26.132249649967545
33140.0,361.5971999038589,0.0,25.98367668146104,25.854327327618385,26.131706618530337
33160.0,361.6054427205646,0.0,25.98367668146104,25.85393767205443,26.131164773159266
33180.0,361.6136764403684,0.0,25.98367668146104,25.85354920571444,26.13062411155377
33200.0,361.62190108475454,0.0,25.98367668146104,25.853161925398055,26.130084631417652
33220.0,361.63011667515633,0.0,25.98367668146104,25.852775827913604,26.12954633045906
33240.0,361.63832323295463,0.0,25.98367668146104,25.85239091007809,26.12900920639049
33260.0,361.6465207794767,0.0,25.98367668146104,25.852007168717154,26.128473256928764
33280.0,361.654709336,0.0,25.98367668146104,25.851624600665076,26.12793847979505
33300.0,361.6628889237498,0.0,25.98367668146104,25.85124320276472,26.127404872714816
33320.0,361.67105956390105,0.0,25.98367668146104,25.85086297186754,26.12687243341786
33340.0,361.67922127757964,0.0,25.98367668146104,25.850483904833528,26.126341159638265
33360.0,361.68737408585406,0.0,25.98367668146104,25.85010599853122,26.125811049114425
33380.0,361.69551800975455,0.0,25.98367668146104,25.84972924983765,26.12528209958901
33400.0,361.70365307024804,0.0,25.98367668146104,25.84935365563834,26.12475430880898
33420.0,361.7117792882532,0.0,25.98367668146104,25.84897921282726,26.12422767452556
33440.0,361.7198966846449,0.0,25.98367668146104,25.848605918306827,26.123702194494243
33460.0,361.7280052802419,0.0,25.98367668146104,25.84823376898787,26.123177866474773
33480.0,361.7361050958207,0.0,25.98367668146104,25.847862761789607,26.122654688231147
33500.0,361.74419615209297,0.0,25.98367668146104,25.847492893639618,26.122132657531605
33520.0,361.75227846973723,0.0,25.98367668146104,25.847124161473836,26.12161177214861
33540.0,361.7603520693692,0.0,25.98367668146104,25.84675656223651,26.121092029858865
33560.0,361.7684169715653,0.0,25.98367668146104,25.846390092880192,26.120573428443276
33580.0,361.77647319684087,0.0,25.98367668146104,25.846024750365707,26.120055965686962
33600.0,361.78452076567544,0.0,25.98367668146104,25.845660531662134,26.11953963937925
33620.0,361.79255969849083,0.0,25.98367668146104,25.84529743374678,26.119024447313656
33640.0,361.8005900156606,0.0,25.98367668146104,25.844935453605164,26.11851038728788
33660.0,361.8086117375071,0.0,25.98367668146104,25.84457458823099,26.117997457103808
33680.0,361.8166248843136,0.0,25.98367668146104,25.844214834626126,26.117485654567492
33700.0,361.8246294762992,0.0,25.98367668146104,25.84385618980058,26.116974977489143
33720.0,361.83262553365233,0.0,25.98367668146104,25.843498650772478,26.116465423683135
33740.0,361.8406130764979,0.0,25.98367668146104,25.843142214568044,26.115956990967987
33760.0,361.8485921249168,0.0,25.98367668146104,25.842786878221577,26.11544967716636
33780.0,361.8565626989458,0.0,25.98367668146104,25.842432638775428,26.114943480105044
33800.0,361.8645248185708,0.0,25.98367668146104,25.842079493279975,26.114438397614954
33820.0,361.87247850373154,0.0,25.98367668146104,25.84172743879361,26.113934427531124
33840.0,361.88042377431066,0.0,25.98367668146104,25.841376472382702,26.1134315676927
33860.0,361.8883606501566,0.0,25.98367668146104,25.8410265911216,26.112929815942927
33880.0,361.8962891510627,0.0,25.98367668146104,25.84067779209258,26.112429170129147
33900.0,361.90420929677015,0.0,25.98367668146104,25.84033007238585,26.111929628102786
33920.0,361.91212110698547,0.0,25.98367668146104,25.83998342909951,26.11143118771935
33940.0,361.92002460135564,0.0,25.98367668146104,25.839637859339543,26.11093384683842
33960.0,361.92791979948936,0.0,25.98367668146104,25.839293360219784,26.110437603323643
33980.0,361.9358067209399,0.0,25.98367668146104,25.838949928861908,26.109942455042717
34000.0,361.9436853852216,0.0,25.98367668146104,25.8386075623954,26.109448399867393
34020.0,361.95155581179284,0.0,25.98367668146104,25.83826625795753,26.108955435673465
34040.0,361.95941802007684,0.0,25.98367668146104,25.837926012693355,26.10846356034076
34060.0,361.9672720294412,0.0,25.98367668146104,25.837586823755668,26.107972771753133
34080.0,361.9751178592078,0.0,25.98367668146104,25.837248688304992,26.10748306779846
34100.0,361.9829555286568,0.0,25.98367668146104,25.83691160350956,26.106994446368624
34120.0,361.9907850570179,0.0,25.98367668146104,25.83657556654529,26.10650690535952
34140.0,361.99860646347474,0.0,25.98367668146104,25.836240574595763,26.10602044267104
34160.0,362.006419767166,0.0,25.98367668146104,25.83590662485221,26.10553505620706
34180.0,362.01422498718654,0.0,25.98367668146104,25.83557371451348,26.105050743875445
34200.0,362.02202214258324,0.0,25.98367668146104,25.835241840786022,26.104567503588033
34220.0,362.0298112523545,0.0,25.98367668146104,25.83491100088387,26.104085333260635
34240.0,362.0375923354579,0.0,25.98367668146104,25.83458119202862,26.103604230813016
34260.0,362.0453654108023,0.0,25.98367668146104,25.834252411449402,26.103124194168895
34280.0,362.05313049725567,0.0,25.98367668146104,25.83392465638287,26.102645221255944
34300.0,362.0608876136312,0.0,25.98367668146104,25.833597924073178,26.102167310005772
34320.0,362.0686367787082,0.0,25.98367668146104,25.833272211771952,26.101690458353914
34340.0,362.07637801121206,0.0,25.98367668146104,25.832947516738283,26.101214664239837
34360.0,362.08411132982974,0.0,25.98367668146104,25.832623836238696,26.10073992560692
34380.0,362.0918367531993,0.0,25.98367668146104,25.832301167547133,26.100266240402455
34400.0,362.0995542999131,0.0,25.98367668146104,25.831979507944933,26.099793606577634
34420.0,362.1072639885226,0.0,25.98367668146104,25.83165885472081,26.09932202208755
34440.0,362.1149658375348,0.0,25.98367668146104,25.83133920517084,26.098851484891178
34460.0,362.12265986540683,0.0,25.98367668146104,25.83102055659842,26.09838199295138
34480.0,362.130346090559,0.0,25.98367668146104,25.830702906314286,26.097913544234896
34500.0,362.1380245313628,0.0,25.98367668146104,25.830386251636455,26.097446136712318
34520.0,362.1456952061443,0.0,25.98367668146104,25.830070589890223,26.09697976835811
34540.0,362.15335813318677,0.0,25.98367668146104,25.829755918408143,26.09651443715059
34560.0,362.1610133307374,0.0,25.98367668146104,25.829442234530006,26.09605014107191
34580.0,362.1686608169876,0.0,25.98367668146104,25.829129535602817,26.095586878108076
34600.0,362.1763006100883,0.0,25.98367668146104,25.828817818980777,26.095124646248912
34620.0,362.18393272815047,0.0,25.98367668146104,25.82850708202527,26.094663443488077
34640.0,362.1915571892452,0.0,25.98367668146104,25.82819732210483,26.09420326782304
34660.0,362.199174011385,0.0,25.98367668146104,25.82788853659514,26.093744117255085
34680.0,362.2067832125603,0.0,25.98367668146104,25.827580722878988,26.093285989789297
34700.0,362.2143848107002,0.0,25.98367668146104,25.82727387834627,26.09282888343456
34720.0,362.221978823699,0.0,25.98367668146104,25.826968000393958,26.09237279620354
34740.0,362.2295652694103,0.0,25.98367668146104,25.826663086426088,26.091917726112698
34760.0,362.23714416563536,0.0,25.98367668146104,25.826359133853735,26.091463671182257
34780.0,362.2447155301429,0.0,25.98367668146104,25.826056140094995,26.091010629436216
34800.0,362.25227938065933,0.0,25.98367668146104,25.825754102574965,26.090558598902334
34820.0,362.25983573485456,0.0,25.98367668146104,25.82545301872573,26.090107577612127
34840.0,362.2673846103747,0.0,25.98367668146104,25.82515288598634,26.089657563600852
34860.0,362.2749260248082,0.0,25.98367668146104,25.824853701802784,26.089208554907515
34880.0,362.282459995711,0.0,25.98367668146104,25.824555463627977,26.088760549574847
34900.0,362.28998654059353,0.0,25.98367668146104,25.82425816892175,26.088313545649314
34920.0,362.2975056769256,0.0,25.98367668146104,25.823961815150817,26.087867541181094
34940.0,362.30501742213124,0.0,25.98367668146104,25.82366639978876,26.087422534224086
34960.0,362.31252179359666,0.0,25.98367668146104,25.823371920316017,26.086978522835892
34980.0,362.32001880866625,0.0,25.98367668146104,25.823078374219854,26.086535505077812
35000.0,362.3275084846405,0.0,25.98367668146104,25.822785758994353,26.08609347901484
35020.0,362.3349908387799,0.0,25.98367668146104,25.822494072140387,26.085652442715652
35040.0,362.34246588830194,0.0,25.98367668146104,25.82220331116561,26.08521239425261
35060.0,362.3499336503859,0.0,25.98367668146104,25.82191347358443,26.084773331701744
35080.0,362.3573941421698,0.0,25.98367668146104,25.821624556918,26.08433525314275
35100.0,362.3648473807455,0.0,25.98367668146104,25.821336558694185,26.083898156658982
35120.0,362.3722933831703,0.0,25.98367668146104,25.82104947644756,26.083462040337448
35140.0,362.3797321664573,0.0,25.98367668146104,25.820763307719382,26.083026902268795
35160.0,362.38716374757786,0.0,25.98367668146104,25.820478050057574,26.082592740547316
35180.0,362.39458814346625,0.0,25.98367668146104,25.820193701016702,26.082159553270934
35200.0,362.4020053710133,0.0,25.98367668146104,25.81991025815797,26.081727338541192
35220.0,362.40941544706567,0.0,25.98367668146104,25.81962771904919,26.08129609446326
35240.0,362.41681838843965,0.0,25.98367668146104,25.819346081264765,26.08086581914591
35260.0,362.424214211904,0.0,25.98367668146104,25.819065342385674,26.080436510701524
35280.0,362.43160293419083,0.0,25.98367668146104,25.818785499999453,26.08000816724608
35300.0,362.43898457198543,0.0,25.98367668146104,25.818506551700185,26.079580786899154
35320.0,362.44635914194333,0.0,25.98367668146104,25.818228495088462,26.079154367783897
35340.0,362.45372666067135,0.0,25.98367668146104,25.81795132777139,26.078728908027042
35360.0,362.46108714473866,0.0,25.98367668146104,25.817675047362552,26.0783044057589
35380.0,362.46844061068117,0.0,25.98367668146104,25.81739965148201,26.077880859113336
35400.0,362.47578707498894,0.0,25.98367668146104,25.817125137756268,26.077458266227783
35420.0,362.4831265541091,0.0,25.98367668146104,25.816851503818267,26.077036625243224
35440.0,362.4904590644582,0.0,25.98367668146104,25.816578747307364,26.076615934304183
35460.0,362.497784622409,0.0,25.98367668146104,25.81630686586931,26.076196191558726
35480.0,362.5051032442917,0.0,25.98367668146104,25.81603585715624,26.07577739515845
35500.0,362.5124149464048,0.0,25.98367668146104,25.81576571882665,26.075359543258482
35520.0,362.51971974500617,0.0,25.98367668146104,25.81549644854538,26.07494263401746
35540.0,362.52701765630894,0.0,25.98367668146104,25.815228043983602,26.074526665597542
35560.0,362.5343086964913,0.0,25.98367668146104,25.814960502818796,26.07411163616439
35580.0,362.5415928816923,0.0,25.98367668146104,25.81469382273474,26.073697543887164
35600.0,362.5488702280147,0.0,25.98367668146104,25.81442800142148,26.073284386938518
35620.0,362.55614075151755,0.0,25.98367668146104,25.81416303657533,26.072872163494594
35640.0,362.56340446822526,0.0,25.98367668146104,25.813898925898844,26.072460871735014
35660.0,362.57066139412393,0.0,25.98367668146104,25.813635667100797,26.072050509842875
35680.0,362.57791154516394,0.0,25.98367668146104,25.81337325789618,26.071641076004735
35700.0,362.58515493724576,0.0,25.98367668146104,25.813111696006168,26.071232568410622
35720.0,362.59239158625024,0.0,25.98367668146104,25.81285097915811,26.070824985254013
35740.0,362.59962150800254,0.0,25.98367668146104,25.81259110508552,26.070418324731836
35760.0,362.6068447183017,0.0,25.98367668146104,25.812332071528047,26.07001258504446
35780.0,362.61406123290436,0.0,25.98367668146104,25.812073876231462,26.069607764395684
35800.0,362.6212710675276,0.0,25.98367668146104,25.81181651694765,26.069203860992747
35820.0,362.628474237855,0.0,25.98367668146104,25.81155999143458,26.0688008730463
35840.0,362.63567075952966,0.0,25.98367668146104,25.8113042974563,26.068398798770417
35860.0,362.64286064816116,0.0,25.98367668146104,25.81104943278291,26.067997636382582
35880.0,362.65004391931626,0.0,25.98367668146104,25.81079539519055,26.06759738410368
35900.0,362.6572205885274,0.0,25.98367668146104,25.81054218246139,26.067198040157997
35920.0,362.6643906712902,0.0,25.98367668146104,25.810289792383607,26.066799602773205
35940.0,362.6715541830653,0.0,25.98367668146104,25.810038222751366,26.066402070180363
35960.0,362.6787111392735,0.0,25.98367668146104,25.80978747136481,26.06600544061391
35980.0,362.6858615552949,0.0,25.98367668146104,25.809537536030035,26.06560971231166
36000.0,362.69300544647945,0.0,25.98367668146104,25.809288414559088,26.065214883514788
36020.0,362.7001428281395,0.0,25.98367668146104,25.809040104769934,26.06482095246783
36040.0,362.7072737155484,0.0,25.98367668146104,25.808792604486452,26.064427917418676
36060.0,362.7143981239401,0.0,25.98367668146104,25.808545911538413,26.064035776618564
36080.0,362.7215160685185,0.0,25.98367668146104,25.80830002376147,26.063644528322076
36100.0,362.72862756444704,0.0,25.98367668146104,25.80805493899713,26.063254170787122
36120.0,362.73573262686085,0.0,25.98367668146104,25.807810655092755,26.062864702274947
36140.0,362.7428312708486,0.0,25.98367668146104,25.80756716990153,26.062476121050118
36160.0,362.7499235114579,0.0,25.98367668146104,25.807324481282457,26.062088425380516
36180.0,362.7570093637212,0.0,25.98367668146104,25.807082587100332,26.061701613537334
36200.0,362.7640888426188,0.0,25.98367668146104,25.80684148522574,26.06131568379507
36220.0,362.7711619631018,0.0,25.98367668146104,25.80660117353502,26.060930634431514
36240.0,362.77822874007546,0.0,25.98367668146104,25.80636164991028,26.060546463727757
36260.0,362.7852891884248,0.0,25.98367668146104,25.806122912239346,26.060163169968174
36280.0,362.7923433229863,0.0,25.98367668146104,25.80588495841577,26.059780751440414
36300.0,362.79939115856973,0.0,25.98367668146104,25.805647786338806,26.059399206435405
36320.0,362.8064327099441,0.0,25.98367668146104,25.8054113939134,26.05901853324734
36340.0,362.8134679918479,0.0,25.98367668146104,25.805175779050163,26.058638730173676
36360.0,362.82049701898114,0.0,25.98367668146104,25.804940939665375,26.058259795515127
36380.0,362.8275198060033,0.0,25.98367668146104,25.804706873680942,26.05788172757565
36400.0,362.83453636755064,0.0,25.98367668146104,25.80447357902441,26.057504524662452
36420.0,362.8415467182157,0.0,25.98367668146104,25.804241053628928,26.057128185085972
36440.0,362.8485508725584,0.0,25.98367668146104,25.804009295433243,26.056752707159884
36460.0,362.8555488451055,0.0,25.98367668146104,25.80377830238168,26.05637808920109
36480.0,362.86254065034854,0.0,25.98367668146104,25.80354807242413,26.056004329529703
36500.0,362.86952630274607,0.0,25.98367668146104,25.803318603516036,26.05563142646906
36520.0,362.8765058167149,0.0,25.98367668146104,25.803089893618374,26.055259378345696
36540.0,362.8834792066457,0.0,25.98367668146104,25.80286194069764,26.054888183489354
36560.0,362.8904464868879,0.0,25.98367668146104,25.80263474272583,26.05451784023297
36580.0,362.8974076717667,0.0,25.98367668146104,25.802408297680433,26.054148346912665
36600.0,362.9043627755595,0.0,25.98367668146104,25.802182603544416,26.053779701867757
36620.0,362.9113118125229,0.0,25.98367668146104,25.801957658306204,26.05341190344073
36640.0,362.9182547968663,0.0,25.98367668146104,25.80173345995966,26.05304494997724
36660.0,362.92519174277743,0.0,25.98367668146104,25.801510006504085,26.05267883982612
36680.0,362.9321226644021,0.0,25.98367668146104,25.80128729594419,26.052313571339358
36700.0,362.93904757585847,0.0,25.98367668146104,25.801065326290086,26.051949142872086
36720.0,362.9459664912269,0.0,25.98367668146104,25.80084409555727,26.051585552782598
36740.0,362.95287942455184,0.0,25.98367668146104,25.800623601766613,26.05122279943232
36760.0,362.95978638985224,0.0,25.98367668146104,25.80040384294434,26.050860881185827
36780.0,362.9666874011007,0.0,25.98367668146104,25.800184817122016,26.05049979641081
36800.0,362.97358247225225,0.0,25.98367668146104,25.799966522336533,26.050139543478103
36820.0,362.98047161721627,0.0,25.98367668146104,25.799748956630097,26.049780120761643
36840.0,362.98735484987344,0.0,25.98367668146104,25.79953211805021,26.04942152663849
36860.0,362.99423218407566,0.0,25.98367668146104,25.799316004649658,26.049063759488806
36880.0,363.0011036336334,0.0,25.98367668146104,25.799100614486495,26.04870681769586
36900.0,363.0079692123296,0.0,25.98367668146104,25.798885945624033,26.048350699646015
36920.0,363.0148289339144,0.0,25.98367668146104,25.79867199613082,26.047995403728724
36940.0,363.02168281209845,0.0,25.98367668146104,25.798458764080635,26.047640928336524
36960.0,363.0285308605707,0.0,25.98367668146104,25.79824624755246,26.047287271865034
36980.0,363.0353730929791,0.0,25.98367668146104,25.79803444463048,26.046934432712945
37000.0,363.0422095229425,0.0,25.98367668146104,25.79782335340407,26.046582409282014
37020.0,363.0490401640421,0.0,25.98367668146104,25.797612971967762,26.046231199977058
37040.0,363.0558650298391,0.0,25.98367668146104,25.797403298421248,26.045880803205957
37060.0,363.06268413384475,0.0,25.98367668146104,25.797194330869363,26.045531217379637
37080.0,363.0694974895561,0.0,25.98367668146104,25.796986067422065,26.045182440912065
37100.0,363.07630511042316,0.0,25.98367668146104,25.79677850619443,26.044834472220256
37120.0,363.0831070098747,0.0,25.98367668146104,25.796571645306624,26.04448730972425
37140.0,363.0899032012992,0.0,25.98367668146104,25.796365482883907,26.044140951847123
37160.0,363.09669369805783,0.0,25.98367668146104,25.796160017056607,26.043795397014964
37180.0,363.10347851348195,0.0,25.98367668146104,25.795955245960112,26.043450643656886
37200.0,363.11025766086277,0.0,25.98367668146104,25.79575116773485,26.043106690205008
37220.0,363.11703115347046,0.0,25.98367668146104,25.795547780526277,26.04276353509446
37240.0,363.12379900453686,0.0,25.98367668146104,25.79534508248487,26.042421176763362
37260.0,363.13056122726135,0.0,25.98367668146104,25.79514307176611,26.042079613652838
37280.0,363.1373178348173,0.0,25.98367668146104,25.794941746530455,26.041738844206996
37300.0,363.14406884034037,0.0,25.98367668146104,25.79474110494335,26.04139886687293
37320.0,363.1508142569428,0.0,25.98367668146104,25.794541145175195,26.04105968010071
37340.0,363.1575540976955,0.0,25.98367668146104,25.794341865401346,26.040721282343373
37360.0,363.1642883756451,0.0,25.98367668146104,25.794143263802084,26.04038367205693
37380.0,363.1710171038105,0.0,25.98367668146104,25.79394533856262,26.04004684770035
37400.0,363.1777402951682,0.0,25.98367668146104,25.793748087873063,26.039710807735553
37420.0,363.1844579626741,0.0,25.98367668146104,25.793551509928424,26.039375550627415
37440.0,363.19117011924715,0.0,25.98367668146104,25.79335560292859,26.039041074843755
37460.0,363.1978767777784,0.0,25.98367668146104,25.793160365078318,26.03870737885533
37480.0,363.2045779511314,0.0,25.98367668146104,25.79296579458722,26.03837446113583
37500.0,363.21127365213175,0.0,25.98367668146104,25.79277188966975,26.038042320161875
37520.0,363.2179638935783,0.0,25.98367668146104,25.792578648545188,26.037710954413004
37540.0,363.224648688237,0.0,25.98367668146104,25.792386069437626,26.037380362371675
37560.0,363.2313280488507,0.0,25.98367668146104,25.792194150575963,26.037050542523257
37580.0,363.238001988119,0.0,25.98367668146104,25.79200289019388,26.036721493356026
37600.0,363.24467051872665,0.0,25.98367668146104,25.791812286529844,26.03639321336116
37620.0,363.25133365331845,0.0,25.98367668146104,25.79162233782707,26.036065701032726
37640.0,363.25799140450766,0.0,25.98367668146104,25.791433042333537,26.03573895486769
37660.0,363.2646437848852,0.0,25.98367668146104,25.79124439830195,26.035412973365894
37680.0,363.27129080700473,0.0,25.98367668146104,25.79105640398974,26.03508775503007
37700.0,363.27793248339424,0.0,25.98367668146104,25.79086905765905,26.03476329836581
37720.0,363.28456882655064,0.0,25.98367668146104,25.790682357576724,26.034439601881587
37740.0,363.29119984894226,0.0,25.98367668146104,25.790496302014287,26.034116664088728
37760.0,363.2978255630036,0.0,25.98367668146104,25.790310889247934,26.033794483501424
37780.0,363.30444598114997,0.0,25.98367668146104,25.790126117558525,26.033473058636716
37800.0,363.31106111574934,0.0,25.98367668146104,25.789941985231565,26.03315238801449
37820.0,363.31767097915605,0.0,25.98367668146104,25.78975849055719,26.032832470157476
37840.0,363.32427558368835,0.0,25.98367668146104,25.789575631830164,26.032513303591244
37860.0,363.330874941637,0.0,25.98367668146104,25.789393407349852,26.032194886844188
37880.0,363.33746906526386,0.0,25.98367668146104,25.78921181542022,26.031877218447534
37900.0,363.34405796680227,0.0,25.98367668146104,25.789030854349818,26.031560296935325
37920.0,363.35064165845023,0.0,25.98367668146104,25.788850522451767,26.03124412084442
37940.0,363.35722015238235,0.0,25.98367668146104,25.788670818043745,26.03092868871449
37960.0,363.36379346074534,0.0,25.98367668146104,25.788491739447977,26.030613999088008
37980.0,363.3703615956564,0.0,25.98367668146104,25.788313284991222,26.03030005051025
38000.0,363.3769245691968,0.0,25.98367668146104,25.788135453004763,26.029986841529283
38020.0,363.3834823934334,0.0,25.98367668146104,25.78795824182439,26.029674370695965
38040.0,363.3900350803831,0.0,25.98367668146104,25.787781649790393,26.02936263656394
38060.0,363.3965826420591,0.0,25.98367668146104,25.78760567524754,26.029051637689626
38080.0,363.4031250904236,0.0,25.98367668146104,25.78743031654508,26.028741372632222
38100.0,363.40966243743134,0.0,25.98367668146104,25.787255572036717,26.028431839953686
38120.0,363.4161946949861,0.0,25.98367668146104,25.787081440080605,26.028123038218748
38140.0,363.422721874981,0.0,25.98367668146104,25.786907919039333,26.02781496599489
38160.0,363.4292439892761,0.0,25.98367668146104,25.786735007279916,26.027507621852347
38180.0,363.43576104970026,0.0,25.98367668146104,25.78656270317378,26.02720100436411
38200.0,363.4422730680528,0.0,25.98367668146104,25.786391005096746,26.0268951121059
38220.0,363.4487800561132,0.0,25.98367668146104,25.786219911429033,26.026589943656187
38240.0,363.4552820256252,0.0,25.98367668146104,25.78604942055523,26.02628549759617
38260.0,363.46177898830797,0.0,25.98367668146104,25.78587953086429,26.02598177250977
38280.0,363.46827095584854,0.0,25.98367668146104,25.785710240749516,26.025678766983635
38300.0,363.47475793991464,0.0,25.98367668146104,25.785541548608556,26.025376479607132
38320.0,363.4812399521427,0.0,25.98367668146104,25.785373452843384,26.025074908972336
38340.0,363.4877170041344,0.0,25.98367668146104,25.78520595186029,26.02477405367403
38360.0,363.4941891074702,0.0,25.98367668146104,25.785039044069876,26.024473912309702
38380.0,363.5006562737048,0.0,25.98367668146104,25.784872727887024,26.02417448347953
38400.0,363.50711851436165,0.0,25.98367668146104,25.784707001730908,26.023875765786393
38420.0,363.5135758409389,0.0,25.98367668146104,25.784541864024966,26.023577757835852
38440.0,363.5200282649071,0.0,25.98367668146104,25.7843773131969,26.023280458236147
38460.0,363.5264757977099,0.0,25.98367668146104,25.78421334767865,26.022983865598203
38480.0,363.53291845075756,0.0,25.98367668146104,25.784049965906405,26.022687978535608
38500.0,363.5393562354463,0.0,25.98367668146104,25.78388716632056,26.02239279566462
38520.0,363.54578916313085,0.0,25.98367668146104,25.783724947365737,26.022098315604158
38540.0,363.55221724515053,0.0,25.98367668146104,25.78356330749075,26.0218045369758
38560.0,363.55864049280666,0.0,25.98367668146104,25.7834022451486,26.02151145840378
38580.0,363.5650589173888,0.0,25.98367668146104,25.783241758796475,26.021219078514967
38600.0,363.5714725301399,0.0,25.98367668146104,25.783081846895723,26.020927395938884
38620.0,363.5778813422964,0.0,25.98367668146104,25.782922507911845,26.02063640930768
38640.0,363.5842853650561,0.0,25.98367668146104,25.78276374031449,26.020346117256146
38660.0,363.5906846095911,0.0,25.98367668146104,25.78260554257744,26.020056518421697
38680.0,363.59707908705207,0.0,25.98367668146104,25.782447913178594,26.019767611444365
38700.0,363.60346880855127,0.0,25.98367668146104,25.78229085059996,26.019479394966808
38720.0,363.60985378519325,0.0,25.98367668146104,25.78213435332765,26.01919186763429
38740.0,363.6162340280405,0.0,25.98367668146104,25.78197841985186,26.018905028094686
38760.0,363.6226095481349,0.0,25.98367668146104,25.781823048666865,26.01861887499847
38780.0,363.62898035649334,0.0,25.98367668146104,25.781668238271,26.018333406998718
38800.0,363.63534646410557,0.0,25.98367668146104,25.781513987166655,26.018048622751095
38820.0,363.6417078819346,0.0,25.98367668146104,25.78136029386027,26.017764520913857
38840.0,363.6480646209162,0.0,25.98367668146104,25.781207156862312,26.01748110014784
38860.0,363.65441669196395,0.0,25.98367668146104,25.781054574687268,26.017198359116463
38880.0,363.66076410595934,0.0,25.98367668146104,25.780902545853635,26.016916296485714
38900.0,363.66710687376815,0.0,25.98367668146104,25.780751068883912,26.016634910924154
38920.0,363.6734450062182,0.0,25.98367668146104,25.780600142304586,26.016354201102907
38940.0,363.6797785141164,0.0,25.98367668146104,25.780449764646118,26.016074165695652
38960.0,363.6861074082528,0.0,25.98367668146104,25.78029993444294,26.015794803378625
38980.0,363.6924316993767,0.0,25.98367668146104,25.780150650233438,26.015516112830614
39000.0,363.6987513982259,0.0,25.98367668146104,25.780001910559943,26.015238092732947
39020.0,363.70506651550045,0.0,25.98367668146104,25.77985371396872,26.014960741769496
39040.0,363.711377061884,0.0,25.98367668146104,25.779706059009957,26.014684058626667
39060.0,363.71768304802777,0.0,25.98367668146104,25.779558944237756,26.014408041993395
39080.0,363.7239844845656,0.0,25.98367668146104,25.77941236821012,26.01413269056114
39100.0,363.7302813820999,0.0,25.98367668146104,25.779266329488948,26.01385800302389
39120.0,363.7365737512132,0.0,25.98367668146104,25.779120826640014,26.01358397807814
39140.0,363.74286160245526,0.0,25.98367668146104,25.778975858232968,26.013310614422906
39160.0,363.7491449463562,0.0,25.98367668146104,25.778831422841314,26.0130379107597
39180.0,363.75542379342284,0.0,25.98367668146104,25.77868751904241,26.01276586579254
39200.0,363.7616981541287,0.0,25.98367668146104,25.77854414541745,26.012494478227953
39220.0,363.76796803893865,0.0,25.98367668146104,25.778401300551455,26.01222374677494
39240.0,363.7742334582712,0.0,25.98367668146104,25.778258983033272,26.011953670145
39260.0,363.7804944225373,0.0,25.98367668146104,25.77811719145555,26.01168424705212
39280.0,363.786750942117,0.0,25.98367668146104,25.777975924414733,26.011415476212754
39300.0,363.7930030273627,0.0,25.98367668146104,25.777835180511055,26.01114735634584
39320.0,363.79925068860825,0.0,25.98367668146104,25.77769495834853,26.010879886172784
39340.0,363.8054939361624,0.0,25.98367668146104,25.77755525653493,26.010613064417452
39360.0,363.8117327803017,0.0,25.98367668146104,25.777416073681792,26.010346889806172
39380.0,363.8179672312868,0.0,25.98367668146104,25.77727740840439,26.01008136106773
39400.0,363.8241972993547,0.0,25.98367668146104,25.777139259321743,26.009816476933363
39420.0,363.8304229947058,0.0,25.98367668146104,25.777001625056588,26.009552236136752
39440.0,363.83664432753017,0.0,25.98367668146104,25.77686450423538,26.00928863741402
39460.0,363.84286130798904,0.0,25.98367668146104,25.776727895488282,26.00902567950373
39480.0,363.84907394622115,0.0,25.98367668146104,25.776591797449147,26.008763361146872
39500.0,363.85528225233213,0.0,25.98367668146104,25.776456208755516,26.008501681086873
39520.0,363.86148623641725,0.0,25.98367668146104,25.776321128048608,26.008240638069573
39540.0,363.8676859085425,0.0,25.98367668146104,25.7761865539733,26.00798023084324
39560.0,363.8738812787416,0.0,25.98367668146104,25.77605248517813,26.007720458158555
39580.0,363.88007235703674,0.0,25.98367668146104,25.775918920315277,26.007461318768602
39600.0,363.88625915342095,0.0,25.98367668146104,25.77578585804056,26.007202811428876
39620.0,363.89244167786114,0.0,25.98367668146104,25.77565329701342,26.006944934897273
39640.0,363.8986199403065,0.0,25.98367668146104,25.775521235896914,26.006687687934086
39660.0,363.90479395068047,0.0,25.98367668146104,25.7753896733577,26.006431069301996
39680.0,363.91096371887653,0.0,25.98367668146104,25.775258608066043,26.006175077766077
39700.0,363.91712925477657,0.0,25.98367668146104,25.775128038695787,26.005919712093778
39720.0,363.923290568231,0.0,25.98367668146104,25.77499796392435,26.005664971054934
39740.0,363.92944766906623,0.0,25.98367668146104,25.77486838243272,26.00541085342175
39760.0,363.93560056708765,0.0,25.98367668146104,25.774739292905444,26.005157357968802
39780.0,363.94174927208405,0.0,25.98367668146104,25.77461069403061,26.004904483473027
39800.0,363.9478937938052,0.0,25.98367668146104,25.774482584499847,26.00465222871373
39820.0,363.9540341419964,0.0,25.98367668146104,25.774354963008314,26.004400592472567
39840.0,363.9601703263618,0.0,25.98367668146104,25.774227828254684,26.004149573533546
39860.0,363.966302356595,0.0,25.98367668146104,25.77410117894114,26.003899170683024
39880.0,363.9724302423678,0.0,25.98367668146104,25.77397501377337,26.003649382709696
39900.0,363.9785539933193,0.0,25.98367668146104,25.77384933146054,26.003400208404607
39920.0,363.9846736190697,0.0,25.98367668146104,25.773724130715305,26.003151646561122
39940.0,363.99078912922204,0.0,25.98367668146104,25.773599410253787,26.002903695974943
39960.0,363.9969005333485,0.0,25.98367668146104,25.773475168795574,26.0026563554441
39980.0,364.0030078410015,0.0,25.98367668146104,25.7733514050637,26.002409623768937
40000.0,364.00911106171554,0.0,25.98367668146104,25.773228117784644,26.002163499752122
40020.0,364.01521020499763,0.0,25.98367668146104,25.773105305688315,26.001917982198627
40040.0,364.0213052803314,0.0,25.98367668146104,25.772982967508053,26.00167306991574
40060.0,364.0273962971803,0.0,25.98367668146104,25.772861101980606,26.001428761713047
40080.0,364.03348326498656,0.0,25.98367668146104,25.772739707846128,26.001185056402434
40100.0,364.03956619316233,0.0,25.98367668146104,25.77261878384817,26.000941952798083
40120.0,364.0456450911127,0.0,25.98367668146104,25.77249832873367,26.000699449716468
40140.0,364.0517199682076,0.0,25.98367668146104,25.77237834125294,26.000457545976346
40160.0,364.0577908337964,0.0,25.98367668146104,25.772258820159664,26.000216240398757
40180.0,364.0638576972114,0.0,25.98367668146104,25.772139764210884,25.99997553180702
40200.0,364.0699205677596,0.0,25.98367668146104,25.772021172166994,25.999735419026727
40220.0,364.0759794547259,0.0,25.98367668146104,25.771903042791724,25.999495900885737
40240.0,364.08203436736767,0.0,25.98367668146104,25.77178537485214,25.999256976214177
40260.0,364.0880853149367,0.0,25.98367668146104,25.77166816711863,25.999018643844433
40280.0,364.0941323066466,0.0,25.98367668146104,25.771551418364893,25.998780902611145
40300.0,364.1001753516985,0.0,25.98367668146104,25.771435127367933,25.99854375135121
40320.0,364.10621445926614,0.0,25.98367668146104,25.771319292908053,25.99830718890377
40340.0,364.1122496385029,0.0,25.98367668146104,25.77120391376884,25.998071214110208
40360.0,364.11828089854237,0.0,25.98367668146104,25.771088988737155,25.997835825814153
40380.0,364.1243082484956,0.0,25.98367668146104,25.770974516603136,25.997601022861463
40400.0,364.13033169745444,0.0,25.98367668146104,25.770860496160175,25.997366804100228
40420.0,364.13635125448207,0.0,25.98367668146104,25.770746926204918,25.997133168380767
40440.0,364.1423669286283,0.0,25.98367668146104,25.77063380553725,25.99690011455562
40460.0,364.1483787289213,0.0,25.98367668146104,25.770521132960294,25.996667641479544
40480.0,364.15438666435784,0.0,25.98367668146104,25.770408907280395,25.996435748009514
40500.0,364.16039074392614,0.0,25.98367668146104,25.77029712730711,25.996204433004714
40520.0,364.1663909765853,0.0,25.98367668146104,25.77018579185321,25.99597369532653
40540.0,364.1723873712778,0.0,25.98367668146104,25.77007489973466,25.995743533838553
40560.0,364.1783799369187,0.0,25.98367668146104,25.769964449770615,25.99551394740657
40580.0,364.18436868240866,0.0,25.98367668146104,25.769854440783412,25.995284934898567
40600.0,364.19035361662026,0.0,25.98367668146104,25.76974487159856,25.99505649518471
40620.0,364.1963347484155,0.0,25.98367668146104,25.769635741044734,25.994828627137355
40640.0,364.2023120866285,0.0,25.98367668146104,25.76952704795376,25.99460132963104
40660.0,364.20828564007104,0.0,25.98367668146104,25.769418791160607,25.994374601542475
40680.0,364.21425541753723,0.0,25.98367668146104,25.769310969503398,25.99414844175055
40700.0,364.2202214277986,0.0,25.98367668146104,25.769203581823366,25.993922849136318
40720.0,364.2261836796079,0.0,25.98367668146104,25.769096626964878,25.993697822583
40740.0,364.2321421816976,0.0,25.98367668146104,25.768990103775405,25.99347336097598
40760.0,364.2380969427761,0.0,25.98367668146104,25.76888401110553,25.993249463202787
40780.0,364.2440479715328,0.0,25.98367668146104,25.768778347808926,25.99302612815311
40800.0,364.24999527663863,0.0,25.98367668146104,25.768673112742356,25.992803354718795
40820.0,364.2559388667445,0.0,25.98367668146104,25.768568304765658,25.992581141793814
40840.0,364.26187875047157,0.0,25.98367668146104,25.768463922741745,25.992359488274293
40860.0,364.267814936437,0.0,25.98367668146104,25.768359965536586,25.99213839305849
40880.0,364.27374743322287,0.0,25.98367668146104,25.76825643201921,25.991917855046793
40900.0,364.2796762493981,0.0,25.98367668146104,25.76815332106169,25.99169787314172
40920.0,364.2856013935095,0.0,25.98367668146104,25.768050631539133,25.991478446247918
40940.0,364.2915228740846,0.0,25.98367668146104,25.767948362329676,25.991259573272146
40960.0,364.2974406996314,0.0,25.98367668146104,25.76784651231448,25.99104125312328
40980.0,364.3033548786357,0.0,25.98367668146104,25.767745080377715,25.990823484712315
41000.0,364.3092654195604,0.0,25.98367668146104,25.767644065406554,25.990606266952348
41020.0,364.3151723308607,0.0,25.98367668146104,25.76754346629117,25.990389598758583
41040.0,364.3210756209563,0.0,25.98367668146104,25.76744328192472,25.990173479048323
41060.0,364.32697529825964,0.0,25.98367668146104,25.767343511203347,25.989957906740965
41080.0,364.3328713711488,0.0,25.98367668146104,25.767244153026155,25.989742880758
41100.0,364.3387638480032,0.0,25.98367668146104,25.767145206295222,25.989528400023016
41120.0,364.34465273715966,0.0,25.98367668146104,25.76704666991558,25.989314463461668
41140.0,364.35053804695474,0.0,25.98367668146104,25.766948542795202,25.989101070001702
41160.0,364.35641978569106,0.0,25.98367668146104,25.766850823845004,25.988888218572942
41180.0,364.3622979616577,0.0,25.98367668146104,25.766753511978838,25.988675908107282
41200.0,364.36817258312567,0.0,25.98367668146104,25.766656606113475,25.988464137538685
41220.0,364.3740436583429,0.0,25.98367668146104,25.7665601051686,25.988252905803176
41240.0,364.3799111955419,0.0,25.98367668146104,25.766464008066812,25.98804221183884
41260.0,364.3857752029306,0.0,25.98367668146104,25.7663683137336,25.98783205458583
41280.0,364.3916356886991,0.0,25.98367668146104,25.76627302109736,25.98762243298634
41300.0,364.397492661023,0.0,25.98367668146104,25.76617812908935,25.987413345984613
41320.0,364.40334612805464,0.0,25.98367668146104,25.766083636643728,25.987204792526946
41340.0,364.4091960979261,0.0,25.98367668146104,25.765989542697504,25.98699677156167
41360.0,364.41504257874885,0.0,25.98367668146104,25.765895846190556,25.98678928203916
41380.0,364.4208855786215,0.0,25.98367668146104,25.765802546065615,25.986582322911826
41400.0,364.4267251056239,0.0,25.98367668146104,25.765709641268252,25.986375893134095
41420.0,364.43256116780435,0.0,25.98367668146104,25.76561713074688,25.986169991662432
41440.0,364.43839377320506,0.0,25.98367668146104,25.765525013452738,25.98596461745532
41460.0,364.44422292984723,0.0,25.98367668146104,25.765433288339892,25.98575976947326
41480.0,364.45004864572707,0.0,25.98367668146104,25.765341954365216,25.985555446678767
41500.0,364.45587092883045,0.0,25.98367668146104,25.765251010488395,25.98535164803637
41520.0,364.4616897871134,0.0,25.98367668146104,25.765160455671914,25.985148372512608
41540.0,364.4675052285225,0.0,25.98367668146104,25.76507028888105,25.984945619076015
41560.0,364.4733172609859,0.0,25.98367668146104,25.764980509083852,25.98474338669713
41580.0,364.4791258924053,0.0,25.98367668146104,25.764891115251164,25.98454167434848
41600.0,364.4849311306684,0.0,25.98367668146104,25.764802106356584,25.984340481004597
41620.0,364.49073298364925,0.0,25.98367668146104,25.76471348137648,25.984139805641988
41640.0,364.4965314591916,0.0,25.98367668146104,25.764625239289966,25.98393964723915
41660.0,364.5023265651336,0.0,25.98367668146104,25.76453737907891,25.983740004776564
41680.0,364.50811830928154,0.0,25.98367668146104,25.76444989972791,25.983540877236685
41700.0,364.5139066994394,0.0,25.98367668146104,25.76436280022431,25.983342263603937
41720.0,364.51969174337717,0.0,25.98367668146104,25.764276079558158,25.98314416286472
41740.0,364.52547344885636,0.0,25.98367668146104,25.764189736722237,25.98294657400739
41760.0,364.531251823615,0.0,25.98367668146104,25.764103770712026,25.98274949602228
41780.0,364.5370268753751,0.0,25.98367668146104,25.764018180525717,25.982552927901665
41800.0,364.5427986118431,0.0,25.98367668146104,25.763932965164184,25.982356868639787
41820.0,364.5485670406999,0.0,25.98367668146104,25.763848123631,25.982161317232833
41840.0,364.55433216962103,0.0,25.98367668146104,25.763763654932408,25.98196627267894
41860.0,364.5600940062427,0.0,25.98367668146104,25.76367955807733,25.981771733978178
41880.0,364.5658525582069,0.0,25.98367668146104,25.763595832077353,25.981577700132572
41900.0,364.57160783312384,0.0,25.98367668146104,25.76351247594672,25.981384170146075
41920.0,364.57735983858754,0.0,25.98367668146104,25.76342948870232,25.981191143024574
41940.0,364.5831085821804,0.0,25.98367668146104,25.763346869363698,25.98099861777588
41960.0,364.5888540714563,0.0,25.98367668146104,25.763264616953023,25.980806593409742
41980.0,364.5945963139601,0.0,25.98367668146104,25.763182730495103,25.980615068937816
42000.0,364.60033531721473,0.0,25.98367668146104,25.76310120901736,25.98042404337368
42020.0,364.60607108872813,0.0,25.98367668146104,25.763020051549837,25.98023351573283
42040.0,364.6118036359868,0.0,25.98367668146104,25.762939257125183,25.98004348503267
42060.0,364.61753296646424,0.0,25.98367668146104,25.762858824778647,25.97985395029251
42080.0,364.6232590876101,0.0,25.98367668146104,25.762778753548073,25.979664910533568
42100.0,364.6289820068643,0.0,25.98367668146104,25.76269904247389,25.979476364778954
42120.0,364.63470173164643,0.0,25.98367668146104,25.76261969059911,25.97928831205368
42140.0,364.64041826935266,0.0,25.98367668146104,25.762540696969314,25.97910075138465
42160.0,364.6461316273669,0.0,25.98367668146104,25.76246206063265,25.978913681800652
42180.0,364.65184181305915,0.0,25.98367668146104,25.762383780639826,25.978727102332368
42200.0,364.65754883377724,0.0,25.98367668146104,25.762305856044105,25.978541012012354
42220.0,364.6632526968495,0.0,25.98367668146104,25.762228285901287,25.978355409875046
42240.0,364.66895340959275,0.0,25.98367668146104,25.762151069269716,25.978170294956758
42260.0,364.67465097930364,0.0,25.98367668146104,25.762074205210265,25.977985666295673
42280.0,364.68034541326546,0.0,25.98367668146104,25.76199769278633,25.97780152293184
42300.0,364.68603671873393,0.0,25.98367668146104,25.761921531063827,25.977617863907174
42320.0,364.69172490296194,0.0,25.98367668146104,25.761845719111182,25.97743468826545
42340.0,364.69740997317217,0.0,25.98367668146104,25.761770255999323,25.9772519950523
42360.0,364.70309193657897,0.0,25.98367668146104,25.761695140801677,25.977069783315205
42380.0,364.70877080037656,0.0,25.98367668146104,25.76162037259416,25.976888052103504
42400.0,364.7144465717427,0.0,25.98367668146104,25.761545950455172,25.97670680046838
42420.0,364.72011925783977,0.0,25.98367668146104,25.761471873465588,25.976526027462857
42440.0,364.7257888658093,0.0,25.98367668146104,25.761398140708756,25.976345732141795
42460.0,364.7314554027814,0.0,25.98367668146104,25.761324751270486,25.976165913561896
42480.0,364.73711887586495,0.0,25.98367668146104,25.761251704239044,25.975986570781693
42500.0,364.74277929215054,0.0,25.98367668146104,25.761178998705148,25.975807702861545
42520.0,364.7484366587191,0.0,25.98367668146104,25.761106633761955,25.97562930886364
42540.0,364.7540909826333,0.0,25.98367668146104,25.761034608505064,25.975451387851987
42560.0,364.759742270931,0.0,25.98367668146104,25.760962922032498,25.97527393889241
42580.0,364.7653905306399,0.0,25.98367668146104,25.760891573444706,25.975096961052557
42600.0,364.7710357687754,0.0,25.98367668146104,25.760820561844557,25.97492045340188
42620.0,364.77667799233217,0.0,25.98367668146104,25.760749886337326,25.974744415011635
42640.0,364.7823172082799,0.0,25.98367668146104,25.760679546030694,25.974568844954895
42660.0,364.78795342358916,0.0,25.98367668146104,25.76060954003474,25.97439374230653
42680.0,364.7935866451962,0.0,25.98367668146104,25.76053986746193,25.9742191061432
42700.0,364.7992168800379,0.0,25.98367668146104,25.760470527427117,25.97404493554337
42720.0,364.804844135023,0.0,25.98367668146104,25.76040151904753,25.97387122958729
42740.0,364.8104684170487,0.0,25.98367668146104,25.760332841442775,25.973697987357
42760.0,364.8160897329893,0.0,25.98367668146104,25.760264493734816,25.973525207936326
42780.0,364.8217080897189,0.0,25.98367668146104,25.760196475047977,25.973352890410872
42800.0,364.8273234940766,0.0,25.98367668146104,25.760128784508936,25.97318103386802
42820.0,364.83293595289956,0.0,25.98367668146104,25.760061421246718,25.973009637396927
42840.0,364.83854547299825,0.0,25.98367668146104,25.759994384392684,25.97283870008852
42860.0,364.844152061175,0.0,25.98367668146104,25.759927673080526,25.972668221035494
42880.0,364.84975572421536,0.0,25.98367668146104,25.75986128644627,25.97249819933231
42900.0,364.85535646888246,0.0,25.98367668146104,25.759795223628256,25.972328634075186
42920.0,364.8609543019285,0.0,25.98367668146104,25.75972948376714,25.9721595243621
42940.0,364.8665492300937,0.0,25.98367668146104,25.759664066005886,25.971990869292785
42960.0,364.8721412600946,0.0,25.98367668146104,25.75959896948976,25.97182266796872
42980.0,364.8777303986353,0.0,25.98367668146104,25.75953419336632,25.971654919493137
43000.0,364.88331665240685,0.0,25.98367668146104,25.75946973678542,25.971487622971008
43020.0,364.8889000280776,0.0,25.98367668146104,25.75940559889919,25.971320777509046
43040.0,364.89448053230797,0.0,25.98367668146104,25.75934177886204,25.971154382215705
43060.0,364.90005817173875,0.0,25.98367668146104,25.75927827583065,25.97098843620117
43080.0,364.9056329529947,0.0,25.98367668146104,25.759215088963963,25.97082293857736
43100.0,364.9112048826896,0.0,25.98367668146104,25.759152217423182,25.970657888457914
43120.0,364.9167739674137,0.0,25.98367668146104,25.75908966037176,25.970493284958206
43140.0,364.9223402137472,0.0,25.98367668146104,25.7590274169754,25.970329127195324
43160.0,364.92790362825696,0.0,25.98367668146104,25.758965486402037,25.970165414288076
43180.0,364.93346421748896,0.0,25.98367668146104,25.75890386782185,25.970002145356982
43200.0,364.9390219879778,0.0,25.98367668146104,25.75884256040724,25.96983931952428
