time_s,pressure_kPa_abs,release_rate_kg_s,cum_release_kg,liquid_temperature_K,vapor_temperature_K,liquid_density_kg_m3,vapor_density_kg_m3,liquid_quality,vapor_quality,liquid_phase,vapor_phase,lower_wall_temperature_K,upper_wall_temperature_K,liquid_mass_kg,vapor_mass_kg,liquid_volume_fraction,evaporation_rate_kg_s,cum_evaporation_from_liquid_kg,cum_evaporation_from_vapor_balance_kg,phase_mass_balance_difference_kg
0.0,380.0,0.0,0.0,25.695997657899554,25.695997657899554,63.346318972072446,4.631498180305029,0.0,0.9999999999999998,twophase,twophase,25.695997657899554,25.695997657899554,2854.8569822822155,52.18245169186742,0.8,0.0,0.0,0.0,0.0
20.0,380.0001431104819,0.0,0.0,25.695998013034973,25.696004038088113,63.34631869514086,4.631498261324453,,,liquid,gas,25.698669017944507,25.699560031705563,2854.8569822818604,52.18245169222275,0.8000000034972667,1.7757884052116423e-11,3.551576810423285e-10,3.553282112989109e-10,-1.7053025658242404e-13
40.0,380.0005714915539,0.0,0.0,25.69599907686503,25.696023134789165,63.346317864699785,4.631498504396071,,,liquid,gas,25.70133402941471,25.703115064055037,2854.8569822793766,52.18245169470671,0.8000000139842025,1.2419150152709336e-10,2.8389877115841955e-09,2.8392861395332147e-09,-2.984279490192421e-13
60.0,380.00128351992055,0.0,0.0,25.696000846861807,25.696054872958037,63.34631648104101,4.631498909587546,,,liquid,gas,25.703992709348913,25.706662781347212,2854.8569822726463,52.18245170143692,0.8000000314565298,3.3651303965598345e-10,9.569248504703864e-09,9.56949719466138e-09,-2.4868995751603507e-13
80.0,380.0022775468216,0.0,0.0,25.69600332047783,25.696099176120097,63.34631454442323,4.631499477061569,,,liquid,gas,25.706645074739985,25.710203209860648,2854.8569822595646,52.18245171451871,0.8000000559103922,6.540858521475456e-10,2.2650965547654778e-08,2.2651292397313227e-08,-3.268496584496461e-13
100.0,380.00355205253084,0.0,0.0,25.696006495289176,25.69615597389503,63.34631205522798,4.631500206928745,,,liquid,gas,25.709291142535015,25.713736375753495,2854.856982238038,52.182451736045195,0.8000000873403864,1.0763187674456276e-09,4.417734089656733e-08,4.4177774327636143e-08,-4.334310688136611e-13
120.0,380.005105416246,0.0,0.0,25.696010368771027,25.69622519206746,63.34630901374863,4.63150109899591,,,liquid,gas,25.7119309296355,25.717262305065436,2854.856982205986,52.18245176809747,0.8000001257422258,1.6026206139940768e-09,7.622975317644887e-08,7.623005160439789e-08,-2.984279490192421e-13
140.0,380.0069360957915,0.0,0.0,25.6960149384507,25.696306758466704,63.346305420397464,4.6315021536533285,,,liquid,gas,25.71456445289737,25.720781023716448,2854.8569821613387,52.18245181274451,0.8000001711101257,2.2323547455016524e-09,1.2087684808648191e-07,1.2087708967101207e-07,-2.4158453015843406e-13
160.0,380.0090425141805,0.0,0.0,25.696020201896857,25.69640060136293,63.346301275411804,4.63150337053798,,,liquid,gas,25.71719172913121,25.72429255750939,2854.8569821020396,52.18245187204341,0.8000002234405151,2.964952727779746e-09,1.8017590264207684e-07,1.8017598790720513e-07,-8.526512829121202e-14
180.0,380.01142310960705,0.0,0.0,25.696026156635583,25.696506646813642,63.346296579151655,4.631504750360745,,,liquid,gas,25.719812775102422,25.72779693212946,2854.8569820260436,52.182451948039535,0.8000002827282771,3.799800651904661e-09,2.5617191568017006e-07,2.5617211463213607e-07,-1.9895196601282805e-13
200.0,380.01407636288604,0.0,0.0,25.69603280037441,25.696624825730744,63.34629133175134,4.631506292768755,,,liquid,gas,25.722427607531092,25.73129417314469,2854.856981931317,52.182452042766215,0.8000003489711484,4.736330083687789e-09,3.5089851735392585e-07,3.508987944655928e-07,-2.7711166694643907e-13
220.0,380.0170007278957,0.0,0.0,25.696040130481048,25.696755066995713,63.346285533915356,4.631507997700153,,,liquid,gas,25.725036243092564,25.73478430600669,2854.856981815838,52.18245215824512,0.8000004221596689,5.773949851572979e-09,4.6637751438538544e-07,4.6637769912649674e-07,-1.8474111129762605e-13
240.0,380.02019466626086,0.0,0.0,25.696048144354357,25.696897298375525,63.34627918631064,4.631509865635952,,,liquid,gas,25.727638698416808,25.73826735605157,2854.8569816775967,52.18245229648627,0.8000005022848565,6.912068784004077e-09,6.04618890065467e-07,6.046188474329028e-07,4.263256414560601e-14
260.0,380.02365664446427,0.0,0.0,25.69605684035357,25.69705144939116,63.34627228779395,4.631511896494002,,,liquid,gas,25.730234990089038,25.741743348499863,2854.8569815145947,52.182452459488026,0.8000005893605935,8.150095709424932e-09,7.676208042539656e-07,7.676206053019996e-07,1.9895196601282805e-13
280.0,380.02738517538273,0.0,0.0,25.696066215325416,25.69721745177783,63.34626484022308,4.63151409016523,,,liquid,gas,25.732825134651122,25.745212308458346,2854.8569813248455,52.18245264923733,0.8000006833628655,9.487462193646935e-09,9.573700481269043e-07,9.573699060183571e-07,1.4210854715202004e-13
300.0,380.0313787300413,0.0,0.0,25.696076266497407,25.697395234933996,63.3462568446168,4.631516446690895,,,liquid,gas,25.735409148598972,25.748674260918833,2854.8569811063735,52.18245286770947,0.8000007842782577,1.0923599802481476e-08,1.1758420441765338e-06,1.1758420512819612e-06,-7.105427357601002e-15
320.0,380.03563584702664,0.0,0.0,25.69608699259044,25.6975847307938,63.346248299344964,4.631518966326504,,,liquid,gas,25.737987048382813,25.752129230759362,2854.8569808572147,52.182453116868366,0.8000008921268121,1.245794010173995e-08,1.4250008462113328e-06,1.4250009456873158e-06,-9.947598300641403e-14
340.0,380.04015500575554,0.0,0.0,25.696098391752983,25.697785868709413,63.346239203700655,4.631521649273895,,,liquid,gas,25.740558850411983,25.75557724274643,2854.8569805754164,52.18245339866678,0.800001006916915,1.4089914657233748e-08,1.7067991393560078e-06,1.7067993596242559e-06,-2.2026824808563106e-13
360.0,380.04493471300106,0.0,0.0,25.696110459825924,25.697998579746052,63.34622956143477,4.631524495569069,,,liquid,gas,25.743124571049094,25.75901832153295,2854.8569802590373,52.18245371504603,0.800001128600658,1.5818955034774262e-08,2.023178240051493e-06,2.0231786095337156e-06,-3.694822225952521e-13
380.0,380.04997346066506,0.0,0.0,25.696123193655723,25.698222797994553,63.34621937434812,4.63152750388117,,,liquid,gas,25.74568422661351,25.76245249166082,2854.856979906147,52.182454067936234,0.800001257154764,1.7644515537540427e-08,2.3760685508023016e-06,2.376068813703114e-06,-2.6290081223123707e-13
400.0,380.0552698392727,0.0,0.0,25.696136593763555,25.698458453042402,63.34620863753571,4.631530676214407,,,liquid,gas,25.748237833382102,25.765879777561118,2854.8569795148264,52.18245445925666,0.8000013926406472,1.956602773134364e-08,2.7673891054291744e-06,2.767389240432294e-06,-1.3500311979441904e-13
420.0,380.06082240168286,0.0,0.0,25.696150656545598,25.698705479834498,63.34619735382239,4.631534011959746,,,liquid,gas,25.750785407584022,25.76930020355086,2854.8569790831684,52.18245489091468,0.8000015350221051,2.158290044462774e-08,3.199047114321729e-06,3.1990472564302763e-06,-1.4210854715202004e-13
440.0,380.0666296330157,0.0,0.0,25.696165379624205,25.69896380968831,63.346185523516155,4.6315375106939936,,,liquid,gas,25.753326965406863,25.772713793839937,2854.8569786092758,52.18245536480741,0.800001684294724,2.369463345530676e-08,3.6729397834278643e-06,3.6729399894852577e-06,-2.0605739337042905e-13
460.0,380.07269021302034,0.0,0.0,25.696180764130972,25.69923337758788,63.34617314080112,4.631541173950188,,,liquid,gas,25.75586252299411,25.776120572527198,2854.8569780912626,52.18245588282069,0.8000018405314316,2.5900658329192084e-08,4.190952950011706e-06,4.190953269755937e-06,-3.197442310920451e-13
480.0,380.0790024742789,0.0,0.0,25.696196797535926,25.699514113055614,63.34616022484176,4.631544999375627,,,liquid,gas,25.75839209645199,25.779520563606383,2854.856977527253,52.182456446829974,0.800002003489682,2.8200474844197743e-08,4.754962446895661e-06,4.754962553477071e-06,-1.0658141036401503e-13
500.0,380.08556511992856,0.0,0.0,25.696213487684112,25.699805953303624,63.34614675713764,4.631548988080607,,,liquid,gas,25.760915701825283,25.78291379095172,2854.856976915385,52.182457058697885,0.8000021734026042,3.059340087929741e-08,5.366830464481609e-06,5.366830464481609e-06,0.0
520.0,380.09237676903814,0.0,0.0,25.696230828977555,25.700108834222366,63.34613274448456,4.63155314023432,,,liquid,gas,25.763433355141796,25.78630027834588,2854.8569762538036,52.18245772027954,0.8000023501838627,3.307907263661036e-08,6.028411917213816e-06,6.028412116165782e-06,-1.9895196601282805e-13
540.0,380.0994361257291,0.0,0.0,25.69624882548569,25.70042268882429,63.34611817555496,4.631557458511002,,,liquid,gas,25.76594507236195,25.789680049447743,2854.856975540667,52.182458433416166,0.8000025339760072,3.565683073247783e-08,6.741548531863373e-06,6.7415487450261935e-06,-2.1316282072803006e-13
560.0,380.10674140872493,0.0,0.0,25.696267455881298,25.70074744764208,63.34610308590429,4.6315619382530375,,,liquid,gas,25.768450869425827,25.79305312782448,2854.8569747741417,52.18245919994157,0.8000027243295013,3.832626589428401e-08,7.508073849749053e-06,7.508074148177002e-06,-2.984279490192421e-13
580.0,380.11429130097866,0.0,0.0,25.696286736718484,25.701083049099935,63.34608744043645,4.6315665797824845,,,liquid,gas,25.77095076220484,25.796419536920823,2854.8569739524078,52.182460021675475,0.8000029216870755,4.108669600100257e-08,8.329807769769104e-06,8.329808053986199e-06,-2.8421709430404007e-13
600.0,380.1220846329648,0.0,0.0,25.696306659684126,25.70142942932997,63.34607125169081,4.631571386771401,,,liquid,gas,25.773444766546643,25.799779300086563,2854.856973073654,52.18246090042923,0.8000031258898721,4.393768904265016e-08,9.208561550622107e-06,9.208561806417492e-06,-2.5579538487363607e-13
620.0,380.13012030522935,0.0,0.0,25.696327233458632,25.701786530952674,63.34605450012862,4.63157636169227,,,liquid,gas,25.77593289826338,25.80313244056935,2854.856972136079,52.18246183800411,0.8000033371841533,4.6878744797140824e-08,1.0146136446564924e-05,1.0146136688149454e-05,-2.4158453015843406e-13
640.0,380.13839579243995,0.0,0.0,25.696348422797335,25.702154271994072,63.346037245669635,4.631581491857194,,,liquid,gas,25.778415173100214,25.806478981501655,2854.8569711378937,52.18246283618943,0.8000035548126967,4.99092720929184e-08,1.1144321888423292e-05,1.1144322009215557e-05,-1.2079226507921703e-13
660.0,380.14691117662863,0.0,0.0,25.696370272355573,25.70253261032208,63.346019403736385,4.631586794190915,,,liquid,gas,25.780891606761816,25.80981894590637,2854.856970077319,52.18246389676371,0.8000037798431519,5.302872523316182e-08,1.2204896393086528e-05,1.2204896286505118e-05,1.0658141036401503e-13
680.0,380.1556638160528,0.0,0.0,25.696392727332725,25.70292146473995,63.34600107106393,4.631592253743036,,,liquid,gas,25.783362214928456,25.81315235671722,2854.8569689525857,52.18246502149708,0.8000040110533574,5.623667220788775e-08,1.3329629837244283e-05,1.33296296596086e-05,1.7763568394002505e-13
700.0,380.16465307622894,0.0,0.0,25.69641582695983,25.703320782742697,63.34598217138602,4.6315978790885985,,,liquid,gas,25.785827013211033,25.816479236748314,2854.8569677619375,52.182466212145066,0.8000042494060077,5.953240815870231e-08,1.452027800041833e-05,1.4520277645146962e-05,3.552713678800501e-13
720.0,380.1738780685286,0.0,0.0,25.696439574858843,25.703730508439754,63.34596269535613,4.631603675732316,,,liquid,gas,25.78828601722211,25.81979960873363,2854.856966503621,52.182467470461425,0.8000044950186628,6.291581939876778e-08,1.5778594388393685e-05,1.5778594004700608e-05,3.836930773104541e-13
740.0,380.1833361727696,0.0,0.0,25.6964639318005,25.704150561608664,63.345942710197704,4.631609628733141,,,liquid,gas,25.790739242525127,25.82311349530459,2854.856965175897,52.1824687981853,0.8000047470418743,6.638620106969028e-08,1.710631840978749e-05,1.710631787688044e-05,5.329070518200751e-13
760.0,380.19302662578787,0.0,0.0,25.6964889131781,25.704580888587085,63.34592218455757,4.631615744906651,,,liquid,gas,25.793186704601602,25.826420918966846,2854.856963777039,52.18247019704377,0.8000050058711343,6.994291652517859e-08,1.8505176740291063e-05,1.8505176349492558e-05,3.907985046680551e-13
780.0,380.2029486549088,0.0,0.0,25.69651451729198,25.70502143578615,63.345901119517734,4.631622030878964,,,liquid,gas,25.79562841893431,25.8297219021491,2854.856962305326,52.18247166875691,0.8000052714923094,7.358564744208706e-08,1.9976889689132804e-05,1.9976889490180838e-05,1.9895196601282805e-13
800.0,380.2131001376243,0.0,0.0,25.6965407413201,25.705472130721915,63.345879514542254,4.631628477312261,,,liquid,gas,25.798064400925018,25.833016467154227,2854.8569607590516,52.18247321503111,0.8000055439117032,7.731371169938938e-08,2.1523163923120592e-05,2.152316368864149e-05,2.3447910280083306e-13
820.0,380.2234800233068,0.0,0.0,25.696567583337938,25.705932916313756,63.34585737036815,4.6316350873987195,,,liquid,gas,25.800494665952556,25.83630463619628,2854.8569591365176,52.18247483756532,0.8000058231195457,8.112670002446976e-08,2.3145697923609987e-05,2.3145697902293705e-05,2.1316282072803006e-14
840.0,380.23408703480425,0.0,0.0,25.696595041234794,25.70640373248556,63.345834687456666,4.631641861586835,,,liquid,gas,25.802919229354405,25.839586431389993,2854.8569574360345,52.18247653804837,0.8000061091095526,8.502415766997729e-08,2.4846181077009533e-05,2.484618094911184e-05,1.2789769243681803e-13
860.0,380.24491985318036,0.0,0.0,25.696623112868256,25.706884518784815,63.34581146621339,4.631648799754228,,,liquid,gas,25.805338106426714,25.84286187475067,2854.8569556559237,52.18247831815925,0.8000064018761461,8.900553893909091e-08,2.662629185579135e-05,2.662629182736964e-05,2.842170943040401e-14
880.0,380.25597704380846,0.0,0.0,25.696651796002,25.707375213334053,63.34578770690059,4.631655900339009,,,liquid,gas,25.807751312424422,25.84613098819474,2854.856953794516,52.18248017956717,0.8000067014155609,9.307038908445975e-08,2.8487699637480546e-05,2.8487699751167384e-05,-1.1368683772161603e-13
900.0,380.2672577267785,0.0,0.0,25.696681088866477,25.707875762331145,63.34576341043527,4.631663168223959,,,liquid,gas,25.810158862561334,25.84939379354006,2854.8569518501513,52.1824821239317,0.800007007715766,9.721823062136536e-08,3.0432064249907853e-05,3.0432064278329563e-05,-2.842170943040401e-14
920.0,380.278760200779,0.0,0.0,25.696710989008604,25.708386100546647,63.345738576750676,4.631670598553597,,,liquid,gas,25.812560772010197,25.852650312506125,2854.85694982118,52.1824841529029,0.8000073207771577,1.0144856332772179e-07,3.246103551646229e-05,3.246103548093515e-05,3.552713678800501e-14
940.0,380.2904833228796,0.0,0.0,25.696741494444943,25.708906170872588,63.34571320643943,4.631678192962305,,,liquid,gas,25.814957055903054,25.85590056671611,2854.8569477059623,52.182486268120726,0.8000076405918085,1.0576088698144303e-07,3.457625325609115e-05,3.457625330582914e-05,-4.973799150320701e-14
960.0,380.30242581873097,0.0,0.0,25.696772603085254,25.70943591455194,63.34568729993149,4.631685951460371,,,liquid,gas,25.817347729330972,25.85914457769497,2854.856945502867,52.1824884712161,0.8000079671538468,1.1015476957254577e-07,3.6779348647542065e-05,3.6779348675963774e-05,-2.842170943040401e-14
980.0,380.3145862569971,0.0,0.0,25.69680431271125,25.709975270811583,63.34566085746405,4.63169387213547,,,liquid,gas,25.819732807344398,25.862382366871433,2854.8569432102727,52.18249076381029,0.8000083004598398,1.1462971087894402e-07,3.9071942865120945e-05,3.907194287222637e-05,-7.105427357601002e-15
1000.0,380.3269638663411,0.0,0.0,25.69683662165873,25.710524188437937,63.34563388005584,4.631701960759164,,,liquid,gas,25.822112304953222,25.865613955578215,2854.856940826568,52.182493147515125,0.8000086404964867,1.1918523341591936e-07,4.145564753343933e-05,4.145564770396959e-05,-1.7053025658242404e-13
1020.0,380.33955688743436,0.0,0.0,25.696869527441365,25.711082602425403,63.34560636754199,4.631710211409623,,,liquid,gas,25.82448623712687,25.86883936505232,2854.85693835015,52.18249562393304,0.8000089872654379,1.2382090517348842e-07,4.39320656369091e-05,4.3932065622698246e-05,1.4210854715202004e-14
1040.0,380.35236427676006,0.0,0.0,25.696903028173438,25.711650458116807,63.345578320605384,4.631718626505806,,,liquid,gas,25.826854618794407,25.872058616435577,2854.856935779426,52.182498194657164,0.8000093407576402,1.285362031921977e-07,4.6502789700753056e-05,4.650278974338562e-05,-4.263256414560601e-14
1060.0,380.36538474990533,0.0,0.0,25.696937121771388,25.712227697646256,63.345549739635516,4.6317272055588115,,,liquid,gas,25.82921746484467,25.87527173077518,2854.856933112812,52.182500861271286,0.8000097009677486,1.3333069546206388e-07,4.916940360999433e-05,4.916940386578972e-05,-2.5579538487363607e-13
1080.0,380.37861708461827,0.0,0.0,25.696971806206044,25.712814264232527,63.34552062509129,4.631735948735426,,,liquid,gas,25.831574790126346,25.87847872902399,2854.8569303487334,52.18250362535002,0.8000100678895445,1.3820392723573606e-07,5.1933482154709054e-05,5.193348260235098e-05,-4.476419235288631e-13
1100.0,380.3920600509049,0.0,0.0,25.697007079444973,25.713410101186966,63.3454909774163,4.6317448560368435,,,liquid,gas,25.833926609448113,25.88167963204121,2854.8569274856245,52.18250648845874,0.8000104415170053,1.4315544376586332e-07,5.479659103002632e-05,5.479659132134884e-05,-2.913225216616411e-13
1120.0,380.4057124249934,0.0,0.0,25.697042939463703,25.71401515211098,63.345460797056376,4.631753927462954,,,liquid,gas,25.836272937578702,25.88487446059257,2854.8569245219296,52.182509452153724,0.8000108218440833,1.481847448303597e-07,5.7760285926633514e-05,5.7760286303221164e-05,-3.765876499528531e-13
1140.0,380.4195729893033,0.0,0.0,25.697079384246113,25.71462936089429,63.34543008445849,4.631763163012474,,,liquid,gas,25.838613789247024,25.888063235350895,2854.856921456101,52.1825125179822,0.8000112088647191,1.5329142115660944e-07,6.08261143497657e-05,6.0826114776091345e-05,-4.263256414560601e-13
1160.0,380.4336404310254,0.0,0.0,25.6971164082744,25.71525267027658,63.34539884645542,4.631772561491437,,,liquid,gas,25.84094917914232,25.891245976896816,2854.8569182866013,52.18251568748224,0.8000116024922078,1.5847499525989406e-07,6.399561425496358e-05,6.399561481629235e-05,-5.613287612504791e-13
1180.0,380.4479138489534,0.0,0.0,25.697154020076468,25.715885029027092,63.34536706434822,4.631782126470576,,,liquid,gas,25.843279121912772,25.89442270571789,2854.8569150119006,52.18251896218285,0.8000120029622961,1.6373503513023025e-07,6.727031495756819e-05,6.72703154265264e-05,-4.689582056016661e-13
1200.0,380.46239173974016,0.0,0.0,25.69719220713172,25.716526377581772,63.345334757739735,4.631791854370486,,,liquid,gas,25.84560363217134,25.897593442212795,2854.856911630479,52.18252234360463,0.8000124100270067,1.690710860202671e-07,7.065173667797353e-05,7.065173721088058e-05,-5.329070518200751e-13
1220.0,380.4770730115842,0.0,0.0,25.697230970965265,25.717176662403745,63.34530192070117,4.631801746376363,,,liquid,gas,25.84792272448732,25.900758206686536,2854.8569081408245,52.18252583325874,0.8000128237608136,1.7448271592002129e-07,7.414139099637396e-05,7.414139131611819e-05,-3.197442310920451e-13
1240.0,380.49195647734723,0.0,0.0,25.697270309600558,25.717835828800478,63.34526855368883,4.631811802480894,,,liquid,gas,25.850236413392143,25.903917019354335,2854.8569045414356,52.182529432647655,0.8000132441575535,1.7996944734477438e-07,7.774077994326944e-05,7.774078023459197e-05,-2.913225216616411e-13
1260.0,380.5070408412699,0.0,0.0,25.6973102209731,25.71850382073555,63.345234657024285,4.631822021328531,,,liquid,gas,25.852544713378066,25.9070699003412,2854.856900830818,52.18253314326509,0.8000136712127679,1.8553087102191058e-07,8.145139736370766e-05,8.145139766924103e-05,-3.055333763768431e-13
1280.0,380.52232527201653,0.0,0.0,25.697350703409622,25.71918058894245,63.34520023157633,4.631832406950639,,,liquid,gas,25.854847638898267,25.91021686968237,2854.856897007487,52.18253696659599,0.8000141049150894,1.9116655494144653e-07,8.527472846253659e-05,8.5274728569118e-05,-1.0658141036401503e-13
1300.0,380.5378082564843,0.0,0.0,25.69739175466948,25.719866074692504,63.3451652773976,4.631842955295046,,,liquid,gas,25.857145204366947,25.913357947323746,2854.8568930699666,52.18254090411661,0.8000145452634615,1.968760216186638e-07,8.921224889490986e-05,8.921224918623238e-05,-2.913225216616411e-13
1320.0,380.55348874596245,0.0,0.0,25.697433372903248,25.72056022602439,63.3451297950873,4.6318536676968955,,,liquid,gas,25.85943742415944,25.916493153122325,2854.8568890167885,52.18254495729454,0.8000149922499271,2.026589072556817e-07,9.32654270400235e-05,9.32654271181832e-05,-7.815970093361102e-14
1340.0,380.56936558298196,0.0,0.0,25.697475556173423,25.721262989626986,63.345093785110336,4.631864544142895,,,liquid,gas,25.861724312612317,25.919622506846633,2854.8568848464943,52.18254912758878,0.8000154458682284,2.0851471163041425e-07,9.743572127263178e-05,9.743572135789691e-05,-8.526512829121202e-14
1360.0,380.5854376159313,0.0,0.0,25.697518302550016,25.72197431246132,63.34505724793272,4.631875584618747,,,liquid,gas,25.864005884023484,25.92274602817715,2854.8568805576333,52.182553416449764,0.8000159061120958,2.1444304820761317e-07,0.00010172458223678404,0.00010172458234336546,-1.0658141036401503e-13
1380.0,380.60170369899447,0.0,0.0,25.697561610110963,25.72269414175871,63.3450201840228,4.63188678910877,,,liquid,gas,25.86628215265229,25.925863736706738,2854.8568761487636,52.182557825319414,0.8000163729752335,2.2044348497729515e-07,0.00010613345193632995,0.00010613345199317337,-5.684341886080802e-14
1400.0,380.6181626921685,0.0,0.0,25.6976054769412,25.723422425020104,63.34498259385045,4.631898157596457,,,liquid,gas,25.86855313271963,25.928975651941066,2854.856871618452,52.18256235563117,0.8000168464513286,2.2651558992947684e-07,0.00011066376373491948,0.00011066376374913034,-1.4210854715202004e-14
1420.0,380.6348134611987,0.0,0.0,25.69764990113416,25.724159110014025,63.344944477886145,4.6319096900640995,,,liquid,gas,25.870818838408045,25.932081793299027,2854.8568669652727,52.18256700881007,0.8000173265340634,2.3265895379154245e-07,0.00011531694281075033,0.0001153169426473255,1.6342482922482304e-13
1440.0,380.65165487756104,0.0,0.0,25.69769488079003,25.72490414477552,63.34490583660321,4.631921386492878,,,liquid,gas,25.87307928386183,25.935182180113166,2854.85686218781,52.18257178627275,0.8000178132170871,2.388731445535086e-07,0.0001200944057018205,0.00012009440533233828,3.694822225952521e-13
1460.0,380.6686858184062,0.0,0.0,25.697740414017023,25.72565747760433,63.344866670475454,4.6319332468625705,,,liquid,gas,25.875334483187128,25.93827683163009,2854.8568572846552,52.182576689427535,0.8000183064940452,2.45157730205392e-07,0.00012499756030592835,0.0001249975601140818,1.9184653865522705e-13
1480.0,380.685905166587,0.0,0.0,25.69778649893066,25.726419057064298,63.344826979978706,4.631945271152255,,,liquid,gas,25.877584450452037,25.941365767010897,2854.8568522544083,52.182581719674445,0.8000188063585603,2.515123469493119e-07,0.00013002780724491458,0.00013002780702464634,2.2026824808563106e-13
1500.0,380.7033118106121,0.0,0.0,25.69783313365373,25.727188831981763,63.34478676559066,4.631957459340065,,,liquid,gas,25.879829199686714,25.944449005331567,2854.8568470956775,52.18258687840526,0.800019312804234,2.579365400379174e-07,0.00013518653804567293,0.00013518653783961554,2.0605739337042905e-13
1520.0,380.72090464455727,0.0,0.0,25.697880316316464,25.72796675144336,63.34474602779023,4.63196981140253,,,liquid,gas,25.88206874488347,25.94752656558339,2854.856841807079,52.18259216700356,0.8000198258246551,2.6442992293596037e-07,0.00014047513650439214,0.00014047513614201534,3.623767952376511e-13
1540.0,380.7386825681152,0.0,0.0,25.69792804505699,25.72875276479578,63.34470476705689,4.631982327315477,,,liquid,gas,25.884303099996878,25.950598466673384,2854.8568363872378,52.18259758684477,0.8000203454134083,2.709920636334573e-07,0.00014589497777706129,0.00014589497735073564,4.263256414560601e-13
1560.0,380.75664448651577,0.0,0.0,25.697976318020096,25.729546821643694,63.34466298387322,4.631995007053421,,,liquid,gas,25.886532278943868,25.953664727424673,2854.8568308347863,52.18260313929619,0.8000208715640412,2.7762257559516e-07,0.00015144742928896449,0.0001514474287702683,5.186961971048731e-13
1580.0,380.7747893105496,0.0,0.0,25.69802513335831,25.730348871849216,63.34462067872184,4.632007850590211,,,liquid,gas,25.88875629560383,25.95672536657692,2854.8568251483653,52.18260882571706,0.8000214042701034,2.843210495484527e-07,0.00015713385027993354,0.00015713384964044508,6.394884621840902e-13
1600.0,380.7931159564719,0.0,0.0,25.69807448923128,25.731158865529462,63.3445778520878,4.632020857898235,,,liquid,gas,25.890975163818716,25.959780402786716,2854.8568193266237,52.182614647458585,0.8000219435251167,2.910870762207196e-07,0.00016295559180434793,0.00016295559116485947,6.394884621840902e-13
1620.0,380.81162334604466,0.0,0.0,25.698124383806025,25.731976753056387,63.34453450445674,4.632034028949211,,,liquid,gas,25.893188897393138,25.962829854627987,2854.8568133682184,52.18262060586399,0.8000224893225978,2.979202690767124e-07,0.00016891399718588218,0.00016891399656771,6.181721801112872e-13
1640.0,380.830310406461,0.0,0.0,25.698174815256554,25.732802485054684,63.34449063631664,4.632047363713674,,,liquid,gas,25.89539751009447,25.965873740592393,2854.856807271814,52.18262670226855,0.8000230416560363,3.048202188438154e-07,0.0001750104015627585,0.00017501040112932742,4.334310688136611e-13
1660.0,380.8491760703082,0.0,0.0,25.69822578176438,25.733636012400403,63.34444624815558,4.632060862160853,,,liquid,gas,25.897601015652942,25.96891207908972,2854.8568010360827,52.18263293799965,0.8000236005189232,3.1178656172414777e-07,0.00018124613279724144,0.00018124613222880726,5.684341886080801e-13
1680.0,380.86821927562386,0.0,0.0,25.69827728151804,25.734477286220827,63.344401340464124,4.63207452425965,,,liquid,gas,25.899799427761746,25.971944888448277,2854.8567946597054,52.18263931437679,0.8000241659047203,3.188188657077262e-07,0.00018762251011139597,0.00018762250937243152,7.389644451905042e-13
1700.0,380.8874389657384,0.0,0.0,25.698329312712943,25.735326257891302,63.34435591373383,4.632088349977147,,,liquid,gas,25.901992760077132,25.9749721869153,2854.8567881413705,52.182645832711685,0.8000247378068797,3.259167442593025e-07,0.00019414084499658202,0.000194140844264723,7.318590178329032e-13
1720.0,380.9068340893822,0.0,0.0,25.69838187355195,25.73618287903593,63.34430996845763,4.632102339280144,,,liquid,gas,25.90418102621851,25.977993992657325,2854.856781479774,52.18265249430825,0.8000253162188384,3.3307983358099593e-07,0.00020080244166820194,0.0002008024408297615,8.384404281969182e-13
1740.0,380.9264036005658,0.0,0.0,25.698434962244917,25.737047101524873,63.344263505129305,4.6321164921341325,,,liquid,gas,25.90636423976854,25.98101032376059,2854.8567746736194,52.18265930046267,0.8000259011340252,3.403077244001906e-07,0.00020760859615620575,0.00020760859524671105,9.094947017729282e-13
1760.0,380.9461464585818,0.0,0.0,25.69848857700859,25.737918877473675,63.344216524244615,4.632130808503567,,,liquid,gas,25.908542414273242,25.984021198231417,2854.856767721619,52.182666252463434,0.8000264925458465,3.4760003018163845e-07,0.00021456059675983852,0.00021456059601376865,7.460698725481052e-13
1780.0,380.96606162798497,0.0,0.0,25.69854271606706,25.738798159241853,63.34416902629979,4.63214528835202,,,liquid,gas,25.910715563242082,25.987026633996603,2854.856760622491,52.18267335159138,0.8000270904477046,3.5495638712745857e-07,0.0002216597245023877,0.0002216597239623752,5.400124791776761e-13
1800.0,380.9861480785657,0.0,0.0,25.698597377650522,25.73968489943183,63.34412101179396,4.632159931642167,,,liquid,gas,25.912883700148083,25.990026648903797,2854.856753374963,52.18268059911973,0.8000276948329684,3.6237640870240285e-07,0.00022890725267643575,0.00022890725230695352,3.694822225952521e-13
1820.0,381.0064047853206,0.0,0.0,25.6986525599973,25.740579050887575,63.34407248122518,4.632174738335733,,,liquid,gas,25.915046838427905,25.993021260721886,2854.8567459777687,52.18268799631412,0.800028305695022,3.6985970837122294e-07,0.0002363044468438602,0.00023630444670175166,1.4210854715202004e-13
1840.0,381.0268307283982,0.0,0.0,25.698708261351847,25.74148056669299,63.344023435094556,4.632189708393187,,,liquid,gas,25.917204991481963,25.99601048714137,2854.8567384296502,52.182695544432676,0.8000289230272143,3.774059223360382e-07,0.00024385256529058097,0.00024385256525505383,3.552713678800501e-14
1860.0,381.04742489314236,0.0,0.0,25.698764479965618,25.742389400171653,63.343973873903884,4.6322048417745725,,,liquid,gas,25.91935817267451,25.99899434577474,2854.856730729357,52.182703244726,0.8000295468228865,3.850146640616003e-07,0.000251552858571813,0.0002515528585789184,-7.105427357601002e-15
1880.0,381.06818626998864,0.0,0.0,25.698821214097087,25.743305504884503,63.34392379815576,4.632220138438578,,,liquid,gas,25.921506395333733,26.001972854156865,2854.8567228756456,52.18271109843725,0.8000301770753735,3.9268556975002864e-07,0.00025940656996681355,0.00025940656983181043,1.3500311979441904e-13
1900.0,381.0891138544784,0.0,0.0,25.69887846201133,25.744228834629105,63.34387320835475,4.632235598343058,,,liquid,gas,25.923649672751857,26.00494602974535,2854.8567148672805,52.18271910680218,0.8000308137779867,4.0041825286607493e-07,0.00026741493502413505,0.00026741493476123424,2.6290081223123707e-13
1920.0,381.1102066472632,0.0,0.0,25.69893622198049,25.745159343439042,63.34382210500566,4.632251221445333,,,liquid,gas,25.92578801818524,26.007913889920918,2854.8567067030335,52.18272727104915,0.8000314569240371,4.0821234961185835e-07,0.0002755791820163722,0.0002755791817321551,2.8421709430404007e-13
1940.0,381.131463653982,0.0,0.0,25.69899449228322,25.746096985581133,63.34377048861527,4.632267007701098,,,liquid,gas,25.927921444854466,26.010876451987777,2854.8566983816836,52.18273559239918,0.8000321065068136,4.1606749618949833e-07,0.0002839005319401622,0.0002839005317625265,1.7763568394002505e-13
1960.0,381.152883885348,0.0,0.0,25.699053271205123,25.747041715555977,63.343718359690946,4.63228295706573,,,liquid,gas,25.930049965944438,26.013833733173986,2854.8566899020166,52.182744072066,0.8000327625195988,4.2398335153848166e-07,0.0002923801989709318,0.0002923801985801333,3.907985046680551e-13
1980.0,381.17446635705676,0.0,0.0,25.69911255703813,25.747993488095773,63.34366571874177,4.632299069493497,,,liquid,gas,25.932173594604482,26.016785750631826,2854.8566812628264,52.18275271125606,0.8000334249556573,4.319595063861925e-07,0.00030101938909865567,0.0003010193886368029,4.618527782440651e-13
2000.0,381.19621008978413,0.0,0.0,25.699172348081362,25.748952258163392,63.34361256627754,4.632315344937887,,,liquid,gas,25.934292343948435,26.019732521438165,2854.856672462914,52.18276151116859,0.8000340938082461,4.3999561967211774e-07,0.000309819301492098,0.0003098193011723538,3.197442310920451e-13
2020.0,381.2181141091427,0.0,0.0,25.699232642640027,25.749917980951054,63.343558902809264,4.632331783351314,,,liquid,gas,25.936406227054743,26.022674062594817,2854.856663501087,52.18277047299566,0.8000347690706096,4.4809135033574423e-07,0.0003187811284988129,0.0003187811282359121,2.6290081223123707e-13
2040.0,381.2401774456736,0.0,0.0,25.69929343902653,25.750890611879285,63.34350472884888,4.632348384685411,,,liquid,gas,25.938515256966554,26.025610391028906,2854.8566543761603,52.182779597922135,0.8000354507359821,4.562463345791912e-07,0.00032790605519039673,0.0003279060547143331,4.760636329592671e-13
2060.0,381.26239913483437,0.0,0.0,25.699354735559282,25.751870106596,63.343450044909744,4.632365148891121,,,liquid,gas,25.940619446691812,26.02854152359322,2854.8566450869566,52.18278888712582,0.800036138797583,4.644601858672104e-07,0.00033719525890774094,0.00033719525839615017,5.115907697472721e-13
2080.0,381.2847782169269,0.0,0.0,25.69941653056368,25.752856420974652,63.34339485150594,4.632382075918167,,,liquid,gas,25.942718809203356,26.031467477066574,2854.856635632305,52.1827983417774,0.8000368332486245,4.727325858766562e-07,0.00034664991062527406,0.00034664990997868017,6.465938895416912e-13
2100.0,381.30731373713394,0.0,0.0,25.699478822371418,25.75384951111399,63.34333914915305,4.632399165715747,,,liquid,gas,25.94481335743901,26.034388268154167,2854.856626011042,52.18280796304055,0.8000375340823019,4.810631480722805e-07,0.00035627117358671967,0.0003562711731319723,4.547473508864641e-13
2120.0,381.33000474544383,0.0,0.0,25.699541609320946,25.754849333336047,63.34328293836691,4.63241641823202,,,liquid,gas,25.94690310430168,26.03730391348793,2854.8566162220104,52.18281775207194,0.8000382412918099,4.894515768683049e-07,0.00036606020512408577,0.00036606020452012444,6.039613253960852e-13
2140.0,381.35285029667153,0.0,0.0,25.699604889756834,25.755855844185845,63.343226219665276,4.632433833414544,,,liquid,gas,25.948988062659435,26.040214429626875,2854.856606264061,52.18282771002126,0.8000389548703208,4.978974629921141e-07,0.00037601815438392805,0.00037601815383681014,5.471179065352771e-13
2160.0,381.37584945037247,0.0,0.0,25.699668662030305,25.756869000429234,63.343168993566124,4.632451411209611,,,liquid,gas,25.951068245345624,26.043119833057464,2854.856596136051,52.18283783803127,0.8000396748110065,5.064005108579295e-07,0.00038614616460108664,0.00038614616384791134,7.531752999057062e-13
2180.0,381.3990012708799,0.0,0.0,25.699732924498804,25.757888759052644,63.343111260589666,4.632469151562979,,,liquid,gas,25.953143665158944,26.046020140193935,2854.8565858368443,52.18284813723784,0.8000404011070127,5.149603339305031e-07,0.0003964453712796967,0.00039644537041994,8.597567102697212e-13
2200.0,381.42230482728036,0.0,0.0,25.699797675526597,25.75891507726209,63.34305302125507,4.632487054419809,,,liquid,gas,25.955214334863552,26.04891536737866,2854.856575365312,52.18285860876998,0.8000411337515007,5.235766138866893e-07,0.0004069169035574305,0.00040691690256267066,9.947598300641403e-13
2220.0,381.445759193321,0.0,0.0,25.699862913484044,25.759947912480897,63.34299427608403,4.63250511972395,,,liquid,gas,25.957280267189144,26.051805530882493,2854.8565647203322,52.182869253749885,0.800041872737602,5.322489869286073e-07,0.00041756188329600263,0.00041756188246466763,8.313350008393172e-13
2240.0,381.4693634474649,0.0,0.0,25.699928636747448,25.76098722234983,63.34293502559957,4.632523347418803,,,liquid,gas,25.959341474831053,26.054690646905105,2854.856553900789,52.18288007329294,0.800042618058433,5.409771574704792e-07,0.0004283814264454122,0.00042838142552170666,9.237055564881302e-13
2260.0,381.4931166728288,0.0,0.0,25.69999484370016,25.762032964725396,63.342875270324,4.63254173744689,,,liquid,gas,25.961397970450346,26.05757073157533,2854.8565429055743,52.1828910685078,0.8000433697071224,5.497607389770564e-07,0.00043937664122495335,0.0004393766403794075,8.455458555545192e-13
2280.0,381.5170179571576,0.0,0.0,25.700061532731347,25.76308509767876,63.342815010781784,4.632560289749826,,,liquid,gas,25.963449766673904,26.060445800951502,2854.8565317335856,52.18290224049638,0.8000441276767724,5.585994358625612e-07,0.00045054862994220457,0.0004505486289616556,9.805489753489383e-13
2300.0,381.5410663928153,0.0,0.0,25.700128702236384,25.76414357949482,63.34275424749807,4.632579004268522,,,liquid,gas,25.965496876094523,26.063315871021803,2854.856520383728,52.182913590353934,0.8000448919604797,5.674928843291127e-07,0.0004618984876287868,0.00046189848651323473,1.1155520951433573e-12
2320.0,381.56526107677024,0.0,0.0,25.70019635061712,25.765208368671175,63.34269298099891,4.632597880943271,,,liquid,gas,25.967539311271004,26.06618095770459,2854.8565088549126,52.18292511916904,0.8000456625513312,5.764407660535653e-07,0.00047342730294985813,0.0004734273016211432,1.3287149158713873e-12
2340.0,381.5896011105289,0.0,0.0,25.7002644762814,25.76627942391663,63.34263121181099,4.632616919713216,,,liquid,gas,25.96957708472824,26.069041076848727,2854.856497146058,52.18293682802368,0.8000464394424084,5.854427399754058e-07,0.00048513615774936625,0.0004851361562572265,1.4921397450962104e-12
2360.0,381.6140856001672,0.0,0.0,25.700333077643364,25.767356704150664,63.34256894046205,4.632636120517034,,,liquid,gas,25.97161020895731,26.071896244233933,2854.856485256088,52.18294871799324,0.800047222626781,5.944984877714887e-07,0.000497026127504796,0.0004970261258208097,1.6839862837514374e-12
2380.0,381.6387136561927,0.0,0.0,25.70040215312317,25.768440168498145,63.34250616748095,4.6326554832925915,,,liquid,gas,25.973638696415566,26.074746475571093,2854.8564731839347,52.18296079014657,0.8000480120975068,6.036076683813008e-07,0.000509098280872422,0.0005090982791529086,1.7195134205394424e-12
2400.0,381.6634843938679,0.0,0.0,25.700471701147357,25.769529776304033,63.34244289339701,4.6326750079769745,,,liquid,gas,25.975662559526732,26.07759178650261,2854.8564609285354,52.18297304554601,0.8000488078476401,6.127699634816963e-07,0.000521353680142056,0.0005213536785859674,1.5560885913146194e-12
2420.0,381.6883969326675,0.0,0.0,25.70054172014759,25.770625487108653,63.34237911874169,4.632694694506393,,,liquid,gas,25.977681810680988,26.080432192602714,2854.856448488834,52.18298548524739,0.8000496098702101,6.219850774868973e-07,0.0005337933816917939,0.0005337933799722805,1.7195134205394424e-12
2440.0,381.71345039662486,0.0,0.0,25.700612208564152,25.77172726066276,63.342314844042846,4.632714542816523,,,liquid,gas,25.97969646223505,26.083267709377807,2854.856435863781,52.18299811030013,0.8000504181582934,6.312526465990231e-07,0.0005464184346237744,0.0005464184327124144,1.9113599591946695e-12
2460.0,381.73864391418556,0.0,0.0,25.700683164839255,25.772835056921917,63.342250069837036,4.632734552842085,,,liquid,gas,25.981706526512284,26.08609835226677,2854.856423052334,52.18301092174721,0.8000512327048591,6.405723524949281e-07,0.0005592298816736729,0.0005592298797907347,1.8829382497642655e-12
2480.0,381.76397661825064,0.0,0.0,25.700754587425862,25.77394883604648,63.34218479665233,4.632754724517574,,,liquid,gas,25.98371201580277,26.088924136641296,2854.856410053456,52.18302392062524,0.800052053502985,6.49943899588834e-07,0.0005722287596654496,0.0005722287578180385,1.8474111129762605e-12
2500.0,381.7894476460396,0.0,0.0,25.700826474778008,25.775068558398893,63.342119025027095,4.632775057775936,,,liquid,gas,25.985712942363406,26.091745077806213,2854.8563968661165,52.183037107964466,0.8000528805456214,6.593669695575955e-07,0.0005854160990566015,0.0005854160970457656,2.0108359422010835e-12
2520.0,381.81505613920183,0.0,0.0,25.700898825360476,25.77619418454459,63.34205275549142,4.632795552550141,,,liquid,gas,25.987709318418,26.0945611909998,2854.856383489292,52.183050484788836,0.8000537138258248,6.688412213406991e-07,0.0005987929234834155,0.0005987929214157361,2.0676793610618915e-12
2540.0,381.8408012437092,0.0,0.0,25.700971637639796,25.777325675249717,63.34198598858406,4.632816208772163,,,liquid,gas,25.989701156157338,26.09737249139411,2854.856369921965,52.183064052116,0.8000545533365446,6.78366359352367e-07,0.0006123602506704628,0.0006123602485814672,2.0889956431346945e-12
2560.0,381.8666821098598,0.0,0.0,25.701044910092108,25.778462991480524,63.34191872483747,4.6328370263733,,,liquid,gas,25.991688467739298,26.10017899409528,2854.8563561631236,52.18307781095737,0.8000553990708112,6.879420652694535e-07,0.0006261190919758519,0.0006261190899508051,2.0250467969162855e-12
2580.0,381.8926978922218,0.0,0.0,25.70111864119606,25.779606094401792,63.341850964791185,4.632858005283793,,,liquid,gas,25.993671265288924,26.102980714143857,2854.8563422117627,52.18309176231812,0.8000562510215683,6.975680435061804e-07,0.0006400704528459755,0.0006400704507001365,2.1458390619955026e-12
2600.0,381.9188477496952,0.0,0.0,25.701192829438412,25.780754945377122,63.34178270898131,4.632879145433752,,,liquid,gas,25.995649560898514,26.1057776665151,2854.8563280668836,52.183105907197245,0.8000571091818041,7.072439530020346e-07,0.0006542153319060162,0.000654215329824126,2.0818902157770935e-12
2620.0,381.9451308453878,0.0,0.0,25.701267473310473,25.781909505966397,63.341713957947086,4.6329004467519965,,,liquid,gas,25.99762336662771,26.1085698661193,2854.856313727493,52.18312024658758,0.8000579735444697,7.169695209086057e-07,0.0006685547223241883,0.000668554720157033,2.1671553440683056e-12
2640.0,381.97154634672853,0.0,0.0,25.701342571310896,25.783069737926724,63.341644712225644,4.632921909167644,,,liquid,gas,25.99959269450359,26.11135732780209,2854.856299192605,52.18313478147582,0.8000588441025447,7.267444061653805e-07,0.0006830896104474959,0.0006830896084011329,2.0463630789890885e-12
2660.0,381.9980934253064,0.0,0.0,25.70141812194334,25.784235603209417,63.34157497235625,4.632943532608453,,,liquid,gas,26.001557556520748,26.114140066344753,2854.8562844612384,52.1831495128426,0.8000597208489834,7.365683359239483e-07,0.0006978209771659749,0.0006978209751764552,1.9895196601282805e-12
2680.0,382.02477125689313,0.0,0.0,25.70149412371582,25.78540706395976,63.34150473888157,4.632965317001331,,,liquid,gas,26.003517964641386,26.116918096464534,2854.8562695324185,52.183164441662456,0.8000606037766994,7.464409918611637e-07,0.0007127497970031982,0.0007127497950349948,1.9682033780554775e-12
2700.0,382.051579021378,0.0,0.0,25.701570575143293,25.786584082515233,63.34143401234209,4.6329872622718655,,,liquid,gas,26.005473930795397,26.119691432814935,2854.856254405177,52.18317956890391,0.8000614928786356,7.563620783912484e-07,0.0007278770385710231,0.0007278770364891329,2.0818902157770935e-12
2720.0,382.07851590300163,0.0,0.0,25.701647474748295,25.787766621408263,63.3413627932765,4.633009368347268,,,liquid,gas,26.007425466880456,26.12246008998603,2854.8562390785514,52.18319489552947,0.8000623881477597,7.663312771910569e-07,0.0007432036641148443,0.0007432036620471649,2.0676793610618915e-12
2740.0,382.10558108998754,0.0,0.0,25.701724821055308,25.788954643360313,63.34129108223041,4.6330316351523235,,,liquid,gas,26.009372584762104,26.125224082504772,2854.856223551585,52.18321042249568,0.8000632895769535,7.763483154121786e-07,0.0007587306304230879,0.0007587306282559325,2.1671553440683056e-12
2760.0,382.1327737746834,0.0,0.0,25.70180261259707,25.79014811128323,63.341218879745206,4.633054062611268,,,liquid,gas,26.011315296273835,26.12798342483528,2854.8562078233276,52.183226150753136,0.8000641971591543,7.86412874731468e-07,0.0007744588879177172,0.0007744588857150347,2.2026824808563106e-12
2780.0,382.16009315358076,0.0,0.0,25.70188084791034,25.791346988278764,63.3411461863664,4.633076650648316,,,liquid,gas,26.013253613217177,26.130738131379143,2854.8561918928344,52.18324208124653,0.8000651108872494,7.96524659563147e-07,0.0007903893811089802,0.0007903893791123551,1.9966250874858815e-12
2800.0,382.1875384272123,0.0,0.0,25.701959525539984,25.79255123763658,63.34107300263527,4.6330993991866425,,,liquid,gas,26.015187547361784,26.133488216475737,2854.8561757591665,52.18325821491467,0.8000660307541808,8.06683397058805e-07,0.0008065230490501563,0.0008065230472524831,1.7976731214730535e-12
2820.0,382.2151088001073,0.0,0.0,25.702038644034022,25.793760822832855,63.34099932909771,4.633122308148151,,,liquid,gas,26.017117110445522,26.136233694402495,2854.8561594213907,52.183274552690506,0.8000669567528346,8.168887916326639e-07,0.0008228608248828095,0.0008228608230851364,1.7976731214730535e-12
2840.0,382.24280348100183,0.0,0.0,25.70211820194698,25.794975707532714,63.340925166299314,4.633145377456115,,,liquid,gas,26.01904231417455,26.138974579375223,2854.85614287858,52.18329109550116,0.8000678888761025,8.271405249615782e-07,0.0008394036353820411,0.0008394036337406874,1.6413537196058314e-12
2860.0,382.2706216824058,0.0,0.0,25.702198197838673,25.796195855583328,63.3408505147861,4.633168607030428,,,liquid,gas,26.020963170223403,26.141710885548388,2854.856126129813,52.18330784426798,0.8000688271168723,8.374383469345048e-07,0.0008561524023207312,0.0008561524005585852,1.7621459846850485e-12
2880.0,382.29856262107404,0.0,0.0,25.702278630275615,25.79742123102002,63.340775375103036,4.633191996793287,,,liquid,gas,26.022879690235087,26.144442627015405,2854.856109174175,52.18332479990653,0.8000697714680475,8.477819164909306e-07,0.0008731080406505498,0.0008731080391086721,1.5418777365994174e-12
2900.0,382.32662551751343,0.0,0.0,25.70235949782684,25.798651798058632,63.340699747800855,4.633215546663701,,,liquid,gas,26.024791885821152,26.147169817808937,2854.8560920107548,52.183341963326654,0.8000707219224599,8.581710062571801e-07,0.0008902714607756934,0.0008902714592338157,1.5418777365994174e-12
2920.0,382.3548095962835,0.0,0.0,25.702440799068725,25.799887521099116,63.340623633427036,4.633239256561215,,,liquid,gas,26.026699768561787,26.149892471901182,2854.856074638649,52.18335933543248,0.8000716784729848,8.686052979101078e-07,0.0009076435667338956,0.0009076435650570147,1.6768808563938364e-12
2940.0,382.38311408598565,0.0,0.0,25.702522532586237,25.801128364724732,63.340547032524526,4.633263126406057,,,liquid,gas,26.02860335000589,26.152610603204156,2854.856057056959,52.18337691712246,0.8000726411125563,8.790844958639354e-07,0.0009252252566511743,0.0009252252550382423,1.6129320101754274e-12
2960.0,382.41153821889094,0.0,0.0,25.702604696963476,25.802374293696214,63.34046994564775,4.633287156114968,,,liquid,gas,26.030502641671173,26.155324225569995,2854.856039264792,52.18339470928941,0.8000736098339654,8.896083500076202e-07,0.0009430174236513267,0.0009430174219886567,1.6626700016786344e-12
2980.0,382.4400812313741,0.0,0.0,25.70268729079301,25.803625272957184,63.340392373346816,4.633311345606563,,,liquid,gas,26.03239765504422,26.15803335279122,2854.8560212612606,52.183412712820505,0.8000745846300591,9.001765647553839e-07,0.0009610209549464344,0.0009610209530848124,1.8616219676914625e-12
3000.0,382.46874236353597,0.0,0.0,25.702770312676563,25.80488126762828,63.340314316163955,4.633335694797088,,,liquid,gas,26.03428840158059,26.160737998601043,2854.8560030454837,52.183430928597346,0.8000755654937863,9.107888445214485e-07,0.0009792367318368633,0.0009792367299255034,1.9113599591946695e-12
3020.0,382.4975208595577,0.0,0.0,25.70285376121376,25.806142243011486,63.34023577465775,4.633360203604841,,,liquid,gas,26.036174892704892,26.16343817667363,2854.855984616585,52.18344935749595,0.8000765524178906,9.21444939194771e-07,0.0009976656306207587,0.000997665628531763,2.0889956431346945e-12
3040.0,382.52641596712215,0.0,0.0,25.702937635014727,25.807408164581304,63.34015674937594,4.633384871943623,,,liquid,gas,26.038057139810874,26.166133900624395,2854.855965973694,52.183468000386824,0.8000775453952542,9.321445531895734e-07,0.0010163085216845502,0.001016308519403708,2.2808421817899216e-12
3060.0,382.5554269380501,0.0,0.0,25.703021932692074,25.808678997993226,63.34007724087252,4.633409699730371,,,liquid,gas,26.0399351542615,26.168825184010277,2854.8559471159456,52.18348685813495,0.800078544418683,9.42887413657445e-07,0.0010351662699576991,0.001035166267527643,2.4300561562995426e-12
3080.0,382.58455302780703,0.0,0.0,25.703106652867838,25.80995470907607,63.33999724969484,4.633434686879662,,,liquid,gas,26.041808947389033,26.17151204033002,2854.8559280424806,52.183505931599825,0.8000795494810674,9.536732477499754e-07,0.0010542397349126986,0.0010542397324044828,2.5082158572331537e-12
3100.0,382.61379349572627,0.0,0.0,25.70319179416692,25.811235263834543,63.33991677639473,4.633459833306506,,,liquid,gas,26.043678530495114,26.174194483024444,2854.855908752445,52.183525221635506,0.8000805605752435,9.645017826187541e-07,0.0010735297705650737,0.0010735297680852796,2.4797941478027496e-12
3120.0,382.6431476046984,0.0,0.0,25.703277355214368,25.81252062844424,63.3398358215334,4.633485138922989,,,liquid,gas,26.04554391485086,26.176872525476732,2854.85588924499,52.18354472909062,0.8000815776939307,9.753727454153705e-07,0.0010930372254733811,0.0010930372231996444,2.2737367544323206e-12
3140.0,382.67261462151623,0.0,0.0,25.703363334651556,25.81381076925592,63.339754385652675,4.633510603642475,,,liquid,gas,26.04740511169693,26.179546181012693,2854.8558695192723,52.18356445480839,0.8000826008300949,9.862858860287816e-07,0.0011127629431939567,0.001112762940969958,2.2239987629291136e-12
3160.0,382.70219381685706,0.0,0.0,25.703449731112308,25.815105652794653,63.339672469318856,4.633536227379646,,,liquid,gas,26.049262132243605,26.182215462901045,2854.855849574454,52.183584399626675,0.8000836299763943,9.972409088732093e-07,0.001132707761371421,0.0011327077592540036,2.1174173525650986e-12
3180.0,382.73188446466116,0.0,0.0,25.703536543246795,25.816405245750527,63.3395900730763,4.633562010043441,,,liquid,gas,26.051114987670886,26.184880384353683,2854.855829409703,52.18360456437798,0.8000846651257663,1.0082375638376107e-06,0.0011528725126481731,0.0011528725105591775,2.0889956431346945e-12
3200.0,382.76168584313103,0.0,0.0,25.70362376970619,25.817709514991954,63.33950719747969,4.633587951548995,,,liquid,gas,26.05296368912856,26.187540958525947,2854.8558090241913,52.183624949889506,0.8000857062710195,1.0192755780735752e-06,0.0011732580242096446,0.0011732580220851219,2.1245227799226996e-12
3220.0,382.7915972336317,0.0,0.0,25.70371140914014,25.819018427549764,63.339423843094515,4.633614051804952,,,liquid,gas,26.054808247736286,26.19019719851689,2854.8557884170978,52.183645556983144,0.8000867534048275,1.0303546787326922e-06,0.0011938651177842985,0.0011938651157237246,2.0605739337042905e-12
3240.0,382.82161792133667,0.0,0.0,25.703799460217287,25.820331950625658,63.33934001046177,4.633640310721263,,,liquid,gas,26.056648674583684,26.19284911736956,2854.8557675876054,52.18366638647554,0.8000878065201752,1.041474615703919e-06,0.0012146946100983769,0.0012146946081159626,1.9824142327706795e-12
3260.0,382.85174719535627,0.0,0.0,25.70388792159563,25.821650051593362,63.33925570015264,4.6336667282108905,,,liquid,gas,26.058484980730395,26.19549672807124,2854.855746534903,52.18368743917809,0.8000888656096676,1.0526351161388448e-06,0.0012357473124211538,0.0012357473106661132,1.7550405573274475e-12
3280.0,382.88198434792645,0.0,0.0,25.703976791954315,25.822972697986778,63.33917091270761,4.633693304180535,,,liquid,gas,26.060317177206183,26.19814004355375,2854.855725258184,52.18370871589697,0.8000899306662993,1.0638359526637942e-06,0.0012570240314744296,0.0012570240295488588,1.9255708139098715e-12
3300.0,382.9123286751021,0.0,0.0,25.704066069962916,25.82429985750898,63.33908564869502,4.633720038538984,,,liquid,gas,26.06214527501101,26.20077907669367,2854.855703756648,52.183730217433194,0.800091001682715,1.0750768069556215e-06,0.001278525567613542,0.0012785255657732364,1.8403056856186595e-12
3320.0,382.94277947678114,0.0,0.0,25.704155754304793,25.825631498032152,63.33899990866861,4.633746931197529,,,liquid,gas,26.0639692851151,26.203413840312642,2854.8556820294984,52.18375194458259,0.8000920786517444,1.0863574743780191e-06,0.0013002527171011025,0.0013002527151684262,1.9326762412674725e-12
3340.0,382.97333605589375,0.0,0.0,25.704245843665667,25.826967587585408,63.33891369318545,4.6337739820608315,,,liquid,gas,26.065789218459052,26.206044347177603,2854.8556600759453,52.18377389813586,0.800093161566178,1.0976776593452088e-06,0.0013222062702880066,0.0013222062684405955,1.8474111129762605e-12
3360.0,383.00399771949304,0.0,0.0,25.704336336734183,25.82830809436983,63.33882700280845,4.6338011910397165,,,liquid,gas,26.067605085953875,26.208670610001047,2854.8556378952026,52.1837960788786,0.8000942504187336,1.109037134483515e-06,0.001344387012977677,0.0013443870111800038,1.7976731214730535e-12
3380.0,383.03476377758466,0.0,0.0,25.704427232211227,25.82965298674114,63.33873983808583,4.633828558037853,,,liquid,gas,26.069416898481112,26.211292641441307,2854.85561548649,52.183818487591324,0.8000953452023162,1.120435626944527e-06,0.0013667957255165675,0.0013667957239036355,1.6129320101754274e-12
3400.0,383.0656335441148,0.0,0.0,25.704518528795305,25.831002233223252,63.338652199580885,4.633856082963416,,,liquid,gas,26.07122466689288,26.21391045410279,2854.855592849032,52.183841125049476,0.8000964459096417,1.13187290935457e-06,0.0013894331837036589,0.0013894331820551997,1.6484591469634324e-12
3420.0,383.0966063363803,0.0,0.0,25.704610225192088,25.83235580249938,63.3385640878527,4.6338837657224,,,liquid,gas,26.073028402011985,26.21652406053624,2854.8555699820577,52.18386399202348,0.8000975525334815,1.1433487088652327e-06,0.0014123001578809635,0.0014123001560619741,1.8189894035458565e-12
3440.0,383.12768147496956,0.0,0.0,25.704702320115388,25.8337136634105,63.338475503453914,4.63391160621822,,,liquid,gas,26.074828114631977,26.219133473238994,2854.8555468848026,52.18388708927874,0.8000986650666893,1.1548627526281051e-06,0.0014353974129335256,0.0014353974113205936,1.6129320101754274e-12
3460.0,383.1588582844882,0.0,0.0,25.704794812271686,25.83507578496522,63.3383864469627,4.633939604360276,,,liquid,gas,26.076623815517234,26.221738704655237,2854.855523556506,52.18391041757569,0.8000997835017982,1.1664148360068794e-06,0.0014587257096536632,0.0014587257082681049,1.3855583347321954e-12
3480.0,383.1901360921112,0.0,0.0,25.704887700390273,25.83644213631871,63.3382969189203,4.633967760047339,,,liquid,gas,26.078415515403037,26.224339767176254,2854.8554999964117,52.18393397766978,0.8001009078318092,1.1780047088905121e-06,0.0014822858038314735,0.00148228580236065,1.4708234630234074e-12
3500.0,383.2215142294736,0.0,0.0,25.70498098319387,25.837812686798767,63.33820691989314,4.6339960731897785,,,liquid,gas,26.080203224995664,26.226936673140678,2854.8554762037697,52.18395777031156,0.8001020380494072,1.189632098430593e-06,0.0015060784458000853,0.0015060784441374153,1.6626700016786344e-12
3520.0,383.25299203068164,0.0,0.0,25.705074659412073,25.83918740587738,63.338116450441355,4.634024543686558,,,liquid,gas,26.081986954972447,26.229529434834742,2854.8554521778346,52.18398179624664,0.8001031741473572,1.201296754516079e-06,0.001530104380890407,0.0015301043792206315,1.6697754290362354e-12
3540.0,383.2845688337848,0.0,0.0,25.705168727780023,25.84056626319077,63.338025511125885,4.634053171442639,,,liquid,gas,26.083766715981863,26.232118064492536,2854.8554279178657,52.184006056215765,0.8001043161184167,1.2129984497732948e-06,0.0015543643498858728,0.001554364348343995,1.5418777365994174e-12
3560.0,383.31624397995586,0.0,0.0,25.70526318703713,25.841949228527405,63.337934102507305,4.63408195635958,,,liquid,gas,26.085542518643603,26.234702574296236,2854.8554034231265,52.18403055095481,0.8001054639553485,1.2247369568285648e-06,0.001578859089022444,0.0015788590873881958,1.6342482922482304e-12
3580.0,383.3480168137645,0.0,0.0,25.705358035927823,25.843336271831298,63.33784222514698,4.634110898338929,,,liquid,gas,26.087314373548658,26.237282976376363,2854.8553786928865,52.18405528119481,0.8001066176509074,1.2365120028334786e-06,0.0016035893290791137,0.001603589327388022,1.6910917111090384e-12
3600.0,383.3798866836432,0.0,0.0,25.70545327320154,25.844727363207966,63.337749879606946,4.634139997287891,,,liquid,gas,26.089082291259395,26.239859282812038,2854.8553537264193,52.18408024766199,0.800107777197841,1.2483233604143607e-06,0.0016285557962874009,0.0016285557945678875,1.7195134205394424e-12
3620.0,383.41185294019823,0.0,0.0,25.705548897611656,25.846122472900262,63.33765706644783,4.634169253099764,,,liquid,gas,26.09084628230963,26.242431505631203,2854.8553285230037,52.18410545107779,0.8001089425889165,1.260170779460168e-06,0.0016537592118766042,0.0016537592103702536,1.5063505998114124e-12
3640.0,383.4439149384902,0.0,0.0,25.705644907921346,25.84752157131978,63.337563786224145,4.634198665680794,,,liquid,gas,26.092606357204705,26.24499965681088,2854.8553030819226,52.184130892158876,0.8001101138169796,1.2720540553345928e-06,0.001679200292983296,0.0016792002914556292,1.5276668818842154e-12
3660.0,383.4760720363902,0.0,0.0,25.70574130288523,25.84892462902328,63.337470039514365,4.634228234931159,,,liquid,gas,26.094362526421563,26.24756374827741,2854.8552774024643,52.18415657161718,0.8001112908745747,1.2839729151892242e-06,0.0017048797512870806,0.0017048797497594137,1.5276668818842154e-12
3680.0,383.5083235949433,0.0,0.0,25.70583808127035,25.8503316167173,63.337375826881846,4.634257960749411,,,liquid,gas,26.096114800408827,26.250123791906695,2854.8552514839216,52.18418249015991,0.8001124737544392,1.2959271316503873e-06,0.0017307982939200883,0.0017307982924918974,1.4281908988778014e-12
3700.0,383.5406689786239,0.0,0.0,25.70593524185884,25.85174250526117,63.33728114887138,4.634287843035648,,,liquid,gas,26.097863189586874,26.252679799524422,2854.855225325592,52.18420864848959,0.800113662449546,1.3079164773444063e-06,0.0017569566234669765,0.0017569566221666832,1.3002932064409833e-12
3720.0,383.5731075553006,0.0,0.0,25.70603278342314,25.85315726566607,63.33718600605497,4.634317881691278,,,liquid,gas,26.099607704347914,26.255231782906318,2854.8551989267776,52.18423504730404,0.8001148569525257,1.3199407248976059e-06,0.0017833554379649286,0.0017833554366220028,1.3429257705865894e-12
3740.0,383.6056386955056,0.0,0.0,25.7061307047448,25.85457586908411,63.33709039899517,4.634348076610745,,,liquid,gas,26.101348355056068,26.25777975377839,2854.855172286785,52.18426168729648,0.8001160572561302,1.3319996241989429e-06,0.0018099954304489074,0.0018099954290562437,1.3926637620897964e-12
3760.0,383.63826177327655,0.0,0.0,25.70622900461546,25.855998286819876,63.33699432824469,4.634378427691435,,,liquid,gas,26.10308515204744,26.260323723817148,2854.855145404926,52.184288569155456,0.8001172633532371,1.344092947874742e-06,0.0018368772894064023,0.0018368772880350548,1.3713474800169934e-12
3780.0,383.6709761664937,0.0,0.0,25.70632768181555,25.857424490334406,63.336897794388484,4.634408934837902,,,liquid,gas,26.104818105630184,26.262863704649842,2854.8551182805168,52.18431569356494,0.8001184752363175,1.356220468551328e-06,0.0018640016987774288,0.0018640016975197682,1.2576606422953773e-12
3800.0,383.70378125524473,0.0,0.0,25.706426735145456,25.858854451221898,63.33680079797922,4.634439597942914,,,liquid,gas,26.1065472260846,26.265399707854705,2854.8550909128776,52.184343061204316,0.8001196928982528,1.368381958855025e-06,0.0018913693379545293,0.0018913693368958207,1.0587086762825493e-12
3820.0,383.7366764234067,0.0,0.0,25.706526163399047,25.860288141231308,63.33670333959316,4.634470416906122,,,liquid,gas,26.10827252366319,26.26793174496117,2854.8550633013333,52.18437067274841,0.800120916331627,1.3805772141495253e-06,0.0019189808822375198,0.0019189808809869646,1.2505552149377763e-12
3840.0,383.7696610575624,0.0,0.0,25.70662596539256,25.86172553225071,63.336605419771,4.634501391621598,,,liquid,gas,26.10999400859073,26.270459827450114,2854.855035445214,52.1843985288675,0.8001221455294752,1.3928059615864186e-06,0.0019468370014692482,0.0019468370000765844,1.3926637620897964e-12
3860.0,383.8027345478294,0.0,0.0,25.706726139929145,25.863166596318376,63.33650703908824,4.634532521987682,,,liquid,gas,26.11171169106436,26.272983966754087,2854.855007343854,52.18442663022737,0.8001233804843941,1.4050679965293967e-06,0.001974938361399836,0.001974938359950329,1.4495071809506044e-12
3880.0,383.8358962875348,0.0,0.0,25.70682668582914,25.86461130561775,63.33640819809668,4.634563807903389,,,liquid,gas,26.11342558125367,26.275504174257534,2854.8549789965923,52.18445497748931,0.8001246211892815,1.417363091604784e-06,0.002003285623231932,0.002003285621889006,1.3429257705865894e-12
3900.0,383.86914567222226,0.0,0.0,25.706927601896314,25.866059632463,63.336308897385635,4.634595249256993,,,liquid,gas,26.11513568930072,26.27802046129703,2854.8549504027715,52.184483571310125,0.8001258676365622,1.4296910421762732e-06,0.0020318794440754573,0.00203187944270411,1.3713474800169934e-12
3920.0,383.90248210111474,0.0,0.0,25.707028886959478,25.867511549319104,63.33620913750695,4.634626845943264,,,liquid,gas,26.116842025320175,26.28053283916149,2854.8549215617395,52.184512412342194,0.8001271198191363,1.4420515981328208e-06,0.0020607204760381137,0.0020607204747733476,1.2647660696529783e-12
3940.0,383.935904977494,0.0,0.0,25.70713053983846,25.86896702880655,63.33610891904109,4.6346585978681025,,,liquid,gas,26.11854459939935,26.283041319092433,2854.8548924728484,52.184541501233454,0.8001283777295434,1.454444554838119e-06,0.002089809367134876,0.002089809366033535,1.1013412404281553e-12
3960.0,383.9694137056392,0.0,0.0,25.70723255938595,25.870426043658085,63.336008242508576,4.634690504912988,,,liquid,gas,26.120243421598282,26.28554591228416,2854.8548631354543,52.18457083862745,0.8001296413610817,1.4668697076558602e-06,0.0021191467612879933,0.0021191467600303326,1.2576606422953773e-12
3980.0,384.0030076946886,0.0,0.0,25.707334944415255,25.871888566772256,63.33590710851834,4.634722566980203,,,liquid,gas,26.12193850194981,26.288046629884008,2854.8548335489186,52.184600425163346,0.8001309107059343,1.4793267837376334e-06,0.002148733296962746,0.0021487332959253536,1.0373923942097463e-12
4000.0,384.0366863558948,0.0,0.0,25.70743769376505,25.873354571174502,63.33580551763671,4.634754783960992,,,liquid,gas,26.123629850459654,26.290543482992565,2854.854803712606,52.18463026147594,0.8001321857568237,1.491815623921866e-06,0.0021785696094411833,0.0021785696085174777,9.237055564881302e-13
4020.0,384.07044910403806,0.0,0.0,25.707540806296105,25.87482403003642,63.33570347039818,4.6347871557522655,,,liquid,gas,26.125317477106453,26.29303648266388,2854.8547736258865,52.18466034819568,0.8001334665068754,1.504335978097515e-06,0.0022086563290031336,0.0022086563282570637,7.460698725481052e-13
4040.0,384.10429535556375,0.0,0.0,25.707644280856673,25.876296916649334,63.33560096736537,4.634819682234986,,,liquid,gas,26.12700139184191,26.29552563990571,2854.8547432881337,52.184690685948716,0.8001347529488619,1.516887641628273e-06,0.002238994081835699,0.0022389940812956866,5.400124791776761e-13
4060.0,384.13822453237634,0.0,0.0,25.707748116273894,25.877773204476796,63.335498009156325,4.634852363318623,,,liquid,gas,26.128681604590785,26.2980109656797,2854.8547126987255,52.1847212753569,0.8001360450748563,1.5294704098778311e-06,0.0022695834900332557,0.0022695834894790323,5.542233338928781e-13
4080.0,384.17223605684035,0.0,0.0,25.707852311430614,25.87925286708424,63.33539459628415,4.634885198883038,,,liquid,gas,26.13035812525102,26.30049247090165,2854.8546818570444,52.184752117037796,0.8001373428782584,1.5420840554725147e-06,0.002300425171142706,0.00230042517037532,7.673861546209082e-13
4100.0,384.2063293553835,0.0,0.0,25.707956865188848,25.88073587818884,63.33529072931315,4.634918188820675,,,liquid,gas,26.132030963693772,26.30297016644167,2854.8546507624774,52.184783211604724,0.8001386463518235,1.5547283510386477e-06,0.002331519738163479,0.002331519737303722,8.597567102697212e-13
4120.0,384.24050385815235,0.0,0.0,25.7080617763853,25.88222221165433,63.335186408865944,4.634951333032683,,,liquid,gas,26.13370012976353,26.30544406312447,2854.8546194144155,52.18481455966677,0.800139955487571,1.567403091939923e-06,0.0023628678000022774,0.002362867799348578,6.536993168992922e-13
4140.0,384.274758996566,0.0,0.0,25.708167043928846,25.883711841456247,63.33508163543155,4.634984631400616,,,liquid,gas,26.135365633278145,26.307914171729497,2854.8545878122536,52.1848461618288,0.8001412702792092,1.5801080962773995e-06,0.0023944699619278254,0.0023944699613807074,5.471179065352771e-13
4160.0,384.30909420565644,0.0,0.0,25.708272666662847,25.88520474171421,63.33497640963307,4.635018083813846,,,liquid,gas,26.137027484028938,26.310380502991226,2854.854555955391,52.1848780186915,0.8001425907187543,1.5928431366774021e-06,0.0024263268246613734,0.0024263268240787284,5.826450433232822e-13
4180.0,384.3435089242718,0.0,0.0,25.708378643465117,25.886700886694353,63.334870732039484,4.635051690172124,,,liquid,gas,26.13868569178075,26.31284306759931,2854.854523843231,52.18491013085137,0.8001439167989073,1.6056079857662552e-06,0.0024584389843766985,0.002458438983950373,4.263256414560601e-13
4200.0,384.37800259306977,0.0,0.0,25.708484973250798,25.888200250780756,63.334764603153204,4.6350854503623315,,,liquid,gas,26.140340266272002,26.31530187619882,2854.854491475182,52.184942498900774,0.8001452485132114,1.6184024616450187e-06,0.002490807033609599,0.0024908070333538035,2.5579538487363607e-13
4220.0,384.41257465596817,0.0,0.0,25.70859165486139,25.889702808495258,63.334658023625536,4.635119364275612,,,liquid,gas,26.14199121721478,26.31775693939045,2854.8544588506547,52.18497512342794,0.8001465858533301,1.6312263596773847e-06,0.0025234315608031466,0.0025234315605189295,2.8421709430404007e-13
4240.0,384.4472245590813,0.0,0.0,25.708698687221133,25.891208534482182,63.33455099395736,4.635153431795097,,,liquid,gas,26.14363855429491,26.320208267730727,2854.8544259690657,52.185008005016975,0.800147928812829,1.6440794524896774e-06,0.00255631314985294,0.002556313149554512,2.984279490192421e-13
4260.0,384.48195175188795,0.0,0.0,25.70880606921336,25.89271740352418,63.33444351473592,4.635187652809696,,,liquid,gas,26.145282287172048,26.32265587173224,2854.854392829835,52.185041144247904,0.8001492773841832,1.6569615354455892e-06,0.002589452380561852,0.002589452380483692,7.815970093361102e-14
4280.0,384.51675568728393,0.0,0.0,25.708913799737225,25.894229390542527,63.33433558652813,4.635222027214867,,,liquid,gas,26.1469224254797,26.325099761863815,2854.854359432386,52.185074541696686,0.8001506315601266,1.6698724493835471e-06,0.002622849829549523,0.0026228498292653057,2.8421709430404007e-13
4300.0,384.5516358204399,0.0,0.0,25.709021877708867,25.895744470580777,63.33422720987482,4.635256554899454,,,liquid,gas,26.148558978825342,26.327539948550726,2854.8543257761476,52.185108197935236,0.8001519913337235,1.6828119214551406e-06,0.0026565060679786257,0.002656506067815201,1.6342482922482304e-13
4320.0,384.5865916093137,0.0,0.0,25.70913030200903,25.89726261881134,63.33411838539192,4.635291235751878,,,liquid,gas,26.150191956790437,26.329976442174925,2854.8542918605513,52.18514211353141,0.8001533566970908,1.6957798152361647e-06,0.002690421664283349,0.0026904216639920264,2.913225216616411e-13
4340.0,384.62162251411263,0.0,0.0,25.709239071546904,25.898783810527625,63.33400911364738,4.635326069653997,,,liquid,gas,26.15182136893056,26.332409253075223,2854.8542576850336,52.18517628904909,0.8001547276429527,1.7087758806155761e-06,0.0027245971818956605,0.002724597181668287,2.2737367544323206e-13
4360.0,384.6567279984788,0.0,0.0,25.709348185280056,25.900308021160143,63.33389939512696,4.63536105649507,,,liquid,gas,26.15344722477543,26.334838391547507,2854.8542232490345,52.18521072504813,0.8001561041650734,1.7217999584318022e-06,0.0027590331810642965,0.002759033180709025,3.552713678800501e-13
4380.0,384.69190752823465,0.0,0.0,25.709457642084843,25.901835226258516,63.33378923047645,4.635396196157332,,,liquid,gas,26.155069533829014,26.337263867844946,2854.854188551998,52.18524542208444,0.8001574862551962,1.7348518213111674e-06,0.00279373021749052,0.0027937302170215617,4.689582056016661e-13
4400.0,384.7271605739053,0.0,0.0,25.7095674408841,25.903365401526383,63.333678620266454,4.635431488545483,,,liquid,gas,26.156688305569563,26.33968569217817,2854.8541535933723,52.18528038070997,0.8001588739060156,1.7479312873547314e-06,0.0028286888432376145,0.002828688842548388,6.892264536872972e-13
4420.0,384.7624866058284,0.0,0.0,25.70967758064997,25.90489852275246,63.33356756497378,4.6354669335299725,,,liquid,gas,26.158303549449673,26.342103874715487,2854.8541183726097,52.18531560147272,0.8001602671114125,1.7610381291888188e-06,0.002863909605821391,0.0028639096053026947,5.186961971048731e-13
4440.0,384.79788509888886,0.0,0.0,25.709788060251192,25.906434565876467,63.33345606528373,4.635502531002224,,,liquid,gas,26.159915274896402,26.344518425583086,2854.8540828891655,52.18535108491681,0.8001616658626348,1.7741722103892244e-06,0.0028993930500291754,0.002899393049389687,6.394884621840902e-13
4460.0,384.8333555297657,0.0,0.0,25.709898878686786,25.907973506950093,63.333344121638895,4.635538280842776,,,liquid,gas,26.161523491311296,26.346929354865228,2854.8540471425,52.18538683158243,0.8001630701539979,1.787333280844905e-06,0.0029351397156460735,0.002935139715006585,6.394884621840902e-13
4480.0,384.86889737907154,0.0,0.0,25.71001003482978,25.909515322166506,63.33323173473297,4.635574182946321,,,liquid,gas,26.16312820807049,26.349336672604448,2854.8540111320763,52.18542284200591,0.8001644799766463,1.800521181394288e-06,0.002971150139273959,0.002971150138492362,7.815970093361102e-13
4500.0,384.90451012920664,0.0,0.0,25.710121527673397,25.9110599878299,63.33311890503556,4.6356102371969365,,,liquid,gas,26.164729434524766,26.35174038880177,2854.8539748573626,52.185459116719734,0.8001658953245566,1.8137356846636977e-06,0.003007424852967233,0.003007424852313534,6.536993168992922e-13
4520.0,384.94019326537875,0.0,0.0,25.710233356165745,25.912607480369495,63.333005633109956,4.635646443480006,,,liquid,gas,26.166327179999577,26.35414051341684,2854.85393831783,52.18549565625253,0.8001673161905233,1.8269766314915615e-06,0.0030439643855970644,0.00304396438510679,4.902744876744691e-13
4540.0,384.97594627561665,0.0,0.0,25.71034551920279,25.914157776339025,63.33289191962624,4.635682801682647,,,liquid,gas,26.1679214537952,26.35653705636821,2854.853901512953,52.185532461129114,0.8001687425659921,1.840243839978939e-06,0.003080769262396643,0.003080769261693206,7.034373084024992e-13
4560.0,385.0117686487922,0.0,0.0,25.710458015792362,25.915710852388962,63.33277776504439,4.63571931167079,,,liquid,gas,26.169512265186704,26.358930027533454,2854.853864442212,52.1855695318705,0.8001701744450656,1.8535370600147872e-06,0.003117840003596939,0.0031178400030782427,5.186961971048731e-13
4580.0,385.04765988018363,0.0,0.0,25.710570844876354,25.917266685343623,63.33266316996731,4.635755973354047,,,liquid,gas,26.171099623424105,26.3613194367494,2854.8538271050884,52.18560686899392,0.8001716118200405,1.8668561779122683e-06,0.0031551771271551843,0.003155177126501485,6.536993168992922e-13
4600.0,385.08361946421076,0.0,0.0,25.710684005415793,25.918825252099396,63.33254813495929,4.635792786601395,,,liquid,gas,26.172683537732407,26.363705293812334,2854.8537895010695,52.18564447301285,0.8001730546837038,1.8802009435603396e-06,0.003192781146026391,0.003192781145429535,5.968558980384842e-13
4620.0,385.1196468997846,0.0,0.0,25.710797496398172,25.920386529699016,63.33243266054646,4.6358297513035,,,liquid,gas,26.174264017311653,26.366087608478153,2854.8537516296456,52.185682344437005,0.8001745030293249,1.893571197797428e-06,0.0032306525699823396,0.0032306525695844357,3.979039320256561e-13
4640.0,385.15574168845234,0.0,0.0,25.710911316752295,25.92195049530521,63.33231674737418,4.635866867351331,,,liquid,gas,26.175841071336944,26.368466390462544,2854.8537134903104,52.185720483772386,0.8001759568486685,1.906966758724593e-06,0.0032687919051568315,0.003268791904964985,1.9184653865522705e-13
4660.0,385.1919033314517,0.0,0.0,25.711025465470385,25.923517126159133,63.33220039596639,4.635904134602085,,,liquid,gas,26.17741470895868,26.370841649441292,2854.8536750825615,52.185758891521274,0.8001774161350339,1.920387444442895e-06,0.0033071996540456894,0.003307199653853843,1.9184653865522705e-13
4680.0,385.22813133687066,0.0,0.0,25.71113994153137,25.925086399680083,63.33208360689062,4.635941552962505,,,liquid,gas,26.17898493930242,26.373213395050314,2854.8536364059005,52.18579756818227,0.8001788808811715,1.933833050316025e-06,0.00334587631505201,0.0033458763148459525,2.0605739337042905e-13
4700.0,385.2644252124734,0.0,0.0,25.71125474389238,25.926658293364824,63.331966380755674,4.635979122305653,,,liquid,gas,26.18055177146902,26.375581636885894,2854.8535974598326,52.185836514250276,0.8001803510793111,1.9473033944450436e-06,0.0033848223829409108,0.0033848223828556456,8.526512829121202e-14
4720.0,385.3007844707727,0.0,0.0,25.711369871585458,25.928232784857954,63.331848718041,4.636016842530072,,,liquid,gas,26.182115214534814,26.37794638450495,2854.8535582438662,52.18587573021659,0.800181826723318,1.9607983176683773e-06,0.0034240383492942783,0.0034240383491663806,1.2789769243681803e-13
4740.0,385.3372086227072,0.0,0.0,25.71148532357426,25.929809851863354,63.331730619351504,4.636054713486393,,,liquid,gas,26.18367527755151,26.380307647425116,2854.853518757514,52.18591521656882,0.8001833078054733,1.9743176153497187e-06,0.0034635247016012727,0.0034635247014023207,1.9895196601282805e-13
4760.0,385.3736971864611,0.0,0.0,25.71160109885266,25.93138947226685,63.33161208525452,4.6360927350799805,,,liquid,gas,26.185231969546344,26.38266543512499,2854.853479000292,52.185954973790984,0.8001847943185346,1.9878611055901273e-06,0.0035032819237130752,0.0035032819235638613,1.4921397450962104e-13
4780.0,385.41024968176237,0.0,0.0,25.71171719644358,25.932971624056176,63.33149311626676,4.63613090720485,,,liquid,gas,26.186785299522164,26.38501975704429,2854.8534389717192,52.1859950023635,0.8001862862558994,2.00142862922803e-06,0.003543310496297636,0.0035433104960773676,2.2026824808563106e-13
4800.0,385.4468656258871,0.0,0.0,25.711833615265412,25.93455628526494,63.33137371309663,4.636169229697372,,,liquid,gas,26.18833527645744,26.38737062258404,2854.8533986713196,52.18603530276318,0.800187783608545,2.0150199816271196e-06,0.0035836108959301782,0.003583610895759648,1.7053025658242404e-13
4820.0,385.48354454542135,0.0,0.0,25.711950354402035,25.936143434136333,63.33125387616412,4.636207702473045,,,liquid,gas,26.1898819093063,26.389718041106732,2854.8533580986195,52.186075875463274,0.8001892863710935,2.0286350036258226e-06,0.0036241835960026947,0.0036241835958534807,1.4921397450962104e-13
4840.0,385.5202859696356,0.0,0.0,25.712067412865334,25.937733049029674,63.33113360603287,4.63624632544986,,,liquid,gas,26.191425206998726,26.392062021936578,2854.8533172531493,52.18611672093349,0.8001907945363531,2.042273513325199e-06,0.0036650290662691987,0.0036650290660702467,1.9895196601282805e-13
4860.0,385.55708961400046,0.0,0.0,25.71218478976644,25.939325117466435,63.331012903596644,4.6362850983427775,,,liquid,gas,26.192965178441117,26.394402574371462,2854.8532761344404,52.18615783964229,0.8001923080929617,2.055935442513146e-06,0.0037061477751194616,0.0037061477748707716,2.4868995751603507e-13
4880.0,385.593954524119,0.0,0.0,25.712302483711596,25.940919594889827,63.33089176884456,4.636324021277732,,,liquid,gas,26.19450183251425,26.396739707641153,2854.8532347420337,52.186199232048814,0.8001938270409897,2.0696203364423127e-06,0.003747540181848308,0.0037475401813935605,4.547473508864641e-13
4900.0,385.63088059445147,0.0,0.0,25.71242049410961,25.94251647703846,63.3307702026025,4.636363093986787,,,liquid,gas,26.196035178076066,26.399073430960005,2854.8531930754693,52.186240898613,0.800195351369935,2.083328217850067e-06,0.003789206746205309,0.0037892067455800316,6.252776074688882e-13
4920.0,385.6678673136917,0.0,0.0,25.712538819853673,25.944115740381985,63.330648205546495,4.636402316392441,,,liquid,gas,26.19756522396032,26.401403753502088,2854.8531511342917,52.18628283979079,0.8001968810711905,2.0970588821001e-06,0.003831147923847311,0.0038311479233712475,4.760636329592671e-13
4940.0,385.70491420536916,0.0,0.0,25.71265745995409,25.945717363254182,63.33052577822776,4.636441688324965,,,liquid,gas,26.19909197897679,26.403730684403044,2854.853108918048,52.186325056034484,0.8001984161377266,2.1108121927682076e-06,0.0038733641677026753,0.003873364167063187,6.394884621840902e-13
4960.0,385.7420208120685,0.0,0.0,25.71277641353702,25.947321324549577,63.33040292103012,4.636481209729302,,,liquid,gas,26.20061545191154,26.406054232761104,2854.8530664262894,52.18636754779289,0.8001999565646303,2.124587922480714e-06,0.00391585592615229,0.003915855925470169,6.821210263296962e-13
4980.0,385.77918667050074,0.0,0.0,25.71289567949988,25.94892760322859,63.330279634755385,4.636520880428745,,,liquid,gas,26.202135651526767,26.40837440763725,2854.8530236585707,52.18641031551137,0.8002015023417082,2.138385934813414e-06,0.003958623644848558,0.003958623643946169,9.023892744153272e-13
5000.0,385.81641132783346,0.0,0.0,25.713015257012692,25.95053617849673,63.330155919716525,4.6365607003319225,,,liquid,gas,26.203652586561,26.410691218055568,2854.85298061445,52.18645335963184,0.8002030534649444,2.152206025129999e-06,0.004001667765351158,0.004001667764420347,9.308109838457312e-13
5020.0,385.85369432896556,0.0,0.0,25.71313514497606,25.952147029613045,63.33003177673206,4.636600669290205,,,liquid,gas,26.205166265729073,26.413004673003314,2854.852937293489,52.18649668059285,0.8002046099239365,2.1660480570062645e-06,0.004044988726491283,0.0040449887254325745,1.0587086762825493e-12
5040.0,385.89103522837263,0.0,0.0,25.71325534253991,25.953760136052892,63.329907206174,4.636640787236022,,,liquid,gas,26.206676697722266,26.415314781431213,2854.8528936952525,52.18654027882954,0.8002061717139253,2.1799118258059024e-06,0.004088586963007401,0.004088586962119223,8.881784197001252e-13
5060.0,385.9284335777706,0.0,0.0,25.713375848752428,25.95537547733062,63.32978220859887,4.636681054041636,,,liquid,gas,26.208183891208346,26.417621552253568,2854.852849819308,52.18658415477369,0.8002077388278203,2.193797217842075e-06,0.004132462907364243,0.004132462906270007,1.0942358130705543e-12
5080.0,385.9658889291061,0.0,0.0,25.71349666254965,25.95699303304046,63.3296567847778,4.6367214695541366,,,liquid,gas,26.209687854831767,26.41992499434855,2854.852805665228,52.186628308853756,0.8002093112558212,2.207704005741107e-06,0.004176616987479065,0.004176616986335091,1.1439738045737613e-12
5100.0,386.003400832468,0.0,0.0,25.71361778309027,25.958612782826172,63.329530935053235,4.636762033571722,,,liquid,gas,26.211188597213358,26.422225116558156,2854.852761232587,52.18667274149481,0.8002108889935451,2.2216320530787924e-06,0.004221049628540641,0.0042210496273895615,1.1510792319313623e-12
5120.0,386.04096886205167,0.0,0.0,25.713739209446125,25.960234706742344,63.32940465999968,4.636802746144968,,,liquid,gas,26.212686126950707,26.424521927688495,2854.852716520963,52.186717453118646,0.800212472033678,2.2355812006935593e-06,0.004265761252554512,0.004265761251225797,1.3287149158713873e-12
5140.0,386.07859256861724,0.0,0.0,25.713860940548535,25.961858784591055,63.32927796039351,4.636843607025771,,,liquid,gas,26.21418045261823,26.42681543651007,2854.852671529938,52.18676244414375,0.8002140603663562,2.2495512439490994e-06,0.004310752277433494,0.004310752276332153,1.1013412404281553e-12
5160.0,386.11627152016337,0.0,0.0,25.713982975583967,25.963484996488415,63.329150836574364,4.63688461613914,,,liquid,gas,26.215671582767012,26.42910565175773,2854.8526262590967,52.186807714985314,0.8002156539872353,2.263542069158575e-06,0.004356023118816665,0.00435602311789296,9.237055564881302e-13
5180.0,386.1540052834422,0.0,0.0,25.714105313579978,25.965113322606104,63.32902328917991,4.636925773369163,,,liquid,gas,26.217159525925116,26.43139258213102,2854.852580708027,52.18685326605527,0.8002172528882063,2.2775534944230456e-06,0.004401574188705126,0.004401574187852475,8.526512829121202e-13
5200.0,386.19179342654405,0.0,0.0,25.714227953606493,25.96674374320751,63.32889531877126,4.636967078588918,,,liquid,gas,26.21864429059739,26.4336762362942,2854.8525348763196,52.1868990977623,0.8002188570621283,2.291585360580939e-06,0.004447405895916745,0.004447405894879353,1.0373923942097463e-12
5220.0,386.2296355213018,0.0,0.0,25.714350894738157,25.968376238680396,63.32876692591102,4.637008531688669,,,liquid,gas,26.22012588526587,26.435956622876578,2854.85248876357,52.18694521051185,0.8002204665018428,2.305637485733314e-06,0.004493518645631411,0.004493518644430594,1.2008172234345693e-12
5240.0,386.26753113520033,0.0,0.0,25.714474136093443,25.970010789424066,63.3286381110661,4.637050132482146,,,liquid,gas,26.221604318389513,26.438233750472524,2854.8524423693757,52.18699160470614,0.8002220812014014,2.319709710718598e-06,0.004539912839845783,0.00453991283871602,1.1297629498585593e-12
5260.0,386.3054798444158,0.0,0.0,25.71459767661561,25.97164737603045,63.32850887506097,4.637091880857864,,,liquid,gas,26.22307959840441,26.440507627641683,2854.8523956933377,52.18703828074419,0.8002237011503385,2.3338018991125866e-06,0.004586588877828035,0.004586588876769326,1.0587086762825493e-12
5280.0,386.3434812352819,0.0,0.0,25.714721515533824,25.973285979304364,63.32837921820443,4.637133776796146,,,liquid,gas,26.224551733723747,26.442778262909098,2854.85234873506,52.18708523902182,0.8002253263447057,2.3479138917537057e-06,0.004633547155663109,0.004633547154398343,1.2647660696529783e-12
5300.0,386.38153487761656,0.0,0.0,25.714845651930414,25.974926579891417,63.3282491410386,4.6371758200602615,,,liquid,gas,26.226020732738096,26.44504566476554,2854.85230149415,52.187132479931684,0.8002269567776074,2.3620454840056483e-06,0.004680788065343222,0.004680788064263197,1.0800249583553523e-12
5320.0,386.41964035539957,0.0,0.0,25.71497008480005,25.976569158705168,63.32811864431193,4.637218010551958,,,liquid,gas,26.227486603815233,26.44730984166745,2854.8522539702185,52.18718000386329,0.8002285924395411,2.3761965849189436e-06,0.004728311997041601,0.0047283119958692055,1.1723955140041653e-12
5340.0,386.45779725715585,0.0,0.0,25.71509481328839,25.97821369679255,63.327987728497696,4.637260348200236,,,liquid,gas,26.228949355300287,26.44957080203722,2854.8522061628787,52.18722781120297,0.8002302333244831,2.390366989857284e-06,0.004776119336838747,0.004776119335552664,1.2860823517257813e-12
5360.0,386.49600516161513,0.0,0.0,25.71521983648632,25.97986017513408,63.32785639414678,4.637302832795289,,,liquid,gas,26.230408995515894,26.45182855426337,2854.852158071748,52.18727590233397,0.8002318794254302,2.4045565396590973e-06,0.004824210467631929,0.004824210466551904,1.0800249583553523e-12
5380.0,386.53426366458064,0.0,0.0,25.715345153446272,25.981508575017536,63.327724641930374,4.637345464299867,,,liquid,gas,26.23186553276206,26.4540831067006,2854.8521096964455,52.18732427763639,0.8002335307338589,2.418765120637545e-06,0.0048725857700446795,0.00487258576897176,1.0729195309977513e-12
5400.0,386.57257234835413,0.0,0.0,25.71547076337177,25.983158877611988,63.32759247219469,4.637388242495296,,,liquid,gas,26.233318975316333,26.45633446767003,2854.8520610365945,52.18737293748724,0.800235187245354,2.432992550893687e-06,0.004921245621062553,0.0049212456198191035,1.2434497875801753e-12
5420.0,386.6109307980409,0.0,0.0,25.715596665367023,25.98481106358785,63.327459885482526,4.637431167388077,,,liquid,gas,26.234769331433963,26.458582645458776,2854.8520120918215,52.187421882260345,0.8002368489530173,2.4472386485285825e-06,0.004970190394033125,0.004970190392924678,1.1084466677857563e-12
5440.0,386.64933863402996,0.0,0.0,25.71572285839393,25.98646511599984,63.32732688270561,4.63747423871379,,,liquid,gas,26.23621660934783,26.46082764832178,2854.851962861755,52.187471112326655,0.8002385158452889,2.4615033225927617e-06,0.00501942046048498,0.005019420459234425,1.2505552149377763e-12
5460.0,386.68779544253243,0.0,0.0,25.71584934178545,25.988121015664767,63.327193463974794,4.637517456444301,,,liquid,gas,26.23766081726845,26.463069484480396,2854.8519133460277,52.187520628054,0.8002401879207306,2.475786368449917e-06,0.0050689361878539785,0.005068936186582107,1.2718714970105793e-12
5480.0,386.72630081806415,0.0,0.0,25.715976114480966,25.989778744195277,63.32705963017258,4.637560820403378,,,liquid,gas,26.23910196338422,26.465308162122977,2854.8518635442747,52.18757042980717,0.8002418651681539,2.490087649675843e-06,0.005118737940847495,0.005118737939746154,1.1013412404281553e-12
5500.0,386.76485436160925,0.0,0.0,25.716103175596032,25.991438283361582,63.326925381864136,4.63760433046525,,,liquid,gas,26.240540055861267,26.467543689404977,2854.851813456134,52.187620517947884,0.8002435475803813,2.504407029846334e-06,0.005168826081444422,0.005168826080463873,9.805489753489383e-13
5520.0,386.80345567912457,0.0,0.0,25.716230524378005,25.993099615070157,63.32679071937823,4.637647986537441,,,liquid,gas,26.2419751028438,26.469776074449303,2854.851763081247,52.18767089283491,0.8002452351532234,2.5187443497998176e-06,0.005219200968440418,0.005219200967488291,9.521272659185342e-13
5540.0,386.8421043758093,0.0,0.0,25.71635815989236,25.994762721284026,63.32665564338714,4.637691788494447,,,liquid,gas,26.243407112453692,26.472005325346178,2854.851712419258,52.187721554823966,0.8002469278781513,2.5330994503747204e-06,0.005269862957447913,0.0052698629565455235,9.023892744153272e-13
5560.0,386.8808000549306,0.0,0.0,25.716486081264918,25.99642758400577,63.32652015444266,4.637735736164386,,,liquid,gas,26.244836092791264,26.474231450153713,2854.851661469814,52.18777250426785,0.8002486257481592,2.547472195146838e-06,0.0053208124013508495,0.005320812400427144,9.237055564881302e-13
5580.0,386.9195423307365,0.0,0.0,25.716614287699393,25.998094185457056,63.3263842529799,4.637779829478487,,,liquid,gas,26.246262051934465,26.476454456897553,2854.8516102325657,52.18782374151633,0.8002503287577171,2.5618624249545973e-06,0.0053720496498499415,0.005372049648912025,9.379164112033322e-13
5600.0,386.958330811376,0.0,0.0,25.716742778195226,25.999762507840508,63.326247939804155,4.637824068273626,,,liquid,gas,26.247684997939793,26.478674353571545,2854.8515587071656,52.18787526691628,0.8002520368966172,2.576270003373793e-06,0.005423575049917417,0.005423575048858709,1.0587086762825493e-12
5620.0,386.9971651086761,0.0,0.0,25.71687155195564,26.001432533475803,63.32611121534424,4.6378684524054306,,,liquid,gas,26.249104938841658,26.480891148137413,2854.85150689327,52.18792708081161,0.8002537501594107,2.5906947712428518e-06,0.005475388945342274,0.005475388944191195,1.1510792319313623e-12
5640.0,387.0360448415814,0.0,0.0,25.717000608052928,26.00310424484666,63.32597408029774,4.637912981788383,,,liquid,gas,26.250521882652794,26.4831048485252,2854.8514547905384,52.18797918354331,0.8002554685372534,2.605136592137569e-06,0.005527491677185026,0.005527491675891838,1.2931877790833823e-12
5660.0,387.0749696285794,0.0,0.0,25.71712994584863,26.00477762449551,63.32583653481084,4.637957656308152,,,liquid,gas,26.251935837364268,26.48531546263335,2854.851402398632,52.18803157544947,0.8002571920282697,2.6195953068963718e-06,0.005579883583322953,0.005579883582051082,1.2718714970105793e-12
5680.0,387.11393908523326,0.0,0.0,25.717259564271576,26.006452654988728,63.32569857984386,4.638002475793276,,,liquid,gas,26.253346810945565,26.487522998328885,2854.8513497172166,52.18808425686527,0.8002589206202967,2.6340707790950548e-06,0.005632564998904854,0.005632564997846146,1.0587086762825493e-12
5700.0,387.15295283653063,0.0,0.0,25.717389462470855,26.008129319088155,63.32556021596516,4.638047440158035,,,liquid,gas,26.254754811344654,26.4897274634475,2854.8512967459587,52.18813722812304,0.8002606543061256,2.64856289504678e-06,0.00568553625680579,0.0056855362556191835,1.1866063687193673e-12
5720.0,387.1920105002843,0.0,0.0,25.717519639747092,26.009807599519988,63.3254214434345,4.63809254921062,,,liquid,gas,26.256159846487783,26.491928865793664,2854.8512434845297,52.188190489552206,0.8002623930824484,2.6630714501152396e-06,0.005738797685808095,0.005738797684784913,1.0231815394945443e-12
5740.0,387.2311117087033,0.0,0.0,25.71765009526785,26.01148747927421,63.3252822628052,4.638137802902694,,,liquid,gas,26.257561924279802,26.494127213140796,2854.8511899326027,52.18824404147935,0.8002641369422481,2.677596353350964e-06,0.005792349612875114,0.005792349611930092,9.450218385609332e-13
5760.0,387.2702560848395,0.0,0.0,25.71778082795003,26.01316894127696,63.3251426750811,4.638183201057167,,,liquid,gas,26.25896105260447,26.49632251323163,2854.8511360898538,52.18829788422827,0.8002658858728153,2.6921374455923795e-06,0.0058461923617869616,0.005846192360849045,9.379164112033322e-13
5780.0,387.3094432638902,0.0,0.0,25.71791183728405,26.01485196868623,63.32500268020969,4.638228743614611,,,liquid,gas,26.26035723932371,26.498514773777913,2854.8510819559624,52.18835201811984,0.800267639874791,2.706694567677914e-06,0.00590032625314052,0.005900326252422872,7.176481631177012e-13
5800.0,387.34867286429034,0.0,0.0,25.718043122095867,26.016536544490215,63.32486227935494,4.638274430299111,,,liquid,gas,26.261750492278605,26.500704002461017,2854.85102753061,52.18840644347223,0.8002693989334437,2.721267628658097e-06,0.005954751605713682,0.0059547516048112925,9.023892744153272e-13
5820.0,387.3879445369489,0.0,0.0,25.718174681905374,26.01822265219033,63.324721472451905,4.638320261187706,,,liquid,gas,26.263140819288818,26.502890206931788,2854.8509728134813,52.18846116060073,0.8002711630495731,2.735856423896621e-06,0.006009468734191614,0.006009468733310541,8.810729923425242e-13
5840.0,387.4272579022873,0.0,0.0,25.71830651561759,26.019910274927202,63.324580260519745,4.638366235982482,,,liquid,gas,26.264528228152873,26.505073394810744,2854.850917804264,52.1885161698179,0.8002729322102795,2.7504608624440154e-06,0.0060644779514404945,0.006064477950481262,9.592326932761353e-13
5860.0,387.4666126022972,0.0,0.0,25.71843862249644,26.021599396202674,63.32443864395541,4.638412354612608,,,liquid,gas,26.265912726648306,26.507253573688335,2854.8508625026484,52.18857147143352,0.8002747064105273,2.7650807851387072e-06,0.006119779567143269,0.006119779566098771,1.0444978215673473e-12
5880.0,387.5060082779417,0.0,0.0,25.718571001721372,26.02328999956601,63.324296623313515,4.638458616973145,,,liquid,gas,26.267294322531352,26.50943075112487,2854.8508069083273,52.18862706575456,0.8002764856432893,2.7797160555564915e-06,0.0061753738882543985,0.006175373887138846,1.1155520951433573e-12
5900.0,387.5454445682481,0.0,0.0,25.718703652471696,26.024982068601,63.32415419914336,4.638505022914666,,,liquid,gas,26.268673023537428,26.511604934650823,2854.8507510209965,52.18868295308532,0.8002782699016061,2.794366537273163e-06,0.006231261218999862,0.0062312612178985205,1.1013412404281553e-12
5920.0,387.58492111237223,0.0,0.0,25.71883657383229,26.02667558695427,63.32401137217395,4.638551572267261,,,liquid,gas,26.27004883738102,26.513776131766956,2854.8506948403547,52.18873913372734,0.8002800591762482,2.8090320938645165e-06,0.006287441860877152,0.006287441859917919,9.592326932761353e-13
5940.0,387.6244375610644,0.0,0.0,25.71896976518475,26.028370538494052,63.32386814260312,4.638598264973139,,,liquid,gas,26.271421771755616,26.51594434994438,2854.8506383661024,52.18879560797942,0.8002818534646995,2.823712611643714e-06,0.006343916113110026,0.00634391611200158,1.1084466677857563e-12
5960.0,387.66399356403423,0.0,0.0,25.719103225727203,26.030066907134618,63.32372451097366,4.638645100940678,,,liquid,gas,26.272791834334004,26.518109596624775,2854.8505815979443,52.1888523761377,0.8002836527600855,2.8384079087118153e-06,0.006400684271284263,0.006400684270282397,1.0018652574217413e-12
5980.0,387.70358875560726,0.0,0.0,25.719236954340882,26.031764676637025,63.323580478388756,4.638692079878919,,,liquid,gas,26.274159032768086,26.52027187922048,2854.8505245355864,52.18890943849558,0.8002854570484504,2.85311789411935e-06,0.00645774662916665,0.006457746628157679,1.0089706847793423e-12
6000.0,387.74322280130303,0.0,0.0,25.71937095053339,26.033463831254927,63.323436044847256,4.6387392018356834,,,liquid,gas,26.275523374689335,26.522431205114714,2854.850467178738,52.18896679534386,0.8002872663297954,2.8678424087047462e-06,0.006515103477340745,0.006515103476438355,9.023892744153272e-13
6020.0,387.78289534290013,0.0,0.0,25.719505213394456,26.035164354972327,63.32329121107604,4.638786466563126,,,liquid,gas,26.2768848677082,26.524587581661518,2854.8504095271114,52.18902444697059,0.800289080594922,2.882581338781165e-06,0.006572755104116368,0.006572755103171346,9.450218385609332e-13
6040.0,387.8226060405445,0.0,0.0,25.719639742130507,26.036866232087235,63.32314597763179,4.6388338740042245,,,liquid,gas,26.27824351941465,26.526741016186044,2854.850351580421,52.18908239366122,0.800290899836783,2.897334525187034e-06,0.0066307017946201086,0.006630701793795879,8.242295734817162e-13
6060.0,387.8623545490478,0.0,0.0,25.71977453605468,26.038569446882605,63.3230003448532,4.6388814240191625,,,liquid,gas,26.279599337378343,26.52889151598482,2854.8502933383834,52.18914063569854,0.8002927240510878,2.9121018769728835e-06,0.006688943832159566,0.006688943831122174,1.0373923942097463e-12
6080.0,387.90214052430554,0.0,0.0,25.71990959404218,26.040273983715302,63.322854313914114,4.63892911645949,,,liquid,gas,26.280952329148313,26.531039088325628,2854.850234800719,52.18919917336275,0.8002945532229908,2.9268832122397725e-06,0.006747481496404362,0.006747481495331442,1.0729195309977513e-12
6100.0,387.94196362334867,0.0,0.0,25.720044915630893,26.041979827016483,63.32270788473236,4.638976951168849,,,liquid,gas,26.282302502252843,26.533183740447555,2854.8501759671503,52.18925800693136,0.8002963873535218,2.941678440038231e-06,0.006806315065205126,0.00680631506394036,1.2647660696529783e-12
6120.0,387.9818235128693,0.0,0.0,25.720180500044453,26.043686961409435,63.32256105784949,4.639024928081489,,,liquid,gas,26.28364986420019,26.53532547956146,2854.8501168374023,52.189317136679364,0.8002982264358284,2.9564874012066865e-06,0.00686544481322926,0.006865444811943178,1.2860823517257813e-12
6140.0,388.0217198476678,0.0,0.0,25.72031634614124,26.04539537141036,63.322413834468726,4.63907304697368,,,liquid,gas,26.28499442247836,26.53746431285006,2854.8500574112027,52.18937656287914,0.8003000704546962,2.971309982058301e-06,0.006924871012870426,0.006924871011719347,1.1510792319313623e-12
6160.0,388.0616523014222,0.0,0.0,25.72045245361795,26.047105041854763,63.322266214251904,4.639121307818861,,,liquid,gas,26.286336184554703,26.539600247467718,2854.8499976882813,52.18943628580045,0.8003019194143927,2.986146068906237e-06,0.006984593934248551,0.006984593933026417,1.2221335055073723e-12
6180.0,388.10162053924,0.0,0.0,25.720588821337543,26.048815957516787,63.3221181984218,4.639169710470943,,,liquid,gas,26.287675157876787,26.541733290541014,2854.8499376683712,52.18949630571056,0.800303773299458,3.0009955025889214e-06,0.007044613844300329,0.0070446138431421446,1.1581846592889633e-12
6200.0,388.1416242257543,0.0,0.0,25.72072544863947,26.05052810322094,63.3219697872945,4.6392182547579255,,,liquid,gas,26.289011349871892,26.543863449168665,2854.849877351208,52.18955662287416,0.8003056321058923,3.0158581694195163e-06,0.0071049310076887195,0.007104931006736592,9.521272659185342e-13
6220.0,388.1816630291324,0.0,0.0,25.720862334619877,26.052241463897765,63.32182098165764,4.639266940528165,,,liquid,gas,26.290344767947033,26.54599073042151,2854.8498167365287,52.18961723755338,0.8003074958237371,3.0307339557111846e-06,0.007165545686802943,0.007165545685957397,8.455458555545192e-13
6240.0,388.22173663054866,0.0,0.0,25.720999478900918,26.053956024714267,63.32167178133603,4.639315767759865,,,liquid,gas,26.291675419489277,26.548115141342876,2854.8497558240742,52.189678150007836,0.8003093644552028,3.0456227250397206e-06,0.007226458141303738,0.007226458140415559,8.881784197001252e-13
6260.0,388.2618446882375,0.0,0.0,25.721136880183526,26.055671770576296,63.32152218784103,4.6393647361462875,,,liquid,gas,26.29300331186564,26.55023668894856,2854.8496946135874,52.18973936049464,0.8003112379811853,3.060524340980919e-06,0.007287668628123356,0.007287668627220967,9.023892744153272e-13
6280.0,388.301986901508,0.0,0.0,25.72127453825004,26.057388687014104,63.32137220074294,4.639413845834632,,,liquid,gas,26.29432845242337,26.55235538022712,2854.8496331048136,52.189800869268424,0.800313116407114,3.0754386898479425e-06,0.007349177401920315,0.007349177401003715,9.166001291305292e-13
6300.0,388.3421629200351,0.0,0.0,25.72141245191549,26.05910675892671,63.32122182131255,4.639463096379441,,,liquid,gas,26.295650848489657,26.55447122213986,2854.849571297501,52.18986267658128,0.8003149997169263,3.0903656352165855e-06,0.007410984714624647,0.00741098471385726,7.673861546209082e-13
6320.0,388.38237244903445,0.0,0.0,25.721550620781976,26.060825972037456,63.32107104947961,4.63951248795607,,,liquid,gas,26.296970507371917,26.55658422162093,2854.849509191399,52.18992478268286,0.80031688791151,3.1053050861373775e-06,0.007473090816347394,0.0074730908154378994,9.094947017729282e-13
6340.0,388.4226151348346,0.0,0.0,25.721689043443313,26.06254631130981,63.32091988692561,4.6395620200408985,,,liquid,gas,26.298287436357867,26.558694385577635,2854.8494467862615,52.18998718782036,0.8003187809696133,3.1202568834487466e-06,0.007535495954016369,0.007535495952936344,1.0800249583553523e-12
6360.0,388.46289069694814,0.0,0.0,25.72182771979646,26.06426776277487,63.32076833305917,4.639611692934729,,,liquid,gas,26.29960164271525,26.560801720890296,2854.8493840818433,52.19004989223846,0.8003206788987122,3.1352209134638543e-06,0.007598200372285646,0.007598200371042196,1.2434497875801753e-12
6380.0,388.5031987925538,0.0,0.0,25.721966648860363,26.06599031165608,63.32061638878447,4.639661506199809,,,liquid,gas,26.30091313369232,26.56290623441259,2854.8493210779025,52.19011289617948,0.8003225816873805,3.1501970397584954e-06,0.007661204313080816,0.0076612043120576345,1.0231815394945443e-12
6400.0,388.5435391240472,0.0,0.0,25.72210582989987,26.067713943856617,63.3204640546639,4.639711459900472,,,liquid,gas,26.30222191651776,26.56500793297168,2854.8492577741986,52.19017619988326,0.8003244893285131,3.1651851941205676e-06,0.007724508016963227,0.00772450801584057,1.1226575225009583e-12
6420.0,388.5839113431834,0.0,0.0,25.722245261984725,26.06943864463367,63.320311331489656,4.639761553497651,,,liquid,gas,26.303527998400554,26.567106823368146,2854.8491941704947,52.19023980358725,0.8003264018121008,3.1801851946511307e-06,0.00778811172085625,0.007788111719825963,1.0302869668521453e-12
6440.0,388.62431521999747,0.0,0.0,25.722384944900995,26.071164400933878,63.320158219021316,4.639811787796751,,,liquid,gas,26.3048313865303,26.569202912376294,2854.849130266555,52.19030370752649,0.800328319141187,3.1951969731380815e-06,0.007852015660319012,0.007852015659068456,1.2505552149377763e-12
6460.0,388.6647503591418,0.0,0.0,25.722524877213644,26.072891197470312,63.32000471888015,4.639862161677353,,,liquid,gas,26.306132088077085,26.571296206744293,2854.8490660621483,52.19036791193359,0.8003302412952847,3.21022034768248e-06,0.007916220067272661,0.00791622006617132,1.1013412404281553e-12
6480.0,388.7052164946141,0.0,0.0,25.722665058851973,26.07461902079835,63.3198508304528,4.6399126754910265,,,liquid,gas,26.30743011019164,26.57338671319409,2854.849001557043,52.190432417038856,0.8003321682821525,3.2252552728095905e-06,0.007980725172728853,0.007980725171435665,1.2931877790833823e-12
6500.0,388.7457133056065,0.0,0.0,25.722805488423163,26.07634785676866,63.31969655548749,4.63996332893856,,,liquid,gas,26.30872546000527,26.57547443842168,2854.8489367510115,52.190497223070174,0.8003341000797004,3.2403015666204737e-06,0.008045531204061263,0.008045531202753864,1.3073986337985843e-12
6520.0,388.78624049388156,0.0,0.0,25.722946165686658,26.07807769159678,63.319541893604125,4.640014121962009,,,liquid,gas,26.310018144629723,26.577559389097075,2854.8488716438287,52.19056233025303,0.8003360366927399,3.255359138165659e-06,0.008110638386824576,0.008110638385609548,1.2150280781497713e-12
6540.0,388.8267977582941,0.0,0.0,25.723087089750443,26.079808511510365,63.31938684565356,4.640065054451204,,,liquid,gas,26.311308171158167,26.57964157186493,2854.8488062352712,52.19062773881066,0.8003379781105248,3.270427873758308e-06,0.008176046944299742,0.008176046943241033,1.0587086762825493e-12
6560.0,388.8673847786079,0.0,0.0,25.723228259870336,26.081540302526072,63.3192314121519,4.640116126057156,,,liquid,gas,26.312595546663886,26.581720993343875,2854.848740525118,52.190693448963884,0.8003399243265403,3.285507659711584e-06,0.008241757097493974,0.008241757096463687,1.0302869668521453e-12
6580.0,388.9080012894576,0.0,0.0,25.723369675349296,26.08327305147061,63.31907559367865,4.6401673370445655,,,liquid,gas,26.313880278201506,26.583797660127313,2854.848674513151,52.19075946093127,0.8003418753334716,3.300598359601281e-06,0.008307769064686,0.008307769063847559,8.384404281969182e-13
6600.0,388.94864699140425,0.0,0.0,25.723511335463,26.085006744751865,63.31891939077034,4.640218687266888,,,liquid,gas,26.315162372805972,26.585871578782953,2854.848608199153,52.19082577492897,0.8003438311245468,3.3156998824779295e-06,0.008374083062335558,0.008374083061546855,7.887024366937112e-13
6620.0,388.9893215353564,0.0,0.0,25.72365323944674,26.086741368143006,63.31876280390191,4.640270175987442,,,liquid,gas,26.31644183749402,26.587942755853774,2854.8485415829114,52.19089239117093,0.8003457916937741,3.3308120919173234e-06,0.008440699304173904,0.008440699303505994,6.679101716144942e-13
6640.0,389.0300247078953,0.0,0.0,25.72379538683753,26.088476909343484,63.3186058333521,4.640321804013708,,,liquid,gas,26.317718679262455,26.590011197856935,2854.8484746642134,52.19095930986875,0.8003477570376418,3.3459348969699933e-06,0.008507618002113304,0.008507618001331707,7.815970093361102e-13
6660.0,389.0707561457909,0.0,0.0,25.723937776490647,26.09021335403363,63.318448480279145,4.640373570409677,,,liquid,gas,26.318992905090102,26.59207691128531,2854.84840744285,52.19102653123179,0.8003497271415226,3.361068161211733e-06,0.008574839365337539,0.0085748393643712,9.663381206337363e-13
6680.0,389.1115155597023,0.0,0.0,25.724080407685236,26.091950688966048,63.31829074524117,4.640425475072074,,,liquid,gas,26.32026452193594,26.59413990260618,2854.848339918615,52.19109405546706,0.8003517019983746,3.376211770955706e-06,0.008642363600756653,0.0086423635996411,1.1155520951433573e-12
6700.0,389.1523027245917,0.0,0.0,25.724223280148923,26.09368890183155,63.31813262812173,4.640477518620009,,,liquid,gas,26.321533536741196,26.596200178262585,2854.8482720913025,52.191161882779525,0.8003536816096838,3.3913656125150736e-06,0.008710190913006954,0.008710190912104565,9.023892744153272e-13
6720.0,389.1931172858227,0.0,0.0,25.72436639312852,26.095427978581796,63.31797412935874,4.640529700162325,,,liquid,gas,26.322799956426838,26.598257744672274,2854.8482039607106,52.19123001337155,0.8003556659699294,3.406529594940366e-06,0.008778321504905762,0.00877832150413127,7.744915819785092e-13
6740.0,389.2339589814651,0.0,0.0,25.7245097453387,26.09716790649875,63.31781525065923,4.640582019857441,,,liquid,gas,26.324063787896417,26.600312608228958,2854.8481355266385,52.19129844744359,0.8003576550575491,3.4217036045447457e-06,0.008846755576996657,0.008846755576172427,8.242295734817162e-13
6760.0,389.2748275245812,0.0,0.0,25.72465333688288,26.09890867256872,63.31765599102041,4.640634477558151,,,liquid,gas,26.325325038034432,26.602364775301837,2854.8480667888884,52.19136718519375,0.8003596488852346,3.436887504904007e-06,0.008915493327094737,0.00891549332632735,7.673861546209082e-13
6780.0,389.31572261336396,0.0,0.0,25.724797166224363,26.100650263622853,63.31749635251666,4.640687072928265,,,liquid,gas,26.326583713706555,26.604414252235557,2854.8479977472643,52.19143622681792,0.8003616474267816,3.45208120506868e-06,0.00898453495119611,0.008984534950499778,6.963318810448982e-13
6800.0,389.35664401693253,0.0,0.0,25.7249412335432,26.10239266752027,63.3173363341554,4.64073980643042,,,liquid,gas,26.327839821760143,26.60646104535074,2854.8479284015725,52.19150557250983,0.8003636506947541,3.467284591351927e-06,0.009053880643023149,0.009053880642412082,6.110667527536862e-13
6820.0,389.3975913992525,0.0,0.0,25.725085537248383,26.104135870718117,63.317175938018785,4.640792677299498,,,liquid,gas,26.32909336902386,26.608505160943864,2854.8478587516215,52.191575222460955,0.8003656586628507,3.4824975500669096e-06,0.009123530594024487,0.009123530593534213,4.902744876744691e-13
6840.0,389.4385645102644,0.0,0.0,25.725230077313395,26.105879860909248,63.317015163453505,4.6408456857423,,,liquid,gas,26.3303443623075,26.610546605287084,2854.8477887972217,52.19164517686059,0.8003676713393482,3.4977199902641585e-06,0.00919348499382977,0.009193484993168966,6.608047442568932e-13
6860.0,389.4795630638518,0.0,0.0,25.725374853051477,26.107624625337422,63.31685401096118,4.64089883153343,,,liquid,gas,26.33159280840288,26.612585384628975,2854.847718538186,52.19171543589589,0.8003696887179251,3.5129517755194685e-06,0.00926374402934016,0.009263744028466192,8.739675649849232e-13
6880.0,389.52058675853425,0.0,0.0,25.725519863307092,26.109370151083098,63.3166924818925,4.640952114253511,,,liquid,gas,26.332838714083433,26.614621505194336,2854.8476479743304,52.19178599975185,0.800371710781528,3.528192792146001e-06,0.00933430788518308,0.009334307884429904,7.531752999057062e-13
6900.0,389.5616353757142,0.0,0.0,25.725665107430157,26.11111642641829,63.31653057686708,4.641005534419451,,,liquid,gas,26.334082086104058,26.6166549731841,2854.847577105471,52.191856868611346,0.8003737375223453,3.543442971931654e-06,0.009405176744621713,0.00940517674392538,6.963318810448982e-13
6920.0,389.60270859906416,0.0,0.0,25.72581058516235,26.11286343831466,63.31636829548787,4.64105909140691,,,liquid,gas,26.33532293120159,26.61868579477595,2854.8475059314273,52.19192804265504,0.800375768945417,3.558702178452222e-06,0.009476350788190757,0.009476350787622323,5.684341886080801e-13
6940.0,389.6438061448397,0.0,0.0,25.725956295583842,26.114611174241688,63.316205638706364,4.64111278494929,,,liquid,gas,26.336561256094402,26.6207139761238,2854.847434452021,52.191999522061536,0.8003778050387377,3.573970320758235e-06,0.009547830194605922,0.009547830194115647,4.902744876744691e-13
6960.0,389.68492779043817,0.0,0.0,25.726102238055987,26.116359622559187,63.31604260710935,4.64116661546633,,,liquid,gas,26.33779706748289,26.622739523358398,2854.8473626670752,52.1920713070073,0.8003798457949122,3.5892472851628554e-06,0.009619615140309179,0.009619615139882853,4.263256414560601e-13
6980.0,389.7260732338817,0.0,0.0,25.72624841187475,26.118108770579756,63.315879201187464,4.6412205824480655,,,liquid,gas,26.339030372049212,26.624762442587244,2854.8472905764156,52.19214339766669,0.800381891207762,3.6045329807166125e-06,0.009691705799923511,0.009691705799269812,6.536993168992922e-13
7000.0,389.76724223446683,0.0,0.0,25.726394816388527,26.119858606507943,63.315715421501466,4.641274686072422,,,liquid,gas,26.340261176457446,26.62678273989468,2854.84721817987,52.192215794211954,0.8003839412702226,3.6198272709953015e-06,0.009764102345343417,0.009764102344533399,8.100187187665142e-13
7020.0,389.80843449116156,0.0,0.0,25.726541450896416,26.12160911776346,63.315551268538584,4.641328925807037,,,liquid,gas,26.34148948735384,26.6288004213422,2854.847145477269,52.192288496813276,0.8003859959761593,3.635130065049452e-06,0.009836804946644406,0.009836804945855704,7.887024366937112e-13
7040.0,389.8496497570581,0.0,0.0,25.72668831474391,26.12336029255912,63.31538674284805,4.641383301725167,,,liquid,gas,26.3427153113659,26.63081549296788,2854.8470724684435,52.19236150563868,0.8003880553186544,3.6504412719295942e-06,0.009909813772082998,0.009909813771258769,8.242295734817162e-13
7060.0,389.8908877709184,0.0,0.0,25.726835407530036,26.125112118955876,63.315221844457,4.641437813719062,,,liquid,gas,26.343938655104598,26.632827960787868,2854.846999153228,52.1924348208543,0.8003901192973911,3.66576077794889e-06,0.009983128987641976,0.009983128986881695,7.602807272633072e-13
7080.0,389.9321482520065,0.0,0.0,25.72698272778122,26.12686458479317,63.3150565753782,4.641492461440131,,,liquid,gas,26.34515952516159,26.634837830794694,2854.846925531458,52.19250844262406,0.8003921878869515,3.681088492157869e-06,0.010056750757485133,0.010056750756639588,8.455458555545192e-13
7100.0,389.97343094705,0.0,0.0,25.727130275634106,26.12861767833465,63.31489093463886,4.641547244839268,,,liquid,gas,26.346377928110794,26.636845108958397,2854.8468516029725,52.19258237110982,0.8003942610996605,3.6964242781323265e-06,0.01013067924304778,0.010130679242401186,6.465938895416912e-13
7120.0,389.17323569065337,0.003369949625004952,0.06739899250009904,25.726573359077292,26.107551296246044,63.313721910111965,4.635902727004491,,,liquid,gas,26.347593870509666,26.638849801227312,2854.8467773676107,52.12525761397149,0.8004090187656073,3.711768090397527e-06,0.01020491460485573,0.010204914604170251,6.854794509791873e-13
7140.0,384.2299208962972,0.020063167000951187,0.4686623325191228,25.72254572632645,25.973768901446682,63.307611762584415,4.602002689720555,,,liquid,gas,26.348800539214736,26.640772285616517,2854.8467020202206,51.72406962134236,0.8004862492841262,3.767369503293594e-06,0.010280261994921602,0.01028026199406118,8.604228440844963e-13
7160.0,381.6702110521611,0.019854712673202168,0.8657565859831662,25.717726670245085,25.873821470034542,63.21008741309595,4.59512340602788,0.00012491368767709072,,twophase,gas,26.34999427619321,26.642578722711836,2854.846627818364,51.3270495697349,0.8017212670915823,3.710092823894229e-06,0.010354463851399487,0.010354463850648976,7.505107646466058e-13
7180.0,381.24102936183914,0.019834977818759415,1.2624561423583545,25.71214950659069,25.804016635443105,63.02961183257762,4.613020534433547,0.00036369970674001264,,twophase,gas,26.351171917993383,26.644306288877864,2854.846577532396,50.9304002993275,0.804016858231216,2.5142983986370384e-06,0.010404749819372228,0.010404749818435866,9.36362098968857e-13
7200.0,380.81497161465734,0.019834255283198366,1.6591412480223218,25.70660857967708,25.734673481461726,62.85094688344869,4.631100838810548,0.0006008260630790669,,twophase,gas,26.352333256514214,26.645959406733695,2854.8465532230516,50.53373950300825,0.8063024116982421,1.2154672276665225e-06,0.010429059163925558,0.010429059163150178,7.753797603982093e-13
7220.0,380.4518532730002,0.01983428632831785,2.055826974588679,25.701882752544453,25.701882752544453,62.6984693215657,4.6417370018698145,0.0008037427461797848,0.9989006822641224,twophase,twophase,26.353478856625266,26.647546310982285,2854.8465513259916,50.13705567350183,0.8082632728409687,9.485299869993469e-08,0.010430956223899557,0.010430956223085097,8.144596108650148e-13
7240.0,380.13738508096225,0.019834669921235816,2.452520373013395,25.697787528322504,25.697787528322504,62.566162391455286,4.6464307426567855,0.000980222253685177,0.9969215733276908,twophase,twophase,26.354611515976803,26.649112754071226,2854.8465513259916,49.74036227507711,0.8099724847897775,0.0,0.010430956223899557,0.010430956223085097,8.144596108650148e-13
7260.0,379.82366356572794,0.019835206716029407,2.8492245073339832,25.6936996588046,25.6936996588046,62.43443790602623,4.651200572839169,0.001156332217472256,0.9949314103972724,twophase,twophase,26.355731535767344,26.65066332784749,2854.8465513259916,49.343658140756524,0.8116813687382678,0.0,0.010430956223899557,0.010430956223086874,8.126832540256146e-13
7280.0,379.51068924597337,0.01983589503156229,3.245942407965229,25.689619164318277,25.689619164318277,62.30329318498283,4.65604789473235,0.0013320725673931996,0.9929300049093741,twophase,twophase,26.356838964156875,26.6521980060589,2854.8465513259916,48.94694024012528,0.8133899096714615,0.0,0.010430956223899557,0.010430956223087762,8.117950756059145e-13
7300.0,379.1984626749086,0.01983673727287345,3.642677153422698,25.685546065657277,25.685546065657277,62.17272557880554,4.660974149988194,0.0015074432152741794,0.9909171637526496,twophase,twophase,26.357933849222803,26.653716761846713,2854.8465513259916,48.55020549466781,0.8150980923577738,0.0,0.010430956223899557,0.010430956223084653,8.149037000748649e-13
7320.0,378.88698444123463,0.01983773591020712,4.0394318716268405,25.68148038409508,25.68148038409508,62.042732468699846,4.665980821059442,0.0016824440546014902,0.9888926891134269,twophase,twophase,26.359016238961214,26.655219567678405,2854.8465513259916,48.153450776463664,0.8168059013444309,0.0,0.010430956223899557,0.010430956223084209,8.15347789284715e-13
7340.0,378.57625517019835,0.01983889348137926,4.436209741254426,25.67742214139994,25.67742214139994,61.91331126656814,4.671069432736287,0.0018570749601765349,0.9868563783138656,twophase,twophase,26.360086181288118,26.65670639526698,2854.8465513259916,47.75667290683608,0.8185133209525525,0.0,0.010430956223899557,0.010430956223085097,8.144596108650148e-13
7360.0,378.26627552472826,0.019840212594262496,4.833013993139676,25.67337135985087,25.67337135985087,61.78445941497549,4.676241553759773,0.002031335787778627,0.9848080236420933,twophase,twophase,26.361143724040733,26.658177215472477,2854.8465513259916,47.35986865495083,0.8202203352722799,0.0,0.010430956223899557,0.010430956223085097,8.144596108650148e-13
7380.0,377.95704620662866,0.019841695929396108,5.229847911727598,25.66932806225451,25.66932806225451,61.65617438708173,4.681498798518161,0.002205226373872417,0.9827474121734848,twophase,twophase,26.362188914978773,26.659631998179538,2854.8465513259916,46.96303473636291,0.8219269281583198,0.0,0.010430956223899557,0.010430956223084209,8.15347789284715e-13
7400.0,377.64856795795885,0.019843346242735916,5.626714836582316,25.66529227196449,25.66529227196449,61.52845368659873,4.686842828835155,0.0023787465352809282,0.9806743255820267,twophase,twophase,26.363221801785745,26.661070712141903,2854.8465513259916,46.56616781150819,0.8236330832251273,0.0,0.010430956223899557,0.010430956223082433,8.171241461241152e-13
7420.0,377.34084156253573,0.01984516636855984,6.023618163953513,25.661264012902354,25.661264012902354,61.401294847671444,4.692275355858667,0.0025518960689596857,0.978588539940294,twophase,twophase,26.36424243207026,26.662493324779994,2854.8465513259916,46.16926448413699,0.8253387838430839,0.0,0.010430956223899557,0.010430956223080656,8.189005029635155e-13
7440.0,377.0338678477,0.019847159222550072,6.420561348404514,25.657243309582135,25.657243309582135,61.2746954347595,4.697798142064626,0.0027246747517696867,0.9764898255059489,twophase,twophase,26.365250853367364,26.66389980190963,2854.8465513259916,45.772321299685984,0.8270440131346639,0.0,0.010430956223899557,0.010430956223077992,8.215650382226158e-13
7460.0,376.7276476864126,0.01984932780508375,6.817547904506189,25.65323018713923,25.65323018713923,61.148653042403915,4.703413003394585,0.0028970823404024684,0.9743779464915316,twophase,twophase,26.366247113139835,26.665290107365617,2854.8465513259916,45.37533474358431,0.8287487539721532,0.0,0.010430956223899557,0.010430956223079768,8.197886813832156e-13
7480.0,376.4221819998715,0.019851675204778995,7.214581408601769,25.649224671366216,25.649224671366216,61.02316529487926,4.709121811557533,0.0030691185714577973,0.9722526608122602,twophase,twophase,26.367231258779494,26.666664202456985,2854.8465513259916,44.97830123948873,0.8304529889769631,0.0,0.010430956223899557,0.010430956223077992,8.215650382226158e-13
7500.0,376.1174717610263,0.019854204602380278,7.611665500649375,25.64522678876063,25.64522678876063,60.89822984560807,4.714926496548296,0.003240783161836572,0.9701137198023652,twophase,twophase,26.368203337608456,26.668022045135718,2854.8465513259916,44.58121714744112,0.8321567005222654,0.0,0.010430956223899557,0.010430956223077104,8.22453216642316e-13
7520.0,375.8135179996274,0.01985691927513118,8.008803886151998,25.64123656659289,25.64123656659289,60.773844376125425,4.720829049481206,0.0034120758097324127,0.9679608678812405,twophase,twophase,26.369163396880325,26.669363588638806,2854.8465513259916,44.1840787619385,0.8338598707419571,0.0,0.010430956223899557,0.01043095622307888,8.206768598029157e-13
7540.0,375.51032181047395,0.01985982260195156,8.40600033819103,25.63725403301666,25.63725403301666,60.65000659411658,4.726831525959003,0.003582996196853055,0.9657938421274771,twophase,twophase,26.370111483781205,26.67068877905419,2854.8465513259916,43.78688230989947,0.8355624815527015,0.0,0.010430956223899557,0.010430956223077104,8.22453216642316e-13
7560.0,375.2078843691159,0.019862918070189205,8.803258699594814,25.63327921727737,25.63327921727737,60.526714229211535,4.73293605055375,0.0037535439936126594,0.9636123716486872,twophase,twophase,26.371047645430405,26.671997550324406,2854.8465513259916,43.38962394849568,0.8372645147076228,0.0,0.010430956223899557,0.010430956223075327,8.242295734817162e-13
7580.0,374.90620697036115,0.0198662092863219,9.200582885321252,25.629312150221587,25.629312150221587,60.40396502184207,4.739144824427017,0.003923718873486505,0.9614161763512634,twophase,twophase,26.371971928880292,26.673289811394,2854.8465513259916,42.99229976276924,0.8389659519477406,0.0,0.010430956223899557,0.01043095622307355,8.260059303211165e-13
7600.0,374.60529119413735,0.01986970000186643,9.59797688535858,25.62535286648403,25.62535286648403,60.28175667296422,4.745460149770525,0.004093520578834223,0.9592049624257639,twophase,twophase,26.372884381113398,26.67456538934456,2854.8465513259916,42.59490576273191,0.8406667757029026,0.0,0.010430956223899557,0.010430956223071775,8.277822871605167e-13
7620.0,374.305139051027,0.01987339421993255,9.995444769757231,25.621401406414456,25.621401406414456,60.160086801847534,4.751884452860251,0.004262948977876699,0.9569784181941372,twophase,twophase,26.373785049026218,26.67582397993515,2854.8465513259916,42.19743787833326,0.8423669696967834,0.0,0.010430956223899557,0.010430956223071775,8.277822871605167e-13
7640.0,374.0057498619073,0.019877295684563555,10.392990683448502,25.61745777497952,25.61745777497952,60.0389539084761,4.758419879383082,0.004432002800291715,0.9547362938850708,twophase,twophase,26.374673979481674,26.67706622745607,2854.8465513259916,41.79989196464199,0.8440665054427834,0.0,0.010430956223899557,0.010430956223075327,8.242295734817162e-13
7660.0,373.7071247218999,0.019881408072158192,10.790618844891666,25.61352200051288,25.61352200051288,59.91835598660749,4.765068873500291,0.004600681446745924,0.9524782877625664,twophase,twophase,26.375551219335108,26.678292178567652,2854.8465513259916,41.40226380319883,0.8457653615745847,0.0,0.010430956223899557,0.01043095622307355,8.260059303211165e-13
7680.0,373.4092650075451,0.01988573553927413,11.188333555677149,25.609594115089156,25.609594115089156,59.79829099320736,4.771833991057836,0.004768984380334232,0.9502040834850257,twophase,twophase,26.376416815388772,26.679501801063946,2854.8465513259916,41.00454909241334,0.8474635173390537,0.0,0.010430956223899557,0.010430956223069998,8.29558643999917e-13
7700.0,373.1121721536619,0.019890282376384773,11.586139203204844,25.605674151589014,25.605674151589014,59.67875691857533,4.778717874227176,0.0049369110346012424,0.9479133554695228,twophase,twophase,26.377270814393704,26.680695061706583,2854.8465513259916,40.606743444885645,0.8491609516114823,0.0,0.010430956223899557,0.010430956223068222,8.313350008393172e-13
7720.0,372.8158476553124,0.019895053013667674,11.984040263478198,25.601762143726983,25.601762143726983,59.559751786568306,4.78572325538377,0.005104460812805546,0.9456057685142507,twophase,twophase,26.37811326305164,26.681871926106417,2854.8465513259916,40.20884238461229,0.8508576428855472,0.0,0.010430956223899557,0.010430956223066445,8.331113576787175e-13
7740.0,372.52029306996997,0.019900052027124193,12.382041304020682,25.597858126082023,25.597858126082023,59.441273654837374,4.792852961213006,0.005271633087161057,0.9432809773996397,twophase,twophase,26.37894420801697,26.683032358577798,2854.8465513259916,39.81084134406981,0.8525535692629568,0.0,0.010430956223899557,0.010430956223068222,8.313350008393172e-13
7760.0,372.2255100198385,0.019905284145058655,12.780146986921855,25.59396213413022,25.59396213413022,59.323320615055344,4.800109917062103,0.005438427198087838,0.9409386264660237,twophase,twophase,26.379763695898724,26.68417632195529,2854.8465513259916,39.41273566116863,0.8542487084431136,0.0,0.010430956223899557,0.010430956223066445,8.331113576787175e-13
7780.0,371.9315001944239,0.019910754254949925,13.178362072020853,25.590074204280842,25.590074204280842,59.20589079313165,4.807497151561811,0.005604842453476685,0.9385783491651498,twophase,twophase,26.380571773262602,26.685303777357422,2854.8465513259916,39.014520576069636,0.8559430377128399,0.0,0.010430956223899557,0.010430956223068222,8.313350008393172e-13
7800.0,371.6382653534044,0.019916467410762806,13.57669142023611,25.58619437391651,25.58619437391651,59.08898234938833,4.815017801546719,0.005770878128005307,0.9361997675819191,twophase,twophase,26.381368486633036,26.68641468387308,2854.8465513259916,38.61619122785438,0.8576365339365563,0.0,0.010430956223899557,0.010430956223068222,8.313350008393172e-13
7820.0,371.34580732991793,0.019922428840751395,13.975139997051137,25.58232268143899,25.58232268143899,58.972593478673595,4.822675117312383,0.005936533462539949,0.9338024919211882,twophase,twophase,26.382153882495277,26.687508998130575,2854.8465513259916,38.21774265103935,0.8593291735472709,0.0,0.010430956223899557,0.010430956223068222,8.313350008393172e-13
7840.0,371.05412803450275,0.019928643955841797,14.373712876167973,25.57845916632371,25.57845916632371,58.85672241035045,4.830472468264004,0.006101807663711798,0.9313861199516561,twophase,twophase,26.382928007297494,26.688586673679946,2854.8465513259916,37.81916977192252,0.8610209325393187,0.0,0.010430956223899557,0.010430956223069998,8.29558643999917e-13
7860.0,370.7632294600369,0.01993511835871562,14.772415243342286,25.57460386918782,25.57460386918782,58.741367408069905,4.838413349041884,0.006266699903798924,0.9289502363933412,twophase,twophase,26.38369090745286,26.68964766005972,2854.8465513259916,37.4204674047482,0.8627117864642314,0.0,0.010430956223899557,0.010430956223066445,8.331113576787175e-13
7880.0,370.4731136884442,0.019941857853819033,15.171252400418666,25.570756831881678,25.570756831881678,58.62652676910761,4.846501386275455,0.006431209321230617,0.9264944122230758,twophase,twophase,26.384442629341585,26.690691901288513,2854.8465513259916,37.02163024767182,0.8644017104330867,0.0,0.010430956223899557,0.010430956223068222,8.313350008393172e-13
7900.0,370.1837811929243,0.019948980702970066,15.570232014478067,25.566918074960288,25.566918074960288,58.5121981778866,4.854740394772794,0.006595335949730716,0.9240181892809666,twophase,twophase,26.385183219297513,26.691719333171015,2854.8465513259916,36.62265063361242,0.8660906886783134,0.0,0.010430956223899557,0.010430956223069998,8.29558643999917e-13
7920.0,369.89523001662116,0.019956662292271155,15.96936526032349,25.563087586718336,25.563087586718336,58.39837839251719,4.863134416414903,0.006759081179233589,0.9215210711346128,twophase,twophase,26.38591272350853,26.69272987774704,2854.8465513259916,36.223517387767,0.8677787193909684,0.0,0.010430956223899557,0.010430956223066445,8.331113576787175e-13
7940.0,369.60746242124657,0.01996464404013585,16.368658141126208,25.55926541143405,25.55926541143405,58.28506572864274,4.8716875464983485,0.006922444183035037,0.919002577522001,twophase,twophase,26.386631188065138,26.693723429841523,2854.8465513259916,35.82422450696428,0.8694657779387882,0.0,0.010430956223899557,0.010430956223064669,8.348877145181177e-13
7960.0,369.3204812797191,0.019972913696003226,16.768116415046272,25.555451601569324,25.555451601569324,58.17225858492946,4.880404069886045,0.007085424026727133,0.9164622073802727,twophase,twophase,26.387338659030295,26.694699802137233,2854.8465513259916,35.42476623304422,0.8711518385001558,0.0,0.010430956223899557,0.010430956223068222,8.313350008393172e-13
7980.0,369.0342902296485,0.01998147845369296,17.16774598412013,25.551646219832737,25.551646219832737,58.05995521003666,4.889288552097938,0.007248020001908826,0.9138994218416103,twophase,twophase,26.388035182420268,26.695658572766167,2854.8465513259916,35.02513666397036,0.872836877545634,0.0,0.010430956223899557,0.010430956223068222,8.313350008393172e-13
8000.0,368.7488895875812,0.019990345296640476,17.56755289005294,25.54784928483561,25.54784928483561,57.948154875876234,4.898345169477911,0.007410229961110637,0.9113137699096937,twophase,twophase,26.388720804260505,26.69660050630662,2854.8465513259916,34.625329758037545,0.8745208561776745,0.0,0.010430956223899557,0.010430956223064669,8.348877145181177e-13
8020.0,368.464281770559,0.019999521115598284,17.967543312364906,25.544060843158167,25.544060843158167,57.83685631094497,4.907578605756359,0.007572052527509397,0.9087047214039703,twophase,twophase,26.389395570627627,26.697525666862738,2854.8465513259916,34.22533933572558,0.8762037435699584,0.0,0.010430956223899557,0.010430956223064669,8.348877145181177e-13
8040.0,368.18046960053516,0.020009013621583627,18.36772358479658,25.540280946836475,25.540280946836475,57.72605819856194,4.916993788137414,0.007733486396609292,0.9060717176962159,twophase,twophase,26.390059527592914,26.698434011397545,2854.8465513259916,33.8251590632939,0.8778855095501779,0.0,0.010430956223899557,0.010430956223061116,8.384404281969182e-13
8060.0,367.8974560049565,0.02001883082911764,18.76810020137893,25.536509649385664,25.536509649385664,57.615759265329274,4.926595848143476,0.007894530210789426,0.9034141800713492,twophase,twophase,26.390712721225523,26.699325495171696,2854.8465513259916,33.42478244671155,0.8795661232648714,0.0,0.010430956223899557,0.010430956223064669,8.348877145181177e-13
8080.0,367.61524402115134,0.020028981072308837,19.16867982282511,25.53274700586176,25.53274700586176,57.50595828200002,4.936390132904112,0.008055182557485219,0.9007315087221618,twophase,twophase,26.39135519759581,26.700200071540454,2854.8465513259916,33.02420282526538,0.881245553155666,0.0,0.010430956223899557,0.010430956223064669,8.348877145181177e-13
8100.0,367.3338368010418,0.02003947302205198,19.569469283266148,25.528993072927975,25.528993072927975,57.396654064350905,4.946382217247835,0.008215441967350804,0.8980230816759347,twophase,twophase,26.391987002778755,26.70105769169795,2854.8465513259916,32.62341336482434,0.8829237669351042,0.0,0.010430956223899557,0.010430956223064669,8.348877145181177e-13
8120.0,367.0532376163207,0.02005031570444178,19.970475597354984,25.525247908927415,25.525247908927415,57.287845474086026,4.95657791667691,0.008375306912364749,0.8952882536455176,twophase,twophase,26.392608182857476,26.701898304345956,2854.8465513259916,32.222407050735505,0.8846007315616589,0.0,0.010430956223899557,0.010430956223068222,8.313350008393172e-13
8140.0,366.77344986414215,0.020061518520539855,20.37170596776578,25.521511573962876,25.521511573962876,57.17953141970736,4.96698330131896,0.008534775803974097,0.8925263547954345,twophase,twophase,26.393218783926855,26.702721855250545,2854.8465513259916,31.821176680324708,0.8862764132149148,0.0,0.010430956223899557,0.010430956223068222,8.313350008393172e-13
8160.0,366.4944770735916,0.02007309126765442,20.77316779311887,25.517784129987163,25.517784129987163,57.07171085734461,4.977604710974894,0.00869384699129077,0.8897366894101905,twophase,twophase,26.393818852097258,26.703528286624522,2854.8465513259916,31.41971485497162,0.8879507772710498,0.0,0.010430956223899557,0.010430956223068222,8.313350008393172e-13
8180.0,366.21632291321384,0.020085044162354036,21.17486867636595,25.514065640907976,25.514065640907976,56.96438279144916,4.988448771421816,0.008852518759484543,0.8869185344457888,twophase,twophase,26.394408433498317,26.704317536223787,2854.8465513259916,31.01801397172454,0.8896237882801179,0.0,0.010430956223899557,0.010430956223068222,8.313350008393172e-13
8200.0,365.93899120027646,0.02009738786553914,21.576816433676733,25.510356172716097,25.510356172716097,56.857546275187026,4.999522412207999,0.009010789328626053,0.8840711379330146,twophase,twophase,26.39498757428277,26.705089535940065,2854.8465513259916,30.616066214413756,0.8912954099477812,0.0,0.010430956223899557,0.010430956223068222,8.313350008393172e-13
8220.0,365.66248591315104,0.020110133510118366,21.9790191038791,25.50665579365588,25.50665579365588,56.75120041020127,5.010832886350123,0.009168656853486667,0.881193717172306,twophase,twophase,26.39555632063028,26.705844209421883,2854.8465513259916,30.21386354421139,0.8929656051268016,0.0,0.010430956223899557,0.010430956223068222,8.313350008393172e-13
8240.0,365.3868112101321,0.020123292732381337,22.381484958526727,25.502964574482288,25.502964574482288,56.64534434485372,5.022387792797478,0.009326119425657791,0.8782854565824417,twophase,twophase,26.396114718751097,26.706581467564636,2854.8465513259916,29.811397689563762,0.8946343358326111,0.0,0.010430956223899557,0.010430956223068222,8.313350008393172e-13
8260.0,365.1119714649714,0.020136877709830435,22.784222512723336,25.4992825889428,25.4992825889428,56.53997726824689,5.034195104072593,0.0094831750821175,0.8753455047992653,twophase,twophase,26.39666281488918,26.70730119831484,2854.8465513259916,29.408660135367153,0.8963015633263814,0.0,0.010430956223899557,0.010430956223068222,8.313350008393172e-13
8280.0,364.83797136571854,0.020150901215304096,23.187240537029417,25.49560991510945,25.49560991510945,56.43509838760493,5.046263209520248,0.009639821839185223,0.8723729692277343,twophase,twophase,26.397200655323623,26.708003234581394,2854.8465513259916,29.00564211106107,0.8979672484649753,0.0,0.010430956223899557,0.010430956223068222,8.313350008393172e-13
8300.0,364.5648164170398,0.02016537676681036,23.590548072365625,25.491946642127573,25.491946642127573,56.33070679816805,5.058601049344484,0.009796057890318005,0.8693668949981973,twophase,twophase,26.397728286360344,26.70868718177306,2854.8465513259916,28.602334575724864,0.8996313537755192,0.0,0.010430956223899557,0.010430956223068222,8.313350008393172e-13
8320.0,364.29251049028767,0.020180318475260074,23.994154441870826,25.48829283736188,25.48829283736188,56.22680214974904,5.071217610412023,0.009951880596174554,0.8663263558001308,twophase,twophase,26.398245754341325,26.70935327625544,2854.8465513259916,28.198728206219663,0.9012938328059255,0.0,0.010430956223899557,0.010430956223068222,8.313350008393172e-13
8340.0,364.02105690206434,0.020195740122144555,24.398069244313717,25.48464856082172,25.48464856082172,56.123384346382984,5.0841221676406185,0.010107286927498526,0.8632504129696997,twophase,twophase,26.398753105736496,26.71000200707397,2854.8465513259916,27.79481340377677,0.9029546347953581,0.0,0.010430956223899557,0.010430956223068222,8.313350008393172e-13
8360.0,363.7504607258121,0.02021165672198162,24.80230237875335,25.48101389619847,25.48101389619847,56.02045293308158,5.097324823796947,0.010262274399541676,0.8601380244980561,twophase,twophase,26.399250387101063,26.71063331326089,2854.8465513259916,27.39058026933714,0.9046137145035775,0.0,0.010430956223899557,0.010430956223068222,8.313350008393172e-13
8380.0,363.4807272373381,0.02022808426221747,25.2068640639977,25.477388930030177,25.477388930030177,55.91800752373627,5.110836207466097,0.010416840425235815,0.8569881013289169,twophase,twophase,26.399737645061812,26.711247130995172,2854.8465513259916,26.98601858409279,0.906271025384019,0.0,0.010430956223899557,0.010430956223068222,8.313350008393172e-13
8400.0,363.21186192515887,0.020245039530818687,25.611764854614073,25.473773751846903,25.473773751846903,55.81604780358157,5.12466750959606,0.01057098231060506,0.8537995044069583,twophase,twophase,26.400214926323436,26.711843393244017,2854.8465513259916,26.581117793476416,0.907926519525375,0.0,0.010430956223899557,0.010430956223068222,8.313350008393172e-13
8420.0,362.94387050170377,0.020262540170471334,26.0170156580235,25.470168454327897,25.470168454327897,55.714573531781056,5.138830523290685,0.010724697249960485,0.8505710414796059,twophase,twophase,26.4006822776751,26.712422029300026,2854.8465513259916,26.17586699006699,0.909580147590295,0.0,0.010430956223899557,0.010430956223068222,8.313350008393172e-13
8440.0,362.67675891565545,0.020280604737560458,26.42262775277471,25.466573133474583,25.466573133474583,55.613584544106466,5.1533376872337335,0.01087798232092413,0.8473014636218932,twophase,twophase,26.40113974599729,26.712982964161426,2854.8465513259916,25.77025489531578,0.9112318587516426,0.0,0.010430956223899557,0.010430956223068222,8.313350008393172e-13
8460.0,362.4105333657118,0.02029925276651685,26.828612808105046,25.46298788880308,25.46298788880308,55.51308075565716,5.168202133202223,0.011030834479366574,0.8439894614457831,twophase,twophase,26.40158737826897,26.713526117663488,2854.8465513259916,25.364269839985443,0.912881600627136,0.0,0.010430956223899557,0.010430956223068222,8.313350008393172e-13
8480.0,362.14520031635743,0.020318504840281016,27.234982904910666,25.459412823564353,25.459412823564353,55.41306216354464,5.183437738248091,0.01118325055438197,0.8406336609409529,twophase,twophase,26.402025221574963,26.714051403189636,2854.8465513259916,24.957899743179823,0.9145293192136069,0.0,0.010430956223899557,0.010430956223068222,8.313350008393172e-13
8500.0,361.88076651668763,0.020338382667893208,27.64175055826853,25.45584804500605,25.45584804500605,55.31352884927824,5.199059182340935,0.011335227243726317,0.8372326188653141,twophase,twophase,26.402453323113594,26.714558725612164,2854.8465513259916,24.55113208982196,0.916174958825268,0.0,0.010430956223899557,0.010430956223068222,8.313350008393172e-13
8520.0,361.61723902468265,0.020358909170781203,28.048928741684154,25.45229366470864,25.45229366470864,55.2144809803179,5.215082012733633,0.01148676111058716,0.8337848175353185,twophase,twophase,26.402871730204495,26.715047977656248,2854.8465513259916,24.143953906406335,0.9178184620449906,0.0,0.010430956223899557,0.010430956223068222,8.313350008393172e-13
8540.0,361.3546252434269,0.020380108580743617,28.456530913299027,25.448749799083643,25.448749799083643,55.115918809240235,5.231522717620007,0.011637848584206287,0.8302886586652295,twophase,twophase,26.403280490296304,26.71551903247781,2854.8465513259916,23.736351734791462,0.9194597697148749,0.0,0.010430956223899557,0.010430956223068222,8.313350008393172e-13
8560.0,361.09293299242694,0.020402006557544893,28.864571044449924,25.445216570347277,25.445216570347277,55.0178426647383,5.248398816835391,0.011788485973709812,0.8267424550845145,twophase,twophase,26.403679650973615,26.71597172438352,2854.8465513259916,23.328311603640564,0.9210988210638668,0.0,0.010430956223899557,0.010430956223068222,8.313350008393172e-13
8580.0,360.83217078917363,0.020424630362023778,29.2730636516904,25.44169411033775,25.44169411033775,54.92025289016859,5.265729022920491,0.01193866956658242,0.8231444118482918,twophase,twophase,26.40406925996022,26.716405756556583,2854.8465513259916,22.91981899640009,0.9227355547199155,0.0,0.010430956223899557,0.010430956223068222,8.313350008393172e-13
8600.0,360.5723477533532,0.02044800922769152,29.68202383624423,25.438182559242602,25.438182559242602,54.823149882301365,5.28353330537457,0.012088395568322446,0.8194926242405429,twophase,twophase,26.4044493651065,26.716820742628876,2854.8465513259916,22.51085881184626,0.9243699080546236,0.0,0.010430956223899557,0.010430956223068222,8.313350008393172e-13
8620.0,360.31346993970845,0.02047217302274351,30.0914672966991,25.434682016018126,25.434682016018126,54.72653502885651,5.301831877326814,0.012237658587038772,0.8157852487780658,twophase,twophase,26.404820014476368,26.717217494605997,2854.8465513259916,22.10141535139139,0.9260018013061959,0.0,0.010430956223899557,0.010430956223068222,8.313350008393172e-13
8640.0,360.0555460991406,0.02049715316854108,30.501410360069922,25.43119261624371,25.43119261624371,54.63040924236618,5.320646991016564,0.012386453984583688,0.8120202216604661,twophase,twophase,26.405181256378235,26.71759600883044,2854.8465513259916,21.691472288020567,0.9276311621818784,0.0,0.010430956223899557,0.010430956223068222,8.313350008393172e-13
8660.0,360.0275324648,0.0034183206357637276,30.569776772785197,25.43081351979319,25.43081351979319,54.61487304370538,5.323288101147297,0.012410683895342278,0.8115135304531068,twophase,twophase,26.40553615909668,26.71796222360221,2854.8465513259916,21.623105875305292,0.9278950438173454,0.0,0.010430956223899557,0.010430956223068222,8.313350008393172e-13
8680.0,360.0454032927974,0.0,30.569776772785197,25.43105536040426,25.43105536040426,54.615402655934965,5.322623895601897,0.012410047771918458,0.811666862251241,twophase,twophase,26.405890785433815,26.718328186779683,2854.8465513259916,21.623105875305292,0.9278860459057843,0.0,0.010430956223899557,0.010430956223068222,8.313350008393172e-13
8700.0,360.0632762654619,0.0,30.569776772785197,25.431297221610922,25.431297221610922,54.61593231538837,5.321959809637391,0.012409411486696342,0.8118202192969977,twophase,twophase,26.406245136024786,26.718693893280598,2854.8465513259916,21.623105875305292,0.9278770473664376,0.0,0.010430956223899557,0.010430956223068222,8.313350008393172e-13
8720.0,360.08115137784023,0.0,30.569776772785197,25.43153910334383,25.43153910334383,54.61646202182231,5.321295843359842,0.01240877503996629,0.8119736015601654,twophase,twophase,26.406599211597296,26.719059343779826,2854.8465513259916,21.623105875305292,0.9278680482034801,0.0,0.010430956223899557,0.010430956223068222,8.313350008393172e-13
8740.0,360.09902862538723,0.0,30.569776772785197,25.43178100553918,25.43178100553918,54.616991775127985,5.320631996880711,0.012408138431810817,0.8121270090105814,twophase,twophase,26.4069530128771,26.719424538950406,2854.8465513259916,21.623105875305292,0.9278590484188016,0.0,0.010430956223899557,0.010430956223068222,8.313350008393172e-13
8760.0,360.1169080035628,0.0,30.569776772785197,25.43202292813323,25.43202292813323,54.61752157519496,5.31996827031086,0.012407501662315204,0.8122804416181599,twophase,twophase,26.40730654058801,26.719789479463575,2854.8465513259916,21.623105875305292,0.9278500480143194,0.0,0.010430956223899557,0.010430956223068222,8.313350008393172e-13
8780.0,360.1347895078517,0.0,30.569776772785197,25.432264871062586,25.432264871062586,54.618051421918736,5.3193046637608425,0.012406864731555677,0.8124338993528939,twophase,twophase,26.407659795451906,26.72015416598876,2854.8465513259916,21.623105875305292,0.9278410469918497,0.0,0.010430956223899557,0.010430956223068222,8.313350008393172e-13
8800.0,360.1526731337368,0.0,30.569776772785197,25.432506834263855,25.432506834263855,54.61858131518952,5.31864117734053,0.012406227639617039,0.8125873821848552,twophase,twophase,26.40801277818874,26.720518599193582,2854.8465513259916,21.623105875305292,0.9278320453532988,0.0,0.010430956223899557,0.010430956223068222,8.313350008393172e-13
8820.0,360.17055887672365,0.0,30.569776772785197,25.432748817673946,25.432748817673946,54.61911125490139,5.317977811159454,0.01240559038657815,0.812740890084192,twophase,twophase,26.408365489516544,26.720882779743874,2854.8465513259916,21.623105875305292,0.927823043100507,0.0,0.010430956223899557,0.010430956223068222,8.313350008393172e-13
8840.0,360.1884467323219,0.0,30.569776772785197,25.43299082122983,25.43299082122983,54.619641240944766,5.31731456532653,0.012404952972523935,0.8128944230211327,twophase,twophase,26.408717930151422,26.72124670830367,2854.8465513259916,21.623105875305292,0.9278140402353766,0.0,0.010430956223899557,0.010430956223068222,8.313350008393172e-13
8860.0,360.20633669605826,0.0,30.569776772785197,25.4332328448687,25.4332328448687,54.62017127321403,5.3166514399502605,0.012404315397533314,0.8130479809659806,twophase,twophase,26.409070100807572,26.72161038553522,2854.8465513259916,21.623105875305292,0.9278050367597422,0.0,0.010430956223899557,0.010430956223068222,8.313350008393172e-13
8880.0,360.2242287634671,0.0,30.569776772785197,25.43347488852792,25.43347488852792,54.62070135160362,5.315988435138634,0.012403677661685276,0.8132015638891186,twophase,twophase,26.40942200219728,26.72197381209899,2854.8465513259916,21.623105875305292,0.9277960326754378,0.0,0.010430956223899557,0.010430956223068222,8.313350008393172e-13
8900.0,360.2421229300988,0.0,30.569776772785197,25.433716952145,25.433716952145,54.6212314760072,5.31532555099917,0.012403039765060317,0.8133551717610046,twophase,twophase,26.409773635030934,26.722336988653673,2854.8465513259916,21.623105875305292,0.9277870279843099,0.0,0.010430956223899557,0.010430956223068222,8.313350008393172e-13
8920.0,360.2600191915138,0.0,30.569776772785197,25.43395903565767,25.43395903565767,54.621761646318475,5.314662787638922,0.012402401707739163,0.813508804552175,twophase,twophase,26.41012500001702,26.722699915856182,2854.8465513259916,21.623105875305292,0.9277780226882045,0.0,0.010430956223899557,0.010430956223068222,8.313350008393172e-13
8940.0,360.2779175432856,0.0,30.569776772785197,25.43420113900378,25.43420113900378,54.622291862429286,5.314000145164425,0.01240176348980559,0.8136624622332441,twophase,twophase,26.410476097862123,26.723062594361668,2854.8465513259916,21.623105875305292,0.927769016788999,0.0,0.010430956223899557,0.010430956223068222,8.313350008393172e-13
8960.0,360.29581798099457,0.0,30.569776772785197,25.43444326212133,25.43444326212133,54.622822124238326,5.313337623681731,0.012401125111332829,0.8138161447748989,twophase,twophase,26.410826929270957,26.72342502482352,2854.8465513259916,21.623105875305292,0.9277600102884543,0.0,0.010430956223899557,0.010430956223068222,8.313350008393172e-13
8980.0,360.3137205002397,0.0,30.569776772785197,25.434685404948553,25.434685404948553,54.62335243163714,5.312675223296449,0.01240048657240568,0.813969852147907,twophase,twophase,26.41117749494634,26.723787207893363,2854.8465513259916,21.623105875305292,0.9277510031884528,0.0,0.010430956223899557,0.010430956223068222,8.313350008393172e-13
9000.0,360.3316250966262,0.0,30.569776772785197,25.43492756742378,25.43492756742378,54.62388278452185,5.312012944113675,0.012399847873101924,0.8141235843231093,twophase,twophase,26.411527795589215,26.724149144221073,2854.8465513259916,21.623105875305292,0.9277419954907983,0.0,0.010430956223899557,0.010430956223068222,8.313350008393172e-13
9020.0,360.34953176577494,0.0,30.569776772785197,25.435169749485578,25.435169749485578,54.62441318278951,5.311350786238082,0.01239920901349801,0.814277341271423,twophase,twophase,26.411877831898654,26.724510834454776,2854.8465513259916,21.623105875305292,0.9277329871972794,0.0,0.010430956223899557,0.010430956223068222,8.313350008393172e-13
9040.0,360.36744050331646,0.0,30.569776772785197,25.43541195107262,25.43541195107262,54.624943626332715,5.310688749773804,0.012398569993677805,0.8144311229638432,twophase,twophase,26.41222760457186,26.724872279240856,2854.8465513259916,21.623105875305292,0.9277239783097602,0.0,0.010430956223899557,0.010430956223068222,8.313350008393172e-13
9060.0,360.3853513048911,0.0,30.569776772785197,25.43565417212376,25.43565417212376,54.625474115050686,5.3100268348245345,0.0123979308137148,0.8145849293714376,twophase,twophase,26.412577114304174,26.725233479223952,2854.8465513259916,21.623105875305292,0.9277149688299916,0.0,0.010430956223899557,0.010430956223068222,8.313350008393172e-13
9080.0,360.40326416615335,0.0,30.569776772785197,25.435896412578014,25.435896412578014,54.62600464883591,5.309365041493479,0.012397291473693436,0.8147387604653513,twophase,twophase,26.412926361789076,26.72559443504698,2854.8465513259916,21.623105875305292,0.9277059587598394,0.0,0.010430956223899557,0.010430956223068222,8.313350008393172e-13
9100.0,360.4211790827712,0.0,30.569776772785197,25.436138672374618,25.436138672374618,54.62653522758811,5.308703369883437,0.012396651973686982,0.8148926162168039,twophase,twophase,26.413275347718198,26.72595514735111,2854.8465513259916,21.623105875305292,0.927696948101046,0.0,0.010430956223899557,0.010430956223068222,8.313350008393172e-13
9120.0,360.4390960504208,0.0,30.569776772785197,25.436380951452904,25.436380951452904,54.627065851203085,5.30804182009667,0.012396012313774976,0.8150464965970895,twophase,twophase,26.41362407278132,26.726315616775803,2854.8465513259916,21.623105875305292,0.9276879368554202,0.0,0.010430956223899557,0.010430956223068222,8.313350008393172e-13
9140.0,360.4570150647879,0.0,30.569776772785197,25.436623249752373,25.436623249752373,54.62759651957758,5.307380392234975,0.012395372494035856,0.8152004015775776,twophase,twophase,26.41397253766638,26.726675843958787,2854.8465513259916,21.623105875305292,0.9276789250247548,0.0,0.010430956223899557,0.010430956223068222,8.313350008393172e-13
9160.0,360.4749361215762,0.0,30.569776772785197,25.436865567212735,25.436865567212735,54.62812723260865,5.306719086399732,0.012394732514547705,0.8153543311297122,twophase,twophase,26.414320743059474,26.72703582953608,2854.8465513259916,21.623105875305292,0.9276699126108372,0.0,0.010430956223899557,0.010430956223068222,8.313350008393172e-13
9180.0,360.49285921649147,0.0,30.569776772785197,25.437107903773764,25.437107903773764,54.62865799019298,5.306057902691757,0.01239409237538937,0.8155082852250116,twophase,twophase,26.414668689644873,26.72739557414199,2854.8465513259916,21.623105875305292,0.927660899615461,0.0,0.010430956223899557,0.010430956223068222,8.313350008393172e-13
9200.0,360.51078434526175,0.0,30.569776772785197,25.437350259375542,25.437350259375542,54.629188792230885,5.3053968412115555,0.012393452076634344,0.8156622638350677,twophase,twophase,26.415016378105015,26.727755078409114,2854.8465513259916,21.623105875305292,0.9276518860403579,0.0,0.010430956223899557,0.010430956223068222,8.313350008393172e-13
9220.0,360.52871150361887,0.0,30.569776772785197,25.4375926339582,25.4375926339582,54.62971963861812,5.304735902059049,0.012392811618363404,0.8158162669315476,twophase,twophase,26.415363809120514,26.728114342968354,2854.8465513259916,21.623105875305292,0.927642871887337,0.0,0.010430956223899557,0.010430956223068222,8.313350008393172e-13
9240.0,360.5466406873088,0.0,30.569776772785197,25.437835027462082,25.437835027462082,54.630250529254745,5.304075085333763,0.0123921710006508,0.8159702944861909,twophase,twophase,26.415710983370165,26.728473368448906,2854.8465513259916,21.623105875305292,0.9276338571581338,0.0,0.010430956223899557,0.010430956223068222,8.313350008393172e-13
9260.0,360.5645718920867,0.0,30.569776772785197,25.438077439827648,25.438077439827648,54.630781464037256,5.303414391134707,0.012391530223576608,0.8161243464708118,twophase,twophase,26.41605790153095,26.72883215547828,2854.8465513259916,21.623105875305292,0.927624841854545,0.0,0.010430956223899557,0.010430956223068222,8.313350008393172e-13
9280.0,360.582505113722,0.0,30.569776772785197,25.43831987099557,25.43831987099557,54.631312442865784,5.302753819560499,0.012390889287215464,0.8162784228572972,twophase,twophase,26.416404564278047,26.729190704682296,2854.8465513259916,21.623105875305292,0.9276158259783044,0.0,0.010430956223899557,0.010430956223068222,8.313350008393172e-13
9300.0,360.60044034799256,0.0,30.569776772785197,25.438562320906637,25.438562320906637,54.631843465638845,5.3020933707092475,0.012390248191644613,0.8164325236176072,twophase,twophase,26.41675097228482,26.729549016685088,2854.8465513259916,21.623105875305292,0.9276068095311739,0.0,0.010430956223899557,0.010430956223068222,8.313350008393172e-13
9320.0,360.61837759068743,0.0,30.569776772785197,25.43880478950181,25.43880478950181,54.63237453225696,5.30143304467862,0.012389606936938519,0.8165866487237762,twophase,twophase,26.41709712622284,26.729907092109116,2854.8465513259916,21.623105875305292,0.927597792514881,0.0,0.010430956223899557,0.010430956223068222,8.313350008393172e-13
9340.0,360.63631683761554,0.0,30.569776772785197,25.4390472767223,25.4390472767223,54.632905642618304,5.300772841565938,0.012388965523175546,0.8167407981479095,twophase,twophase,26.41744302676188,26.73026493157516,2854.8465513259916,21.623105875305292,0.9275887749311928,0.0,0.010430956223899557,0.010430956223068222,8.313350008393172e-13
9360.0,360.65425808458315,0.0,30.569776772785197,25.439289782509306,25.439289782509306,54.633436796624764,5.300112761467887,0.012388323950428305,0.8168949718621857,twophase,twophase,26.417788674569934,26.730622535702334,2854.8465513259916,21.623105875305292,0.9275797567818133,0.0,0.010430956223899557,0.010430956223068222,8.313350008393172e-13
9380.0,360.6722013274166,0.0,30.569776772785197,25.43953230680432,25.43953230680432,54.63396799417613,5.2994528044808416,0.01238768221877298,0.8170491698388564,twophase,twophase,26.418134070313197,26.730979905108086,2854.8465513259916,21.623105875305292,0.9275707380684817,0.0,0.010430956223899557,0.010430956223068222,8.313350008393172e-13
9400.0,360.69014656194554,0.0,30.569776772785197,25.43977484954888,25.43977484954888,54.63449923516988,5.298792970700602,0.012387040328289682,0.817203392050246,twophase,twophase,26.41847921465609,26.7313370404082,2854.8465513259916,21.623105875305292,0.9275617187929769,0.0,0.010430956223899557,0.010430956223068222,8.313350008393172e-13
9420.0,360.70809378402356,0.0,30.569776772785197,25.44001741068482,25.44001741068482,54.63503051951004,5.298133260222694,0.012386398279048375,0.8173576384687484,twophase,twophase,26.418824108261262,26.731693942216808,2854.8465513259916,21.623105875305292,0.9275526989569663,0.0,0.010430956223899557,0.010430956223068222,8.313350008393172e-13
9440.0,360.7260429895013,0.0,30.569776772785197,25.440259990153994,25.440259990153994,54.635561847096504,5.297473673142023,0.01238575607112569,0.8175119090668325,twophase,twophase,26.419168751789588,26.732050611146388,2854.8465513259916,21.623105875305292,0.9275436785621869,0.0,0.010430956223899557,0.010430956223068222,8.313350008393172e-13
9460.0,360.743994174251,0.0,30.569776772785197,25.440502587898514,25.440502587898514,54.63609321782977,5.296814209553182,0.012385113704597635,0.8176662038170364,twophase,twophase,26.419513145900176,26.732407047807772,2854.8465513259916,21.623105875305292,0.9275346576103658,0.0,0.010430956223899557,0.010430956223068222,8.313350008393172e-13
9480.0,360.76194733415093,0.0,30.569776772785197,25.440745203860626,25.440745203860626,54.63662463161215,5.296154869550279,0.012384471179537492,0.8178205226919719,twophase,twophase,26.419857291250374,26.732763252810148,2854.8465513259916,21.623105875305292,0.9275256361031988,0.0,0.010430956223899557,0.010430956223068222,8.313350008393172e-13
9500.0,360.7799024650882,0.0,30.569776772785197,25.440987837982647,25.440987837982647,54.63715608834438,5.295495653226905,0.012383828496021211,0.8179748656643203,twophase,twophase,26.42020118849577,26.733119226761065,2854.8465513259916,21.623105875305292,0.9275166140424088,0.0,0.010430956223899557,0.010430956223068222,8.313350008393172e-13
9520.0,360.79785956296763,0.0,30.569776772785197,25.441230490207193,25.441230490207193,54.6376875879297,5.29483656067636,0.01238318565412113,0.8181292327068345,twophase,twophase,26.42054483829021,26.73347497026644,2854.8465513259916,21.623105875305292,0.9275075914296758,0.0,0.010430956223899557,0.010430956223068222,8.313350008393172e-13
9540.0,360.81581862369757,0.0,30.569776772785197,25.441473160476907,25.441473160476907,54.6382191302686,5.294177591991359,0.012382542653913994,0.818283623792339,twophase,twophase,26.420888241285784,26.733830483930554,2854.8465513259916,21.623105875305292,0.9274985682667258,0.0,0.010430956223899557,0.010430956223068222,8.313350008393172e-13
9560.0,360.8337796432043,0.0,30.569776772785197,25.441715848734685,25.441715848734685,54.63875071526652,5.293518747264309,0.012381899495469065,0.8184380388937276,twophase,twophase,26.421231398132843,26.73418576835607,2854.8465513259916,21.623105875305292,0.927489544555202,0.0,0.010430956223899557,0.010430956223068222,8.313350008393172e-13
9580.0,360.85174261741656,0.0,30.569776772785197,25.441958554923474,25.441958554923474,54.63928234282347,5.292860026587045,0.012381256178864273,0.8185924779839663,twophase,twophase,26.42157430948,26.734540824144027,2854.8465513259916,21.623105875305292,0.9274805202968384,0.0,0.010430956223899557,0.010430956223068222,8.313350008393172e-13
9600.0,360.8697075422808,0.0,30.569776772785197,25.44220127898646,25.44220127898646,54.63981401284194,5.2922014300510725,0.012380612704173965,0.8187469410360912,twophase,twophase,26.421916975974135,26.73489565189385,2854.8465513259916,21.623105875305292,0.9274714954933271,0.0,0.010430956223899557,0.010430956223068222,8.313350008393172e-13
9620.0,360.88767441375586,0.0,30.569776772785197,25.442444020867,25.442444020867,54.64034572522922,5.291542957747485,0.012379969071465062,0.8189014280232071,twophase,twophase,26.422259398260397,26.73525025220335,2854.8465513259916,21.623105875305292,0.927462470146279,0.0,0.010430956223899557,0.010430956223068222,8.313350008393172e-13
9640.0,360.90564322780074,0.0,30.569776772785197,25.442686780508485,25.442686780508485,54.64087747988438,5.2908846097668,0.012379325280817583,0.8190559389184914,twophase,twophase,26.422601576982217,26.735604625668728,2854.8465513259916,21.623105875305292,0.9274534442574437,0.0,0.010430956223899557,0.010430956223068222,8.313350008393172e-13
9660.0,360.9236139803932,0.0,30.569776772785197,25.442929557854526,25.442929557854526,54.64140927671163,5.290226386199205,0.012378681332303835,0.8192104736951887,twophase,twophase,26.422943512781302,26.735958772884587,2854.8465513259916,21.623105875305292,0.9274444178284844,0.0,0.010430956223899557,0.010430956223068222,8.313350008393172e-13
9680.0,360.9415866675225,0.0,30.569776772785197,25.44317235284893,25.44317235284893,54.64194111561795,5.289568287134484,0.01237803722599177,0.8193650323266145,twophase,twophase,26.423285206297646,26.736312694443924,2854.8465513259916,21.623105875305292,0.9274353908610161,0.0,0.010430956223899557,0.010430956223068222,8.313350008393172e-13
9700.0,360.9595612851884,0.0,30.569776772785197,25.443415165435635,25.443415165435635,54.64247299650442,5.288910312661978,0.012377392961959006,0.8195196147861538,twophase,twophase,26.423626658169532,26.73666639093815,2854.8465513259916,21.623105875305292,0.9274263633567547,0.0,0.010430956223899557,0.010430956223068222,8.313350008393172e-13
9720.0,360.97753782939566,0.0,30.569776772785197,25.44365799555868,25.44365799555868,54.64300491927799,5.288252462870551,0.012376748540273994,0.8196742210472605,twophase,twophase,26.423967869033536,26.73701986295708,2854.8465513259916,21.623105875305292,0.9274173353173155,0.0,0.010430956223899557,0.010430956223068222,8.313350008393172e-13
9740.0,360.9955162961642,0.0,30.569776772785197,25.443900843162297,25.443900843162297,54.643536883841584,5.2875947378486785,0.012376103961011837,0.8198288510834582,twophase,twophase,26.42430883952454,26.737373111088942,2854.8465513259916,21.623105875305292,0.927408306744383,0.0,0.010430956223899557,0.010430956223068222,8.313350008393172e-13
9760.0,361.01349668152454,0.0,30.569776772785197,25.444143708190854,25.444143708190854,54.64406889010265,5.286937137684414,0.012375459224240578,0.8199835048683379,twophase,twophase,26.42464957027572,26.737726135920386,2854.8465513259916,21.623105875305292,0.9273992776395639,0.0,0.010430956223899557,0.010430956223068222,8.313350008393172e-13
9780.0,361.03147898151036,0.0,30.569776772785197,25.444386590588792,25.444386590588792,54.64460093796128,5.286279662465282,0.012374814330040168,0.8201381823755626,twophase,twophase,26.424990061918567,26.73807893803648,2854.8465513259916,21.623105875305292,0.92739024800459,0.0,0.010430956223899557,0.010430956223068222,8.313350008393172e-13
9800.0,361.04946319218163,0.0,30.569776772785197,25.444629490300922,25.444629490300922,54.64513302732844,5.285622312278645,0.012374169278473651,0.8202928835788598,twophase,twophase,26.425330315082885,26.738431518020725,2854.8465513259916,21.623105875305292,0.9273812178410085,0.0,0.010430956223899557,0.010430956223068222,8.313350008393172e-13
9820.0,361.06744930959684,0.0,30.569776772785197,25.444872407272015,25.444872407272015,54.64566515810622,5.284965087211226,0.012373524069618173,0.8204476084520284,twophase,twophase,26.425670330396787,26.73878387645505,2854.8465513259916,21.623105875305292,0.927372187150517,0.0,0.010430956223899557,0.010430956223068222,8.313350008393172e-13
9840.0,361.08543732982383,0.0,30.569776772785197,25.445115341447,25.445115341447,54.64619733020358,5.284307987349357,0.012372878703540278,0.8206023569689331,twophase,twophase,26.42601010848672,26.73913601391981,2854.8465513259916,21.623105875305292,0.9273631559346962,0.0,0.010430956223899557,0.010430956223068222,8.313350008393172e-13
9860.0,361.10342724895014,0.0,30.569776772785197,25.445358292771065,25.445358292771065,54.64672954352505,5.283651012779055,0.012372233180313755,0.8207571291035091,twophase,twophase,26.42634964997745,26.73948793099382,2854.8465513259916,21.623105875305292,0.9273541241952025,0.0,0.010430956223899557,0.010430956223068222,8.313350008393172e-13
9880.0,361.1214190630606,0.0,30.569776772785197,25.445601261189367,25.445601261189367,54.64726179797475,5.2829941635857365,0.012371587500013107,0.8209119248297584,twophase,twophase,26.426688955492068,26.739839628254323,2854.8465513259916,21.623105875305292,0.9273450919336981,0.0,0.010430956223899557,0.010430956223068222,8.313350008393172e-13
9900.0,361.13941276826574,0.0,30.569776772785197,25.445844246647436,25.445844246647436,54.64779409346423,5.282337439854649,0.012370941662701473,0.8210667441217494,twophase,twophase,26.427028025652014,26.740191106277013,2854.8465513259916,21.623105875305292,0.92733605915172,0.0,0.010430956223899557,0.010430956223068222,8.313350008393172e-13
9920.0,361.1574083606716,0.0,30.569776772785197,25.446087249090724,25.446087249090724,54.64832642989701,5.281680841670381,0.01237029566845474,0.8212215869536198,twophase,twophase,26.427366861077054,26.74054236563604,2854.8465513259916,21.623105875305292,0.9273270258509408,0.0,0.010430956223899557,0.010430956223068222,8.313350008393172e-13
9940.0,361.1754058364071,0.0,30.569776772785197,25.446330268465026,25.446330268465026,54.648858807180886,5.281024369117319,0.012369649517342358,0.8213764532995739,twophase,twophase,26.42770546238531,26.740893406904,2854.8465513259916,21.623105875305292,0.9273179920329608,0.0,0.010430956223899557,0.010430956223068222,8.313350008393172e-13
9960.0,361.1934051916026,0.0,30.569776772785197,25.446573304716136,25.446573304716136,54.64939122522328,5.280368022279283,0.012369003209434458,0.8215313431338831,twophase,twophase,26.42804383019324,26.741244230651965,2854.8465513259916,21.623105875305292,0.9273089576993858,0.0,0.010430956223899557,0.010430956223068222,8.313350008393172e-13
9980.0,361.2114064224006,0.0,30.569776772785197,25.446816357790045,25.446816357790045,54.64992368393168,5.279711801239744,0.012368356744801303,0.8216862564308853,twophase,twophase,26.428381965115666,26.74159483744946,2854.8465513259916,21.623105875305292,0.9272999228518212,0.0,0.010430956223899557,0.010430956223068222,8.313350008393172e-13
10000.0,361.22940952496367,0.0,30.569776772785197,25.447059427633,25.447059427633,54.6504561832157,5.27905570608187,0.012367710123510121,0.8218411931649859,twophase,twophase,26.42871986776576,26.74194522786448,2854.8465513259916,21.623105875305292,0.9272908874918356,0.0,0.010430956223899557,0.010430956223068222,8.313350008393172e-13
10020.0,361.24741449544723,0.0,30.569776772785197,25.447302514191186,25.447302514191186,54.650988722980344,5.27839973688821,0.012367063345635391,0.8219961533106572,twophase,twophase,26.42905753875506,26.742295402463505,2854.8465513259916,21.623105875305292,0.927281851621076,0.0,0.010430956223899557,0.010430956223068222,8.313350008393172e-13
10040.0,361.26542133002914,0.0,30.569776772785197,25.44754561741106,25.44754561741106,54.65152130313806,5.277743893741044,0.012366416411240188,0.8221511368424363,twophase,twophase,26.42939497869347,26.742645361811476,2854.8465513259916,21.623105875305292,0.9272728152410631,0.0,0.010430956223899557,0.010430956223068222,8.313350008393172e-13
10060.0,361.2834300248967,0.0,30.569776772785197,25.447788737239257,25.447788737239257,54.65205392359419,5.277088176722283,0.012365769320398998,0.8223061437349287,twophase,twophase,26.42973218818926,26.742995106471824,2854.8465513259916,21.623105875305292,0.9272637783534375,0.0,0.010430956223899557,0.010430956223068222,8.313350008393172e-13
10080.0,361.301440576238,0.0,30.569776772785197,25.44803187362239,25.44803187362239,54.65258658425736,5.276432585913254,0.012365122073181198,0.8224611739628048,twophase,twophase,26.430069167849076,26.743344637006462,2854.8465513259916,21.623105875305292,0.9272547409597848,0.0,0.010430956223899557,0.010430956223068222,8.313350008393172e-13
10100.0,361.31945298026335,0.0,30.569776772785197,25.448275026507407,25.448275026507407,54.65311928503871,5.2757771213950875,0.012364474669652563,0.8226162275008008,twophase,twophase,26.430405918277945,26.743693953975793,2854.8465513259916,21.623105875305292,0.9272457030616467,0.0,0.010430956223899557,0.010430956223068222,8.313350008393172e-13
10120.0,361.3374672331871,0.0,30.569776772785197,25.44851819584131,25.44851819584131,54.65365202584639,5.275121783248426,0.01236382710988368,0.8227713043237185,twophase,twophase,26.43074244007928,26.74404305793872,2854.8465513259916,21.623105875305292,0.9272366646606166,0.0,0.010430956223899557,0.010430956223068222,8.313350008393172e-13
10140.0,361.3554833312325,0.0,30.569776772785197,25.448761381571217,25.448761381571217,54.65418480659022,5.274466571553476,0.012363179393942663,0.822926404406426,twophase,twophase,26.43107873385487,26.74439194945263,2854.8465513259916,21.623105875305292,0.927227625758259,0.0,0.010430956223899557,0.010430956223068222,8.313350008393172e-13
10160.0,361.37350127063684,0.0,30.569776772785197,25.449004583644466,25.449004583644466,54.654717627179295,5.273811486390136,0.012362531521899124,0.8230815277238565,twophase,twophase,26.431414800204916,26.744740629073426,2854.8465513259916,21.623105875305292,0.9272185863561505,0.0,0.010430956223899557,0.010430956223068222,8.313350008393172e-13
10180.0,361.39152104764344,0.0,30.569776772785197,25.449247802008454,25.449247802008454,54.655250487523595,5.273156527837807,0.012361883493821262,0.8232366742510084,twophase,twophase,26.431750639727998,26.745089097355507,2854.8465513259916,21.623105875305292,0.9272095464558524,0.0,0.010430956223899557,0.010430956223068222,8.313350008393172e-13
10200.0,361.4095426585087,0.0,30.569776772785197,25.44949103661079,25.44949103661079,54.65578338753574,5.27250169597559,0.012361235309773403,0.8233918439629444,twophase,twophase,26.432086253021104,26.745437354851784,2854.8465513259916,21.623105875305292,0.9272005060588817,0.0,0.010430956223899557,0.010430956223068222,8.313350008393172e-13
10220.0,361.42756609949413,0.0,30.569776772785197,25.44973428739915,25.44973428739915,54.656316327122106,5.271846990882085,0.012360586969829973,0.8235470368347945,twophase,twophase,26.432421640679625,26.74578540211369,2854.8465513259916,21.623105875305292,0.9271914651668608,0.0,0.010430956223899557,0.010430956223068222,8.313350008393172e-13
10240.0,361.44559136688156,0.0,30.569776772785197,25.449977554321478,25.449977554321478,54.65684930619922,5.271192412635667,0.012359938474049521,0.8237022528417495,twophase,twophase,26.432756803297362,26.74613323969116,2854.8465513259916,21.623105875305292,0.9271824237812397,0.0,0.010430956223899557,0.010430956223068222,8.313350008393172e-13
10260.0,361.46361845694645,0.0,30.569776772785197,25.450220837325652,25.450220837325652,54.65738232467061,5.270537961314072,0.01235928982251122,0.8238574919590689,twophase,twophase,26.433091741466527,26.746480868132668,2854.8465513259916,21.623105875305292,0.9271733819036889,0.0,0.010430956223899557,0.010430956223068222,8.313350008393172e-13
10280.0,361.48164736599136,0.0,30.569776772785197,25.450464136359923,25.450464136359923,54.657915382452885,5.2698836369949085,0.012358641015273925,0.8240127541620735,twophase,twophase,26.433426455777752,26.7468282879852,2854.8465513259916,21.623105875305292,0.9271643395356571,0.0,0.010430956223899557,0.010430956223068222,8.313350008393172e-13
10300.0,361.4996780903162,0.0,30.569776772785197,25.450707451372512,25.450707451372512,54.65844847945611,5.2692294397552155,0.012357992052406902,0.8241680394261494,twophase,twophase,26.433760946820094,26.747175499794277,2854.8465513259916,21.623105875305292,0.9271552966787036,0.0,0.010430956223899557,0.010430956223068222,8.313350008393172e-13
10320.0,361.51771062623715,0.0,30.569776772785197,25.450950782311857,25.450950782311857,54.658981615591244,5.268575369671713,0.012357342933978277,0.8243233477267471,twophase,twophase,26.434095215181028,26.74752250410396,2854.8465513259916,21.623105875305292,0.9271462533343724,0.0,0.010430956223899557,0.010430956223068222,8.313350008393172e-13
10340.0,361.5357449700797,0.0,30.569776772785197,25.451194129126545,25.451194129126545,54.659514790771276,5.267921426820761,0.01235669366005315,0.8244786790393807,twophase,twophase,26.434429261446468,26.747869301456838,2854.8465513259916,21.623105875305292,0.9271372095041732,0.0,0.010430956223899557,0.010430956223068222,8.313350008393172e-13
10360.0,361.5537811181735,0.0,30.569776772785197,25.451437491765212,25.451437491765212,54.660048004905846,5.267267611278234,0.012356044230702004,0.8246340333396276,twophase,twophase,26.434763086200757,26.748215892394047,2854.8465513259916,21.623105875305292,0.9271281651896722,0.0,0.010430956223899557,0.010430956223068222,8.313350008393172e-13
10380.0,361.571819066867,0.0,30.569776772785197,25.451680870176766,25.451680870176766,54.660581257910536,5.266613923119759,0.012355394645986248,0.8247894106031289,twophase,twophase,26.435096690026676,26.748562277455267,2854.8465513259916,21.623105875305292,0.9271191203923349,0.0,0.010430956223899557,0.010430956223068222,8.313350008393172e-13
10400.0,361.5898588125084,0.0,30.569776772785197,25.451924264310108,25.451924264310108,54.661114549695675,5.2659603624204285,0.0123547449059757,0.8249448108055903,twophase,twophase,26.435430073505454,26.74890845717873,2854.8465513259916,21.623105875305292,0.9271100751137155,0.0,0.010430956223899557,0.010430956223068222,8.313350008393172e-13
10420.0,361.60790035146294,0.0,30.569776772785197,25.452167674114396,25.452167674114396,54.66164788017373,5.265306929255087,0.012354095010736994,0.8251002339227783,twophase,twophase,26.43576323721676,26.749254432101218,2854.8465513259916,21.623105875305292,0.9271010293553319,0.0,0.010430956223899557,0.010430956223068222,8.313350008393172e-13
10440.0,361.6259436801068,0.0,30.569776772785197,25.452411099538907,25.452411099538907,54.66218124926045,5.26465362369817,0.012353444960331802,0.8252556799305243,twophase,twophase,26.436096181738726,26.74960020275807,2854.8465513259916,21.623105875305292,0.9270919831186465,0.0,0.010430956223899557,0.010430956223068222,8.313350008393172e-13
10460.0,361.64398879481547,0.0,30.569776772785197,25.452654540532944,25.452654540532944,54.66271465686512,5.264000445823618,0.012352794754832138,0.8254111488047222,twophase,twophase,26.436428907647926,26.749945769683194,2854.8465513259916,21.623105875305292,0.9270829364052309,0.0,0.010430956223899557,0.010430956223068222,8.313350008393172e-13
10480.0,361.66203569198007,0.0,30.569776772785197,25.452897997046023,25.452897997046023,54.66324810290302,5.263347395705082,0.012352144394300765,0.8255666405213282,twophase,twophase,26.4367614155194,26.750291133409053,2854.8465513259916,21.623105875305292,0.9270738892165549,0.0,0.010430956223899557,0.010430956223068222,8.313350008393172e-13
10500.0,361.68008436801205,0.0,30.569776772785197,25.453141469027937,25.453141469027937,54.66378158728997,5.262694473415977,0.012351493878799838,0.8257221550563608,twophase,twophase,26.437093705926646,26.750636294466688,2854.8465513259916,21.623105875305292,0.9270648415540791,0.0,0.010430956223899557,0.010430956223068222,8.313350008393172e-13
10520.0,361.69813481931385,0.0,30.569776772785197,25.453384956428366,25.453384956428366,54.66431510993714,5.2620416790290765,0.012350843208398923,0.8258776923859027,twophase,twophase,26.43742577944164,26.750981253385703,2854.8465513259916,21.623105875305292,0.9270557934193432,0.0,0.010430956223899557,0.010430956223068222,8.313350008393172e-13
10540.0,361.71618704230843,0.0,30.569776772785197,25.45362845919727,25.45362845919727,54.6648486707588,5.261389012616943,0.012350192383162947,0.8260332524860962,twophase,twophase,26.43775763663482,26.75132601069429,2854.8465513259916,21.623105875305292,0.9270467448138335,0.0,0.010430956223899557,0.010430956223068222,8.313350008393172e-13
10560.0,361.7342410334246,0.0,30.569776772785197,25.453871977284702,25.453871977284702,54.665382269669905,5.2607364742517175,0.01234954140315591,0.826188835333147,twophase,twophase,26.438089278075108,26.751670566919213,2854.8465513259916,21.623105875305292,0.9270376957390254,0.0,0.010430956223899557,0.010430956223068222,8.313350008393172e-13
10580.0,361.75229678910483,0.0,30.569776772785197,25.454115510640904,25.454115510640904,54.665915906585965,5.260084064005218,0.012348890268441156,0.8263444409033237,twophase,twophase,26.4384207043299,26.752014922585825,2854.8465513259916,21.623105875305292,0.927028646196384,0.0,0.010430956223899557,0.010430956223068222,8.313350008393172e-13
10600.0,361.77035430579156,0.0,30.569776772785197,25.454359059216113,25.454359059216113,54.66644958141932,5.259431781948758,0.01234823897908714,0.8265000691729542,twophase,twophase,26.438751915965078,26.75235907821807,2854.8465513259916,21.623105875305292,0.9270195961874286,0.0,0.010430956223899557,0.010430956223068222,8.313350008393172e-13
10620.0,361.7884135799466,0.0,30.569776772785197,25.454602622960845,25.454602622960845,54.66698329408489,5.258779628153415,0.012347587535158485,0.8266557201184309,twophase,twophase,26.43908291354501,26.752703034338477,2854.8465513259916,21.623105875305292,0.9270105457136343,0.0,0.010430956223899557,0.010430956223068222,8.313350008393172e-13
10640.0,361.80647460803914,0.0,30.569776772785197,25.45484620182573,25.45484620182573,54.667517044501544,5.258127602689907,0.01234693593671377,0.8268113937162043,twophase,twophase,26.43941369763256,26.753046791468176,2854.8465513259916,21.623105875305292,0.9270014947764093,0.0,0.010430956223899557,0.010430956223068222,8.313350008393172e-13
10660.0,361.8245373865464,0.0,30.569776772785197,25.455089795761502,25.455089795761502,54.66805083258071,5.257475705628519,0.01234628418382349,0.8269670899427888,twophase,twophase,26.439744268789084,26.753390350126896,2854.8465513259916,21.623105875305292,0.9269924433772877,0.0,0.010430956223899557,0.010430956223068222,8.313350008393172e-13
10680.0,361.8426019119514,0.0,30.569776772785197,25.455333404718978,25.455333404718978,54.66858465824195,5.256823937039145,0.012345632276545426,0.8271228087747586,twophase,twophase,26.44007462757444,26.753733710832968,2854.8465513259916,21.623105875305292,0.926983391517666,0.0,0.010430956223899557,0.010430956223068222,8.313350008393172e-13
10700.0,361.86066818075193,0.0,30.569776772785197,25.455577028649184,25.455577028649184,54.6691185213966,5.25617229699138,0.012344980214950611,0.8272785501887493,twophase,twophase,26.44040477454699,26.754076874103333,2854.8465513259916,21.623105875305292,0.9269743391990793,0.0,0.010430956223899557,0.010430956223068222,8.313350008393172e-13
10720.0,361.8787361894545,0.0,30.569776772785197,25.45582066750328,25.45582066750328,54.66965242196394,5.255520785554456,0.012344327999097673,0.8274343141614575,twophase,twophase,26.440734710263605,26.75441984045354,2854.8465513259916,21.623105875305292,0.9269652864229287,0.0,0.010430956223899557,0.010430956223068222,8.313350008393172e-13
10740.0,361.8968059345697,0.0,30.569776772785197,25.45606432123246,25.45606432123246,54.67018635985951,5.254869402797158,0.012343675629051275,0.8275901006696391,twophase,twophase,26.441064435279667,26.754762610397755,2854.8465513259916,21.623105875305292,0.9269562331906782,0.0,0.010430956223899557,0.010430956223068222,8.313350008393172e-13
10760.0,361.9148774126252,0.0,30.569776772785197,25.456307989788193,25.456307989788193,54.670720335000716,5.254218148788031,0.012343023104873353,0.8277459096901123,twophase,twophase,26.441393950149077,26.755105184448762,2854.8465513259916,21.623105875305292,0.9269471795037598,0.0,0.010430956223899557,0.010430956223068222,8.313350008393172e-13
10780.0,361.9329506201505,0.0,30.569776772785197,25.456551673121947,25.456551673121947,54.67125434730093,5.2535670235951395,0.012342370426632453,0.8279017411997542,twophase,twophase,26.44172325542425,26.755447563117972,2854.8465513259916,21.623105875305292,0.9269381253636745,0.0,0.010430956223899557,0.010430956223068222,8.313350008393172e-13
10800.0,361.9510255536896,0.0,30.569776772785197,25.45679537118541,25.45679537118541,54.671788396681954,5.252916027286286,0.012341717594383904,0.828057595175502,twophase,twophase,26.44205235165613,26.75578974691541,2854.8465513259916,21.623105875305292,0.9269290707717796,0.0,0.010430956223899557,0.010430956223068222,8.313350008393172e-13
10820.0,361.9691022097877,0.0,30.569776772785197,25.45703908393029,25.45703908393029,54.6723224830551,5.2522651599287755,0.012341064608199753,0.8282134715943555,twophase,twophase,26.442381239394187,26.756131736349747,2854.8465513259916,21.623105875305292,0.9269200157296105,0.0,0.010430956223899557,0.010430956223068222,8.313350008393172e-13
10840.0,361.98718058501464,0.0,30.569776772785197,25.457282811308634,25.457282811308634,54.672856606342755,5.251614421589805,0.01234041146813485,0.82836937043337,twophase,twophase,26.442709919186424,26.756473531928272,2854.8465513259916,21.623105875305292,0.9269109602385143,0.0,0.010430956223899557,0.010430956223068222,8.313350008393172e-13
10860.0,362.00526067593034,0.0,30.569776772785197,25.45752655327235,25.45752655327235,54.6733907664599,5.250963812335915,0.012339758174255769,0.828525291669663,twophase,twophase,26.44303839157938,26.75681513415692,2854.8465513259916,21.623105875305292,0.9269019042999642,0.0,0.010430956223899557,0.010430956223068222,8.313350008393172e-13
10880.0,362.0233424791223,0.0,30.569776772785197,25.457770309773743,25.457770309773743,54.673924963325604,5.2503133322335795,0.012339104726622982,0.8286812352804116,twophase,twophase,26.44336665711813,26.75715654354027,2854.8465513259916,21.623105875305292,0.9268928479153636,0.0,0.010430956223899557,0.010430956223068222,8.313350008393172e-13
10900.0,362.0414259911725,0.0,30.569776772785197,25.458014080765036,25.458014080765036,54.67445919685745,5.249662981348689,0.012338451125299292,0.8288372012428518,twophase,twophase,26.443694716346297,26.757497760581533,2854.8465513259916,21.623105875305292,0.926883791086141,0.0,0.010430956223899557,0.010430956223068222,8.313350008393172e-13
10920.0,362.05951120867866,0.0,30.569776772785197,25.458257866198668,25.458257866198668,54.674993466973724,5.249012759746882,0.012337797370346685,0.8289931895342788,twophase,twophase,26.44402256980605,26.75783878578258,2854.8465513259916,21.623105875305292,0.926874733813713,0.0,0.010430956223899557,0.010430956223068222,8.313350008393172e-13
10940.0,362.07759812824384,0.0,30.569776772785197,25.45850166602719,25.45850166602719,54.67552777359168,5.2483626674934225,0.012337143461828884,0.8291492001320463,twophase,twophase,26.444350218038114,26.758179619643933,2854.8465513259916,21.623105875305292,0.9268656760995131,0.0,0.010430956223899557,0.010430956223068222,8.313350008393172e-13
10960.0,362.0956867464871,0.0,30.569776772785197,25.45874548020332,25.45874548020332,54.676062116630995,5.247712704653265,0.012336489399806024,0.8293052330135688,twophase,twophase,26.444677661581757,26.758520262664764,2854.8465513259916,21.623105875305292,0.9268566179449346,0.0,0.010430956223899557,0.010430956223068222,8.313350008393172e-13
10980.0,362.1137770600313,0.0,30.569776772785197,25.458989308679882,25.458989308679882,54.67659649601111,5.2470628712910035,0.012335835184338782,0.8294612881563167,twophase,twophase,26.44500490097482,26.758860715342905,2854.8465513259916,21.623105875305292,0.9268475593513736,0.0,0.010430956223899557,0.010430956223068222,8.313350008393172e-13
11000.0,362.13186906550703,0.0,30.569776772785197,25.45923315140978,25.45923315140978,54.67713091165153,5.246413167470819,0.01233518081548781,0.8296173655378202,twophase,twophase,26.445331936753696,26.759200978174857,2854.8465513259916,21.623105875305292,0.9268385003202257,0.0,0.010430956223899557,0.010430956223068222,8.313350008393172e-13
11020.0,362.1499627595543,0.0,30.569776772785197,25.459477008346074,25.459477008346074,54.67766536346827,5.245763593256576,0.012334526293319529,0.82977346513567,twophase,twophase,26.445658769453356,26.759541051655777,2854.8465513259916,21.623105875305292,0.9268294408529454,0.0,0.010430956223899557,0.010430956223068222,8.313350008393172e-13
11040.0,362.16805813882405,0.0,30.569776772785197,25.45972087944197,25.45972087944197,54.67819985138223,5.245114148711828,0.012333871617892794,0.8299295869275118,twophase,twophase,26.44598539960733,26.7598809362795,2854.8465513259916,21.623105875305292,0.9268203809509044,0.0,0.010430956223899557,0.010430956223068222,8.313350008393172e-13
11060.0,362.1861551999831,0.0,30.569776772785197,25.45996476465088,25.45996476465088,54.67873437531557,5.244464833899857,0.012333216789264703,0.8300857308910511,twophase,twophase,26.44631182774773,26.760220632538537,2854.8465513259916,21.623105875305292,0.9268113206154525,0.0,0.010430956223899557,0.010430956223068222,8.313350008393172e-13
11080.0,362.2042539396883,0.0,30.569776772785197,25.460208663926096,25.460208663926096,54.679268935184815,5.243815648883338,0.012332561807501242,0.8302418970040517,twophase,twophase,26.446638054405245,26.76056014092407,2854.8465513259916,21.623105875305292,0.9268022598480352,0.0,0.010430956223899557,0.010430956223068222,8.313350008393172e-13
11100.0,362.2223543546256,0.0,30.569776772785197,25.46045257722132,25.46045257722132,54.679803530913226,5.243166593724921,0.012331906672658158,0.8303980852443336,twophase,twophase,26.446964080109144,26.760899461925963,2854.8465513259916,21.623105875305292,0.926793198649984,0.0,0.010430956223899557,0.010430956223068222,8.313350008393172e-13
11120.0,362.24045644147895,0.0,30.569776772785197,25.46069650449023,25.46069650449023,54.68033816241956,5.242517668486737,0.01233125138479834,0.8305542955897753,twophase,twophase,26.447289905387283,26.76123859603276,2854.8465513259916,21.623105875305292,0.9267841370227063,0.0,0.010430956223899557,0.010430956223068222,8.313350008393172e-13
11140.0,362.25856019693487,0.0,30.569776772785197,25.460940445686525,25.460940445686525,54.6808728296223,5.241868873230474,0.01233059594398522,0.830710528018315,twophase,twophase,26.447615530766107,26.761577543731708,2854.8465513259916,21.623105875305292,0.9267750749676138,0.0,0.010430956223899557,0.010430956223068222,8.313350008393172e-13
11160.0,362.27666561770786,0.0,30.569776772785197,25.461184400764317,25.461184400764317,54.68140753244539,5.241220208017796,0.012329940350273998,0.8308667825079438,twophase,twophase,26.44794095677066,26.761916305508727,2854.8465513259916,21.623105875305292,0.9267660124860261,0.0,0.010430956223899557,0.010430956223068222,8.313350008393172e-13
11180.0,362.2947727005026,0.0,30.569776772785197,25.46142836967758,25.46142836967758,54.68194227080729,5.240571672909725,0.012329284603728452,0.8310230590367149,twophase,twophase,26.44826618392457,26.762254881848445,2854.8465513259916,21.623105875305292,0.9267569495793552,0.0,0.010430956223899557,0.010430956223068222,8.313350008393172e-13
11200.0,362.31288144204404,0.0,30.569776772785197,25.461672352380553,25.461672352380553,54.68247704463099,5.2399232679671295,0.01232862870440556,0.8311793575827338,twophase,twophase,26.44859121275008,26.762593273234184,2854.8465513259916,21.623105875305292,0.9267478862489364,0.0,0.010430956223899557,0.010430956223068222,8.313350008393172e-13
11220.0,362.330991839058,0.0,30.569776772785197,25.461916348827515,25.461916348827515,54.68301185383658,5.2392749932504215,0.01232797265236693,0.831335678124167,twophase,twophase,26.448916043768033,26.76293148014797,2854.8465513259916,21.623105875305292,0.9267388224961542,0.0,0.010430956223899557,0.010430956223068222,8.313350008393172e-13
11240.0,362.3491038882834,0.0,30.569776772785197,25.462160358972906,25.462160358972906,54.683546698346866,5.238626848819743,0.012327316447670048,0.8314920206392347,twophase,twophase,26.44924067749788,26.76326950307053,2854.8465513259916,21.623105875305292,0.9267297583223468,0.0,0.010430956223899557,0.010430956223068222,8.313350008393172e-13
11260.0,362.3672175864737,0.0,30.569776772785197,25.46240438277139,25.46240438277139,54.68408157808136,5.23797883473499,0.012326660090377927,0.8316483851062159,twophase,twophase,26.44956511445768,26.7636073424813,2854.8465513259916,21.623105875305292,0.9267206937289081,0.0,0.010430956223899557,0.010430956223068222,8.313350008393172e-13
11280.0,362.38533293037693,0.0,30.569776772785197,25.46264842017755,25.46264842017755,54.68461649296518,5.237330951055524,0.012326003580544665,0.8318047715034448,twophase,twophase,26.449889355164114,26.763944998858435,2854.8465513259916,21.623105875305292,0.9267116287171367,0.0,0.010430956223899557,0.010430956223068222,8.313350008393172e-13
11300.0,362.4034499167565,0.0,30.569776772785197,25.46289247114619,25.46289247114619,54.685151442917196,5.236683197840469,0.01232534691823453,0.8319611798093124,twophase,twophase,26.450213400132476,26.7642824726788,2854.8465513259916,21.623105875305292,0.9267025632884375,0.0,0.010430956223899557,0.010430956223068222,8.313350008393172e-13
11320.0,362.4215685423876,0.0,30.569776772785197,25.463136535632273,25.463136535632273,54.68568642786061,5.23603557514866,0.012324690103505048,0.8321176100022659,twophase,twophase,26.450537249876692,26.764619764417986,2854.8465513259916,21.623105875305292,0.9266934974441414,0.0,0.010430956223899557,0.010430956223068222,8.313350008393172e-13
11340.0,362.4396888040498,0.0,30.569776772785197,25.463380613590825,25.463380613590825,54.68622144771743,5.235388083038539,0.012324033136415875,0.8322740620608094,twophase,twophase,26.45086090490931,26.7649568745503,2854.8465513259916,21.623105875305292,0.9266844311855995,0.0,0.010430956223899557,0.010430956223068222,8.313350008393172e-13
11360.0,362.4578106985393,0.0,30.569776772785197,25.46362470497712,25.46362470497712,54.68675650241322,5.234740721568366,0.012323376017021173,0.8324305359634997,twophase,twophase,26.451184365741504,26.76529380354878,2854.8465513259916,21.623105875305292,0.926675364514103,0.0,0.010430956223899557,0.010430956223068222,8.313350008393172e-13
11380.0,362.4759342226459,0.0,30.569776772785197,25.463868809746327,25.463868809746327,54.68729159186913,5.234093490795817,0.01232271874538217,0.8325870316889529,twophase,twophase,26.45150763288309,26.76563055188519,2854.8465513259916,21.623105875305292,0.926666297431017,0.0,0.010430956223899557,0.010430956223068222,8.313350008393172e-13
11400.0,362.49405937318176,0.0,30.569776772785197,25.464112927853936,25.464112927853936,54.68782671600768,5.233446390778461,0.012322061321558183,0.8327435492158392,twophase,twophase,26.451830706842518,26.765967120030034,2854.8465513259916,21.623105875305292,0.9266572299376844,0.0,0.010430956223899557,0.010430956223068222,8.313350008393172e-13
11420.0,362.5121861469608,0.0,30.569776772785197,25.464357059255462,25.464357059255462,54.688361874751976,5.232799421573437,0.012321403745607765,0.832900088522885,twophase,twophase,26.452153588126883,26.766303508452545,2854.8465513259916,21.623105875305292,0.9266481620354367,0.0,0.010430956223899557,0.010430956223068222,8.313350008393172e-13
11440.0,362.53031454080406,0.0,30.569776772785197,25.464601203906536,25.464601203906536,54.688897068025994,5.232152583237564,0.012320746017588152,0.8330566495888699,twophase,twophase,26.45247627724192,26.7666397176207,2854.8465513259916,21.623105875305292,0.9266390937255915,0.0,0.010430956223899557,0.010430956223068222,8.313350008393172e-13
11460.0,362.5484445515458,0.0,30.569776772785197,25.464845361762944,25.464845361762944,54.68943229575484,5.231505875827368,0.012320088137555061,0.8332132323926307,twophase,twophase,26.452798774692017,26.766975748001215,2854.8465513259916,21.623105875305292,0.9266300250094469,0.0,0.010430956223899557,0.010430956223068222,8.313350008393172e-13
11480.0,362.5665761760234,0.0,30.569776772785197,25.46508953278056,25.46508953278056,54.68996755785884,5.230859299399014,0.01231943010557188,0.8333698369130597,twophase,twophase,26.45312108098021,26.767311600059564,2854.8465513259916,21.623105875305292,0.926620955888382,0.0,0.010430956223899557,0.010430956223068222,8.313350008393172e-13
11500.0,362.58470941109096,0.0,30.569776772785197,25.465333716915453,25.465333716915453,54.69050285426599,5.230212854008436,0.01231877192169008,0.8335264631291016,twophase,twophase,26.453443196608195,26.76764727425996,2854.8465513259916,21.623105875305292,0.9266118863636458,0.0,0.010430956223899557,0.010430956223068222,8.313350008393172e-13
11520.0,362.602844253606,0.0,30.569776772785197,25.465577914123763,25.465577914123763,54.691038184899924,5.229566539711195,0.012318113585968146,0.8336831110197577,twophase,twophase,26.453765122076327,26.767982771065377,2854.8465513259916,21.623105875305292,0.9266028164365608,0.0,0.010430956223899557,0.010430956223068222,8.313350008393172e-13
11540.0,362.6209807004294,0.0,30.569776772785197,25.465822124361672,25.465822124361672,54.69157354968409,5.22892035656245,0.01231745509846498,0.8338397805640833,twophase,twophase,26.45408685788362,26.76831809093754,2854.8465513259916,21.623105875305292,0.926593746108453,0.0,0.010430956223899557,0.010430956223068222,8.313350008393172e-13
11560.0,362.6391187484346,0.0,30.569776772785197,25.46606634758554,25.46606634758554,54.6921089485419,5.2282743046170985,0.01231679645923975,0.8339964717411884,twophase,twophase,26.45440840452776,26.76865323433694,2854.8465513259916,21.623105875305292,0.9265846753806486,0.0,0.010430956223899557,0.010430956223068222,8.313350008393172e-13
11580.0,362.6572583945073,0.0,30.569776772785197,25.46631058375191,25.46631058375191,54.69264438140005,5.227628383929804,0.01231613766834657,0.8341531845302369,twophase,twophase,26.454729762505107,26.768988201722827,2854.8465513259916,21.623105875305292,0.9265756042544182,0.0,0.010430956223899557,0.010430956223068222,8.313350008393172e-13
11600.0,362.67539963553565,0.0,30.569776772785197,25.46655483281735,25.46655483281735,54.69317984818305,5.226982594554804,0.012315478725843208,0.8343099189104474,twophase,twophase,26.455050932310684,26.76932299355322,2854.8465513259916,21.623105875305292,0.9265665327310694,0.0,0.010430956223899557,0.010430956223068222,8.313350008393172e-13
11620.0,362.6935424684178,0.0,30.569776772785197,25.466799094738562,25.466799094738562,54.69371534881688,5.226336936546039,0.012314819631785151,0.8344666748610918,twophase,twophase,26.455371914438196,26.769657610284913,2854.8465513259916,21.623105875305292,0.9265574608118845,0.0,0.010430956223899557,0.010430956223068222,8.313350008393172e-13
11640.0,362.71168689006294,0.0,30.569776772785197,25.467043369472425,25.467043369472425,54.69425088322432,5.225691409957204,0.012314160386233309,0.834623452361497,twophase,twophase,26.45569270938003,26.769992052373468,2854.8465513259916,21.623105875305292,0.9265483884982003,0.0,0.010430956223899557,0.010430956223068222,8.313350008393172e-13
11660.0,362.7298328973859,0.0,30.569776772785197,25.467287656975888,25.467287656975888,54.69478645133565,5.225046014841633,0.012313500989236687,0.8347802513910418,twophase,twophase,26.45601331762726,26.770326320273224,2854.8465513259916,21.623105875305292,0.9265393157912261,0.0,0.010430956223899557,0.010430956223068222,8.313350008393172e-13
11680.0,362.7479804873081,0.0,30.569776772785197,25.46753195720599,25.46753195720599,54.695322053073504,5.224400751252312,0.012312841440856651,0.8349370719291599,twophase,twophase,26.456333739669642,26.7706604144373,2854.8465513259916,21.623105875305292,0.9265302426923011,0.0,0.010430956223899557,0.010430956223068222,8.313350008393172e-13
11700.0,362.7661296567639,0.0,30.569776772785197,25.46777627011995,25.46777627011995,54.69585768836334,5.223755619241986,0.012312181741150192,0.8350939139553396,twophase,twophase,26.45665397599563,26.77099433531761,2854.8465513259916,21.623105875305292,0.926521169202716,0.0,0.010430956223899557,0.010430956223068222,8.313350008393172e-13
11720.0,362.784280402688,0.0,30.569776772785197,25.468020595675014,25.468020595675014,54.696393357134305,5.223110618863011,0.012311521890168656,0.8352507774491189,twophase,twophase,26.456974027092365,26.77132808336484,2854.8465513259916,21.623105875305292,0.9265120953236992,0.0,0.010430956223899557,0.010430956223068222,8.313350008393172e-13
11740.0,362.8024327220291,0.0,30.569776772785197,25.468264933828596,25.468264933828596,54.696929059308395,5.222465750167456,0.012310861887974802,0.8354076623900932,twophase,twophase,26.457293893445694,26.77166165902847,2854.8465513259916,21.623105875305292,0.9265030210566,0.0,0.010430956223899557,0.010430956223068222,8.313350008393172e-13
11760.0,362.8205866117473,0.0,30.569776772785197,25.468509284538296,25.468509284538296,54.6974647948163,5.22182101320719,0.01231020173461796,0.8355645687579076,twophase,twophase,26.45761357554016,26.77199506275678,2854.8465513259916,21.623105875305292,0.9264939464026206,0.0,0.010430956223899557,0.010430956223068222,8.313350008393172e-13
11780.0,362.83874206880375,0.0,30.569776772785197,25.468753647761716,25.468753647761716,54.698000563583975,5.221176408033639,0.012309541430154844,0.8357214965322621,twophase,twophase,26.45793307385902,26.77232829499684,2854.8465513259916,21.623105875305292,0.9264848713630431,0.0,0.010430956223899557,0.010430956223068222,8.313350008393172e-13
11800.0,362.85689909016656,0.0,30.569776772785197,25.46899802345657,25.46899802345657,54.698536365535055,5.220531934697923,0.012308880974646197,0.8358784456929088,twophase,twophase,26.45825238888423,26.772661356194526,2854.8465513259916,21.623105875305292,0.9264757959391889,0.0,0.010430956223899557,0.010430956223068222,8.313350008393172e-13
11820.0,362.8750576728204,0.0,30.569776772785197,25.46924241158078,25.46924241158078,54.699072200601606,5.219887593250957,0.012308220368139491,0.8360354162196517,twophase,twophase,26.458571521096463,26.77299424679451,2854.8465513259916,21.623105875305292,0.9264667201322365,0.0,0.010430956223899557,0.010430956223068222,8.313350008393172e-13
11840.0,362.8932178137512,0.0,30.569776772785197,25.469486812092313,25.469486812092313,54.69960806870668,5.219243383743275,0.012307559610696617,0.8361924080923494,twophase,twophase,26.45889047097511,26.77332696724028,2854.8465513259916,21.623105875305292,0.9264576439435166,0.0,0.010430956223899557,0.010430956223068222,8.313350008393172e-13
11860.0,362.91137950995716,0.0,30.569776772785197,25.469731224949296,25.469731224949296,54.70014396978225,5.218599306225167,0.012306898702365543,0.8363494212909093,twophase,twophase,26.459209238998277,26.77365951797412,2854.8465513259916,21.623105875305292,0.9264485673742092,0.0,0.010430956223899557,0.010430956223068222,8.313350008393172e-13
11880.0,362.9295427584389,0.0,30.569776772785197,25.469975650109898,25.469975650109898,54.70067990375165,5.217955360746529,0.012306237643208023,0.836506455795295,twophase,twophase,26.45952782564279,26.773991899437142,2854.8465513259916,21.623105875305292,0.9264394904256407,0.0,0.010430956223899557,0.010430956223068222,8.313350008393172e-13
11900.0,362.9477075562121,0.0,30.569776772785197,25.4702200875325,25.4702200875325,54.70121587054718,5.21731154735708,0.012305576433271763,0.836663511585519,twophase,twophase,26.459846231384212,26.774324112069266,2854.8465513259916,21.623105875305292,0.9264304130989847,0.0,0.010430956223899557,0.010430956223068222,8.313350008393172e-13
11920.0,362.96587390029214,0.0,30.569776772785197,25.47046453717547,25.47046453717547,54.70175187009129,5.216667866106084,0.012304915072620246,0.8368205886416484,twophase,twophase,26.460164456696827,26.774656156309234,2854.8465513259916,21.623105875305292,0.9264213353955822,0.0,0.010430956223899557,0.010430956223068222,8.313350008393172e-13
11940.0,362.9840417877067,0.0,30.569776772785197,25.47070899899737,25.47070899899737,54.702287902316186,5.216024317042611,0.012304253561301624,0.8369776869437995,twophase,twophase,26.46048250205365,26.774988032594607,2854.8465513259916,21.623105875305292,0.9264122573166089,0.0,0.010430956223899557,0.010430956223068222,8.313350008393172e-13
11960.0,363.0022112154948,0.0,30.569776772785197,25.470953472956896,25.470953472956896,54.702823967150145,5.215380900215444,0.012303591899370424,0.837134806472142,twophase,twophase,26.46080036792644,26.775319741361773,2854.8465513259916,21.623105875305292,0.9264031788633065,0.0,0.010430956223899557,0.010430956223068222,8.313350008393172e-13
11980.0,363.0203821806964,0.0,30.569776772785197,25.47119795901278,25.47119795901278,54.703360064521846,5.2147376156729965,0.012302930086880727,0.8372919472068959,twophase,twophase,26.461118054785686,26.775651283045953,2854.8465513259916,21.623105875305292,0.9263941000369101,0.0,0.010430956223899557,0.010430956223068222,8.313350008393172e-13
12000.0,363.0385546803656,0.0,30.569776772785197,25.471442457123935,25.471442457123935,54.70389619435858,5.21409446346345,0.012302268123888923,0.8374491091283341,twophase,twophase,26.461435563100633,26.775982658081197,2854.8465513259916,21.623105875305292,0.9263850208386782,0.0,0.010430956223899557,0.010430956223068222,8.313350008393172e-13
12020.0,363.0567287115557,0.0,30.569776772785197,25.471686967249294,25.471686967249294,54.704432356589514,5.213451443634599,0.012301606010448574,0.8376062922167801,twophase,twophase,26.46175289333926,26.77631386690039,2854.8465513259916,21.623105875305292,0.9263759412698375,0.0,0.010430956223899557,0.010430956223068222,8.313350008393172e-13
12040.0,363.0749042713417,0.0,30.569776772785197,25.471931489348048,25.471931489348048,54.704968551145114,5.212808556234096,0.012300943746611368,0.8377634964526082,twophase,twophase,26.462070045968296,26.776644909935257,2854.8465513259916,21.623105875305292,0.9263668613315923,0.0,0.010430956223899557,0.010430956223068222,8.313350008393172e-13
12060.0,363.09308135679294,0.0,30.569776772785197,25.47217602337936,25.47217602337936,54.705504777953664,5.212165801309167,0.012300281332432612,0.837920721816243,twophase,twophase,26.462387021453235,26.77697578761636,2854.8465513259916,21.623105875305292,0.9263577810251841,0.0,0.010430956223899557,0.010430956223068222,8.313350008393172e-13
12080.0,363.1112599649915,0.0,30.569776772785197,25.472420569302546,25.472420569302546,54.70604103694567,5.2115231789067655,0.012299618767964107,0.8380779682881615,twophase,twophase,26.462703820258316,26.777306500373115,2854.8465513259916,21.623105875305292,0.9263487003518166,0.0,0.010430956223899557,0.010430956223068222,8.313350008393172e-13
12100.0,363.1294400930279,0.0,30.569776772785197,25.47266512707705,25.47266512707705,54.70657732805011,5.2108806890735915,0.012298956053260413,0.8382352358488913,twophase,twophase,26.463020442846542,26.777637048633775,2854.8465513259916,21.623105875305292,0.926339619312719,0.0,0.010430956223899557,0.010430956223068222,8.313350008393172e-13
12120.0,363.1476217379997,0.0,30.569776772785197,25.472909696662402,25.472909696662402,54.70711365119565,5.210238331856021,0.01229829318837661,0.8383925244790095,twophase,twophase,26.46333688967968,26.77796743282545,2854.8465513259916,21.623105875305292,0.9263305379091261,0.0,0.010430956223899557,0.010430956223068222,8.313350008393172e-13
12140.0,363.1658048970129,0.0,30.569776772785197,25.47315427801826,25.47315427801826,54.70765000631445,5.2095961073001655,0.012297630173362393,0.8385498341591439,twophase,twophase,26.46365316121826,26.7782976533741,2854.8465513259916,21.623105875305292,0.9263214561422132,0.0,0.010430956223899557,0.010430956223068222,8.313350008393172e-13
12160.0,363.1839895671834,0.0,30.569776772785197,25.47339887110443,25.47339887110443,54.708186393337435,5.208954015451883,0.01229696700826962,0.8387071648699733,twophase,twophase,26.463969257921587,26.778627710704548,2854.8465513259916,21.623105875305292,0.9263123740131766,0.0,0.010430956223899557,0.010430956223068222,8.313350008393172e-13
12180.0,363.2021757456264,0.0,30.569776772785197,25.473643475880703,25.473643475880703,54.708722812191674,5.208312056356616,0.01229630369315636,0.8388645165922263,twophase,twophase,26.464285180247728,26.778957605240475,2854.8465513259916,21.623105875305292,0.9263032915232774,0.0,0.010430956223899557,0.010430956223068222,8.313350008393172e-13
12200.0,363.22036342947604,0.0,30.569776772785197,25.47388809230713,25.47388809230713,54.709259262812054,5.207670230059678,0.012295640228068436,0.8390218893066813,twophase,twophase,26.46460092865354,26.779287337404423,2854.8465513259916,21.623105875305292,0.9262942086736448,0.0,0.010430956223899557,0.010430956223068222,8.313350008393172e-13
12220.0,363.23855261586164,0.0,30.569776772785197,25.474132720343718,25.474132720343718,54.7097957451252,5.207028536605929,0.01229497661306492,0.8391792829941676,twophase,twophase,26.464916503594647,26.7796169076178,2854.8465513259916,21.623105875305292,0.9262851254655473,0.0,0.010430956223899557,0.010430956223068222,8.313350008393172e-13
12240.0,363.25674330193056,0.0,30.569776772785197,25.474377359950694,25.474377359950694,54.71033225906416,5.206386976040076,0.012294312848194827,0.8393366976355633,twophase,twophase,26.465231905525467,26.77994631630089,2854.8465513259916,21.623105875305292,0.9262760419001448,0.0,0.010430956223899557,0.010430956223068222,8.313350008393172e-13
12260.0,363.2749354848348,0.0,30.569776772785197,25.474622011088385,25.474622011088385,54.71086880455942,5.205745548406526,0.012293648933511474,0.8394941332117962,twophase,twophase,26.465547134899197,26.78027556387284,2854.8465513259916,21.623105875305292,0.9262669579786407,0.0,0.010430956223899557,0.010430956223068222,8.313350008393172e-13
12280.0,363.29312916173154,0.0,30.569776772785197,25.474866673717166,25.474866673717166,54.71140538154488,5.205104253749339,0.01229298486906275,0.8396515897038439,twophase,twophase,26.465862192167823,26.78060465075168,2854.8465513259916,21.623105875305292,0.9262578737021799,0.0,0.010430956223899557,0.010430956223068222,8.313350008393172e-13
12300.0,363.31132432978916,0.0,30.569776772785197,25.475111347797576,25.475111347797576,54.71194198994925,5.20446309211235,0.012292320654905051,0.8398090670927342,twophase,twophase,26.466177077782124,26.780933577354315,2854.8465513259916,21.623105875305292,0.9262487890719955,0.0,0.010430956223899557,0.010430956223068222,8.313350008393172e-13
12320.0,363.329520986176,0.0,30.569776772785197,25.47535603329018,25.47535603329018,54.71247862970338,5.203822063539033,0.012291656291091422,0.8399665653595431,twophase,twophase,26.46649179219168,26.78126234409653,2854.8465513259916,21.623105875305292,0.9262397040892846,0.0,0.010430956223899557,0.010430956223068222,8.313350008393172e-13
12340.0,363.34771912807815,0.0,30.569776772785197,25.475600730155744,25.475600730155744,54.71301530074089,5.203181168072681,0.012290991777670745,0.8401240844853958,twophase,twophase,26.46680633584486,26.781590951392996,2854.8465513259916,21.623105875305292,0.9262306187551964,0.0,0.010430956223899557,0.010430956223068222,8.313350008393172e-13
12360.0,363.3659187526829,0.0,30.569776772785197,25.4758454383551,25.4758454383551,54.71355200299464,5.202540405756261,0.012290327114693194,0.8402816244514669,twophase,twophase,26.467120709188848,26.781919399657276,2854.8465513259916,21.623105875305292,0.9262215330708937,0.0,0.010430956223899557,0.010430956223068222,8.313350008393172e-13
12380.0,363.3841198571876,0.0,30.569776772785197,25.47609015784919,25.47609015784919,54.714088736395226,5.2018997766324615,0.012289662302212692,0.8404391852389802,twophase,twophase,26.46743491266962,26.78224768930182,2854.8465513259916,21.623105875305292,0.9262124470375772,0.0,0.010430956223899557,0.010430956223068222,8.313350008393172e-13
12400.0,363.4023224387907,0.0,30.569776772785197,25.476334888599,25.476334888599,54.71462550087336,5.201259280743635,0.012288997340283112,0.8405967668292083,twophase,twophase,26.467748946731973,26.782575820737968,2854.8465513259916,21.623105875305292,0.9262033606564456,0.0,0.010430956223899557,0.010430956223068222,8.313350008393172e-13
12420.0,363.42052649471236,0.0,30.569776772785197,25.476579630565794,25.476579630565794,54.715162296367104,5.2006189181320455,0.012288332228946862,0.8407543692034705,twophase,twophase,26.468062811819504,26.782903794375965,2854.8465513259916,21.623105875305292,0.926194273928573,0.0,0.010430956223899557,0.010430956223068222,8.313350008393172e-13
12440.0,363.4387320221602,0.0,30.569776772785197,25.476824383710678,25.476824383710678,54.71569912280222,5.199978688839378,0.01228766696826587,0.8409119923431383,twophase,twophase,26.46837650837463,26.78323161062495,2854.8465513259916,21.623105875305292,0.9261851868552418,0.0,0.010430956223899557,0.010430956223068222,8.313350008393172e-13
12460.0,363.45693901836694,0.0,30.569776772785197,25.477069147995106,25.477069147995106,54.71623598011783,5.199338592907327,0.012287001558281154,0.8410696362296282,twophase,twophase,26.468690036838588,26.78355926989296,2854.8465513259916,21.623105875305292,0.9261760994375079,0.0,0.010430956223899557,0.010430956223068222,8.313350008393172e-13
12480.0,363.47514748056454,0.0,30.569776772785197,25.477313923380514,25.477313923380514,54.716772868243346,5.198698630377169,0.012286335999049219,0.8412273008444059,twophase,twophase,26.469003397651434,26.78388677258695,2854.8465513259916,21.623105875305292,0.9261670116765919,0.0,0.010430956223899557,0.010430956223068222,8.313350008393172e-13
12500.0,363.4933574059914,0.0,30.569776772785197,25.477558709828447,25.477558709828447,54.71730978711314,5.198058801289915,0.012285670290618807,0.8413849861689862,twophase,twophase,26.46931659125205,26.78421411911277,2854.8465513259916,21.623105875305292,0.9261579235736299,0.0,0.010430956223899557,0.010430956223068222,8.313350008393172e-13
12520.0,363.51156879189705,0.0,30.569776772785197,25.477803507300596,25.477803507300596,54.717846736658714,5.197419105686338,0.012285004433043397,0.8415426921849322,twophase,twophase,26.46962961807814,26.784541309875195,2854.8465513259916,21.623105875305292,0.9261488351298066,0.0,0.010430956223899557,0.010430956223068222,8.313350008393172e-13
12540.0,363.52978163553564,0.0,30.569776772785197,25.47804831575873,25.47804831575873,54.718383716815964,5.196779543606931,0.012284338426369635,0.8417004188738522,twophase,twophase,26.469942478566246,26.7848683452779,2854.8465513259916,21.623105875305292,0.9261397463462326,0.0,0.010430956223899557,0.010430956223068222,8.313350008393172e-13
12560.0,363.5479959341696,0.0,30.569776772785197,25.47829313516472,25.47829313516472,54.71892072751919,5.196140115091899,0.01228367227064682,0.8418581662174048,twophase,twophase,26.470255173151738,26.785195225723488,2854.8465513259916,21.623105875305292,0.926130657224045,0.0,0.010430956223899557,0.010430956223068222,8.313350008393172e-13
12580.0,363.56621168506916,0.0,30.569776772785197,25.47853796548054,25.47853796548054,54.71945776870015,5.195500820181185,0.012283005965928389,0.8420159341972961,twophase,twophase,26.470567702268827,26.78552195161348,2854.8465513259916,21.623105875305292,0.9261215677644238,0.0,0.010430956223899557,0.010430956223068222,8.313350008393172e-13
12600.0,363.58442888551,0.0,30.569776772785197,25.478782806668264,25.478782806668264,54.71999484029324,5.19486165891445,0.012282339512263811,0.8421737227952788,twophase,twophase,26.470880066350563,26.785848523348314,2854.8465513259916,21.623105875305292,0.9261124779685046,0.0,0.010430956223899557,0.010430956223068222,8.313350008393172e-13
12620.0,363.6026475327744,0.0,30.569776772785197,25.479027658690054,25.479027658690054,54.720531942234196,5.194222631331087,0.012281672909700453,0.8423315319931526,twophase,twophase,26.471192265828837,26.786174941327364,2854.8465513259916,21.623105875305292,0.9261033878374002,0.0,0.010430956223899557,0.010430956223068222,8.313350008393172e-13
12640.0,363.62086762415663,0.0,30.569776772785197,25.479272521508232,25.479272521508232,54.72106907445599,5.193583737470267,0.012281006158290345,0.8424893617727659,twophase,twophase,26.471504301134388,26.786501205948927,2854.8465513259916,21.623105875305292,0.9260942973722699,0.0,0.010430956223899557,0.010430956223068222,8.313350008393172e-13
12660.0,363.63908915695527,0.0,30.569776772785197,25.47951739508518,25.47951739508518,54.721606236893294,5.192944977370854,0.01228033925808289,0.8426472121160136,twophase,twophase,26.4718161726968,26.78682731761023,2854.8465513259916,21.623105875305292,0.926085206574244,0.0,0.010430956223899557,0.010430956223068222,8.313350008393172e-13
12680.0,363.65731212847265,0.0,30.569776772785197,25.479762279383365,25.479762279383365,54.72214342948231,5.192306351071442,0.012279672209125115,0.8428050830048369,twophase,twophase,26.47212788094452,26.787153276707436,2854.8465513259916,21.623105875305292,0.9260761154444273,0.0,0.010430956223899557,0.010430956223068222,8.313350008393172e-13
12700.0,363.67553653602556,0.0,30.569776772785197,25.480007174365394,25.480007174365394,54.722680652155695,5.191667858610373,0.012279005011469958,0.8429629744212258,twophase,twophase,26.472439426304838,26.787479083635652,2854.8465513259916,21.623105875305292,0.9260670239839839,0.0,0.010430956223899557,0.010430956223068222,8.313350008393172e-13
12720.0,363.6937623769304,0.0,30.569776772785197,25.480252079993946,25.480252079993946,54.72321790485095,5.191029500025722,0.012278337665162717,0.8431208863472144,twophase,twophase,26.47275080920391,26.787804738788918,2854.8465513259916,21.623105875305292,0.9260579321939966,0.0,0.010430956223899557,0.010430956223068222,8.313350008393172e-13
12740.0,363.7119896485117,0.0,30.569776772785197,25.48049699623175,25.48049699623175,54.72375518749963,5.190391275355232,0.012277670170258178,0.8432788187648859,twophase,twophase,26.47306203006675,26.78813024256022,2854.8465513259916,21.623105875305292,0.9260488400756481,0.0,0.010430956223899557,0.010430956223068222,8.313350008393172e-13
12760.0,363.73021834810805,0.0,30.569776772785197,25.48074192304178,25.48074192304178,54.72429250004111,5.189753184636543,0.012277002526799063,0.843436771656368,twophase,twophase,26.47337308931724,26.788455595341492,2854.8465513259916,21.623105875305292,0.926039747629989,0.0,0.010430956223899557,0.010430956223068222,8.313350008393172e-13
12780.0,363.74844847306065,0.0,30.569776772785197,25.48098686038701,25.48098686038701,54.7248298424091,5.189115227906916,0.012276334734837063,0.8435947450038368,twophase,twophase,26.473683987378124,26.78878079752361,2854.8465513259916,21.623105875305292,0.9260306548581653,0.0,0.010430956223899557,0.010430956223068222,8.313350008393172e-13
12800.0,363.7666800207124,0.0,30.569776772785197,25.481231808230472,25.481231808230472,54.72536721453887,5.18847740520332,0.01227566679442154,0.8437527387895135,twophase,twophase,26.47399472467102,26.789105849496412,2854.8465513259916,21.623105875305292,0.9260215617612969,0.0,0.010430956223899557,0.010430956223068222,8.313350008393172e-13
12820.0,363.7849129884267,0.0,30.569776772785197,25.481476766535454,25.481476766535454,54.725904616369284,5.187839716562626,0.012274998705596389,0.843910752995665,twophase,twophase,26.474305301616422,26.789430751648684,2854.8465513259916,21.623105875305292,0.9260124683404429,0.0,0.010430956223899557,0.010430956223068222,8.313350008393172e-13
12840.0,363.8031473735592,0.0,30.569776772785197,25.481721735265175,25.481721735265175,54.72644204783386,5.187202162021263,0.012274330468413933,0.8440687876046054,twophase,twophase,26.474615718633697,26.78975550436817,2854.8465513259916,21.623105875305292,0.9260033745967525,0.0,0.010430956223899557,0.010430956223068222,8.313350008393172e-13
12860.0,363.82138317347585,0.0,30.569776772785197,25.48196671438297,25.48196671438297,54.72697950886595,5.186564741615419,0.012273662082927045,0.8442268425986953,twophase,twophase,26.474925976141094,26.790080108041575,2854.8465513259916,21.623105875305292,0.9259942805313774,0.0,0.010430956223899557,0.010430956223068222,8.313350008393172e-13
12880.0,363.83962038555944,0.0,30.569776772785197,25.482211703852414,25.482211703852414,54.72751699940767,5.185927455381175,0.012272993549174794,0.844384917960339,twophase,twophase,26.475236074555742,26.79040456305457,2854.8465513259916,21.623105875305292,0.9259851861453215,0.0,0.010430956223899557,0.010430956223068222,8.313350008393172e-13
12900.0,363.85785900719105,0.0,30.569776772785197,25.48245670363707,25.48245670363707,54.72805451939211,5.185290303354247,0.012272324867210672,0.8445430136719875,twophase,twophase,26.475546014293656,26.790728869791785,2854.8465513259916,21.623105875305292,0.925976091439741,0.0,0.010430956223899557,0.010430956223068222,8.313350008393172e-13
12920.0,363.87609903575964,0.0,30.569776772785197,25.4827017137006,25.4827017137006,54.72859206875717,5.184653285570091,0.012271656037080718,0.8447011297161369,twophase,twophase,26.475855795769743,26.791053028636828,2854.8465513259916,21.623105875305292,0.9259669964157107,0.0,0.010430956223899557,0.010430956223068222,8.313350008393172e-13
12940.0,363.89434046866444,0.0,30.569776772785197,25.482946734006816,25.482946734006816,54.72912964743973,5.184016402063952,0.012270987058832639,0.8448592660753307,twophase,twophase,26.476165419397798,26.79137703997227,2854.8465513259916,21.623105875305292,0.9259579010743225,0.0,0.010430956223899557,0.010430956223068222,8.313350008393172e-13
12960.0,363.9125833033041,0.0,30.569776772785197,25.48319176451954,25.48319176451954,54.72966725537547,5.18337965287074,0.01227031793251622,0.8450174227321557,twophase,twophase,26.476474885590513,26.791700904179663,2854.8465513259916,21.623105875305292,0.9259488054166884,0.0,0.010430956223899557,0.010430956223068222,8.313350008393172e-13
12980.0,363.93082753709325,0.0,30.569776772785197,25.483436805202793,25.483436805202793,54.73020489250375,5.182743038025214,0.012269648658175574,0.8451755996692447,twophase,twophase,26.476784194759475,26.792024621639534,2854.8465513259916,21.623105875305292,0.9259397094438585,0.0,0.010430956223899557,0.010430956223068222,8.313350008393172e-13
13000.0,363.9490731674488,0.0,30.569776772785197,25.483681856020628,25.483681856020628,54.730742558761015,5.182106557561821,0.012268979235859503,0.8453337968692746,twophase,twophase,26.477093347315172,26.792348192731385,2854.8465513259916,21.623105875305292,0.9259306131569316,0.0,0.010430956223899557,0.010430956223068222,8.313350008393172e-13
13020.0,363.9673201917945,0.0,30.569776772785197,25.483926916937225,25.483926916937225,54.73128025408343,5.181470211514766,0.012268309665617445,0.84549201431497,twophase,twophase,26.477402343666995,26.792671617833708,2854.8465513259916,21.623105875305292,0.9259215165570117,0.0,0.010430956223899557,0.010430956223068222,8.313350008393172e-13
13040.0,363.98556860756,0.0,30.569776772785197,25.484171987916813,25.484171987916813,54.7318179784098,5.180833999917978,0.01226763994749471,0.8456502519890965,twophase,twophase,26.477711184223242,26.792994897323975,2854.8465513259916,21.623105875305292,0.9259124196451577,0.0,0.010430956223899557,0.010430956223068222,8.313350008393172e-13
13060.0,364.00381841218643,0.0,30.569776772785197,25.48441706892381,25.48441706892381,54.73235573167908,5.18019792280522,0.012266970081536563,0.8458085098744671,twophase,twophase,26.478019869391122,26.793318031578647,2854.8465513259916,21.623105875305292,0.9259033224224259,0.0,0.010430956223899557,0.010430956223068222,8.313350008393172e-13
13080.0,364.0220696031114,0.0,30.569776772785197,25.48466215992258,25.48466215992258,54.73289351382545,5.179561980209837,0.012266300067795898,0.8459667879539399,twophase,twophase,26.478328399576757,26.79364102097318,2854.8465513259916,21.623105875305292,0.9258942248899532,0.0,0.010430956223899557,0.010430956223068222,8.313350008393172e-13
13100.0,364.0403221777988,0.0,30.569776772785197,25.48490726087782,25.48490726087782,54.73343132479381,5.178926172165209,0.012265629906308835,0.8461250862104139,twophase,twophase,26.478636775185176,26.793963865882017,2854.8465513259916,21.623105875305292,0.9258851270486953,0.0,0.010430956223899557,0.010430956223068222,8.313350008393172e-13
13120.0,364.0585761336964,0.0,30.569776772785197,25.485152371754065,25.485152371754065,54.73396916451547,5.178290498704158,0.012264959597133128,0.8462834046268375,twophase,twophase,26.478944996620335,26.7942865666786,2854.8465513259916,21.623105875305292,0.9258760288998378,0.0,0.010430956223899557,0.010430956223068222,8.313350008393172e-13
13140.0,364.0768314682706,0.0,30.569776772785197,25.485397492516068,25.485397492516068,54.734507032931596,5.17765495985941,0.012264289140310955,0.8464417431861999,twophase,twophase,26.479253064285107,26.794609123735377,2854.8465513259916,21.623105875305292,0.9258669304443994,0.0,0.010430956223899557,0.010430956223068222,8.313350008393172e-13
13160.0,364.09508817899456,0.0,30.569776772785197,25.485642623128683,25.485642623128683,54.73504492998191,5.177019555663451,0.012263618535886964,0.8466001018715348,twophase,twophase,26.47956097858129,26.794931537423786,2854.8465513259916,21.623105875305292,0.9258578316834226,0.0,0.010430956223899557,0.010430956223068222,8.313350008393172e-13
13180.0,364.11334626335,0.0,30.569776772785197,25.4858877635569,25.4858877635569,54.735582855604946,5.176384286148549,0.012262947783907876,0.8467584806659216,twophase,twophase,26.479868739909605,26.795253808114275,2854.8465513259916,21.623105875305292,0.9258487326179706,0.0,0.010430956223899557,0.010430956223068222,8.313350008393172e-13
13200.0,364.13160571881394,0.0,30.569776772785197,25.486132913765626,25.486132913765626,54.73612080973662,5.175749151346565,0.012262276884424595,0.846916879552482,twophase,twophase,26.48017634866971,26.7955759361763,2854.8465513259916,21.623105875305292,0.9258396332491509,0.0,0.010430956223899557,0.010430956223068222,8.313350008393172e-13
13220.0,364.1498665428852,0.0,30.569776772785197,25.486378073720093,25.486378073720093,54.73665879231984,5.1751141512893355,0.012261605837477133,0.8470752985143825,twophase,twophase,26.48048380526018,26.79589792197832,2854.8465513259916,21.623105875305292,0.9258305335779519,0.0,0.010430956223899557,0.010430956223068222,8.313350008393172e-13
13240.0,364.16812873305685,0.0,30.569776772785197,25.486623243385445,25.486623243385445,54.73719680329133,5.174479286008278,0.012260934643115328,0.8472337375348323,twophase,twophase,26.480791110078545,26.796219765887816,2854.8465513259916,21.623105875305292,0.9258214336054669,0.0,0.010430956223899557,0.010430956223068222,8.313350008393172e-13
13260.0,364.18639228683656,0.0,30.569776772785197,25.486868422727017,25.486868422727017,54.737734842592175,5.173844555534661,0.012260263301382378,0.8473921965970855,twophase,twophase,26.48109826352126,26.79654146827128,2854.8465513259916,21.623105875305292,0.9258123333327158,0.0,0.010430956223899557,0.010430956223068222,8.313350008393172e-13
13280.0,364.2046572017396,0.0,30.569776772785197,25.487113611710274,25.487113611710274,54.73827291016106,5.173209959899555,0.012259591812325353,0.8475506756844389,twophase,twophase,26.481405265983728,26.79686302949422,2854.8465513259916,21.623105875305292,0.9258032327607586,0.0,0.010430956223899557,0.010430956223068222,8.313350008393172e-13
13300.0,364.22292347527156,0.0,30.569776772785197,25.487358810300535,25.487358810300535,54.7388110059344,5.172575499133533,0.0122589201759949,0.8477091747802331,twophase,twophase,26.481712117860287,26.797184449921165,2854.8465513259916,21.623105875305292,0.9257941318906932,0.0,0.010430956223899557,0.010430956223068222,8.313350008393172e-13
13320.0,364.2411911049749,0.0,30.569776772785197,25.48760401846364,25.48760401846364,54.73934912985965,5.171941173267385,0.012258248392424573,0.8478676938678503,twophase,twophase,26.482018819544226,26.79750572991567,2854.8465513259916,21.623105875305292,0.9257850307234317,0.0,0.010430956223899557,0.010430956223068222,8.313350008393172e-13
13340.0,364.2594600883658,0.0,30.569776772785197,25.48784923616506,25.48784923616506,54.73988728187102,5.171306982331174,0.012257576461668716,0.8480262329307189,twophase,twophase,26.482325371427788,26.797826869840314,2854.8465513259916,21.623105875305292,0.9257759292601089,0.0,0.010430956223899557,0.010430956223068222,8.313350008393172e-13
13360.0,364.27773042299356,0.0,30.569776772785197,25.48809446337073,25.48809446337073,54.740425461912004,5.170672926355108,0.012256904383767385,0.8481847919523071,twophase,twophase,26.482631773902163,26.798147870056702,2854.8465513259916,21.623105875305292,0.9257668275017038,0.0,0.010430956223899557,0.010430956223068222,8.313350008393172e-13
13380.0,364.29600210639217,0.0,30.569776772785197,25.48833970004637,25.48833970004637,54.740963669919346,5.170039005368845,0.01225623215877125,0.8483433709161288,twophase,twophase,26.4829380273575,26.798468730925475,2854.8465513259916,21.623105875305292,0.9257577254493086,0.0,0.010430956223899557,0.010430956223068222,8.313350008393172e-13
13400.0,364.31427513611675,0.0,30.569776772785197,25.488584946157996,25.488584946157996,54.74150190583546,5.169405219402015,0.01225555978672218,0.8485019698057383,twophase,twophase,26.483244132182893,26.7987894528063,2854.8465513259916,21.623105875305292,0.9257486231039195,0.0,0.010430956223899557,0.010430956223068222,8.313350008393172e-13
13420.0,364.332549509727,0.0,30.569776772785197,25.48883020167171,25.48883020167171,54.74204016960137,5.168771568484002,0.01225488726766441,0.8486605886047349,twophase,twophase,26.483550088766414,26.799110036057886,2854.8465513259916,21.623105875305292,0.9257395204665568,0.0,0.010430956223899557,0.010430956223068222,8.313350008393172e-13
13440.0,364.35082522478376,0.0,30.569776772785197,25.489075466553604,25.489075466553604,54.74257846115678,5.168138052643857,0.012254214601644333,0.8488192272967583,twophase,twophase,26.48385589749509,26.799430481037977,2854.8465513259916,21.623105875305292,0.9257304175382626,0.0,0.010430956223899557,0.010430956223068222,8.313350008393172e-13
13460.0,364.3691022788534,0.0,30.569776772785197,25.489320740769852,25.489320740769852,54.74311678044263,5.167504671910383,0.012253541788706454,0.8489778858654918,twophase,twophase,26.484161558754913,26.79975078810336,2854.8465513259916,21.623105875305292,0.9257213143200578,0.0,0.010430956223899557,0.010430956223068222,8.313350008393172e-13
13480.0,364.3873806695213,0.0,30.569776772785197,25.489566024286905,25.489566024286905,54.743655127400345,5.166871426312338,0.012252868828894835,0.8491365642946618,twophase,twophase,26.484467072930848,26.80007095760987,2854.8465513259916,21.623105875305292,0.9257122108129555,0.0,0.010430956223899557,0.010430956223068222,8.313350008393172e-13
13500.0,364.4056603943665,0.0,30.569776772785197,25.489811317071116,25.489811317071116,54.74419350197234,5.166238315878061,0.012252195722251873,0.8492952625680344,twophase,twophase,26.484772440406825,26.80039098991238,2854.8465513259916,21.623105875305292,0.9257031070179518,0.0,0.010430956223899557,0.010430956223068222,8.313350008393172e-13
13520.0,364.4239414509763,0.0,30.569776772785197,25.490056619088975,25.490056619088975,54.74473190409833,5.165605340635695,0.012251522468824435,0.8494539806694217,twophase,twophase,26.485077661565754,26.800710885364822,2854.8465513259916,21.623105875305292,0.9256940029360882,0.0,0.010430956223899557,0.010430956223068222,8.313350008393172e-13
13540.0,364.4422238369486,0.0,30.569776772785197,25.490301930307094,25.490301930307094,54.74527033371844,5.164972500613194,0.012250849068658892,0.8496127185826744,twophase,twophase,26.48538273678952,26.80103064432017,2854.8465513259916,21.623105875305292,0.9256848985683995,0.0,0.010430956223899557,0.010430956223068222,8.313350008393172e-13
13560.0,364.46050754988556,0.0,30.569776772785197,25.49054725069216,25.49054725069216,54.745808790777254,5.16433979583826,0.012250175521794618,0.8497714762916863,twophase,twophase,26.48568766645899,26.801350267130463,2854.8465513259916,21.623105875305292,0.9256757939158448,0.0,0.010430956223899557,0.010430956223068222,8.313350008393172e-13
13580.0,364.47879258739476,0.0,30.569776772785197,25.490792580210947,25.490792580210947,54.74634727521688,5.163707226338366,0.012249501828275068,0.8499302537803931,twophase,twophase,26.485992450954008,26.801669754146786,2854.8465513259916,21.623105875305292,0.9256666889794248,0.0,0.010430956223899557,0.010430956223068222,8.313350008393172e-13
13600.0,364.49707894709,0.0,30.569776772785197,25.49103791883029,25.49103791883029,54.74688578697626,5.1630747921407245,0.012248827988148749,0.8500890510327727,twophase,twophase,26.48629709065341,26.801989105719286,2854.8465513259916,21.623105875305292,0.9256575837601942,0.0,0.010430956223899557,0.010430956223068222,8.313350008393172e-13
13620.0,364.5153666265944,0.0,30.569776772785197,25.491283266517176,25.491283266517176,54.747424325998544,5.16244249327238,0.012248154001457774,0.8502478680328435,twophase,twophase,26.486601585935016,26.802308322197177,2854.8465513259916,21.623105875305292,0.9256484782591361,0.0,0.010430956223899557,0.010430956223068222,8.313350008393172e-13
13640.0,364.53365562353514,0.0,30.569776772785197,25.491528623238647,25.491528623238647,54.74796289222764,5.1618103297601206,0.012247479868243037,0.8504067047646665,twophase,twophase,26.48690593717564,26.80262740392873,2854.8465513259916,21.623105875305292,0.9256393724772208,0.0,0.010430956223899557,0.010430956223068222,8.313350008393172e-13
13660.0,364.55194593554893,0.0,30.569776772785197,25.49177398896188,25.49177398896188,54.74850148560459,5.161178301630556,0.012246805588550196,0.8505655612123431,twophase,twophase,26.48721014475108,26.80294635126129,2854.8465513259916,21.623105875305292,0.9256302664154669,0.0,0.010430956223899557,0.010430956223068222,8.313350008393172e-13
13680.0,364.57023756027087,0.0,30.569776772785197,25.49201936365402,25.49201936365402,54.74904010607405,5.1605464089099335,0.012246131162419146,0.8507244373600161,twophase,twophase,26.487514209036146,26.80326516454127,2854.8465513259916,21.623105875305292,0.925621160074832,0.0,0.010430956223899557,0.010430956223068222,8.313350008393172e-13
13700.0,364.5885304953505,0.0,30.569776772785197,25.49226474728242,25.49226474728242,54.749578753574696,5.159914651624411,0.012245456589899551,0.850883333191871,twophase,twophase,26.48781813040463,26.803583844114147,2854.8465513259916,21.623105875305292,0.9256120534563744,0.0,0.010430956223899557,0.010430956223068222,8.313350008393172e-13
13720.0,364.6068247384354,0.0,30.569776772785197,25.492510139814414,25.492510139814414,54.75011742805066,5.159283029799806,0.012244781871032395,0.8510422486921322,twophase,twophase,26.48812190922934,26.80390239032448,2854.8465513259916,21.623105875305292,0.9256029465610606,0.0,0.010430956223899557,0.010430956223068222,8.313350008393172e-13
13740.0,364.62512028718965,0.0,30.569776772785197,25.492755541217566,25.492755541217566,54.7506561294485,5.158651543461861,0.012244107005855001,0.8512011838450656,twophase,twophase,26.488425545882073,26.804220803515907,2854.8465513259916,21.623105875305292,0.9255938393898153,0.0,0.010430956223899557,0.010430956223068222,8.313350008393172e-13
13760.0,364.6434171392766,0.0,30.569776772785197,25.493000951459422,25.493000951459422,54.751194857706736,5.158020192635975,0.012243431994417612,0.8513601386349794,twophase,twophase,26.48872904073365,26.80453908403114,2854.8465513259916,21.623105875305292,0.9255847319436997,0.0,0.010430956223899557,0.010430956223068222,8.313350008393172e-13
13780.0,364.6617152923653,0.0,30.569776772785197,25.493246370507606,25.493246370507606,54.751733612769634,5.157388977347333,0.012242756836761357,0.8515191130462211,twophase,twophase,26.489032394153885,26.804857232211976,2854.8465513259916,21.623105875305292,0.9255756242236775,0.0,0.010430956223899557,0.010430956223068222,8.313350008393172e-13
13800.0,364.6800147441339,0.0,30.569776772785197,25.49349179832989,25.49349179832989,54.75227239458239,5.15675789762095,0.01224208153292605,0.8516781070631786,twophase,twophase,26.489335606511613,26.805175248399294,2854.8465513259916,21.623105875305292,0.9255665162306966,0.0,0.010430956223899557,0.010430956223068222,8.313350008393172e-13
13820.0,364.69831549226706,0.0,30.569776772785197,25.493737234894127,25.493737234894127,54.752811203086814,5.156126953481606,0.01224140608295706,0.8518371206702816,twophase,twophase,26.489638678174686,26.80549313293306,2854.8465513259916,21.623105875305292,0.925557407965762,0.0,0.010430956223899557,0.010430956223068222,8.313350008393172e-13
13840.0,364.71661753445323,0.0,30.569776772785197,25.49398268016822,25.49398268016822,54.753350038227715,5.155496144953841,0.012240730486894976,0.8519961538519991,twophase,twophase,26.489941609509966,26.80581088615233,2854.8465513259916,21.623105875305292,0.9255482994298279,0.0,0.010430956223899557,0.010430956223068222,8.313350008393172e-13
13860.0,364.7349208683879,0.0,30.569776772785197,25.494228134120167,25.494228134120167,54.75388889994846,5.154865472061973,0.012240054744782923,0.852155206592841,twophase,twophase,26.49024440088334,26.806128508395254,2854.8465513259916,21.623105875305292,0.925539190623873,0.0,0.010430956223899557,0.010430956223068222,8.313350008393172e-13
13880.0,364.7532254917738,0.0,30.569776772785197,25.494473596718073,25.494473596718073,54.75442778819377,5.154234934830124,0.012239378856661863,0.852314278877357,twophase,twophase,26.490547052659718,26.80644599999907,2854.8465513259916,21.623105875305292,0.9255300815488529,0.0,0.010430956223899557,0.010430956223068222,8.313350008393172e-13
13900.0,364.77153140231724,0.0,30.569776772785197,25.49471906793012,25.49471906793012,54.75496670290566,5.153604533282186,0.012238702822577342,0.8524733706901376,twophase,twophase,26.49084956520303,26.80676336130012,2854.8465513259916,21.623105875305292,0.925520972205769,0.0,0.010430956223899557,0.010430956223068222,8.313350008393172e-13
13920.0,364.78983859773246,0.0,30.569776772785197,25.494964547724553,25.494964547724553,54.755505644030436,5.152974267441811,0.01223802664256802,0.8526324820158127,twophase,twophase,26.491151938876232,26.807080592633845,2854.8465513259916,21.623105875305292,0.9255118625955501,0.0,0.010430956223899557,0.010430956223068222,8.313350008393172e-13
13940.0,364.80814707574336,0.0,30.569776772785197,25.495210036069786,25.495210036069786,54.756044611513,5.152344137332529,0.01223735031667503,0.8527916128390517,twophase,twophase,26.491454174041323,26.807397694334778,2854.8465513259916,21.623105875305292,0.9255027527191482,0.0,0.010430956223899557,0.010430956223068222,8.313350008393172e-13
13960.0,364.8264568340696,0.0,30.569776772785197,25.495455532934177,25.495455532934177,54.75658360529531,5.151714142977491,0.012236673844944179,0.8529507631445651,twophase,twophase,26.491756271059323,26.807714666736565,2854.8465513259916,21.623105875305292,0.9254936425775655,0.0,0.010430956223899557,0.010430956223068222,8.313350008393172e-13
13980.0,364.84476787044616,0.0,30.569776772785197,25.49570103828627,25.49570103828627,54.75712262532421,5.151084284399753,0.012235997227413765,0.8531099329171017,twophase,twophase,26.492058230290294,26.808031510171958,2854.8465513259916,21.623105875305292,0.9254845321717216,0.0,0.010430956223899557,0.010430956223068222,8.313350008393172e-13
14000.0,364.86308018261167,0.0,30.569776772785197,25.495946552094697,25.495946552094697,54.75766167154347,5.150454561622146,0.012235320464126937,0.8532691221414513,twophase,twophase,26.492360052093336,26.808348224972814,2854.8465513259916,21.623105875305292,0.9254754215025873,0.0,0.010430956223899557,0.010430956223068222,8.313350008393172e-13
14020.0,364.88139376830856,0.0,30.569776772785197,25.496192074328118,25.496192074328118,54.758200743898364,5.149824974667242,0.012234643555124703,0.8534283308024413,twophase,twophase,26.492661736826584,26.808664811470102,2854.8465513259916,21.623105875305292,0.9254663105711087,0.0,0.010430956223899557,0.010430956223068222,8.313350008393172e-13
14040.0,364.899708625284,0.0,30.569776772785197,25.49643760495528,25.49643760495528,54.7587398423327,5.14919552355739,0.012233966500450362,0.8535875588849406,twophase,twophase,26.49296328484722,26.808981269993907,2854.8465513259916,21.623105875305292,0.9254571993782563,0.0,0.010430956223899557,0.010430956223068222,8.313350008393172e-13
14060.0,364.9180247513003,0.0,30.569776772785197,25.49668314394511,25.49668314394511,54.75927896679431,5.148566208314834,0.012233289300141097,0.8537468063738555,twophase,twophase,26.493264696511474,26.80929760087343,2854.8465513259916,21.623105875305292,0.9254480879249324,0.0,0.010430956223899557,0.010430956223068222,8.313350008393172e-13
14080.0,364.9363421441148,0.0,30.569776772785197,25.49692869126652,25.49692869126652,54.7598181172273,5.147937028961499,0.012232611954239967,0.8539060732541328,twophase,twophase,26.493565972174622,26.80961380443698,2854.8465513259916,21.623105875305292,0.9254389762121022,0.0,0.010430956223899557,0.010430956223068222,8.313350008393172e-13
14100.0,364.95466080149856,0.0,30.569776772785197,25.49717424688855,25.49717424688855,54.760357293577115,5.147307985519152,0.012231934462788143,0.8540653595107572,twophase,twophase,26.49386711219099,26.809929881012003,2854.8465513259916,21.623105875305292,0.9254298642407085,0.0,0.010430956223899557,0.010430956223068222,8.313350008393172e-13
14120.0,364.97298072122123,0.0,30.569776772785197,25.49741981078027,25.49741981078027,54.760896495788444,5.146679078009273,0.012231256825828018,0.854224665128754,twophase,twophase,26.494168116913958,26.81024583092506,2854.8465513259916,21.623105875305292,0.9254207520117065,0.0,0.010430956223899557,0.010430956223068222,8.313350008393172e-13
14140.0,364.99130190106564,0.0,30.569776772785197,25.49766538291092,25.49766538291092,54.76143572380942,5.146050306453254,0.01223057904339667,0.8543839900931853,twophase,twophase,26.494468986695964,26.810561654501832,2854.8465513259916,21.623105875305292,0.925411639525993,0.0,0.010430956223899557,0.010430956223068222,8.313350008393172e-13
14160.0,365.0096243388113,0.0,30.569776772785197,25.497910963249698,25.497910963249698,54.76197497758337,5.1454216708721185,0.012229901115538826,0.8545433343891539,twophase,twophase,26.4947697218885,26.81087735206714,2854.8465513259916,21.623105875305292,0.9254025267845465,0.0,0.010430956223899557,0.010430956223068222,8.313350008393172e-13
14180.0,365.02794803225834,0.0,30.569776772785197,25.498156551766073,25.498156551766073,54.762514257056914,5.144793171286892,0.012229223042294306,0.8547026980018009,twophase,twophase,26.495070322842125,26.81119292394493,2854.8465513259916,21.623105875305292,0.9253934137882894,0.0,0.010430956223899557,0.010430956223068222,8.313350008393172e-13
14200.0,365.04627297919757,0.0,30.569776772785197,25.49840214842941,25.49840214842941,54.76305356217844,5.144164807718199,0.012228544823699975,0.8548620809163044,twophase,twophase,26.49537078990646,26.811508370458274,2854.8465513259916,21.623105875305292,0.9253843005381138,0.0,0.010430956223899557,0.010430956223068222,8.313350008393172e-13
14220.0,365.0645991774362,0.0,30.569776772785197,25.49864775320928,25.49864775320928,54.763592892892255,5.14353658018658,0.012227866459799501,0.8550214831178825,twophase,twophase,26.49567112343019,26.811823691929387,2854.8465513259916,21.623105875305292,0.9253751870349817,0.0,0.010430956223899557,0.010430956223068222,8.313350008393172e-13
14240.0,365.08292662477567,0.0,30.569776772785197,25.49889336607521,25.49889336607521,54.76413224914384,5.142908488712239,0.012227187950634617,0.8551809045917917,twophase,twophase,26.495971323761065,26.81213888867962,2854.8465513259916,21.623105875305292,0.925366073279834,0.0,0.010430956223899557,0.010430956223068222,8.313350008393172e-13
14260.0,365.1012553190385,0.0,30.569776772785197,25.499138986996986,25.499138986996986,54.764671630883186,5.142280533315359,0.012226509296240163,0.8553403453233254,twophase,twophase,26.496271391245912,26.81245396102946,2854.8465513259916,21.623105875305292,0.9253569592735362,0.0,0.010430956223899557,0.010430956223068222,8.313350008393172e-13
14280.0,365.1195852580439,0.0,30.569776772785197,25.499384615944344,25.499384615944344,54.76521103805428,5.141652714015784,0.012225830496660497,0.8554998052978164,twophase,twophase,26.496571326230633,26.812768909298534,2854.8465513259916,21.623105875305292,0.9253478450170549,0.0,0.010430956223899557,0.010430956223068222,8.313350008393172e-13
14300.0,365.13791643961105,0.0,30.569776772785197,25.499630252887073,25.499630252887073,54.76575047060437,5.14102503083312,0.012225151551934953,0.8556592845006352,twophase,twophase,26.4968711290602,26.813083733805623,2854.8465513259916,21.623105875305292,0.9253387305113016,0.0,0.010430956223899557,0.010430956223068222,8.313350008393172e-13
14320.0,365.15624886158014,0.0,30.569776772785197,25.49987589779519,25.49987589779519,54.7662899284827,5.14039748378692,0.012224472462099777,0.8558187829171902,twophase,twophase,26.497170800078663,26.81339843486865,2854.8465513259916,21.623105875305292,0.9253296157571536,0.0,0.010430956223899557,0.010430956223068222,8.313350008393172e-13
14340.0,365.1745825217829,0.0,30.569776772785197,25.500121550638653,25.500121550638653,54.766829411632074,5.1397700728963915,0.012223793227201664,0.8559783005329287,twophase,twophase,26.497470339629164,26.81371301280468,2854.8465513259916,21.623105875305292,0.9253205007555972,0.0,0.010430956223899557,0.010430956223068222,8.313350008393172e-13
14360.0,365.1929174180647,0.0,30.569776772785197,25.50036721138756,25.50036721138756,54.767368920002454,5.139142798180595,0.012223113847275844,0.8561378373333344,twophase,twophase,26.497769748053916,26.814027467929936,2854.8465513259916,21.623105875305292,0.9253113855074981,0.0,0.010430956223899557,0.010430956223068222,8.313350008393172e-13
14380.0,365.2112535482764,0.0,30.569776772785197,25.500612880012135,25.500612880012135,54.76790845354259,5.138515659658457,0.012222434322359792,0.8562973933039278,twophase,twophase,26.49806902569422,26.81434180055979,2854.8465513259916,21.623105875305292,0.9253022700137419,0.0,0.010430956223899557,0.010430956223068222,8.313350008393172e-13
14400.0,365.2295909102692,0.0,30.569776772785197,25.500858556482573,25.500858556482573,54.768448012195414,5.137888657348558,0.012221754652500158,0.8564569684302703,twophase,twophase,26.498368172890473,26.81465601100878,2854.8465513259916,21.623105875305292,0.9252931542753124,0.0,0.010430956223899557,0.010430956223068222,8.313350008393172e-13
14420.0,365.24792950190556,0.0,30.569776772785197,25.501104240769237,25.501104240769237,54.76898759591514,5.137261791269398,0.012221074837725866,0.8566165626979567,twophase,twophase,26.498667189982154,26.814970099590585,2854.8465513259916,21.623105875305292,0.9252840382930032,0.0,0.010430956223899557,0.010430956223068222,8.313350008393172e-13
14440.0,365.26626932105273,0.0,30.569776772785197,25.50134993284255,25.50134993284255,54.7695272046433,5.136635061439235,0.012220394878086089,0.8567761760926229,twophase,twophase,26.498966077307838,26.81528406661806,2854.8465513259916,21.623105875305292,0.9252749220678216,0.0,0.010430956223899557,0.010430956223068222,8.313350008393172e-13
14460.0,365.284610365578,0.0,30.569776772785197,25.50159563267298,25.50159563267298,54.77006683833282,5.136008467876103,0.012219714773611952,0.8569358085999396,twophase,twophase,26.499264835205196,26.815597912403213,2854.8465513259916,21.623105875305292,0.9252658056005825,0.0,0.010430956223899557,0.010430956223068222,8.313350008393172e-13
14480.0,365.30295263336353,0.0,30.569776772785197,25.50184134023113,25.50184134023113,54.77060649692951,5.135382010597895,0.012219034524346044,0.8570954602056154,twophase,twophase,26.499563464010997,26.815911637257223,2854.8465513259916,21.623105875305292,0.9252566888922209,0.0,0.010430956223899557,0.010430956223068222,8.313350008393172e-13
14500.0,365.3212961222883,0.0,30.569776772785197,25.502087055487625,25.502087055487625,54.77114618037924,5.134755689622239,0.01221835413033095,0.8572551308953966,twophase,twophase,26.49986196406111,26.81622524149043,2854.8465513259916,21.623105875305292,0.925247571943671,0.0,0.010430956223899557,0.010430956223068222,8.313350008393172e-13
14520.0,365.33964083024483,0.0,30.569776772785197,25.502332778413237,25.502332778413237,54.771685888634806,5.134129504966648,0.012217673591598352,0.8574148206550655,twophase,twophase,26.50016033569051,26.816538725412343,2854.8465513259916,21.623105875305292,0.9252384547557495,0.0,0.010430956223899557,0.010430956223068222,8.313350008393172e-13
14540.0,365.35798675512194,0.0,30.569776772785197,25.50257850897871,25.50257850897871,54.77222562164064,5.133503456648315,0.012216992908193267,0.8575745294704423,twophase,twophase,26.50045857923327,26.81685208933165,2854.8465513259916,21.623105875305292,0.9252293373294148,0.0,0.010430956223899557,0.010430956223068222,8.313350008393172e-13
14560.0,365.3763338948272,0.0,30.569776772785197,25.50282424715504,25.50282424715504,54.77276537934899,5.132877544684425,0.012216312080148525,0.857734257327383,twophase,twophase,26.50075669502258,26.817165333556204,2854.8465513259916,21.623105875305292,0.9252202196654926,0.0,0.010430956223899557,0.010430956223068222,8.313350008393172e-13
14580.0,365.394682247256,0.0,30.569776772785197,25.50306999291308,25.50306999291308,54.77330516170602,5.132251769091738,0.012215631107506586,0.8578940042117807,twophase,twophase,26.50105468339073,26.81747845839304,2854.8465513259916,21.623105875305292,0.925211101764912,0.0,0.010430956223899557,0.010430956223068222,8.313350008393172e-13
14600.0,365.4130318103243,0.0,30.569776772785197,25.50331574622392,25.50331574622392,54.77384496865973,5.13162612988698,0.012214949990307202,0.8580537701095655,twophase,twophase,26.501352544669132,26.81779146414837,2854.8465513259916,21.623105875305292,0.9252019836285702,0.0,0.010430956223899557,0.010430956223068222,8.313350008393172e-13
14620.0,365.43138258195125,0.0,30.569776772785197,25.503561507058734,25.503561507058734,54.77438480016396,5.131000627086695,0.012214268728580878,0.8582135550067033,twophase,twophase,26.501650279188304,26.818104351127584,2854.8465513259916,21.623105875305292,0.9251928652572665,0.0,0.010430956223899557,0.010430956223068222,8.313350008393172e-13
14640.0,365.44973456005215,0.0,30.569776772785197,25.503807275388652,25.503807275388652,54.77492465616306,5.130375260707099,0.012213587322373319,0.8583733588891972,twophase,twophase,26.501947887277886,26.818417119635253,2854.8465513259916,21.623105875305292,0.92518374665196,0.0,0.010430956223899557,0.010430956223068222,8.313350008393172e-13
14660.0,365.4680877425587,0.0,30.569776772785197,25.50405305118499,25.50405305118499,54.77546453660617,5.129750030764332,0.012212905771722751,0.8585331817430861,twophase,twophase,26.50224536926664,26.81872976997514,2854.8465513259916,21.623105875305292,0.9251746278135289,0.0,0.010430956223899557,0.010430956223068222,8.313350008393172e-13
14680.0,365.4864421274004,0.0,30.569776772785197,25.50429883441908,25.50429883441908,54.77600444144479,5.129124937274283,0.012212224076663726,0.8586930235544453,twophase,twophase,26.50254272548244,26.81904230245019,2854.8465513259916,21.623105875305292,0.9251655087428113,0.0,0.010430956223899557,0.010430956223068222,8.313350008393172e-13
14700.0,365.50479771251827,0.0,30.569776772785197,25.504544625062383,25.504544625062383,54.776544370627825,5.128499980252695,0.012211542237235007,0.8588528843093854,twophase,twophase,26.50283995625229,26.819354717362536,2854.8465513259916,21.623105875305292,0.9251563894406895,0.0,0.010430956223899557,0.010430956223068222,8.313350008393172e-13
14720.0,365.5231544958557,0.0,30.569776772785197,25.50479042308641,25.50479042308641,54.777084324105175,5.127875159715097,0.012210860253473909,0.8590127639940549,twophase,twophase,26.50313706190233,26.819667015013504,2854.8465513259916,21.623105875305292,0.9251472699080284,0.0,0.010430956223899557,0.010430956223068222,8.313350008393172e-13
14740.0,365.5415124753643,0.0,30.569776772785197,25.505036228462796,25.505036228462796,54.77762430182681,5.127250475676878,0.012210178125417743,0.8591726625946365,twophase,twophase,26.50343404275781,26.819979195703613,2854.8465513259916,21.623105875305292,0.925138150145692,0.0,0.010430956223899557,0.010430956223068222,8.313350008393172e-13
14760.0,365.55987164899057,0.0,30.569776772785197,25.50528204116307,25.50528204116307,54.77816430374096,5.126625928153042,0.012209495853106593,0.8593325800973505,twophase,twophase,26.50373089914313,26.82029125973258,2854.8465513259916,21.623105875305292,0.9251290301545737,0.0,0.010430956223899557,0.010430956223068222,8.313350008393172e-13
14780.0,365.57823201470035,0.0,30.569776772785197,25.50552786115907,25.50552786115907,54.778704329798124,5.126001517158652,0.012208813436577145,0.8594925164884502,twophase,twophase,26.504027631381806,26.82060320739932,2854.8465513259916,21.623105875305292,0.9251199099355281,0.0,0.010430956223899557,0.010430956223068222,8.313350008393172e-13
14800.0,365.5965935704605,0.0,30.569776772785197,25.505773688422643,25.505773688422643,54.779244379951585,5.125377242708511,0.01220813087586177,0.8596524717542268,twophase,twophase,26.504324239796503,26.820915039001942,2854.8465513259916,21.623105875305292,0.9251107894893631,0.0,0.010430956223899557,0.010430956223068222,8.313350008393172e-13
14820.0,365.614956314235,0.0,30.569776772785197,25.506019522925577,25.506019522925577,54.77978445414573,5.124753104817091,0.012207448171006937,0.8598124458810075,twophase,twophase,26.504620724709017,26.821226754837763,2854.8465513259916,21.623105875305292,0.9251016688170365,0.0,0.010430956223899557,0.010430956223068222,8.313350008393172e-13
14840.0,365.6333202440104,0.0,30.569776772785197,25.506265364639983,25.506265364639983,54.78032455233699,5.124129103498939,0.01220676532204025,0.8599724388551527,twophase,twophase,26.504917086440287,26.821538355203305,2854.8465513259916,21.623105875305292,0.9250925479193027,0.0,0.010430956223899557,0.010430956223068222,8.313350008393172e-13
14860.0,365.65168535775877,0.0,30.569776772785197,25.506511213537774,25.506511213537774,54.780864674471786,5.1235052387681295,0.012206082329005174,0.8601324506630601,twophase,twophase,26.505213325310393,26.821849840394293,2854.8465513259916,21.623105875305292,0.9250834267970853,0.0,0.010430956223899557,0.010430956223068222,8.313350008393172e-13
14880.0,365.670051653469,0.0,30.569776772785197,25.506757069591124,25.506757069591124,54.781404820501365,5.12288151063874,0.012205399191937697,0.8602924812911622,twophase,twophase,26.505509441638566,26.82216121070566,2854.8465513259916,21.623105875305292,0.9250743054512263,0.0,0.010430956223899557,0.010430956223068222,8.313350008393172e-13
14900.0,365.68841912913365,0.0,30.569776772785197,25.507002932772206,25.507002932772206,54.78194499037764,5.12225791912459,0.012204715910872762,0.8604525307259261,twophase,twophase,26.505805435743174,26.822472466431552,2854.8465513259916,21.623105875305292,0.9250651838825561,0.0,0.010430956223899557,0.010430956223068222,8.313350008393172e-13
14920.0,365.7067877827528,0.0,30.569776772785197,25.507248803053336,25.507248803053336,54.782485184049634,5.121634464239378,0.01220403248585014,0.8606125989538553,twophase,twophase,26.506101307941744,26.82278360786533,2854.8465513259916,21.623105875305292,0.9250560620919539,0.0,0.010430956223899557,0.010430956223068222,8.313350008393172e-13
14940.0,365.7251576123281,0.0,30.569776772785197,25.507494680406854,25.507494680406854,54.783025401471434,5.1210111459965715,0.012203348916901518,0.8607726859614867,twophase,twophase,26.50639705855095,26.82309463529956,2854.8465513259916,21.623105875305292,0.9250469400802136,0.0,0.010430956223899557,0.010430956223068222,8.313350008393172e-13
14960.0,365.7435286158618,0.0,30.569776772785197,25.507740564805097,25.507740564805097,54.78356564258971,5.1203879644093755,0.012202665204070484,0.8609327917353936,twophase,twophase,26.50669268788662,26.82340554902604,2854.8465513259916,21.623105875305292,0.9250378178482539,0.0,0.010430956223899557,0.010430956223068222,8.313350008393172e-13
14980.0,365.76190079137456,0.0,30.569776772785197,25.507986456220646,25.507986456220646,54.78410590736063,5.119764919490987,0.012201981347385675,0.8610929162621822,twophase,twophase,26.50698819626374,26.82371634933578,2854.8465513259916,21.623105875305292,0.9250286953968334,0.0,0.010430956223899557,0.010430956223068222,8.313350008393172e-13
15000.0,365.7802741368804,0.0,30.569776772785197,25.508232354626017,25.508232354626017,54.78464619573146,5.119142011254267,0.012201297346889947,0.861253059528497,twophase,twophase,26.507283583996458,26.824027036519006,2854.8465513259916,21.623105875305292,0.925019572726861,0.0,0.010430956223899557,0.010430956223068222,8.313350008393172e-13
15020.0,365.7986486504081,0.0,30.569776772785197,25.508478259993932,25.508478259993932,54.785186507655844,5.118519239712048,0.012200613202616228,0.8614132215210127,twophase,twophase,26.507578851398073,26.824337610865175,2854.8465513259916,21.623105875305292,0.9250104498391372,0.0,0.010430956223899557,0.010430956223068222,8.313350008393172e-13
15040.0,365.8170243299818,0.0,30.569776772785197,25.50872417229702,25.50872417229702,54.78572684308585,5.117896604876793,0.012199928914599792,0.8615734022264419,twophase,twophase,26.507873998781054,26.82464807266297,2854.8465513259916,21.623105875305292,0.9250013267344898,0.0,0.010430956223899557,0.010430956223068222,8.313350008393172e-13
15060.0,365.8354011736339,0.0,30.569776772785197,25.50897009150806,25.50897009150806,54.786267201969224,5.117274106760879,0.012199244482883134,0.8617336016315307,twophase,twophase,26.508169026457036,26.824958422200297,2854.8465513259916,21.623105875305292,0.9249922034138192,0.0,0.010430956223899557,0.010430956223068222,8.313350008393172e-13
15080.0,365.8537791794095,0.0,30.569776772785197,25.509216017599982,25.509216017599982,54.78680758426376,5.116651745376577,0.012198559907492723,0.8618938197230578,twophase,twophase,26.50846393473682,26.82526865976429,2854.8465513259916,21.623105875305292,0.9249830798778558,0.0,0.010430956223899557,0.010430956223068222,8.313350008393172e-13
15100.0,365.8721583453527,0.0,30.569776772785197,25.50946195054573,25.50946195054573,54.787347989918686,5.116029520735909,0.012197875188468816,0.86205405648784,twophase,twophase,26.508758723930374,26.825578785641323,2854.8465513259916,21.623105875305292,0.9249739561274751,0.0,0.010430956223899557,0.010430956223068222,8.313350008393172e-13
15120.0,365.89053866950553,0.0,30.569776772785197,25.509707890318193,25.509707890318193,54.78788841888473,5.1154074328506,0.012197190325849322,0.8622143119127244,twophase,twophase,26.509053394346843,26.825888800116996,2854.8465513259916,21.623105875305292,0.9249648321635271,0.0,0.010430956223899557,0.010430956223068222,8.313350008393172e-13
15140.0,365.9089201499339,0.0,30.569776772785197,25.509953836890617,25.509953836890617,54.788428871115244,5.114785481732481,0.012196505319668134,0.8623745859845954,twophase,twophase,26.509347946294543,26.826198703476145,2854.8465513259916,21.623105875305292,0.9249557079868169,0.0,0.010430956223899557,0.010430956223068222,8.313350008393172e-13
15160.0,365.92730278468855,0.0,30.569776772785197,25.51019979023601,25.51019979023601,54.78896934656084,5.1141636673928845,0.012195820169963553,0.8625348786903697,twophase,twophase,26.50964238008097,26.82650849600285,2854.8465513259916,21.623105875305292,0.9249465835981965,0.0,0.010430956223899557,0.010430956223068222,8.313350008393172e-13
15180.0,365.94568657183777,0.0,30.569776772785197,25.510445750327655,25.510445750327655,54.789509845176944,5.113541989843194,0.012195134876766307,0.8626951900169972,twophase,twophase,26.509936696012794,26.82681817798043,2854.8465513259916,21.623105875305292,0.9249374589984362,0.0,0.010430956223899557,0.010430956223068222,8.313350008393172e-13
15200.0,365.9640715094529,0.0,30.569776772785197,25.51069171713886,25.51069171713886,54.79005036691441,5.112920449094544,0.012194449440114566,0.8628555199514636,twophase,twophase,26.510230894395868,26.827127749691442,2854.8465513259916,21.623105875305292,0.9249283341883833,0.0,0.010430956223899557,0.010430956223068222,8.313350008393172e-13
15220.0,365.9824575956085,0.0,30.569776772785197,25.51093769064299,25.51093769064299,54.790590911726596,5.112299045157885,0.012193763860042473,0.8630158684807874,twophase,twophase,26.510524975535226,26.82743721141769,2854.8465513259916,21.623105875305292,0.9249192091688431,0.0,0.010430956223899557,0.010430956223068222,8.313350008393172e-13
15240.0,366.00084482838696,0.0,30.569776772785197,25.511183670813498,25.511183670813498,54.79113147956644,5.111677778044019,0.012193078136585106,0.8631762355920204,twophase,twophase,26.510818939735092,26.82774656344022,2854.8465513259916,21.623105875305292,0.9249100839406277,0.0,0.010430956223899557,0.010430956223068222,8.313350008393172e-13
15260.0,366.01923320587144,0.0,30.569776772785197,25.511429657623886,25.511429657623886,54.79167207038562,5.11105664776354,0.012192392269779518,0.8633366212722485,twophase,twophase,26.511112787298874,26.828055806039327,2854.8465513259916,21.623105875305292,0.9249009585045704,0.0,0.010430956223899557,0.010430956223068222,8.313350008393172e-13
15280.0,366.03762272615427,0.0,30.569776772785197,25.511675651047742,25.511675651047742,54.792212684138356,5.110435654326887,0.012191706259658859,0.8634970255085919,twophase,twophase,26.51140651852917,26.828364939494566,2854.8465513259916,21.623105875305292,0.9248918328614618,0.0,0.010430956223899557,0.010430956223068222,8.313350008393172e-13
15300.0,366.05601338732777,0.0,30.569776772785197,25.511921651058692,25.511921651058692,54.792753320776576,5.109814797744289,0.012191020106259968,0.8636574482882023,twophase,twophase,26.511700133727768,26.828673964084732,2854.8465513259916,21.623105875305292,0.9248827070121308,0.0,0.010430956223899557,0.010430956223068222,8.313350008393172e-13
15320.0,366.0744051874962,0.0,30.569776772785197,25.51216765763051,25.51216765763051,54.793293980255505,5.109194078025884,0.012190333809614595,0.8638178895982662,twophase,twophase,26.51199363319565,26.82898288008788,2854.8465513259916,21.623105875305292,0.9248735809573507,0.0,0.010430956223899557,0.010430956223068222,8.313350008393172e-13
15340.0,366.09279812476484,0.0,30.569776772785197,25.512413670736972,25.512413670736972,54.7938346625271,5.108573495181568,0.012189647369759768,0.8639783494260034,twophase,twophase,26.512287017233003,26.829291687781325,2854.8465513259916,21.623105875305292,0.9248644546979502,0.0,0.010430956223899557,0.010430956223068222,8.313350008393172e-13
15360.0,366.1111921972408,0.0,30.569776772785197,25.512659690351924,25.512659690351924,54.7943753675441,5.107953049221066,0.012188960786731292,0.8641388277586654,twophase,twophase,26.512580286139197,26.829600387441626,2854.8465513259916,21.623105875305292,0.9248553282347438,0.0,0.010430956223899557,0.010430956223068222,8.313350008393172e-13
15380.0,366.1295874030409,0.0,30.569776772785197,25.5129057164493,25.5129057164493,54.794916095261094,5.107332740153939,0.01218827406056223,0.8642993245835391,twophase,twophase,26.512873440212815,26.82990897934462,2854.8465513259916,21.623105875305292,0.9248462015685159,0.0,0.010430956223899557,0.010430956223068222,8.313350008393172e-13
15400.0,366.1479837402899,0.0,30.569776772785197,25.513151749003175,25.513151749003175,54.79545684563182,5.106712567989663,0.012187587191287045,0.8644598398879422,twophase,twophase,26.513166479751636,26.830217463765393,2854.8465513259916,21.623105875305292,0.9248370747000646,0.0,0.010430956223899557,0.010430956223068222,8.313350008393172e-13
15420.0,366.1663812071106,0.0,30.569776772785197,25.513397787987586,25.513397787987586,54.79599761861129,5.106092532737436,0.012186900178938215,0.8646203736592257,twophase,twophase,26.513459405052643,26.830525840978304,2854.8465513259916,21.623105875305292,0.9248279476301664,0.0,0.010430956223899557,0.010430956223068222,8.313350008393172e-13
15440.0,366.1847798016277,0.0,30.569776772785197,25.513643833376594,25.513643833376594,54.79653841414949,5.105472634406223,0.012186213023556354,0.8647809258847751,twophase,twophase,26.51375221641203,26.83083411125697,2854.8465513259916,21.623105875305292,0.9248188203596827,0.0,0.010430956223899557,0.010430956223068222,8.313350008393172e-13
15460.0,366.20317952198775,0.0,30.569776772785197,25.51388988514458,25.51388988514458,54.79707923220443,5.104852873005091,0.012185525725169425,0.8649414965520065,twophase,twophase,26.514044914125197,26.83114227487428,2854.8465513259916,21.623105875305292,0.924809692889339,0.0,0.010430956223899557,0.010430956223068222,8.313350008393172e-13
15480.0,366.2215803663254,0.0,30.569776772785197,25.514135943265757,25.514135943265757,54.7976200727307,5.104233248542689,0.012184838283810876,0.86510208564837,twophase,twophase,26.514337498486757,26.8314503321024,2854.8465513259916,21.623105875305292,0.9248005652199195,0.0,0.010430956223899557,0.010430956223068222,8.313350008393172e-13
15500.0,366.23998233278866,0.0,30.569776772785197,25.514382007714495,25.514382007714495,54.79816093568098,5.103613761027593,0.012184150699517312,0.8652626931613473,twophase,twophase,26.514629969790537,26.831758283212757,2854.8465513259916,21.623105875305292,0.9247914373522397,0.0,0.010430956223899557,0.010430956223068222,8.313350008393172e-13
15520.0,366.25838541951964,0.0,30.569776772785197,25.514628078465137,25.514628078465137,54.79870182100739,5.102994410468109,0.01218346297232627,0.8654233190784539,twophase,twophase,26.514922328329572,26.83206612847606,2854.8465513259916,21.623105875305292,0.9247823092871243,0.0,0.010430956223899557,0.010430956223068222,8.313350008393172e-13
15540.0,366.2767896246836,0.0,30.569776772785197,25.51487415549229,25.51487415549229,54.799242728667245,5.102375196872575,0.012182775102267163,0.8655839633872371,twophase,twophase,26.515214574396122,26.83237386816229,2854.8465513259916,21.623105875305292,0.9247731810253111,0.0,0.010430956223899557,0.010430956223068222,8.313350008393172e-13
15560.0,366.29519494643546,0.0,30.569776772785197,25.515120238770468,25.515120238770468,54.79978365861667,5.10175612024901,0.01218208708937138,0.8657446260752744,twophase,twophase,26.515506708281663,26.832681502540705,2854.8465513259916,21.623105875305292,0.9247640525675576,0.0,0.010430956223899557,0.010430956223068222,8.313350008393172e-13
15580.0,366.3136013829428,0.0,30.569776772785197,25.515366328274332,25.515366328274332,54.800324610806804,5.101137180605329,0.012181398933678358,0.8659053071301792,twophase,twophase,26.51579873027689,26.832989031879848,2854.8465513259916,21.623105875305292,0.9247549239147046,0.0,0.010430956223899557,0.010430956223068222,8.313350008393172e-13
15600.0,366.3320089323699,0.0,30.569776772785197,25.515612423978514,25.515612423978514,54.80086558519367,5.100518377949197,0.012180710635219723,0.8660660065395946,twophase,twophase,26.51609064067173,26.83329645644754,2854.8465513259916,21.623105875305292,0.9247457950675116,0.0,0.010430956223899557,0.010430956223068222,8.313350008393172e-13
15620.0,366.35041759289874,0.0,30.569776772785197,25.515858525857876,25.515858525857876,54.80140658173524,5.099899712288276,0.012180022194024242,0.8662267242911964,twophase,twophase,26.51638243975533,26.83360377651088,2854.8465513259916,21.623105875305292,0.9247366660267047,0.0,0.010430956223899557,0.010430956223068222,8.313350008393172e-13
15640.0,366.36882736270076,0.0,30.569776772785197,25.516104633887153,25.516104633887153,54.80194760038137,5.099281183629859,0.012179333610133658,0.866387460372693,twophase,twophase,26.51667412781606,26.833910992336268,2854.8465513259916,21.623105875305292,0.9247275367931468,0.0,0.010430956223899557,0.010430956223068222,8.313350008393172e-13
15660.0,366.38723823996577,0.0,30.569776772785197,25.516350748041322,25.516350748041322,54.80248864109049,5.098662791981267,0.012178644883576062,0.8665482147718231,twophase,twophase,26.516965705141526,26.83421810418938,2854.8465513259916,21.623105875305292,0.9247184073675557,0.0,0.010430956223899557,0.010430956223068222,8.313350008393172e-13
15680.0,366.4056502228846,0.0,30.569776772785197,25.51659686829538,25.51659686829538,54.80302970382022,5.098044537349599,0.012177956014381009,0.8667089874763582,twophase,twophase,26.517257172018567,26.834525112335186,2854.8465513259916,21.623105875305292,0.9247092777506636,0.0,0.010430956223899557,0.010430956223068222,8.313350008393172e-13
15700.0,366.4240633096428,0.0,30.569776772785197,25.51684299462426,25.51684299462426,54.80357078851958,5.097426419741654,0.012177267002591797,0.8668697784741028,twophase,twophase,26.51754852873325,26.834832017037943,2854.8465513259916,21.623105875305292,0.9247001479433473,0.0,0.010430956223899557,0.010430956223068222,8.313350008393172e-13
15720.0,366.44247749844476,0.0,30.569776772785197,25.51708912700315,25.51708912700315,54.8041118951489,5.096808439164276,0.012176577848233812,0.8670305877528909,twophase,twophase,26.517839775570884,26.83513881856121,2854.8465513259916,21.623105875305292,0.9246910179462927,0.0,0.010430956223899557,0.010430956223068222,8.313350008393172e-13
15740.0,366.46089278749434,0.0,30.569776772785197,25.51733526540722,25.51733526540722,54.8046530236626,5.09619059562405,0.01217588855134195,0.8671914153005885,twophase,twophase,26.51813091281601,26.83544551716783,2854.8465513259916,21.623105875305292,0.9246818877602853,0.0,0.010430956223899557,0.010430956223068222,8.313350008393172e-13
15760.0,366.47930917499775,0.0,30.569776772785197,25.5175814098117,25.5175814098117,54.805194174017046,5.095572889127397,0.012175199111948115,0.8673522611050939,twophase,twophase,26.51842194075241,26.835752113119952,2854.8465513259916,21.623105875305292,0.924672757386078,0.0,0.010430956223899557,0.010430956223068222,8.313350008393172e-13
15780.0,366.4977266591673,0.0,30.569776772785197,25.517827560191883,25.517827560191883,54.80573534616736,5.094955319680569,0.012174509530086194,0.8675131251543371,twophase,twophase,26.51871285966312,26.83605860667902,2854.8465513259916,21.623105875305292,0.9246636268244445,0.0,0.010430956223899557,0.010430956223068222,8.313350008393172e-13
15800.0,366.5161452382205,0.0,30.569776772785197,25.51807371652314,25.51807371652314,54.80627654007008,5.0943378872896865,0.012173819805787986,0.8676740074362772,twophase,twophase,26.519003669830397,26.836364998105783,2854.8465513259916,21.623105875305292,0.9246544960761343,0.0,0.010430956223899557,0.010430956223068222,8.313350008393172e-13
15820.0,366.5345649103828,0.0,30.569776772785197,25.518319878780975,25.518319878780975,54.806817755681855,5.093720591960756,0.012173129939085179,0.8678349079389069,twophase,twophase,26.519294371535768,26.836671287660284,2854.8465513259916,21.623105875305292,0.9246453651418953,0.0,0.010430956223899557,0.010430956223068222,8.313350008393172e-13
15840.0,366.55298567387706,0.0,30.569776772785197,25.518566046940812,25.518566046940812,54.80735899295513,5.0931034336994925,0.012172439930016253,0.8679958266502498,twophase,twophase,26.51958496505999,26.83697747560188,2854.8465513259916,21.623105875305292,0.9246362340225462,0.0,0.010430956223899557,0.010430956223068222,8.313350008393172e-13
15860.0,366.57140752693533,0.0,30.569776772785197,25.51881222097824,25.51881222097824,54.80790025185008,5.092486412511548,0.012171749778607384,0.8681567635583594,twophase,twophase,26.51987545068308,26.837283562189235,2854.8465513259916,21.623105875305292,0.9246271027187751,0.0,0.010430956223899557,0.010430956223068222,8.313350008393172e-13
15880.0,366.58983046779605,0.0,30.569776772785197,25.519058400868943,25.519058400868943,54.808441532322426,5.091869528402454,0.012171059484892038,0.86831771865132,twophase,twophase,26.520165828684306,26.837589547680313,2854.8465513259916,21.623105875305292,0.9246179712313453,0.0,0.010430956223899557,0.010430956223068222,8.313350008393172e-13
15900.0,366.60825449470155,0.0,30.569776772785197,25.51930458658862,25.51930458658862,54.80898283432959,5.091252781377528,0.012170369048901002,0.8684786919172481,twophase,twophase,26.520456099342184,26.837895432332395,2854.8465513259916,21.623105875305292,0.924608839560991,0.0,0.010430956223899557,0.010430956223068222,8.313350008393172e-13
15920.0,366.6266796058875,0.0,30.569776772785197,25.51955077811293,25.51955077811293,54.80952415782545,5.090636171441818,0.012169678470670754,0.8686396833442909,twophase,twophase,26.520746262934495,26.838201216402073,2854.8465513259916,21.623105875305292,0.924599707708507,0.0,0.010430956223899557,0.010430956223068222,8.313350008393172e-13
15940.0,366.64510579961615,0.0,30.569776772785197,25.519796975417854,25.519796975417854,54.810065502768815,5.090019698600491,0.012168987750230134,0.8688006929206255,twophase,twophase,26.52103631973827,26.83850690014525,2854.8465513259916,21.623105875305292,0.9245905756746038,0.0,0.010430956223899557,0.010430956223068222,8.313350008393172e-13
15960.0,366.66353307413914,0.0,30.569776772785197,25.52004317847925,25.52004317847925,54.810606869116434,5.089403362858353,0.012168296887611202,0.8689617206344606,twophase,twophase,26.521326270029803,26.838812483817154,2854.8465513259916,21.623105875305292,0.9245814434600274,0.0,0.010430956223899557,0.010430956223068222,8.313350008393172e-13
15980.0,366.68196142771137,0.0,30.569776772785197,25.520289387273035,25.520289387273035,54.81114825682418,5.088787164220066,0.012167605882847536,0.8691227664740344,twophase,twophase,26.521616114084654,26.83911796767232,2854.8465513259916,21.623105875305292,0.9245723110655378,0.0,0.010430956223899557,0.010430956223068222,8.313350008393172e-13
16000.0,366.7003908586002,0.0,30.569776772785197,25.52053560177527,25.52053560177527,54.81168966584943,5.088171102690202,0.012166914735970476,0.8692838304276167,twophase,twophase,26.521905852177643,26.839423351964605,2854.8465513259916,21.623105875305292,0.9245631784918705,0.0,0.010430956223899557,0.010430956223068222,8.313350008393172e-13
16020.0,366.7188213650731,0.0,30.569776772785197,25.520781821962036,25.520781821962036,54.812231096150164,5.087555178273147,0.012166223447010415,0.8694449124835072,twophase,twophase,26.522195484582856,26.83972863694719,2854.8465513259916,21.623105875305292,0.9245540457397499,0.0,0.010430956223899557,0.010430956223068222,8.313350008393172e-13
16040.0,366.7372529454062,0.0,30.569776772785197,25.521028047809533,25.521028047809533,54.8127725476819,5.086939390973179,0.012165532016001745,0.8696060126300357,twophase,twophase,26.522485011573647,26.840033822872577,2854.8465513259916,21.623105875305292,0.9245449128099422,0.0,0.010430956223899557,0.010430956223068222,8.313350008393172e-13
16060.0,366.7556855978718,0.0,30.569776772785197,25.521274279293927,25.521274279293927,54.81331402040467,5.086323740794332,0.012164840442971772,0.8697671308555626,twophase,twophase,26.52277443342264,26.8403389099926,2854.8465513259916,21.623105875305292,0.9245357797031377,0.0,0.010430956223899557,0.010430956223068222,8.313350008393172e-13
16080.0,366.7741193207593,0.0,30.569776772785197,25.521520516391572,25.521520516391572,54.81385551427517,5.085708227740611,0.012164148727953268,0.8699282671484784,twophase,twophase,26.52306375040173,26.840643898558408,2854.8465513259916,21.623105875305292,0.9245266464200824,0.0,0.010430956223899557,0.010430956223068222,8.313350008393172e-13
16100.0,366.79255411234953,0.0,30.569776772785197,25.521766759078755,25.521766759078755,54.814397029248994,5.08509285181573,0.01216345687098068,0.8700894214972045,twophase,twophase,26.523352962782088,26.84094878882049,2854.8465513259916,21.623105875305292,0.9245175129615409,0.0,0.010430956223899557,0.010430956223068222,8.313350008393172e-13
16120.0,366.8109899709351,0.0,30.569776772785197,25.522013007331903,25.522013007331903,54.81493856528598,5.084477613023343,0.012162764872081913,0.8702505938901904,twophase,twophase,26.52364207083416,26.84125358102866,2854.8465513259916,21.623105875305292,0.9245083793282068,0.0,0.010430956223899557,0.010430956223068222,8.313350008393172e-13
16140.0,366.8294268948113,0.0,30.569776772785197,25.5222592611275,25.5222592611275,54.815480122342215,5.083862511366931,0.012162072731290883,0.8704117843159181,twophase,twophase,26.52393107482767,26.841558275432064,2854.8465513259916,21.623105875305292,0.9244992455208361,0.0,0.010430956223899557,0.010430956223068222,8.313350008393172e-13
16160.0,366.8478648822812,0.0,30.569776772785197,25.5225055204421,25.5225055204421,54.81602170037663,5.083247546849847,0.012161380448637083,0.8705729927628976,twophase,twophase,26.524219975031617,26.841862872279183,2854.8465513259916,21.623105875305292,0.924490111540137,0.0,0.010430956223899557,0.010430956223068222,8.313350008393172e-13
16180.0,366.8663039316492,0.0,30.569776772785197,25.52275178525231,25.52275178525231,54.81656329934816,5.08263271947528,0.012160688024150035,0.8707342192196685,twophase,twophase,26.52450877171429,26.842167371817833,2854.8465513259916,21.623105875305292,0.9244809773868179,0.0,0.010430956223899557,0.010430956223068222,8.313350008393172e-13
16200.0,366.88474404122184,0.0,30.569776772785197,25.52299805553478,25.52299805553478,54.81710491921269,5.08201802924623,0.012159995457864246,0.8708954636748032,twophase,twophase,26.52479746514326,26.84247177429517,2854.8465513259916,21.623105875305292,0.9244718430616385,0.0,0.010430956223899557,0.010430956223068222,8.313350008393172e-13
16220.0,366.9031852093172,0.0,30.569776772785197,25.523244331266277,25.523244331266277,54.817646559931816,5.0814034761656375,0.012159302749805185,0.8710567261168985,twophase,twophase,26.52508605558537,26.842776079957687,2854.8465513259916,21.623105875305292,0.9244627085652617,0.0,0.010430956223899557,0.010430956223068222,8.313350008393172e-13
16240.0,366.9216274342472,0.0,30.569776772785197,25.52349061242351,25.52349061242351,54.81818822145899,5.08078906023615,0.012158609900011372,0.8712180065345858,twophase,twophase,26.525374543306764,26.84308028905122,2854.8465513259916,21.623105875305292,0.924453573898488,0.0,0.010430956223899557,0.010430956223068222,8.313350008393172e-13
16260.0,366.9400707143423,0.0,30.569776772785197,25.52373689898345,25.52373689898345,54.81872990375738,5.080174781460468,0.012157916908505931,0.8713793049165233,twophase,twophase,26.525662928572874,26.843384401820945,2854.8465513259916,21.623105875305292,0.9244444390619542,0.0,0.010430956223899557,0.010430956223068222,8.313350008393172e-13
16280.0,366.9585150479239,0.0,30.569776772785197,25.523983190922937,25.523983190922937,54.81927160678374,5.079560639840968,0.012157223775322312,0.8715406212513986,twophase,twophase,26.525951211648422,26.84368841851139,2854.8465513259916,21.623105875305292,0.9244353040564048,0.0,0.010430956223899557,0.010430956223068222,8.313350008393172e-13
16300.0,366.97696043332775,0.0,30.569776772785197,25.52422948821899,25.52422948821899,54.81981333049568,5.0789466353799755,0.012156530500492651,0.8717019555279307,twophase,twophase,26.526239392797418,26.843992339366423,2854.8465513259916,21.623105875305292,0.9244261688825701,0.0,0.010430956223899557,0.010430956223068222,8.313350008393172e-13
16320.0,366.99540686888525,0.0,30.569776772785197,25.52447579084862,25.52447579084862,54.82035507485191,5.0783327680796155,0.012155837084047414,0.871863307734866,twophase,twophase,26.526527472283174,26.84429616462926,2854.8465513259916,21.623105875305292,0.9244170335411614,0.0,0.010430956223899557,0.010430956223068222,8.313350008393172e-13
16340.0,367.01385435293884,0.0,30.569776772785197,25.52472209878894,25.52472209878894,54.820896839812214,5.077719037941903,0.012155143526015417,0.8720246778609798,twophase,twophase,26.526815450368293,26.84459989454247,2854.8465513259916,21.623105875305292,0.9244078980328727,0.0,0.010430956223899557,0.010430956223068222,8.313350008393172e-13
16360.0,367.0323028838331,0.0,30.569776772785197,25.52496841201712,25.52496841201712,54.82143862533753,5.077105444968701,0.012154449826423778,0.8721860658950779,twophase,twophase,26.527103327314677,26.844903529347974,2854.8465513259916,21.623105875305292,0.9243987623583775,0.0,0.010430956223899557,0.010430956223068222,8.313350008393172e-13
16380.0,367.0507524599184,0.0,30.569776772785197,25.525214730510402,25.525214730510402,54.821980431383935,5.076491989161744,0.012153755985307364,0.872347471825994,twophase,twophase,26.527391103383533,26.845207069287046,2854.8465513259916,21.623105875305292,0.9243896265184316,0.0,0.010430956223899557,0.010430956223068222,8.313350008393172e-13
16400.0,367.06920307954334,0.0,30.569776772785197,25.525461054246023,25.525461054246023,54.82252225791004,5.0758786705225445,0.012153062002697149,0.8725088956425922,twophase,twophase,26.527678778835366,26.845510514600313,2854.8465513259916,21.623105875305292,0.9243804905137483,0.0,0.010430956223899557,0.010430956223068222,8.313350008393172e-13
16420.0,367.0876547410743,0.0,30.569776772785197,25.52570738320142,25.52570738320142,54.82306410487791,5.075265489052625,0.012152367878618689,0.8726703373337642,twophase,twophase,26.527966353929987,26.845813865527763,2854.8465513259916,21.623105875305292,0.9243713543449821,0.0,0.010430956223899557,0.010430956223068222,8.313350008393172e-13
16440.0,367.1061074428627,0.0,30.569776772785197,25.525953717353897,25.525953717353897,54.82360597224407,5.074652444753157,0.012151673613106331,0.8728317968884306,twophase,twophase,26.528253828926513,26.84611712230874,2854.8465513259916,21.623105875305292,0.9243622180128811,0.0,0.010430956223899557,0.010430956223068222,8.313350008393172e-13
16460.0,367.1245611832849,0.0,30.569776772785197,25.52620005668103,25.52620005668103,54.82414785997044,5.0740395376254,0.012150979206186052,0.8729932742955411,twophase,twophase,26.52854120408337,26.84642028518195,2854.8465513259916,21.623105875305292,0.9243530815181026,0.0,0.010430956223899557,0.010430956223068222,8.313350008393172e-13
16480.0,367.14301596070754,0.0,30.569776772785197,25.52644640116031,25.52644640116031,54.82468976801473,5.0734267676703,0.012150284657890543,0.8731547695440746,twophase,twophase,26.528828479658294,26.846723354385457,2854.8465513259916,21.623105875305292,0.9243439448613744,0.0,0.010430956223899557,0.010430956223068222,8.313350008393172e-13
16500.0,367.1614717735054,0.0,30.569776772785197,25.52669275076932,25.52669275076932,54.825231696338975,5.072814134888719,0.012149589968245668,0.8733162826230363,twophase,twophase,26.529115655908328,26.847026330156694,2854.8465513259916,21.623105875305292,0.9243348080433517,0.0,0.010430956223899557,0.010430956223068222,8.313350008393172e-13
16520.0,367.1799286200521,0.0,30.569776772785197,25.526939105485653,25.526939105485653,54.8257736448993,5.072201639281299,0.012148895137286763,0.873477813521464,twophase,twophase,26.52940273308983,26.84732921273246,2854.8465513259916,21.623105875305292,0.9243256710647889,0.0,0.010430956223899557,0.010430956223068222,8.313350008393172e-13
16540.0,367.1983864987446,0.0,30.569776772785197,25.527185465287182,25.527185465287182,54.82631561365907,5.071589280848789,0.012148200165037855,0.8736393622284201,twophase,twophase,26.52968971145848,26.84763200234892,2854.8465513259916,21.623105875305292,0.9243165339263187,0.0,0.010430956223899557,0.010430956223068222,8.313350008393172e-13
16560.0,367.21684540795826,0.0,30.569776772785197,25.527431830151524,25.527431830151524,54.826857602574655,5.070977059591467,0.01214750505153396,0.8738009287329973,twophase,twophase,26.529976591269268,26.847934699241602,2854.8465513259916,21.623105875305292,0.9243073966286914,0.0,0.010430956223899557,0.010430956223068222,8.313350008393172e-13
16580.0,367.2353053460966,0.0,30.569776772785197,25.527678200056656,25.527678200056656,54.827399611610915,5.070364975509775,0.012146809796796915,0.8739625130243153,twophase,twophase,26.530263372776503,26.848237303645416,2854.8465513259916,21.623105875305292,0.9242982591725144,0.0,0.010430956223899557,0.010430956223068222,8.313350008393172e-13
16600.0,367.25376631154666,0.0,30.569776772785197,25.527924574980364,25.527924574980364,54.82794164072434,5.0697530286037615,0.0121461144008617,0.8741241150915238,twophase,twophase,26.530550056233817,26.848539815794634,2854.8465513259916,21.623105875305292,0.9242891215585357,0.0,0.010430956223899557,0.010430956223068222,8.313350008393172e-13
16620.0,367.2722283027104,0.0,30.569776772785197,25.528170954900595,25.528170954900595,54.82848368987514,5.069141218873438,0.012145418863757616,0.8742857349238,twophase,twophase,26.53083664189417,26.84884223592291,2854.8465513259916,21.623105875305292,0.9242799837874408,0.0,0.010430956223899557,0.010430956223068222,8.313350008393172e-13
16640.0,367.290691317996,0.0,30.569776772785197,25.52841733979543,25.52841733979543,54.82902575902462,5.068529546318758,0.012144723185512272,0.8744473725103478,twophase,twophase,26.531123130009835,26.849144564263266,2854.8465513259916,21.623105875305292,0.9242708458598969,0.0,0.010430956223899557,0.010430956223068222,8.313350008393172e-13
16660.0,367.30915535580823,0.0,30.569776772785197,25.528663729642865,25.528663729642865,54.82956784813371,5.067918010939392,0.012144027366153862,0.8746090278404007,twophase,twophase,26.53140952083242,26.849446801048114,2854.8465513259916,21.623105875305292,0.924261707776577,0.0,0.010430956223899557,0.010430956223068222,8.313350008393172e-13
16680.0,367.3276204145661,0.0,30.569776772785197,25.52891012442112,25.52891012442112,54.830109957161376,5.067306612735031,0.012143331405713935,0.8747707009032202,twophase,twophase,26.531695814612856,26.84974894650923,2854.8465513259916,21.623105875305292,0.9242525695381875,0.0,0.010430956223899557,0.010430956223068222,8.313350008393172e-13
16700.0,367.34608649268034,0.0,30.569776772785197,25.52915652410829,25.52915652410829,54.83065208606968,5.066695351705054,0.012142635304219019,0.874932391688094,twophase,twophase,26.531982011601407,26.850051000877784,2854.8465513259916,21.623105875305292,0.9242434311453823,0.0,0.010430956223899557,0.010430956223068222,8.313350008393172e-13
16720.0,367.36455358857864,0.0,30.569776772785197,25.529402928682714,25.529402928682714,54.83119423481984,5.066084227848881,0.012141939061697188,0.8750941001843389,twophase,twophase,26.532268112047667,26.850352964384317,2854.8465513259916,21.623105875305292,0.92423429259883,0.0,0.010430956223899557,0.010430956223068222,8.313350008393172e-13
16740.0,367.38302170068346,0.0,30.569776772785197,25.529649338122635,25.529649338122635,54.83173640336997,5.0654732411656465,0.01214124267818149,0.8752558263813002,twophase,twophase,26.532554116200565,26.850654837258762,2854.8465513259916,21.623105875305292,0.9242251538992508,0.0,0.010430956223899557,0.010430956223068222,8.313350008393172e-13
16760.0,367.40149082742727,0.0,30.569776772785197,25.529895752406468,25.529895752406468,54.83227859168496,5.064862391654462,0.012140546153694259,0.8754175702683485,twophase,twophase,26.532840024308364,26.85095661973044,2854.8465513259916,21.623105875305292,0.9242160150472509,0.0,0.010430956223899557,0.010430956223068222,8.313350008393172e-13
16780.0,367.4199609672411,0.0,30.569776772785197,25.53014217151259,25.53014217151259,54.83282079972263,5.064251679314208,0.012139849488269098,0.8755793318348842,twophase,twophase,26.533125836618662,26.851258312028047,2854.8465513259916,21.623105875305292,0.9242068760435558,0.0,0.010430956223899557,0.010430956223068222,8.313350008393172e-13
16800.0,367.4384321185633,0.0,30.569776772785197,25.530388595419492,25.530388595419492,54.83336302744481,5.063641104143688,0.012139152681933465,0.8757411110703338,twophase,twophase,26.5334115533784,26.851559914379685,2854.8465513259916,21.623105875305292,0.9241977368888232,0.0,0.010430956223899557,0.010430956223068222,8.313350008393172e-13
16820.0,367.4569042798394,0.0,30.569776772785197,25.530635024105752,25.530635024105752,54.83390527481444,5.0630306661415965,0.012138455734712948,0.8759029079641516,twophase,twophase,26.533697174833858,26.85186142701283,2854.8465513259916,21.623105875305292,0.9241885975836919,0.0,0.010430956223899557,0.010430956223068222,8.313350008393172e-13
16840.0,367.4753774495136,0.0,30.569776772785197,25.530881457549935,25.530881457549935,54.83444754179026,5.062420365306422,0.012137758646639957,0.8760647225058201,twophase,twophase,26.533982701230652,26.852162850154368,2854.8465513259916,21.623105875305292,0.9241794581288717,0.0,0.010430956223899557,0.010430956223068222,8.313350008393172e-13
16860.0,367.4938516260378,0.0,30.569776772785197,25.531127895730716,25.531127895730716,54.83498982833544,5.061810201636577,0.012137061417739996,0.8762265546848482,twophase,twophase,26.534268132813754,26.852464184030563,2854.8465513259916,21.623105875305292,0.9241703185249975,0.0,0.010430956223899557,0.010430956223068222,8.313350008393172e-13
16880.0,367.5123268078601,0.0,30.569776772785197,25.53137433862673,25.53137433862673,54.83553213440892,5.061200175130243,0.012136364048045252,0.8763884044907718,twophase,twophase,26.53455346982747,26.85276542886708,2854.8465513259916,21.623105875305292,0.9241611787727756,0.0,0.010430956223899557,0.010430956223068222,8.313350008393172e-13
16900.0,367.53080299345066,0.0,30.569776772785197,25.53162078621689,25.53162078621689,54.83607445997802,5.060590285785695,0.012135666537574702,0.876550271913154,twophase,twophase,26.53483871251546,26.853066584888985,2854.8465513259916,21.623105875305292,0.9241520388727709,0.0,0.010430956223899557,0.010430956223068222,8.313350008393172e-13
16920.0,367.5492801812617,0.0,30.569776772785197,25.531867238479883,25.531867238479883,54.8366168049964,5.0599805336007755,0.012134968886369238,0.8767121569415866,twophase,twophase,26.53512386112073,26.853367652320742,2854.8465513259916,21.623105875305292,0.9241428988257783,0.0,0.010430956223899557,0.010430956223068222,8.313350008393172e-13
16940.0,367.56775836976675,0.0,30.569776772785197,25.532113695394692,25.532113695394692,54.83715916943247,5.059370918573452,0.01213427109444618,0.876874059565686,twophase,twophase,26.535408915885647,26.85366863138621,2854.8465513259916,21.623105875305292,0.9241337586323446,0.0,0.010430956223899557,0.010430956223068222,8.313350008393172e-13
16960.0,367.58623755743594,0.0,30.569776772785197,25.532360156940236,25.532360156940236,54.83770155324548,5.05876144070144,0.012133573161837607,0.8770359797750966,twophase,twophase,26.535693877051916,26.85396952230866,2854.8465513259916,21.623105875305292,0.9241246182931702,0.0,0.010430956223899557,0.010430956223068222,8.313350008393172e-13
16980.0,367.6047177427389,0.0,30.569776772785197,25.53260662309546,25.53260662309546,54.83824395639698,5.058152099982283,0.012132875088571918,0.8771979175594905,twophase,twophase,26.535978744860603,26.854270325310754,2854.8465513259916,21.623105875305292,0.9241154778089171,0.0,0.010430956223899557,0.010430956223068222,8.313350008393172e-13
17000.0,367.6231989241621,0.0,30.569776772785197,25.532853093839503,25.532853093839503,54.8387863788513,5.057542896413533,0.012132176874673268,0.8773598729085651,twophase,twophase,26.536263519552133,26.854571040614573,2854.8465513259916,21.623105875305292,0.9241063371802007,0.0,0.010430956223899557,0.010430956223068222,8.313350008393172e-13
17020.0,367.6416811001815,0.0,30.569776772785197,25.533099569151396,25.533099569151396,54.83932882056686,5.0569338299924596,0.012131478520175255,0.8775218458120457,twophase,twophase,26.536548201366283,26.854871668441596,2854.8465513259916,21.623105875305292,0.9240971964077355,0.0,0.010430956223899557,0.010430956223068222,8.313350008393172e-13
17040.0,367.6601642692875,0.0,30.569776772785197,25.533346049010348,25.533346049010348,54.8398712815103,5.056324900716313,0.012130780025098408,0.8776838362596835,twophase,twophase,26.536832790542196,26.85517220901271,2854.8465513259916,21.623105875305292,0.9240880554920973,0.0,0.010430956223899557,0.010430956223068222,8.313350008393172e-13
17060.0,367.6786484299717,0.0,30.569776772785197,25.533592533395588,25.533592533395588,54.840413761639475,5.055716108582183,0.01213008138947739,0.8778458442412571,twophase,twophase,26.537117287318367,26.85547266254822,2854.8465513259916,21.623105875305292,0.9240789144340102,0.0,0.010430956223899557,0.010430956223068222,8.313350008393172e-13
17080.0,367.6971335807292,0.0,30.569776772785197,25.53383902228639,25.53383902228639,54.84095626092,5.055107453587022,0.012129382613334566,0.8780078697465707,twophase,twophase,26.537401691932665,26.855773029267834,2854.8465513259916,21.623105875305292,0.9240697732340675,0.0,0.010430956223899557,0.010430956223068222,8.313350008393172e-13
17100.0,367.71561972005645,0.0,30.569776772785197,25.534085515662085,25.534085515662085,54.84149877931328,5.054498935727654,0.012128683696699024,0.8781699127654552,twophase,twophase,26.53768600462232,26.85607330939068,2854.8465513259916,21.623105875305292,0.9240606318929334,0.0,0.010430956223899557,0.010430956223068222,8.313350008393172e-13
17120.0,367.7341068464577,0.0,30.569776772785197,25.534332013502056,25.534332013502056,54.84204131678353,5.053890555000774,0.01212798463959546,0.878331973287768,twophase,twophase,26.537970225623923,26.8563735031353,2854.8465513259916,21.623105875305292,0.9240514904112243,0.0,0.010430956223899557,0.010430956223068222,8.313350008393172e-13
17140.0,367.75259495844153,0.0,30.569776772785197,25.534578515785785,25.534578515785785,54.84258387329088,5.053282311402986,0.012127285442055232,0.8784940513033938,twophase,twophase,26.53825435517344,26.856673610719643,2854.8465513259916,21.623105875305292,0.9240423487896259,0.0,0.010430956223899557,0.010430956223068222,8.313350008393172e-13
17160.0,367.7710840545162,0.0,30.569776772785197,25.53482502249274,25.53482502249274,54.8431264487992,5.052674204930709,0.012126586104103693,0.8786561468022411,twophase,twophase,26.538538393506204,26.85697363236109,2854.8465513259916,21.623105875305292,0.9240332070287606,0.0,0.010430956223899557,0.010430956223068222,8.313350008393172e-13
17180.0,367.78957413319716,0.0,30.569776772785197,25.535071533602487,25.535071533602487,54.84366904327223,5.052066235580272,0.012125886625766536,0.8788182597742471,twophase,twophase,26.53882234085692,26.857273568276433,2854.8465513259916,21.623105875305292,0.9240240651292527,0.0,0.010430956223899557,0.010430956223068222,8.313350008393172e-13
17200.0,367.80806519300126,0.0,30.569776772785197,25.535318049094624,25.535318049094624,54.844211656672016,5.051458403347857,0.012125187007072234,0.8789803902093736,twophase,twophase,26.539106197459667,26.85757341868189,2854.8465513259916,21.623105875305292,0.9240149230917557,0.0,0.010430956223899557,0.010430956223068222,8.313350008393172e-13
17220.0,367.82655723245233,0.0,30.569776772785197,25.53556456894882,25.53556456894882,54.84475428896005,5.050850708229532,0.012124487248050172,0.8791425380976099,twophase,twophase,26.539389963547894,26.8578731837931,2854.8465513259916,21.623105875305292,0.9240057809169315,0.0,0.010430956223899557,0.010430956223068222,8.313350008393172e-13
17240.0,367.8450502500799,0.0,30.569776772785197,25.53581109314485,25.53581109314485,54.84529694010384,5.050243150221302,0.012123787348720272,0.8793047034289689,twophase,twophase,26.539673639354433,26.85817286382512,2854.8465513259916,21.623105875305292,0.9239966386053413,0.0,0.010430956223899557,0.010430956223068222,8.313350008393172e-13
17260.0,367.8635442444096,0.0,30.569776772785197,25.536057621662437,25.536057621662437,54.845839610062704,5.049635729318929,0.012123087309115516,0.879466886193492,twophase,twophase,26.539957225111493,26.858472458992445,2854.8465513259916,21.623105875305292,0.9239874961576839,0.0,0.010430956223899557,0.010430956223068222,8.313350008393172e-13
17280.0,367.88203921397803,0.0,30.569776772785197,25.536304154481435,25.536304154481435,54.846382298800904,5.04902844551814,0.012122387129261124,0.8796290863812447,twophase,twophase,26.540240721050658,26.858771969508986,2854.8465513259916,21.623105875305292,0.9239783535745748,0.0,0.010430956223899557,0.010430956223068222,8.313350008393172e-13
17300.0,367.9005351573213,0.0,30.569776772785197,25.536550691581702,25.536550691581702,54.846925006284316,5.048421298814484,0.012121686809179749,0.8797913039823182,twophase,twophase,26.540524127402897,26.85907139558809,2854.8465513259916,21.623105875305292,0.9239692108566022,0.0,0.010430956223899557,0.010430956223068222,8.313350008393172e-13
17320.0,367.9190320729852,0.0,30.569776772785197,25.536797232943226,25.536797232943226,54.84746773247278,5.047814289203449,0.012120986348903877,0.8799535389868312,twophase,twophase,26.540807444398563,26.85937073744253,2854.8465513259916,21.623105875305292,0.9239600680044562,0.0,0.010430956223899557,0.010430956223068222,8.313350008393172e-13
17340.0,367.9375299595094,0.0,30.569776772785197,25.53704377854594,25.53704377854594,54.84801047733282,5.047207416680316,0.012120285748455199,0.8801157913849255,twophase,twophase,26.541090672267394,26.859669995284513,2854.8465513259916,21.623105875305292,0.9239509250187137,0.0,0.010430956223899557,0.010430956223068222,8.313350008393172e-13
17360.0,367.9560288154518,0.0,30.569776772785197,25.537290328369988,25.537290328369988,54.84855324082651,5.046600681240379,0.012119585007862801,0.8802780611667715,twophase,twophase,26.54137381123851,26.85996916932568,2854.8465513259916,21.623105875305292,0.9239417819000273,0.0,0.010430956223899557,0.010430956223068222,8.313350008393172e-13
17380.0,367.97452863935354,0.0,30.569776772785197,25.53753688239531,25.53753688239531,54.84909602291688,5.0459940828785665,0.012118884127154035,0.8804403483225625,twophase,twophase,26.541656861540428,26.860268259777108,2854.8465513259916,21.623105875305292,0.9239326386490327,0.0,0.010430956223899557,0.010430956223068222,8.313350008393172e-13
17400.0,367.993029429784,0.0,30.569776772785197,25.537783440602233,25.537783440602233,54.84963882356992,5.0453876215900095,0.012118183106351937,0.8806026528425179,twophase,twophase,26.541939823401044,26.86056726684931,2854.8465513259916,21.623105875305292,0.9239234952663163,0.0,0.010430956223899557,0.010430956223068222,8.313350008393172e-13
17420.0,368.01153118530135,0.0,30.569776772785197,25.538030002970913,25.538030002970913,54.850181642749895,5.044781297369502,0.012117481945482055,0.8807649747168834,twophase,twophase,26.542222697047652,26.860866190752233,2854.8465513259916,21.623105875305292,0.9239143517524929,0.0,0.010430956223899557,0.010430956223068222,8.313350008393172e-13
17440.0,368.03003390446355,0.0,30.569776772785197,25.538276569481532,25.538276569481532,54.85072448041786,5.044175110211683,0.012116780644575297,0.8809273139359289,twophase,twophase,26.542505482706936,26.861165031695272,2854.8465513259916,21.623105875305292,0.9239052081082321,0.0,0.010430956223899557,0.010430956223068222,8.313350008393172e-13
17460.0,368.0485375858473,0.0,30.569776772785197,25.538523140114513,25.538523140114513,54.85126733654164,5.043569060111265,0.0121160792036518,0.8810896704899507,twophase,twophase,26.542788180604976,26.861463789887257,2854.8465513259916,21.623105875305292,0.9238960643340884,0.0,0.010430956223899557,0.010430956223068222,8.313350008393172e-13
17480.0,368.0670422280237,0.0,30.569776772785197,25.538769714850204,25.538769714850204,54.851810211083254,5.042963147062708,0.012115377622741058,0.8812520443692687,twophase,twophase,26.54307079096725,26.861762465536458,2854.8465513259916,21.623105875305292,0.9238869204307152,0.0,0.010430956223899557,0.010430956223068222,8.313350008393172e-13
17500.0,368.0855478295618,0.0,30.569776772785197,25.539016293668933,25.539016293668933,54.852353104006056,5.042357371060284,0.012114675901870394,0.8814144355642292,twophase,twophase,26.54335331401863,26.862061058850596,2854.8465513259916,21.623105875305292,0.9238777763987422,0.0,0.010430956223899557,0.010430956223068222,8.313350008393172e-13
17520.0,368.10405438904587,0.0,30.569776772785197,25.53926287655123,25.53926287655123,54.852896015276535,5.04175173209829,0.012113974041062313,0.8815768440652033,twophase,twophase,26.543635749983395,26.862359570036833,2854.8465513259916,21.623105875305292,0.9238686322387472,0.0,0.010430956223899557,0.010430956223068222,8.313350008393172e-13
17540.0,368.12256190506497,0.0,30.569776772785197,25.539509463477703,25.539509463477703,54.85343894485877,5.041146230170936,0.012113272040343268,0.8817392698625871,twophase,twophase,26.543918099085214,26.86265799930178,2854.8465513259916,21.623105875305292,0.9238594879513481,0.0,0.010430956223899557,0.010430956223068222,8.313350008393172e-13
17560.0,368.1410703762012,0.0,30.569776772785197,25.53975605442885,25.53975605442885,54.85398189271695,5.040540865272146,0.012112569899739434,0.881901712946801,twophase,twophase,26.544200361547166,26.862956346851497,2854.8465513259916,21.623105875305292,0.923850343537161,0.0,0.010430956223899557,0.010430956223068222,8.313350008393172e-13
17580.0,368.15957980104383,0.0,30.569776772785197,25.54000264938529,25.54000264938529,54.854524858814955,5.039935637395802,0.012111867619277657,0.882064173308291,twophase,twophase,26.54448253759173,26.86325461289149,2854.8465513259916,21.623105875305292,0.9238411989968071,0.0,0.010430956223899557,0.010430956223068222,8.313350008393172e-13
17600.0,368.17809017819155,0.0,30.569776772785197,25.540249248327758,25.540249248327758,54.85506784312062,5.039330546535728,0.012111165198978575,0.8822266509375267,twophase,twophase,26.544764627440795,26.863552797626728,2854.8465513259916,21.623105875305292,0.9238320543308407,0.0,0.010430956223899557,0.010430956223068222,8.313350008393172e-13
17620.0,368.1966015062374,0.0,30.569776772785197,25.54049585123691,25.54049585123691,54.855610845593404,5.038725592685494,0.01211046263887612,0.8823891458250052,twophase,twophase,26.54504663131566,26.863850901261614,2854.8465513259916,21.623105875305292,0.9238229095399578,0.0,0.010430956223899557,0.010430956223068222,8.313350008393172e-13
17640.0,368.21511378379125,0.0,30.569776772785197,25.54074245809363,25.54074245809363,54.85615386620389,5.0381207758387445,0.012109759938986686,0.8825516579612447,twophase,twophase,26.545328549437023,26.864148924000023,2854.8465513259916,21.623105875305292,0.9238137646246664,0.0,0.010430956223899557,0.010430956223068222,8.313350008393172e-13
17660.0,368.2336270094527,0.0,30.569776772785197,25.540989068878684,25.540989068878684,54.85669690491308,5.037516095988822,0.012109057099341961,0.8827141873367909,twophase,twophase,26.545610382025004,26.864446866045277,2854.8465513259916,21.623105875305292,0.923804619585636,0.0,0.010430956223899557,0.010430956223068222,8.313350008393172e-13
17680.0,368.25214118183703,0.0,30.569776772785197,25.541235683573046,25.541235683573046,54.85723996168912,5.036911553129128,0.012108354119962313,0.8828767339422116,twophase,twophase,26.545892129299123,26.864744727600158,2854.8465513259916,21.623105875305292,0.9237954744234158,0.0,0.010430956223899557,0.010430956223068222,8.313350008393172e-13
17700.0,368.2706562995526,0.0,30.569776772785197,25.541482302157572,25.541482302157572,54.85778303649479,5.036307147252759,0.012107651000876664,0.8830392977681008,twophase,twophase,26.546173791478324,26.865042508866903,2854.8465513259916,21.623105875305292,0.9237863291386452,0.0,0.010430956223899557,0.010430956223068222,8.313350008393172e-13
17720.0,368.2891723612197,0.0,30.569776772785197,25.54172892461332,25.54172892461332,54.85832612929674,5.035702878352863,0.012106947742107911,0.883201878805077,twophase,twophase,26.54645536878096,26.86534021004722,2854.8465513259916,21.623105875305292,0.9237771837318985,0.0,0.010430956223899557,0.010430956223068222,8.313350008393172e-13
17740.0,368.3076893654513,0.0,30.569776772785197,25.541975550921237,25.541975550921237,54.85886924005886,5.035098746422304,0.012106244343683393,0.8833644770437813,twophase,twophase,26.546736861424808,26.865637831342262,2854.8465513259916,21.623105875305292,0.9237680382037964,0.0,0.010430956223899557,0.010430956223068222,8.313350008393172e-13
17760.0,368.3262073108831,0.0,30.569776772785197,25.54222218106256,25.54222218106256,54.85941236874898,5.034494751454073,0.012105540805624272,0.8835270924748809,twophase,twophase,26.547018269627056,26.865935372952663,2854.8465513259916,21.623105875305292,0.9237588925548931,0.0,0.010430956223899557,0.010430956223068222,8.313350008393172e-13
17780.0,368.34472619613695,0.0,30.569776772785197,25.542468815018367,25.542468815018367,54.859955515330135,5.033890893440835,0.012104837127959353,0.8836897250890672,twophase,twophase,26.547299593604315,26.86623283507851,2854.8465513259916,21.623105875305292,0.9237497467858237,0.0,0.010430956223899557,0.010430956223068222,8.313350008393172e-13
17800.0,368.3632460198426,0.0,30.569776772785197,25.54271545276983,25.54271545276983,54.86049867977055,5.033287172375191,0.012104133310709222,0.8838523748770536,twophase,twophase,26.547580833572617,26.866530217919358,2854.8465513259916,21.623105875305292,0.9237406008971356,0.0,0.010430956223899557,0.010430956223068222,8.313350008393172e-13
17820.0,368.38176678063655,0.0,30.569776772785197,25.542962094298208,25.542962094298208,54.861041862033055,5.032683588249657,0.012103429353903182,0.8840150418295804,twophase,twophase,26.54786198974742,26.866827521674235,2854.8465513259916,21.623105875305292,0.9237314548894673,0.0,0.010430956223899557,0.010430956223068222,8.313350008393172e-13
17840.0,368.40028847715905,0.0,30.569776772785197,25.543208739584838,25.543208739584838,54.86158506208558,5.032080141056671,0.012102725257562483,0.8841777259374098,twophase,twophase,26.548143062343605,26.867124746541634,2854.8465513259916,21.623105875305292,0.923722308763371,0.0,0.010430956223899557,0.010430956223068222,8.313350008393172e-13
17860.0,368.4188111080512,0.0,30.569776772785197,25.543455388611054,25.543455388611054,54.862128279893085,5.031476830788507,0.012102021021713129,0.884340427191329,twophase,twophase,26.548424051575473,26.867421892719516,2854.8465513259916,21.623105875305292,0.9237131625194493,0.0,0.010430956223899557,0.010430956223068222,8.313350008393172e-13
17880.0,368.4373346719575,0.0,30.569776772785197,25.543702041358227,25.543702041358227,54.86267151542143,5.030873657437303,0.012101316646379746,0.8845031455821489,twophase,twophase,26.548704957656764,26.867718960405316,2854.8465513259916,21.623105875305292,0.9237040161582893,0.0,0.010430956223899557,0.010430956223068222,8.313350008393172e-13
17900.0,368.4558591675278,0.0,30.569776772785197,25.543948697807828,25.543948697807828,54.86321476863704,5.030270620995148,0.012100612131586181,0.8846658811007042,twophase,twophase,26.548985780800635,26.868015949795943,2854.8465513259916,21.623105875305292,0.9236948696804687,0.0,0.010430956223899557,0.010430956223068222,8.313350008393172e-13
17920.0,368.4743845934165,0.0,30.569776772785197,25.544195357941362,25.544195357941362,54.86375803950523,5.029667721453998,0.012099907477358052,0.8848286337378538,twophase,twophase,26.549266521219685,26.86831286108778,2854.8465513259916,21.623105875305292,0.9236857230865838,0.0,0.010430956223899557,0.010430956223068222,8.313350008393172e-13
17940.0,368.4929109482812,0.0,30.569776772785197,25.5444420217404,25.5444420217404,54.86430132799377,5.029064958805717,0.012099202683717144,0.8849914034844798,twophase,twophase,26.549547179125938,26.86860969447669,2854.8465513259916,21.623105875305292,0.9236765763771893,0.0,0.010430956223899557,0.010430956223068222,8.313350008393172e-13
17960.0,368.51143823077865,0.0,30.569776772785197,25.54468868918651,25.54468868918651,54.864844634068234,5.028462333041999,0.012098497750688834,0.8851541903314879,twophase,twophase,26.549827754730853,26.868906450158004,2854.8465513259916,21.623105875305292,0.9236674295528771,0.0,0.010430956223899557,0.010430956223068222,8.313350008393172e-13
17980.0,368.5299664395732,0.0,30.569776772785197,25.544935360261334,25.544935360261334,54.86538795769357,5.027859844154465,0.012097792678299545,0.8853169942698073,twophase,twophase,26.550108248245326,26.86920312832654,2854.8465513259916,21.623105875305292,0.9236582826142494,0.0,0.010430956223899557,0.010430956223068222,8.313350008393172e-13
18000.0,368.54849557333216,0.0,30.569776772785197,25.545182034946592,25.545182034946592,54.865931298837886,5.027257492134648,0.01209708746657067,0.8854798152903913,twophase,twophase,26.55038865987969,26.869499729176596,2854.8465513259916,21.623105875305292,0.9236491355618555,0.0,0.010430956223899557,0.010430956223068222,8.313350008393172e-13
18020.0,368.56702563072275,0.0,30.569776772785197,25.54542871322397,25.54542871322397,54.86647465746637,5.026655276973885,0.012096382115528404,0.885642653384217,twophase,twophase,26.550668989843718,26.869796252901946,2854.8465513259916,21.623105875305292,0.9236399883962934,0.0,0.010430956223899557,0.010430956223068222,8.313350008393172e-13
18040.0,368.58555661042703,0.0,30.569776772785197,25.545675395075385,25.545675395075385,54.86701803354585,5.026053198663596,0.01209567662519637,0.8858055085422838,twophase,twophase,26.550949238346618,26.870092699695853,2854.8465513259916,21.623105875305292,0.9236308411181338,0.0,0.010430956223899557,0.010430956223068222,8.313350008393172e-13
18060.0,368.60408851111873,0.0,30.569776772785197,25.545922080482622,25.545922080482622,54.867561427046994,5.02545125719491,0.012094970995592053,0.8859683807556139,twophase,twophase,26.55122940559704,26.870389069751063,2854.8465513259916,21.623105875305292,0.9236216937278823,0.0,0.010430956223899557,0.010430956223068222,8.313350008393172e-13
18080.0,368.62262133147567,0.0,30.569776772785197,25.546168769427535,25.546168769427535,54.86810483793035,5.024849452558854,0.012094265226749239,0.886131270015256,twophase,twophase,26.55150949180308,26.870685363259806,2854.8465513259916,21.623105875305292,0.923612546226215,0.0,0.010430956223899557,0.010430956223068222,8.313350008393172e-13
18100.0,368.6411550701867,0.0,30.569776772785197,25.54641546189214,25.54641546189214,54.868648266166474,5.02424778474648,0.012093559318685809,0.8862941763122786,twophase,twophase,26.551789497172276,26.8709815804138,2854.8465513259916,21.623105875305292,0.92360339861364,0.0,0.010430956223899557,0.010430956223068222,8.313350008393172e-13
18120.0,368.65968972593686,0.0,30.569776772785197,25.546662157858364,25.546662157858364,54.86919171172102,5.023646253748588,0.012092853271427407,0.8864570996377745,twophase,twophase,26.552069421911614,26.87127772140425,2854.8465513259916,21.623105875305292,0.923594250890747,0.0,0.010430956223899557,0.010430956223068222,8.313350008393172e-13
18140.0,368.67822529742017,0.0,30.569776772785197,25.546908857308317,25.546908857308317,54.869735174562486,5.023044859555999,0.012092147084995378,0.8866200399828608,twophase,twophase,26.552349266227523,26.87157378642186,2854.8465513259916,21.623105875305292,0.9235851030580784,0.0,0.010430956223899557,0.010430956223068222,8.313350008393172e-13
18160.0,368.6967617833297,0.0,30.569776772785197,25.54715556022403,25.54715556022403,54.87027865465642,5.022443602159312,0.01209144075941565,0.8867829973386756,twophase,twophase,26.552629030325885,26.87186977565681,2854.8465513259916,21.623105875305292,0.9235759551162259,0.0,0.010430956223899557,0.010430956223068222,8.313350008393172e-13
18180.0,368.715299182364,0.0,30.569776772785197,25.547402266587667,25.547402266587667,54.870822151969655,5.021842481549091,0.012090734294712292,0.8869459716963821,twophase,twophase,26.552908714412034,26.872165689298782,2854.8465513259916,21.623105875305292,0.9235668070657596,0.0,0.010430956223899557,0.010430956223068222,8.313350008393172e-13
18200.0,368.7338374932269,0.0,30.569776772785197,25.547648976381424,25.547648976381424,54.871365666471696,5.021241497715794,0.01209002769090513,0.8871089630471642,twophase,twophase,26.553188318690747,26.872461527536956,2854.8465513259916,21.623105875305292,0.9235576589072045,0.0,0.010430956223899557,0.010430956223068222,8.313350008393172e-13
18220.0,368.75237671462213,0.0,30.569776772785197,25.547895689587538,25.547895689587538,54.87190919812724,5.020640650649754,0.01208932094802173,0.887271971382231,twophase,twophase,26.553467843366263,26.87275729056,2854.8465513259916,21.623105875305292,0.9235485106411669,0.0,0.010430956223899557,0.010430956223068222,8.313350008393172e-13
18240.0,368.7709168452536,0.0,30.569776772785197,25.548142406188212,25.548142406188212,54.87245274690404,5.020039940341125,0.012088614066084838,0.8874349966928128,twophase,twophase,26.55374728864227,26.87305297855608,2854.8465513259916,21.623105875305292,0.9235393622682012,0.0,0.010430956223899557,0.010430956223068222,8.313350008393172e-13
18260.0,368.7894578838416,0.0,30.569776772785197,25.548389126165883,25.548389126165883,54.872996312772194,5.0194393667801425,0.012087907045113458,0.8875980389701624,twophase,twophase,26.554026654721916,26.873348591712862,2854.8465513259916,21.623105875305292,0.9235302137888223,0.0,0.010430956223899557,0.010430956223068222,8.313350008393172e-13
18280.0,368.8079998290953,0.0,30.569776772785197,25.548635849502865,25.548635849502865,54.87353989569581,5.01883892995676,0.012087199885136356,0.8877610982055574,twophase,twophase,26.554305941807804,26.873644130217514,2854.8465513259916,21.623105875305292,0.9235210652036461,0.0,0.010430956223899557,0.010430956223068222,8.313350008393172e-13
18300.0,368.82654267973845,0.0,30.569776772785197,25.548882576181622,25.548882576181622,54.87408349564538,5.018238629860936,0.012086492586171992,0.8879241743902956,twophase,twophase,26.554585150101996,26.873939594256697,2854.8465513259916,21.623105875305292,0.9235119165131807,0.0,0.010430956223899557,0.010430956223068222,8.313350008393172e-13
18320.0,368.8450864344908,0.0,30.569776772785197,25.549129306184614,25.549129306184614,54.87462711258816,5.017638466482477,0.012085785148244228,0.8880872675156988,twophase,twophase,26.554864279806015,26.87423498401658,2854.8465513259916,21.623105875305292,0.923502767717989,0.0,0.010430956223899557,0.010430956223068222,8.313350008393172e-13
18340.0,368.8636310920755,0.0,30.569776772785197,25.54937603949433,25.54937603949433,54.87517074648999,5.017038439811061,0.012085077571379112,0.888250377573111,twophase,twophase,26.55514333112085,26.874530299682842,2854.8465513259916,21.623105875305292,0.9234936188186573,0.0,0.010430956223899557,0.010430956223068222,8.313350008393172e-13
18360.0,368.88217665122403,0.0,30.569776772785197,25.549622776093358,25.549622776093358,54.87571439732063,5.016438549836317,0.012084369855596539,0.8884135045538991,twophase,twophase,26.555422304246942,26.87482554144065,2854.8465513259916,21.623105875305292,0.9234844698157063,0.0,0.010430956223899557,0.010430956223068222,8.313350008393172e-13
18380.0,368.9007231106718,0.0,30.569776772785197,25.549869515964364,25.549869515964364,54.87625806504793,5.015838796547811,0.012083662000919563,0.888576648449451,twophase,twophase,26.555701199384213,26.87512070947469,2854.8465513259916,21.623105875305292,0.9234753207096884,0.0,0.010430956223899557,0.010430956223068222,8.313350008393172e-13
18400.0,368.9192704691471,0.0,30.569776772785197,25.5501162590899,25.5501162590899,54.87680174963843,5.015239179934833,0.012082954007373255,0.8887398092511786,twophase,twophase,26.555980016732036,26.875415803969155,2854.8465513259916,21.623105875305292,0.9234661715011783,0.0,0.010430956223899557,0.010430956223068222,8.313350008393172e-13
18420.0,368.9378187253923,0.0,30.569776772785197,25.550363005452738,25.550363005452738,54.8773454510612,5.0146396999867555,0.012082245874978848,0.8889029869505146,twophase,twophase,26.55625875648926,26.87571082510774,2854.8465513259916,21.623105875305292,0.9234570221907078,0.0,0.010430956223899557,0.010430956223068222,8.313350008393172e-13
18440.0,368.9563678781512,0.0,30.569776772785197,25.55060975503564,25.55060975503564,54.8778891692849,5.014040356692785,0.012081537603758238,0.889066181538916,twophase,twophase,26.556537418854198,26.876005773073654,2854.8465513259916,21.623105875305292,0.9234478727788159,0.0,0.010430956223899557,0.010430956223068222,8.313350008393172e-13
18460.0,368.9749179261695,0.0,30.569776772785197,25.55085650782141,25.55085650782141,54.87843290427799,5.0134411500420315,0.012080829193733662,0.8892293930078597,twophase,twophase,26.55681600402464,26.87630064804962,2854.8465513259916,21.623105875305292,0.9234387232660446,0.0,0.010430956223899557,0.010430956223068222,8.313350008393172e-13
18480.0,368.9934688681922,0.0,30.569776772785197,25.551103263792847,25.551103263792847,54.87897665600718,5.012842080023445,0.012080120644930257,0.889392621348846,twophase,twophase,26.557094512197843,26.876595450217874,2854.8465513259916,21.623105875305292,0.9234295736529656,0.0,0.010430956223899557,0.010430956223068222,8.313350008393172e-13
18500.0,369.01202070297364,0.0,30.569776772785197,25.551350022932862,25.551350022932862,54.87952042444144,5.0122431466259485,0.01207941195736959,0.8895558665533968,twophase,twophase,26.557372943570535,26.87689017976016,2854.8465513259916,21.623105875305292,0.9234204239401123,0.0,0.010430956223899557,0.010430956223068222,8.313350008393172e-13
18520.0,369.0305734292707,0.0,30.569776772785197,25.55159678522443,25.55159678522443,54.8800642095506,5.011644349838374,0.0120787031310719,0.8897191286130566,twophase,twophase,26.557651298338925,26.87718483685774,2854.8465513259916,21.623105875305292,0.9234112741280035,0.0,0.010430956223899557,0.010430956223068222,8.313350008393172e-13
18540.0,369.0491270458408,0.0,30.569776772785197,25.551843550650503,25.551843550650503,54.88060801130252,5.011045689649394,0.0120779941660607,0.8898824075193913,twophase,twophase,26.557929576698694,26.877479421691397,2854.8465513259916,21.623105875305292,0.9234021242171915,0.0,0.010430956223899557,0.010430956223068222,8.313350008393172e-13
18560.0,369.0676815514464,0.0,30.569776772785197,25.55209031919414,25.55209031919414,54.88115182966584,5.010447166047641,0.01207728506235819,0.8900457032639885,twophase,twophase,26.558207778845002,26.877773934441425,2854.8465513259916,21.623105875305292,0.9233929742082151,0.0,0.010430956223899557,0.010430956223068222,8.313350008393172e-13
18580.0,369.08623694485317,0.0,30.569776772785197,25.552337090838396,25.552337090838396,54.88169566460905,5.009848779021595,0.01207657581998698,0.8902090158384579,twophase,twophase,26.55848590497249,26.878068375287643,2854.8465513259916,21.623105875305292,0.9233838241016157,0.0,0.010430956223899557,0.010430956223068222,8.313350008393172e-13
18600.0,369.10479322482763,0.0,30.569776772785197,25.55258386556639,25.55258386556639,54.88223951610057,5.009250528559661,0.012075866438969778,0.8903723452344317,twophase,twophase,26.55876395527527,26.87836274440939,2854.8465513259916,21.623105875305292,0.9233746738979357,0.0,0.010430956223899557,0.010430956223068222,8.313350008393172e-13
18620.0,369.1233503901395,0.0,30.569776772785197,25.552830643361247,25.552830643361247,54.882783384109175,5.008652414650099,0.01207515691932882,0.8905356914435625,twophase,twophase,26.55904192994695,26.878657041985523,2854.8465513259916,21.623105875305292,0.9233655235977118,0.0,0.010430956223899557,0.010430956223068222,8.313350008393172e-13
18640.0,369.14190843957107,0.0,30.569776772785197,25.553077424206297,25.553077424206297,54.88332726860627,5.008054437281242,0.012074447261082201,0.8906990544575254,twophase,twophase,26.55931982918061,26.878951268194427,2854.8465513259916,21.623105875305292,0.9233563732014359,0.0,0.010430956223899557,0.010430956223068222,8.313350008393172e-13
18660.0,369.1604673718931,0.0,30.569776772785197,25.55332420808468,25.55332420808468,54.883871169556436,5.00745659644108,0.012073737464258986,0.8908624342680173,twophase,twophase,26.55959765316882,26.87924542321401,2854.8465513259916,21.623105875305292,0.9233472227097155,0.0,0.010430956223899557,0.010430956223068222,8.313350008393172e-13
18680.0,369.179027185893,0.0,30.569776772785197,25.553570994979783,25.553570994979783,54.884415086933515,5.006858892117719,0.012073027528873395,0.8910258308667554,twophase,twophase,26.55987540210363,26.8795395072217,2854.8465513259916,21.623105875305292,0.9233380721230013,0.0,0.010430956223899557,0.010430956223068222,8.313350008393172e-13
18700.0,369.1975878803535,0.0,30.569776772785197,25.553817784874933,25.553817784874933,54.884959020704905,5.006261324299055,0.012072317454950174,0.8911892442454796,twophase,twophase,26.56015307617658,26.879833520394463,2854.8465513259916,21.623105875305292,0.9233289214418531,0.0,0.010430956223899557,0.010430956223068222,8.313350008393172e-13
18720.0,369.2161494540554,0.0,30.569776772785197,25.554064577753444,25.554064577753444,54.885502970837386,5.005663892972823,0.012071607242514939,0.8913526743959519,twophase,twophase,26.5604306755787,26.88012746290878,2854.8465513259916,21.623105875305292,0.9233197706668403,0.0,0.010430956223899557,0.010430956223068222,8.313350008393172e-13
18740.0,369.2347119058021,0.0,30.569776772785197,25.55431137359889,25.55431137359889,54.886046937303746,5.0050665981268985,0.012070896891583924,0.8915161213099533,twophase,twophase,26.560708200500514,26.880421334940678,2854.8465513259916,21.623105875305292,0.9233106197984322,0.0,0.010430956223899557,0.010430956223068222,8.313350008393172e-13
18760.0,369.25327523437767,0.0,30.569776772785197,25.55455817239464,25.55455817239464,54.886590920070795,5.004469439748788,0.012070186402182832,0.8916795849792888,twophase,twophase,26.56098565113203,26.880715136665696,2854.8465513259916,21.623105875305292,0.9233014688371977,0.0,0.010430956223899557,0.010430956223068222,8.313350008393172e-13
18780.0,369.27183943858785,0.0,30.569776772785197,25.55480497412433,25.55480497412433,54.88713491911125,5.003872417826151,0.012069475774328079,0.8918430653957822,twophase,twophase,26.561263027662747,26.88100886825892,2854.8465513259916,21.623105875305292,0.9232923177836069,0.0,0.010430956223899557,0.010430956223068222,8.313350008393172e-13
18800.0,369.29040451722204,0.0,30.569776772785197,25.555051778771375,25.555051778771375,54.887678934389754,5.003275532346258,0.012068765008048968,0.8920065625512807,twophase,twophase,26.561540330281666,26.881302529894963,2854.8465513259916,21.623105875305292,0.9232831666382649,0.0,0.010430956223899557,0.010430956223068222,8.313350008393172e-13
18820.0,369.30897046909575,0.0,30.569776772785197,25.55529858631956,25.55529858631956,54.88822296588108,5.002678783296632,0.012068054103358728,0.8921700764376508,twophase,twophase,26.56181755917728,26.881596121747975,2854.8465513259916,21.623105875305292,0.9232740154016077,0.0,0.010430956223899557,0.010430956223068222,8.313350008393172e-13
18840.0,369.3275372930109,0.0,30.569776772785197,25.55554539675246,25.55554539675246,54.888767013552666,5.002082170664442,0.012067343060282353,0.8923336070467819,twophase,twophase,26.562094714537572,26.881889643991638,2854.8465513259916,21.623105875305292,0.9232648640741933,0.0,0.010430956223899557,0.010430956223068222,8.313350008393172e-13
18860.0,369.3461049877717,0.0,30.569776772785197,25.555792210053735,25.555792210053735,54.8893110773718,5.001485694436799,0.012066631878845074,0.8924971543705826,twophase,twophase,26.56237179655004,26.882183096799174,2854.8465513259916,21.623105875305292,0.9232557126565828,0.0,0.010430956223899557,0.010430956223068222,8.313350008393172e-13
18880.0,369.36467355220424,0.0,30.569776772785197,25.556039026207273,25.556039026207273,54.889855157314,5.000889354600909,0.01206592055905915,0.8926607184009846,twophase,twophase,26.56264880540166,26.882476480343342,2854.8465513259916,21.623105875305292,0.9232465611491987,0.0,0.010430956223899557,0.010430956223068222,8.313350008393172e-13
18900.0,369.38324298511253,0.0,30.569776772785197,25.55628584519672,25.55628584519672,54.89039925334424,5.000293151143597,0.012065209100953574,0.892824299129939,twophase,twophase,26.562925741278924,26.88276979479644,2854.8465513259916,21.623105875305292,0.9232374095526411,0.0,0.010430956223899557,0.010430956223068222,8.313350008393172e-13
18920.0,369.40181328532356,0.0,30.569776772785197,25.55653266700601,25.55653266700601,54.890943365434424,4.999697084051847,0.012064497504546487,0.8929878965494173,twophase,twophase,26.56320260436782,26.883063040330313,2854.8465513259916,21.623105875305292,0.923228257867393,0.0,0.010430956223899557,0.010430956223068222,8.313350008393172e-13
18940.0,369.42038445165315,0.0,30.569776772785197,25.556779491618943,25.556779491618943,54.89148749355431,4.999101153312357,0.012063785769859382,0.8931515106514145,twophase,twophase,26.563479394853843,26.88335621711634,2854.8465513259916,21.623105875305292,0.923219106093974,0.0,0.010430956223899557,0.010430956223068222,8.313350008393172e-13
18960.0,369.43895648293386,0.0,30.569776772785197,25.557026319019513,25.557026319019513,54.892031637675,4.9985053589119035,0.012063073896911759,0.8933151414279427,twophase,twophase,26.56375611292199,26.883649325325447,2854.8465513259916,21.623105875305292,0.9232099542328805,0.0,0.010430956223899557,0.010430956223068222,8.313350008393172e-13
18980.0,369.45752937798613,0.0,30.569776772785197,25.55727314919159,25.55727314919159,54.89257579776358,4.99790970083698,0.012062361885729515,0.8934787888710385,twophase,twophase,26.56403275875676,26.883942365128103,2854.8465513259916,21.623105875305292,0.9232008022846767,0.0,0.010430956223899557,0.010430956223068222,8.313350008393172e-13
19000.0,369.4761031356525,0.0,30.569776772785197,25.557519982119334,25.557519982119334,54.893119973794626,4.99731417907426,0.012061649736326688,0.8936424529727556,twophase,twophase,26.564309332542166,26.884235336694324,2854.8465513259916,21.623105875305292,0.9231916502498008,0.0,0.010430956223899557,0.010430956223068222,8.313350008393172e-13
19020.0,369.4946777547608,0.0,30.569776772785197,25.5577668177867,25.5577668177867,54.89366416573637,4.996718793610061,0.01206093744872748,0.8938061337251715,twophase,twophase,26.56458583446173,26.88452824019367,2854.8465513259916,21.623105875305292,0.9231824981287976,0.0,0.010430956223899557,0.010430956223068222,8.313350008393172e-13
19040.0,369.51325323415045,0.0,30.569776772785197,25.55801365617779,25.55801365617779,54.8942083735588,4.996123544430716,0.012060225022953334,0.8939698311203819,twophase,twophase,26.56486226469848,26.884821075795255,2854.8465513259916,21.623105875305292,0.9231733459221826,0.0,0.010430956223899557,0.010430956223068222,8.313350008393172e-13
19060.0,369.53182957266046,0.0,30.569776772785197,25.558260497276727,25.558260497276727,54.894752597232106,4.995528431522455,0.012059512459025423,0.8941335451505048,twophase,twophase,26.565138623434954,26.88511384366774,2854.8465513259916,21.623105875305292,0.9231641936304671,0.0,0.010430956223899557,0.010430956223068222,8.313350008393172e-13
19080.0,369.55040676913796,0.0,30.569776772785197,25.55850734106774,25.55850734106774,54.89529683672808,4.994933454871471,0.012058799756962451,0.8942972758076772,twophase,twophase,26.565414910853207,26.885406543979332,2854.8465513259916,21.623105875305292,0.9231550412541362,0.0,0.010430956223899557,0.010430956223068222,8.313350008393172e-13
19100.0,369.56898482242906,0.0,30.569776772785197,25.55875418753503,25.55875418753503,54.895841092018436,4.9943386144637945,0.012058086916783256,0.8944610230840572,twophase,twophase,26.565691127134805,26.885699176897795,2854.8465513259916,21.623105875305292,0.923145888793676,0.0,0.010430956223899557,0.010430956223068222,8.313350008393172e-13
19120.0,369.5875637313831,0.0,30.569776772785197,25.559001036662863,25.559001036662863,54.89638536307207,4.993743910285402,0.012057373938511251,0.8946247869718231,twophase,twophase,26.565967272460835,26.885991742590445,2854.8465513259916,21.623105875305292,0.92313673624962,0.0,0.010430956223899557,0.010430956223068222,8.313350008393172e-13
19140.0,369.60614349485024,0.0,30.569776772785197,25.5592478884355,25.5592478884355,54.896929649858514,4.99314934232212,0.012056660822168875,0.8947885674631743,twophase,twophase,26.56624334701189,26.88628424122415,2854.8465513259916,21.623105875305292,0.9231275836224908,0.0,0.010430956223899557,0.010430956223068222,8.313350008393172e-13
19160.0,369.6247241116944,0.0,30.569776772785197,25.559494742837398,25.559494742837398,54.897473952351454,4.992554910559847,0.012055947567772047,0.8949523645503288,twophase,twophase,26.56651935096809,26.886576672965337,2854.8465513259916,21.623105875305292,0.9231184309127413,0.0,0.010430956223899557,0.010430956223068222,8.313350008393172e-13
19180.0,369.6433055807673,0.0,30.569776772785197,25.559741599852853,25.559741599852853,54.89801827051955,4.991960614984183,0.012055234175344622,0.8951161782255268,twophase,twophase,26.56679528450907,26.886869037979984,2854.8465513259916,21.623105875305292,0.9231092781209088,0.0,0.010430956223899557,0.010430956223068222,8.313350008393172e-13
19200.0,369.66188790093076,0.0,30.569776772785197,25.559988459466297,25.559988459466297,54.89856260433375,4.991366455580746,0.012054520644907037,0.8952800084810268,twophase,twophase,26.567071147813984,26.887161336433632,2854.8465513259916,21.623105875305292,0.9231001252474921,0.0,0.010430956223899557,0.010430956223068222,8.313350008393172e-13
19220.0,369.68047107105883,0.0,30.569776772785197,25.56023532166232,25.56023532166232,54.899106953768744,4.990772432335169,0.012053806976473635,0.8954438553091084,twophase,twophase,26.567346941061512,26.88745356849138,2854.8465513259916,21.623105875305292,0.9230909722929267,0.0,0.010430956223899557,0.010430956223068222,8.313350008393172e-13
19240.0,369.6990550900102,0.0,30.569776772785197,25.56048218642532,25.56048218642532,54.89965131879039,4.990178545232773,0.012053093170073043,0.8956077187020715,twophase,twophase,26.56762266442985,26.88774573431789,2854.8465513259916,21.623105875305292,0.9230818192577973,0.0,0.010430956223899557,0.010430956223068222,8.313350008393172e-13
19260.0,369.7176399566615,0.0,30.569776772785197,25.56072905373993,25.56072905373993,54.90019569937373,4.989584794258975,0.012052379225719185,0.8957715986522345,twophase,twophase,26.56789831809673,26.888037834077373,2854.8465513259916,21.623105875305292,0.9230726661425335,0.0,0.010430956223899557,0.010430956223068222,8.313350008393172e-13
19280.0,369.73622566988115,0.0,30.569776772785197,25.560975923590686,25.560975923590686,54.90074009548812,4.988991179398974,0.012051665143435197,0.895935495151938,twophase,twophase,26.568173902239398,26.888329867933617,2854.8465513259916,21.623105875305292,0.9230635129476609,0.0,0.010430956223899557,0.010430956223068222,8.313350008393172e-13
19300.0,369.754812228553,0.0,30.569776772785197,25.5612227959623,25.5612227959623,54.90128450710582,4.988397700638015,0.012050950923239535,0.8960994081935412,twophase,twophase,26.568449417034632,26.888621836049964,2854.8465513259916,21.623105875305292,0.9230543596736558,0.0,0.010430956223899557,0.010430956223068222,8.313350008393172e-13
19320.0,369.7733996315567,0.0,30.569776772785197,25.56146967083949,25.56146967083949,54.90182893419864,4.987804357961219,0.012050236565151563,0.8962633377694225,twophase,twophase,26.568724862658737,26.888913738589327,2854.8465513259916,21.623105875305292,0.9230452063210024,0.0,0.010430956223899557,0.010430956223068222,8.313350008393172e-13
19340.0,369.79198787776943,0.0,30.569776772785197,25.561716548206864,25.561716548206864,54.902373376736975,4.987211151353475,0.012049522069192777,0.8964272838719812,twophase,twophase,26.569000239287544,26.889205575714183,2854.8465513259916,21.623105875305292,0.9230360528902084,0.0,0.010430956223899557,0.010430956223068222,8.313350008393172e-13
19360.0,369.81057696608093,0.0,30.569776772785197,25.561963428049275,25.561963428049275,54.90291783469251,4.986618080799785,0.012048807435382825,0.8965912464936361,twophase,twophase,26.56927554709642,26.889497347586573,2854.8465513259916,21.623105875305292,0.9230268993817601,0.0,0.010430956223899557,0.010430956223068222,8.313350008393172e-13
19380.0,369.8291668953765,0.0,30.569776772785197,25.562210310351464,25.562210310351464,54.903462308037824,4.9860251462849146,0.012048092663739858,0.8967552256268249,twophase,twophase,26.569550786260265,26.889789054368112,2854.8465513259916,21.623105875305292,0.9230177457961283,0.0,0.010430956223899557,0.010430956223068222,8.313350008393172e-13
19400.0,369.84775766455283,0.0,30.569776772785197,25.562457195098357,25.562457195098357,54.904006796742756,4.985432347793685,0.012047377754286553,0.8969192212640066,twophase,twophase,26.569825956953505,26.890080696219982,2854.8465513259916,21.623105875305292,0.92300859213383,0.0,0.010430956223899557,0.010430956223068222,8.313350008393172e-13
19420.0,369.8663492725007,0.0,30.569776772785197,25.562704082274788,25.562704082274788,54.90455130077961,4.984839685310703,0.012046662707041633,0.8970832333976578,twophase,twophase,26.5701010593501,26.890372273302933,2854.8465513259916,21.623105875305292,0.9229994383953409,0.0,0.010430956223899557,0.010430956223068222,8.313350008393172e-13
19440.0,369.88494171811857,0.0,30.569776772785197,25.5629509718657,25.5629509718657,54.90509582012096,4.984247158820559,0.012045947522023462,0.8972472620202765,twophase,twophase,26.570376093623555,26.890663785777292,2854.8465513259916,21.623105875305292,0.9229902845811319,0.0,0.010430956223899557,0.010430956223068222,8.313350008393172e-13
19460.0,369.90353500031335,0.0,30.569776772785197,25.563197863856157,25.563197863856157,54.905640354740356,4.98365476830784,0.012045232199248914,0.8974113071243787,twophase,twophase,26.570651059946904,26.890955233802956,2854.8465513259916,21.623105875305292,0.9229811306916577,0.0,0.010430956223899557,0.010430956223068222,8.313350008393172e-13
19480.0,369.9221291042437,0.0,30.569776772785197,25.563444758048675,25.563444758048675,54.906184908056325,4.983062510035929,0.012044516733070046,0.8975753693940366,twophase,twophase,26.570925958492722,26.89124662232891,2854.8465513259916,21.623105875305292,0.9229719766694625,0.0,0.010430956223899557,0.010430956223068222,8.313350008393172e-13
19500.0,369.94072383183334,0.0,30.569776772785197,25.563691651812896,25.563691651812896,54.906729528836806,4.98247033088235,0.012043801043244744,0.8977394586929167,twophase,twophase,26.571200789437043,26.89153801974537,2854.8465513259916,21.623105875305292,0.9229628216947882,0.0,0.010430956223899557,0.010430956223068222,8.313350008393172e-13
19520.0,369.9593192290807,0.0,30.569776772785197,25.563938545759427,25.563938545759427,54.907274205683265,4.981878243316955,0.012043085148500181,0.8979035727038297,twophase,twophase,26.571475552959253,26.891829409946716,2854.8465513259916,21.623105875305292,0.9229536659592978,0.0,0.010430956223899557,0.010430956223068222,8.313350008393172e-13
19540.0,369.9779153483601,0.0,30.569776772785197,25.564185440583415,25.564185440583415,54.907818924673435,4.981286261966337,0.012042369071683455,0.8980677087014831,twophase,twophase,26.571750249235286,26.892120774102587,2854.8465513259916,21.623105875305292,0.9229445096970615,0.0,0.010430956223899557,0.010430956223068222,8.313350008393172e-13
19560.0,369.99651221176964,0.0,30.569776772785197,25.56443233657797,25.56443233657797,54.90836368155706,4.9806943923656855,0.01204165281980969,0.8982318656575405,twophase,twophase,26.572024878439432,26.89241210517614,2854.8465513259916,21.623105875305292,0.9229353529795571,0.0,0.010430956223899557,0.010430956223068222,8.313350008393172e-13
19580.0,370.0151098289735,0.0,30.569776772785197,25.564679233871086,25.564679233871086,54.90890847284095,4.980102637714744,0.012040936398568068,0.898396042967206,twophase,twophase,26.572299440744935,26.89270339908276,2854.8465513259916,21.623105875305292,0.9229261958655318,0.0,0.010430956223899557,0.010430956223068222,8.313350008393172e-13
19600.0,370.03370820732886,0.0,30.569776772785197,25.56492613256013,25.56492613256013,54.90945329652029,4.979511000197647,0.012040219811232076,0.8985602402178092,twophase,twophase,26.572573936324204,26.892994653081075,2854.8465513259916,21.623105875305292,0.9229170383887112,0.0,0.010430956223899557,0.010430956223068222,8.313350008393172e-13
19620.0,370.0523073519846,0.0,30.569776772785197,25.565173032713137,25.565173032713137,54.90999815110111,4.978919481420231,0.012039503060233757,0.8987244571036976,twophase,twophase,26.57284836534892,26.893285865179486,2854.8465513259916,21.623105875305292,0.9229078805742328,0.0,0.010430956223899557,0.010430956223068222,8.313350008393172e-13
19640.0,370.07090726669907,0.0,30.569776772785197,25.56541993437964,25.56541993437964,54.91054303540742,4.978328082626302,0.012038786147481367,0.8988886933861535,twophase,twophase,26.573122727990103,26.893577033856385,2854.8465513259916,21.623105875305292,0.922898722441887,0.0,0.010430956223899557,0.010430956223068222,8.313350008393172e-13
19660.0,370.0895079543202,0.0,30.569776772785197,25.565666837597146,25.565666837597146,54.91108794849223,4.977736804815565,0.012038069074506799,0.8990529488716504,twophase,twophase,26.573397024418156,26.893868157908145,2854.8465513259916,21.623105875305292,0.9228895640076143,0.0,0.010430956223899557,0.010430956223068222,8.313350008393172e-13
19680.0,370.1081094170411,0.0,30.569776772785197,25.565913742394393,25.565913742394393,54.91163288956368,4.977145648813429,0.012037351842586605,0.8992172233988802,twophase,twophase,26.573671254802893,26.89415923635829,2854.8465513259916,21.623105875305292,0.9228804052847469,0.0,0.010430956223899557,0.010430956223068222,8.313350008393172e-13
19700.0,370.12671165656235,0.0,30.569776772785197,25.56616064879364,25.56616064879364,54.9121778579488,4.976554615315797,0.012036634452801755,0.899381516830467,twophase,twophase,26.573945419313564,26.894450268399382,2854.8465513259916,21.623105875305292,0.922871246284617,0.0,0.010430956223899557,0.010430956223068222,8.313350008393172e-13
19720.0,370.1453146742108,0.0,30.569776772785197,25.56640755681215,25.56640755681215,54.91272285305952,4.975963704919165,0.012035916906093406,0.8995458290473883,twophase,twophase,26.574219518118877,26.894741253353818,2854.8465513259916,21.623105875305292,0.92286208701713,0.0,0.010430956223899557,0.010430956223068222,8.313350008393172e-13
19740.0,370.163918471025,0.0,30.569776772785197,25.566654466463348,25.566654466463348,54.91326787439224,4.9753729181419,0.01203519920326428,0.8997101599450601,twophase,twophase,26.574493551387,26.895032190646347,2854.8465513259916,21.623105875305292,0.9228529274907706,0.0,0.010430956223899557,0.010430956223068222,8.313350008393172e-13
19760.0,370.18252304780486,0.0,30.569776772785197,25.56690137775752,25.56690137775752,54.91381292148715,4.974782255439427,0.012034481345044654,0.8998745094305096,twophase,twophase,26.57476751928558,26.895323079784085,2854.8465513259916,21.623105875305292,0.9228437677132866,0.0,0.010430956223899557,0.010430956223068222,8.313350008393172e-13
19780.0,370.20112840516106,0.0,30.569776772785197,25.56714829070242,25.56714829070242,54.9143579939412,4.974191717215741,0.012033763332071753,0.9000388774202552,twophase,twophase,26.57504142198175,26.8956139203416,2854.8465513259916,21.623105875305292,0.9228346076914717,0.0,0.010430956223899557,0.010430956223068222,8.313350008393172e-13
19800.0,370.2197345435361,0.0,30.569776772785197,25.56739520530357,25.56739520530357,54.91490309138239,4.973601303831965,0.012033045164931512,0.9002032638386995,twophase,twophase,26.575315259642146,26.895904711949555,2854.8465513259916,21.623105875305292,0.9228254474315973,0.0,0.010430956223899557,0.010430956223068222,8.313350008393172e-13
19820.0,370.2383414632439,0.0,30.569776772785197,25.56764212156479,25.56764212156479,54.91544821348032,4.9730110156133,0.0120323268441418,0.9003676686168794,twophase,twophase,26.575589032432898,26.896195454285834,2854.8465513259916,21.623105875305292,0.9228162869392352,0.0,0.010430956223899557,0.010430956223068222,8.313350008393172e-13
19840.0,370.25694916449,0.0,30.569776772785197,25.567889039488453,25.567889039488453,54.91599335992346,4.972420852854371,0.01203160837018918,0.9005320916914729,twophase,twophase,26.575862740519646,26.896486147068533,2854.8465513259916,21.623105875305292,0.9228071262196392,0.0,0.010430956223899557,0.010430956223068222,8.313350008393172e-13
19860.0,370.2755576473629,0.0,30.569776772785197,25.568135959075402,25.568135959075402,54.916538530429904,4.971830815823258,0.012030889743511642,0.9006965330040048,twophase,twophase,26.576136384067542,26.896776790050307,2854.8465513259916,21.623105875305292,0.9227979652775659,0.0,0.010430956223899557,0.010430956223068222,8.313350008393172e-13
19880.0,370.2941669118883,0.0,30.569776772785197,25.568382880325622,25.568382880325622,54.91708372473928,4.971240904765458,0.012030170964511942,0.9008609925002016,twophase,twophase,26.57640996324126,26.897067383013795,2854.8465513259916,21.623105875305292,0.9227888041174086,0.0,0.010430956223899557,0.010430956223068222,8.313350008393172e-13
19900.0,370.31277695800975,0.0,30.569776772785197,25.568629803238,25.568629803238,54.91762894260609,4.970651119906395,0.012029452033568224,0.9010254701294613,twophase,twophase,26.576683478204995,26.89735792576782,2854.8465513259916,21.623105875305292,0.9227796427433109,0.0,0.010430956223899557,0.010430956223068222,8.313350008393172e-13
19920.0,370.33138778559766,0.0,30.569776772785197,25.56887672781049,25.56887672781049,54.91817418380193,4.97006146145386,0.012028732951030572,0.9011899658444078,twophase,twophase,26.576956929122463,26.89764841814425,2854.8465513259916,21.623105875305292,0.922770481159129,0.0,0.010430956223899557,0.010430956223068222,8.313350008393172e-13
19940.0,370.34999939447925,0.0,30.569776772785197,25.56912365404045,25.56912365404045,54.91871944811141,4.969471929600247,0.01202801371722776,0.9013544796005247,twophase,twophase,26.577230316156918,26.897938859995342,2854.8465513259916,21.623105875305292,0.9227613193684996,0.0,0.010430956223899557,0.010430956223068222,8.313350008393172e-13
19960.0,370.368611784423,0.0,30.569776772785197,25.56937058192444,25.56937058192444,54.91926473533624,4.968882524523987,0.012027294332460517,0.9015190113558369,twophase,twophase,26.577503639471143,26.898229251191502,2854.8465513259916,21.623105875305292,0.9227521573747722,0.0,0.010430956223899557,0.010430956223068222,8.313350008393172e-13
19980.0,370.3872249551525,0.0,30.569776772785197,25.569617511458468,25.569617511458468,54.91981004528442,4.968293246391146,0.012026574797019187,0.9016835610706478,twophase,twophase,26.57777689922746,26.89851959161938,2854.8465513259916,21.623105875305292,0.9227429951811901,0.0,0.010430956223899557,0.010430956223068222,8.313350008393172e-13
20000.0,370.405838906358,0.0,30.569776772785197,25.569864442638075,25.569864442638075,54.92035537777792,4.967704095356697,0.012025855111171277,0.9018481287073081,twophase,twophase,26.578050095587724,26.89880988118021,2854.8465513259916,21.623105875305292,0.922733832790762,0.0,0.010430956223899557,0.010430956223068222,8.313350008393172e-13
20020.0,370.42445363768036,0.0,30.569776772785197,25.57011137545814,25.57011137545814,54.920900732643815,4.967115071565362,0.012025135275175756,0.9020127142300167,twophase,twophase,26.578323228713344,26.8991001197884,2854.8465513259916,21.623105875305292,0.9227246702064102,0.0,0.010430956223899557,0.010430956223068222,8.313350008393172e-13
20040.0,370.4430691487412,0.0,30.569776772785197,25.570358309913306,25.570358309913306,54.92144610971902,4.966526175152916,0.012024415289275588,0.90217731760465,twophase,twophase,26.578596298765262,26.899390307370282,2854.8465513259916,21.623105875305292,0.9227155074308918,0.0,0.010430956223899557,0.010430956223068222,8.313350008393172e-13
20060.0,370.46168543911915,0.0,30.569776772785197,25.57060524599764,25.57060524599764,54.92199150885013,4.965937406246617,0.012023695153697826,0.9023419387986104,twophase,twophase,26.578869305903975,26.899680443863037,2854.8465513259916,21.623105875305292,0.9227063444668006,0.0,0.010430956223899557,0.010430956223068222,8.313350008393172e-13
20080.0,370.48030250838764,0.0,30.569776772785197,25.570852183705135,25.570852183705135,54.92253692989089,4.965348764966404,0.012022974868657992,0.9025065777806938,twophase,twophase,26.579142250289525,26.899970529213732,2854.8465513259916,21.623105875305292,0.9226971813166104,0.0,0.010430956223899557,0.010430956223068222,8.313350008393172e-13
20100.0,370.49892035606666,0.0,30.569776772785197,25.571099123029082,25.571099123029082,54.92308237269565,4.964760251424858,0.012022254434370196,0.9026712345209753,twophase,twophase,26.579415132081508,26.900260563378488,2854.8465513259916,21.623105875305292,0.9226880179827844,0.0,0.010430956223899557,0.010430956223068222,8.313350008393172e-13
20120.0,370.51753898167635,0.0,30.569776772785197,25.571346063962768,25.571346063962768,54.92362783713072,4.964171865728439,0.012021533851029395,0.902835908990703,twophase,twophase,26.57968795143907,26.90055054632173,2854.8465513259916,21.623105875305292,0.9226788544675856,0.0,0.010430956223899557,0.010430956223068222,8.313350008393172e-13
20140.0,370.536158384711,0.0,30.569776772785197,25.571593006499146,25.571593006499146,54.924173323067905,4.963583607977634,0.01202081311882137,0.9030006011622083,twophase,twophase,26.57996070852092,26.900840478015507,2854.8465513259916,21.623105875305292,0.9226696907731828,0.0,0.010430956223899557,0.010430956223068222,8.313350008393172e-13
20160.0,370.5547785646383,0.0,30.569776772785197,25.57183995063083,25.57183995063083,54.92471883037785,4.962995478267364,0.012020092237933684,0.9031653110088231,twophase,twophase,26.580233403485323,26.90113035843893,2854.8465513259916,21.623105875305292,0.9226605269017658,0.0,0.010430956223899557,0.010430956223068222,8.313350008393172e-13
20180.0,370.5733995209168,0.0,30.569776772785197,25.572086896350275,25.572086896350275,54.925264358940865,4.962407476687551,0.012019371208538321,0.9033300385048062,twophase,twophase,26.5805060364901,26.901420187577603,2854.8465513259916,21.623105875305292,0.9226513628553608,0.0,0.010430956223899557,0.010430956223068222,8.313350008393172e-13
20200.0,370.5920212529855,0.0,30.569776772785197,25.572333843649712,25.572333843649712,54.92580990863865,4.961819603323404,0.012018650030804757,0.9034947836252774,twophase,twophase,26.580778607692636,26.901709965423162,2854.8465513259916,21.623105875305292,0.922642198635971,0.0,0.010430956223899557,0.010430956223068222,8.313350008393172e-13
20220.0,370.6106437602729,0.0,30.569776772785197,25.572580792521233,25.572580792521233,54.926355479362165,4.961231858255797,0.012017928704887593,0.9036595463461571,twophase,twophase,26.581051117249885,26.90199969197284,2854.8465513259916,21.623105875305292,0.9226330342454436,0.0,0.010430956223899557,0.010430956223068222,8.313350008393172e-13
20240.0,370.6292670421948,0.0,30.569776772785197,25.572827742956733,25.572827742956733,54.92690107100165,4.960644241561495,0.012017207230942491,0.9038243266441137,twophase,twophase,26.581323565318357,26.90228936722906,2854.8465513259916,21.623105875305292,0.922623869685638,0.0,0.010430956223899557,0.010430956223068222,8.313350008393172e-13
20260.0,370.64789109814325,0.0,30.569776772785197,25.573074694947824,25.573074694947824,54.927446683446625,4.960056753313321,0.012016485609126132,0.9039891244965156,twophase,twophase,26.581595952054137,26.902578991199096,2854.8465513259916,21.623105875305292,0.9226147049584256,0.0,0.010430956223899557,0.010430956223068222,8.313350008393172e-13
20280.0,370.6665159275169,0.0,30.569776772785197,25.57332164848621,25.57332164848621,54.92799231660161,4.959469393580773,0.012015763839571042,0.9041539398813817,twophase,twophase,26.581868277612873,26.90286856389474,2854.8465513259916,21.623105875305292,0.9226055400654253,0.0,0.010430956223899557,0.010430956223068222,8.313350008393172e-13
20300.0,370.68514152968527,0.0,30.569776772785197,25.573568603563164,25.573568603563164,54.92853797036267,4.95888216242968,0.012015041922423187,0.9043187727773486,twophase,twophase,26.58214054214979,26.903158085332,2854.8465513259916,21.623105875305292,0.9225963750083983,0.0,0.010430956223899557,0.010430956223068222,8.313350008393172e-13
20320.0,370.70376790402287,0.0,30.569776772785197,25.573815560170083,25.573815560170083,54.929083644634524,4.958295059922984,0.012014319857814721,0.9044836231636268,twophase,twophase,26.58241274581968,26.903447555530832,2854.8465513259916,21.623105875305292,0.9225872097889599,0.0,0.010430956223899557,0.010430956223068222,8.313350008393172e-13
20340.0,370.7223950498845,0.0,30.569776772785197,25.57406251829807,25.57406251829807,54.92962933932332,4.957708086120483,0.012013597645875269,0.9046484910199697,twophase,twophase,26.582684888776914,26.9037369745149,2854.8465513259916,21.623105875305292,0.9225780444087018,0.0,0.010430956223899557,0.010430956223068222,8.313350008393172e-13
20360.0,370.7410229666238,0.0,30.569776772785197,25.574309477938222,25.574309477938222,54.930175054339216,4.957121241079272,0.012012875286728106,0.9048133763266425,twophase,twophase,26.582956971175435,26.90402634231133,2854.8465513259916,21.623105875305292,0.9225688788691478,0.0,0.010430956223899557,0.010430956223068222,8.313350008393172e-13
20380.0,370.7596516535841,0.0,30.569776772785197,25.5745564390815,25.5745564390815,54.93072078959047,4.956534524853775,0.012012152780499377,0.9049782790643934,twophase,twophase,26.58322899316876,26.904315658950516,2854.8465513259916,21.623105875305292,0.9225597131718537,0.0,0.010430956223899557,0.010430956223068222,8.313350008393172e-13
20400.0,370.7782811100995,0.0,30.569776772785197,25.57480340171875,25.57480340171875,54.931266544992944,4.955947937495901,0.012011430127303038,0.905143199214426,twophase,twophase,26.58350095490999,26.90460492446591,2854.8465513259916,21.623105875305292,0.9225505473182471,0.0,0.010430956223899557,0.010430956223068222,8.313350008393172e-13
20420.0,370.79691133550284,0.0,30.569776772785197,25.575050365840806,25.575050365840806,54.931812320461496,4.955361479055259,0.012010707327254719,0.9053081367583771,twophase,twophase,26.583772856551803,26.90489413889386,2854.8465513259916,21.623105875305292,0.9225413813097731,0.0,0.010430956223899557,0.010430956223068222,8.313350008393172e-13
20440.0,370.81554232910696,0.0,30.569776772785197,25.575297331438215,25.575297331438215,54.93235811591229,4.954775149579024,0.012009984380467673,0.9054730916782918,twophase,twophase,26.584044698246462,26.905183302273418,2854.8465513259916,21.623105875305292,0.9225322151478541,0.0,0.010430956223899557,0.010430956223068222,8.313350008393172e-13
20460.0,370.8341740902419,0.0,30.569776772785197,25.57554429850177,25.57554429850177,54.9329039312653,4.954188949112564,0.012009261287049246,0.9056380639566047,twophase,twophase,26.584316480145805,26.905472414646216,2854.8465513259916,21.623105875305292,0.9225230488338484,0.0,0.010430956223899557,0.010430956223068222,8.313350008393172e-13
20480.0,370.85280661821264,0.0,30.569776772785197,25.57579126702194,25.57579126702194,54.93344976644454,4.953602877698958,0.012008538047100102,0.9058030535761193,twophase,twophase,26.584588202401264,26.905761476056302,2854.8465513259916,21.623105875305292,0.9225138823690469,0.0,0.010430956223899557,0.010430956223068222,8.313350008393172e-13
20500.0,370.87143991232045,0.0,30.569776772785197,25.576038236989135,25.576038236989135,54.933995621369434,4.953016935379386,0.012007814660728318,0.9059680605199897,twophase,twophase,26.58485986516385,26.906050486550008,2854.8465513259916,21.623105875305292,0.9225047157548169,0.0,0.010430956223899557,0.010430956223068222,8.313350008393172e-13
20520.0,370.8900739718767,0.0,30.569776772785197,25.576285208393895,25.576285208393895,54.93454149596658,4.9524311221933885,0.012007091128030467,0.9061330847717045,twophase,twophase,26.585131468584162,26.906339446175835,2854.8465513259916,21.623105875305292,0.9224955489924054,0.0,0.010430956223899557,0.010430956223068222,8.313350008393172e-13
20540.0,370.9087087961678,0.0,30.569776772785197,25.57653218122645,25.57653218122645,54.935087390158756,4.951845438178495,0.012006367449109132,0.9062981263150724,twophase,twophase,26.585403012812392,26.90662835498433,2854.8465513259916,21.623105875305292,0.9224863820831234,0.0,0.010430956223899557,0.010430956223068222,8.313350008393172e-13
20560.0,370.92734438449673,0.0,30.569776772785197,25.57677915547723,25.57677915547723,54.935633303877495,4.9512598833708275,0.01200564362405294,0.9064631851342044,twophase,twophase,26.585674497998316,26.906917213027985,2854.8465513259916,21.623105875305292,0.9224772150281347,0.0,0.010430956223899557,0.010430956223068222,8.313350008393172e-13
20580.0,370.9459807361457,0.0,30.569776772785197,25.57702613113641,25.57702613113641,54.93617923705068,4.950674457804723,0.01200491965295628,0.9066282612135026,twophase,twophase,26.585945924291302,26.907206020361116,2854.8465513259916,21.623105875305292,0.9224680478286647,0.0,0.010430956223899557,0.010430956223068222,8.313350008393172e-13
20600.0,370.96461785040736,0.0,30.569776772785197,25.57727310819429,25.57727310819429,54.93672518961047,4.950089161513151,0.012004195535906698,0.9067933545376478,twophase,twophase,26.586217291840313,26.90749477703979,2854.8465513259916,21.623105875305292,0.9224588804858662,0.0,0.010430956223899557,0.010430956223068222,8.313350008393172e-13
20620.0,370.9832557265584,0.0,30.569776772785197,25.577520086640963,25.577520086640963,54.937271161484915,4.949503994527471,0.01200347127299833,0.9069584650915855,twophase,twophase,26.586488600793906,26.907783483121733,2854.8465513259916,21.623105875305292,0.9224497130009616,0.0,0.010430956223899557,0.010430956223068222,8.313350008393172e-13
20640.0,371.0018943638782,0.0,30.569776772785197,25.577767066466564,25.577767066466564,54.937817152609234,4.948918956877729,0.012002746864313768,0.9071235928605162,twophase,twophase,26.58675985130023,26.90807213866623,2854.8465513259916,21.623105875305292,0.9224405453750523,0.0,0.010430956223899557,0.010430956223068222,8.313350008393172e-13
20660.0,371.020533761644,0.0,30.569776772785197,25.578014047661195,25.578014047661195,54.9383631629167,4.948334048592639,0.012002022309938753,0.9072887378298852,twophase,twophase,26.587031043507032,26.908360743734065,2854.8465513259916,21.623105875305292,0.9224313776092725,0.0,0.010430956223899557,0.010430956223068222,8.313350008393172e-13
20680.0,371.03917391913313,0.0,30.569776772785197,25.578261030214975,25.578261030214975,54.93890919234413,4.947749269699686,0.012001297609953344,0.9074538999853694,twophase,twophase,26.587302177561657,26.908649298387434,2854.8465513259916,21.623105875305292,0.922422209704697,0.0,0.010430956223899557,0.010430956223068222,8.313350008393172e-13
20700.0,371.05781483561157,0.0,30.569776772785197,25.578508014117844,25.578508014117844,54.93945524082523,4.947164620224973,0.012000572764442507,0.9076190793128736,twophase,twophase,26.58757325361105,26.908937802689888,2854.8465513259916,21.623105875305292,0.9224130416624523,0.0,0.010430956223899557,0.010430956223068222,8.313350008393172e-13
20720.0,371.07645651035693,0.0,30.569776772785197,25.578754999359926,25.578754999359926,54.94000130830243,4.9465801001936365,0.01199984777347738,0.9077842757985166,twophase,twophase,26.587844271801753,26.90922625670625,2854.8465513259916,21.623105875305292,0.922403873483519,0.0,0.010430956223899557,0.010430956223068222,8.313350008393172e-13
20740.0,371.0950989426261,0.0,30.569776772785197,25.579001985931068,25.579001985931068,54.94054739470861,4.945995709629425,0.011999122637144217,0.9079494894286266,twophase,twophase,26.58811523227991,26.909514660502573,2854.8465513259916,21.623105875305292,0.9223947051690372,0.0,0.010430956223899557,0.010430956223068222,8.313350008393172e-13
20760.0,371.11374213168847,0.0,30.569776772785197,25.579248973821272,25.579248973821272,54.941093499986195,4.9454114485551735,0.011998397355514065,0.90811472018973,twophase,twophase,26.58838613519127,26.90980301414606,2854.8465513259916,21.623105875305292,0.922385536719987,0.0,0.010430956223899557,0.010430956223068222,8.313350008393172e-13
20780.0,371.13238607680944,0.0,30.569776772785197,25.579495963020502,25.579495963020502,54.941639624075364,4.944827316992653,0.011997671928661621,0.9082799680685466,twophase,twophase,26.588656980681186,26.91009131770503,2854.8465513259916,21.623105875305292,0.9223763681373865,0.0,0.010430956223899557,0.010430956223068222,8.313350008393172e-13
20800.0,371.1510307772567,0.0,30.569776772785197,25.579742953518732,25.579742953518732,54.94218576691906,4.944243314962644,0.01199694635665711,0.9084452330519815,twophase,twophase,26.58892776889461,26.910379571248853,2854.8465513259916,21.623105875305292,0.9223671994222068,0.0,0.010430956223899557,0.010430956223068222,8.313350008393172e-13
20820.0,371.16967623227845,0.0,30.569776772785197,25.579989945305698,25.579989945305698,54.942731928456155,4.943659442484734,0.011996220639577218,0.908610515127119,twophase,twophase,26.589198499976106,26.910667774847898,2854.8465513259916,21.623105875305292,0.9223580305754873,0.0,0.010430956223899557,0.010430956223068222,8.313350008393172e-13
20840.0,371.18832244113804,0.0,30.569776772785197,25.58023693837134,25.58023693837134,54.94327810863075,4.943075699577785,0.011995494777490338,0.908775814281216,twophase,twophase,26.589469174069844,26.910955928573493,2854.8465513259916,21.623105875305292,0.9223488615981796,0.0,0.010430956223899557,0.010430956223068222,8.313350008393172e-13
20860.0,371.2069694030943,0.0,30.569776772785197,25.58048393270553,25.58048393270553,54.9438243073869,4.942492086259705,0.011994768770464966,0.9089411305016954,twophase,twophase,26.589739791319605,26.91124403249788,2854.8465513259916,21.623105875305292,0.9223396924912366,0.0,0.010430956223899557,0.010430956223068222,8.313350008393172e-13
20880.0,371.2256171174061,0.0,30.569776772785197,25.580730928298152,25.580730928298152,54.944370524670376,4.941908602547538,0.011994042618566802,0.9091064637761419,twophase,twophase,26.590010351868777,26.911532086694166,2854.8465513259916,21.623105875305292,0.9223305232555812,0.0,0.010430956223899557,0.010430956223068222,8.313350008393172e-13
20900.0,371.2442655833268,0.0,30.569776772785197,25.580977925138995,25.580977925138995,54.944916760423474,4.9413252484573995,0.011993316321867094,0.9092718140922961,twophase,twophase,26.590280855860357,26.911820091236294,2854.8465513259916,21.623105875305292,0.9223213538921954,0.0,0.010430956223899557,0.010430956223068222,8.313350008393172e-13
20920.0,371.2629148001135,0.0,30.569776772785197,25.581224923217942,25.581224923217942,54.94546301459684,4.940742024004688,0.011992589880423805,0.9094371814380479,twophase,twophase,26.590551303436957,26.91210804619899,2854.8465513259916,21.623105875305292,0.9223121844019209,0.0,0.010430956223899557,0.010430956223068222,8.313350008393172e-13
20940.0,371.2815647670204,0.0,30.569776772785197,25.581471922524784,25.581471922524784,54.94600928713378,4.940158929203924,0.011991863294306652,0.9096025658014348,twophase,twophase,26.590821694740804,26.912395951657743,2854.8465513259916,21.623105875305292,0.922303014785722,0.0,0.010430956223899557,0.010430956223068222,8.313350008393172e-13
20960.0,371.30021548329984,0.0,30.569776772785197,25.58171892304933,25.58171892304933,54.946555577983496,4.939575964068888,0.011991136563575831,0.9097679671706341,twophase,twophase,26.59109202991373,26.91268380768875,2854.8465513259916,21.623105875305292,0.9222938450444644,0.0,0.010430956223899557,0.010430956223068222,8.313350008393172e-13
20980.0,371.31886694820366,0.0,30.569776772785197,25.581965924781375,25.581965924781375,54.947101887093694,4.938993128612611,0.01199040968829398,0.9099333855339596,twophase,twophase,26.5913623090972,26.91297161436891,2854.8465513259916,21.623105875305292,0.9222846751790389,0.0,0.010430956223899557,0.010430956223068222,8.313350008393172e-13
21000.0,371.3375191609909,0.0,30.569776772785197,25.582212927710813,25.582212927710813,54.94764821441463,4.938410422847494,0.011989682668519821,0.9100988208798595,twophase,twophase,26.59163253243228,26.913259371775762,2854.8465513259916,21.623105875305292,0.9222755051902932,0.0,0.010430956223899557,0.010430956223068222,8.313350008393172e-13
21020.0,371.35617212090386,0.0,30.569776772785197,25.582459931827294,25.582459931827294,54.9481945598908,4.937827846785015,0.011988955504321098,0.9102642731969085,twophase,twophase,26.59190270005966,26.91354707998748,2854.8465513259916,21.623105875305292,0.9222663350791717,0.0,0.010430956223899557,0.010430956223068222,8.313350008393172e-13
21040.0,371.37482582719804,0.0,30.569776772785197,25.58270693712067,25.58270693712067,54.948740923475924,4.937245400436166,0.01198822819575087,0.9104297424738069,twophase,twophase,26.592172812119646,26.913834739082834,2854.8465513259916,21.623105875305292,0.9222571648464637,0.0,0.010430956223899557,0.010430956223068222,8.313350008393172e-13
21060.0,371.3934802791282,0.0,30.569776772785197,25.582953943580776,25.582953943580776,54.94928730512109,4.9366630838112755,0.011987500742866485,0.9105952286993769,twophase,twophase,26.592442868752173,26.914122349141156,2854.8465513259916,21.623105875305292,0.9222479944930031,0.0,0.010430956223899557,0.010430956223068222,8.313350008393172e-13
21080.0,371.4121354759409,0.0,30.569776772785197,25.583200951197348,25.583200951197348,54.949833704776005,4.936080896919933,0.01198677314572745,0.9107607318625565,twophase,twophase,26.592712870096783,26.914409910242327,2854.8465513259916,21.623105875305292,0.9222388240196466,0.0,0.010430956223899557,0.010430956223068222,8.313350008393172e-13
21100.0,371.4307914168924,0.0,30.569776772785197,25.58344795996024,25.58344795996024,54.95038012239304,4.9354988397712205,0.011986045404389075,0.9109262519523998,twophase,twophase,26.59298281629265,26.914697422466745,2854.8465513259916,21.623105875305292,0.9222296534272059,0.0,0.010430956223899557,0.010430956223068222,8.313350008393172e-13
21120.0,371.4494481012334,0.0,30.569776772785197,25.583694969859227,25.583694969859227,54.95092655792621,4.934916912373553,0.011985317518903981,0.9110917889580706,twophase,twophase,26.593252707478573,26.9149848858953,2854.8465513259916,21.623105875305292,0.9222204827164657,0.0,0.010430956223899557,0.010430956223068222,8.313350008393172e-13
21140.0,371.46810552821023,0.0,30.569776772785197,25.583941980884052,25.583941980884052,54.951473011323806,4.934335114734702,0.011984589489334056,0.9112573428688429,twophase,twophase,26.593522543792968,26.915272300609356,2854.8465513259916,21.623105875305292,0.922211311888306,0.0,0.010430956223899557,0.010430956223068222,8.313350008393172e-13
21160.0,371.486763697078,0.0,30.569776772785197,25.584188993024565,25.584188993024565,54.95201948254317,4.933753446861994,0.011983861315726672,0.9114229136740932,twophase,twophase,26.593792325373883,26.915559666690722,2854.8465513259916,21.623105875305292,0.922202140943455,0.0,0.010430956223899557,0.010430956223068222,8.313350008393172e-13
21180.0,371.505422607088,0.0,30.569776772785197,25.58443600627055,25.58443600627055,54.95256597153624,4.933171908762127,0.011983132998137845,0.9115885013633027,twophase,twophase,26.59406205235899,26.915846984221638,2854.8465513259916,21.623105875305292,0.922192969882732,0.0,0.010430956223899557,0.010430956223068222,8.313350008393172e-13
21200.0,371.5240822574889,0.0,30.569776772785197,25.584683020611788,25.584683020611788,54.95311247825689,4.932590500441255,0.01198240453662057,0.9117541059260502,twophase,twophase,26.594331724885585,26.916134253284753,2854.8465513259916,21.623105875305292,0.9221837987069232,0.0,0.010430956223899557,0.010430956223068222,8.313350008393172e-13
21220.0,371.54274264753747,0.0,30.569776772785197,25.584930036038138,25.584930036038138,54.95365900266293,4.932009221905078,0.011981675931221477,0.9119197273520129,twophase,twophase,26.5946013430906,26.9164214739631,2854.8465513259916,21.623105875305292,0.9221746274167489,0.0,0.010430956223899557,0.010430956223068222,8.313350008393172e-13
21240.0,371.5614037764805,0.0,30.569776772785197,25.585177052539354,25.585177052539354,54.954205544704436,4.93142807315867,0.01198094718199973,0.9120853656309637,twophase,twophase,26.59487090711059,26.916708646340087,2854.8465513259916,21.623105875305292,0.9221654560130593,0.0,0.010430956223899557,0.010430956223068222,8.313350008393172e-13
21260.0,371.58006564357555,0.0,30.569776772785197,25.585424070105322,25.585424070105322,54.95475210434101,4.930847054206743,0.011980218288999108,0.9122510207527652,twophase,twophase,26.595140417081748,26.91699577049947,2854.8465513259916,21.623105875305292,0.9221562844965444,0.0,0.010430956223899557,0.010430956223068222,8.313350008393172e-13
21280.0,371.5987282480696,0.0,30.569776772785197,25.585671088725785,25.585671088725785,54.95529868152688,4.930266165053369,0.01197948925227213,0.9124166927073719,twophase,twophase,26.595409873139893,26.91728284652534,2854.8465513259916,21.623105875305292,0.9221471128679845,0.0,0.010430956223899557,0.010430956223068222,8.313350008393172e-13
21300.0,371.6173915892203,0.0,30.569776772785197,25.585918108390636,25.585918108390636,54.95584527621971,4.929685405702291,0.01197876007186574,0.9125823814848258,twophase,twophase,26.59567927542048,26.917569874502114,2854.8465513259916,21.623105875305292,0.9221379411281018,0.0,0.010430956223899557,0.010430956223068222,8.313350008393172e-13
21320.0,371.63605566628206,0.0,30.569776772785197,25.58616512908973,25.58616512908973,54.95639188837549,4.929104776156742,0.011978030747829703,0.9127480870752547,twophase,twophase,26.5959486240586,26.917856854514504,2854.8465513259916,21.623105875305292,0.9221287692776471,0.0,0.010430956223899557,0.010430956223068222,8.313350008393172e-13
21340.0,371.65472047850534,0.0,30.569776772785197,25.586412150812862,25.586412150812862,54.95693851795168,4.928524276419446,0.011977301280211357,0.9129138094688697,twophase,twophase,26.596217919188973,26.918143786647516,2854.8465513259916,21.623105875305292,0.9221195973173463,0.0,0.010430956223899557,0.010430956223068222,8.313350008393172e-13
21360.0,371.6733860251439,0.0,30.569776772785197,25.58665917354987,25.58665917354987,54.957485164905144,4.927943906492712,0.011976571669058998,0.9130795486559633,twophase,twophase,26.596487160945962,26.918430670986425,2854.8465513259916,21.623105875305292,0.922110425247935,0.0,0.010430956223899557,0.010430956223068222,8.313350008393172e-13
21380.0,371.6920523054571,0.0,30.569776772785197,25.586906197290684,25.586906197290684,54.95803182919566,4.92736366637851,0.011975841914416337,0.9132453046269091,twophase,twophase,26.596756349463565,26.918717507616766,2854.8465513259916,21.623105875305292,0.9221012530701,0.0,0.010430956223899557,0.010430956223068222,8.313350008393172e-13
21400.0,371.71071931869955,0.0,30.569776772785197,25.587153222025158,25.587153222025158,54.958578510779596,4.9267835560782975,0.011975112016332615,0.9134110773721584,twophase,twophase,26.597025484875413,26.91900429662432,2854.8465513259916,21.623105875305292,0.9220920807845855,0.0,0.010430956223899557,0.010430956223068222,8.313350008393172e-13
21420.0,371.7293870641279,0.0,30.569776772785197,25.58740024774317,25.58740024774317,54.95912520961673,4.926203575593146,0.011974381974851506,0.9135768668822383,twophase,twophase,26.597294567314783,26.9192910380951,2854.8465513259916,21.623105875305292,0.922082908392078,0.0,0.010430956223899557,0.010430956223068222,8.313350008393172e-13
21440.0,371.74805554099714,0.0,30.569776772785197,25.587647274434598,25.587647274434598,54.95967192566651,4.925623724923717,0.011973651790017319,0.91374267314775,twophase,twophase,26.597563596914593,26.919577732115343,2854.8465513259916,21.623105875305292,0.9220737358932695,0.0,0.010430956223899557,0.010430956223068222,8.313350008393172e-13
21460.0,371.766724748567,0.0,30.569776772785197,25.587894302089364,25.587894302089364,54.96021865888745,4.925044004070302,0.011972921461875887,0.9139084961593704,twophase,twophase,26.597832573807395,26.919864378771493,2854.8465513259916,21.623105875305292,0.9220645632888682,0.0,0.010430956223899557,0.010430956223068222,8.313350008393172e-13
21480.0,371.7853946860992,0.0,30.569776772785197,25.58814133069743,25.58814133069743,54.96076540924001,4.924464413032852,0.011972190990469958,0.914074335907845,twophase,twophase,26.59810149812539,26.92015097815019,2854.8465513259916,21.623105875305292,0.922055390579549,0.0,0.010430956223899557,0.010430956223068222,8.313350008393172e-13
21500.0,371.8040653528444,0.0,30.569776772785197,25.588388360248604,25.588388360248604,54.96131217668407,4.923884951810778,0.011971460375843079,0.9142401923839908,twophase,twophase,26.59837037000042,26.92043753033826,2854.8465513259916,21.623105875305292,0.9220462177659967,0.0,0.010430956223899557,0.010430956223068222,8.313350008393172e-13
21520.0,371.82273674807317,0.0,30.569776772785197,25.58863539073298,25.58863539073298,54.96185896118125,4.923305620403393,0.011970729618036281,0.9144060655786922,twophase,twophase,26.598639189563972,26.920724035422698,2854.8465513259916,21.623105875305292,0.9220370448488667,0.0,0.010430956223899557,0.010430956223068222,8.313350008393172e-13
21540.0,371.84140887103996,0.0,30.569776772785197,25.5888824221404,25.5888824221404,54.96240576269019,4.922726418809398,0.011969998717095233,0.9145719554829024,twophase,twophase,26.598907956947176,26.921010493490673,2854.8465513259916,21.623105875305292,0.9220278718288647,0.0,0.010430956223899557,0.010430956223068222,8.313350008393172e-13
21560.0,371.86008172100577,0.0,30.569776772785197,25.589129454460828,25.589129454460828,54.962952581172075,4.922147347027242,0.011969267673061586,0.9147378620876382,twophase,twophase,26.599176672280812,26.921296904629504,2854.8465513259916,21.623105875305292,0.9220186987066532,0.0,0.010430956223899557,0.010430956223068222,8.313350008393172e-13
21580.0,371.8787552972389,0.0,30.569776772785197,25.589376487684323,25.589376487684323,54.96349941659015,4.921568405055113,0.011968536485973708,0.9149037853839841,twophase,twophase,26.599445335695304,26.921583268926653,2854.8465513259916,21.623105875305292,0.9220095254828604,0.0,0.010430956223899557,0.010430956223068222,8.313350008393172e-13
21600.0,371.89742959900053,0.0,30.569776772785197,25.58962352180084,25.58962352180084,54.964046268906024,4.92098959289076,0.011967805155872644,0.9150697253630842,twophase,twophase,26.599713947320726,26.92186958646972,2854.8465513259916,21.623105875305292,0.9220003521581419,0.0,0.010430956223899557,0.010430956223068222,8.313350008393172e-13
