time_s,pressure_kPa_abs,release_rate_kg_s,cum_release_kg,liquid_temperature_K,vapor_temperature_K,liquid_density_kg_m3,vapor_density_kg_m3,liquid_quality,vapor_quality,liquid_phase,vapor_phase,lower_wall_temperature_K,upper_wall_temperature_K,liquid_mass_kg,vapor_mass_kg,liquid_volume_fraction,evaporation_rate_kg_s,cum_evaporation_from_liquid_kg,cum_evaporation_from_vapor_balance_kg,phase_mass_balance_difference_kg
0.0,380.0,0.0,0.0,25.695997657899554,25.695997657899554,63.346318972072446,4.631498180305028,0.0,1.0,twophase,twophase,25.695997657899554,25.695997657899554,1427.4284911411078,156.5473550756023,0.4,0.0,0.0,0.0,0.0
20.0,380.00007776761055,0.0,0.0,25.695998008238085,25.696001184985345,63.34631852275211,4.6314982022123345,,,liquid,gas,25.698669232386777,25.699561253949256,1427.42849114088,156.54735507583,0.40000000283716713,1.1391421139705927e-11,2.2782842279411852e-10,2.277147359563969e-10,1.1368683772161603e-13
40.0,380.00031084205426,0.0,0.0,25.69599905812823,25.696011756137512,63.34631717629403,4.631498267777006,,,liquid,gas,25.70133488648203,25.703119945592018,1427.4284911392867,156.54735507742333,0.40000001133892343,7.966036719153636e-11,1.8210357666248456e-09,1.8210357666248456e-09,0.0
60.0,380.0006986022864,0.0,0.0,25.6960008056516,25.696029341981546,63.346314934616245,4.631498377269637,,,liquid,gas,25.70399463617327,25.706673748122277,1427.4284911349662,156.54735508174397,0.40000002549277675,2.1602772903861478e-10,6.141590347397141e-09,6.141675612525432e-09,-8.526512829121202e-14
80.0,380.00124053996655,0.0,0.0,25.69600324898734,25.696053920132385,63.346311799764656,4.631498530301109,,,liquid,gas,25.706648497404874,25.710222676780628,1427.4284911265613,156.54735509014884,0.40000004528542893,4.2024339563795365e-10,1.4546458260156214e-08,1.4546543525284505e-08,-8.526512829121202e-14
100.0,380.0019361224472,0.0,0.0,25.696006386299153,25.69608546592078,63.34630777374647,4.631498726911323,,,liquid,gas,25.709296486077985,25.713766746756008,1427.4284911127197,156.54735510399036,0.4000000707038283,6.920799933141098e-10,2.838805812643841e-08,2.838805812643841e-08,0.0
120.0,380.00278476089204,0.0,0.0,25.696010215706394,25.696123951940816,63.34630285849738,4.631498967194138,,,liquid,gas,25.711938618050493,25.71730597318476,1427.4284910920937,156.5473551246164,0.4000001017353765,1.0312987797078676e-09,4.901403372059576e-08,4.901409056401462e-08,-5.684341886080802e-14
140.0,380.00378595619696,0.0,0.0,25.69601473540156,25.696169356783898,63.34629705606342,4.6314992505588375,,,liquid,gas,25.71457490913731,25.72084037115206,1427.4284910633398,156.54735515337026,0.4000001383667799,1.4376951185113285e-09,7.776793609082233e-08,7.776796451253176e-08,-2.842170943040401e-14
160.0,380.0049391529612,0.0,0.0,25.69601994355766,25.69622165296697,63.34629036837053,4.631499577696681,,,liquid,gas,25.71720537511052,25.72436995569253,1427.4284910251192,156.54735519159095,0.400000180585505,1.9110302673652766e-09,1.1598854143812787e-07,1.1598865512496559e-07,-1.1368683772161603e-13
180.0,380.00624384081954,0.0,0.0,25.696025838352963,25.696280818379698,63.346282797460155,4.631499948084975,,,liquid,gas,25.719830031699075,25.727894741786717,1427.4284909760975,156.54735524061266,0.40000022837829075,2.4510882212780416e-09,1.650103058636887e-07,1.6501036270710756e-07,-5.684341886080802e-14
200.0,380.00769947557467,0.0,0.0,25.696032417940717,25.69634682782337,63.34627434532732,4.631500361764437,,,liquid,gas,25.72244889458963,25.731414744367274,1427.4284909149446,156.54735530176544,0.4000002817321709,3.0576416065741795e-09,2.261631379951723e-07,2.261631379951723e-07,0.0
220.0,380.00930552379515,0.0,0.0,25.696039680579165,25.696419656962103,63.34626501379704,4.631500818641221,,,liquid,gas,25.72506197942592,25.734929978313115,1427.4284908403354,156.54735537637458,0.4000003406352545,3.730463049578248e-09,3.0077239898673724e-07,3.007722852998995e-07,1.1368683772161603e-13
240.0,380.0110614587975,0.0,0.0,25.69604762438795,25.696499281613416,63.34625480497629,4.631501318679982,,,liquid,gas,25.72766930180941,25.73844045845414,1427.4284907509486,156.54735546576123,0.4000004050738716,4.469336545298574e-09,3.9015912989270873e-07,3.901589309407427e-07,1.9895196601282805e-13
260.0,380.01296677708643,0.0,0.0,25.696056247608517,25.69658567870664,63.346243720805454,4.631501861830148,,,liquid,gas,25.730270877299215,25.74194619956944,1427.428490645468,156.54735557124204,0.40000047503540614,5.274034720059717e-09,4.956398242939031e-07,4.956397390287748e-07,8.526512829121202e-14
280.0,380.0150208914781,0.0,0.0,25.696065548297447,25.696678821254828,63.34623176334294,4.631502448062377,,,liquid,gas,25.732866721412154,25.745447216387255,1427.428490522581,156.54735569412915,0.4000005505064983,6.144352937553777e-09,6.185268830449786e-07,6.185268546232692e-07,2.842170943040401e-14
300.0,380.0172233618205,0.0,0.0,25.69607552501249,25.696778689255808,63.34621893410397,4.631503077272595,,,liquid,gas,25.735456849622857,25.748943523584675,1427.4284903809796,156.54735583573031,0.4000006314772199,7.0800638241053095e-09,7.601281595270848e-07,7.601280174185376e-07,1.4210854715202004e-13
320.0,380.0195735916033,0.0,0.0,25.696086175622582,25.69688525497825,63.34620523547731,4.631503749547983,,,liquid,gas,25.73804127736426,25.75243513579128,1427.4284902193606,156.54735599734926,0.4000007179321286,8.080951374722645e-09,9.217471870215377e-07,9.217469596478622e-07,2.2737367544323206e-13
340.0,380.02207109439706,0.0,0.0,25.696097498466678,25.696998497288345,63.34619066926513,4.6315044644157615,,,liquid,gas,25.740620020027123,25.755922067583526,1427.428490036425,156.54735618028485,0.4000008098594876,9.146776847046566e-09,1.104682723962469e-06,1.1046825534322124e-06,1.7053025658242404e-13
360.0,380.0247153634789,0.0,0.0,25.696109491523504,25.697118391827548,63.34617523789679,4.631505222246815,,,liquid,gas,25.743193092960453,25.759404333490856,1427.4284898308779,156.54735638583205,0.40000090724360127,1.0277358342136723e-08,1.3102298908052035e-06,1.3102297486966563e-06,1.4210854715202004e-13
380.0,380.027505878049,0.0,0.0,25.6961221537764,25.69724491496276,63.34615894185518,4.631506022905893,,,liquid,gas,25.745760511471378,25.762881947990877,1427.4284896014287,156.54735661528116,0.4000010100810668,1.1472457117633894e-08,1.5396790331578813e-06,1.5396788626276248e-06,1.7053025658242404e-13
400.0,380.030442116995,0.0,0.0,25.696135482309156,25.69737804306099,63.346141785228944,4.631506866252718,,,liquid,gas,25.7483222908265,25.766354925513696,1427.4284893467914,156.54735686991862,0.40000111834571433,1.2731868537230184e-08,1.794316403902485e-06,1.7943163186373567e-06,8.526512829121202e-14
420.0,380.03352355764366,0.0,0.0,25.696149476290373,25.697517752525183,63.34612376814362,4.631507752107605,,,liquid,gas,25.750878446249157,25.769823280438775,1427.428489065684,156.54735715102595,0.4000012320364008,1.405536522725015e-08,2.075423708447488e-06,2.075423651604069e-06,5.684341886080802e-14
440.0,380.0367497004685,0.0,0.0,25.69616413421656,25.697664019965444,63.346104892065185,4.631508680608163,,,liquid,gas,25.753428992923148,25.773287027097307,1427.428488756829,156.54735745988106,0.40000135114352037,1.5442753920069662e-08,2.3842787868488813e-06,2.384278758427172e-06,2.842170943040401e-14
460.0,380.0401200619271,0.0,0.0,25.696179453345074,25.697816823644658,63.346085160856774,4.631509651555006,,,liquid,gas,25.755973945990146,25.77674617977135,1427.4284884189528,156.54735779775717,0.400001475642332,1.689380724201328e-08,2.722154931689147e-06,2.722154874845728e-06,5.684341886080802e-14
480.0,380.0436340814759,0.0,0.0,25.696195431561762,25.697976137738905,63.346064576975074,4.631510664946364,,,liquid,gas,25.758513320551288,25.78020075269472,1427.4284880507864,156.5473581659237,0.40000160551697733,1.8408320556773104e-08,3.090321342824609e-06,3.090321399668028e-06,-5.684341886080802e-14
500.0,380.0472912927751,0.0,0.0,25.69621206951968,25.698141940513096,63.34604313788171,4.631511720875028,,,liquid,gas,25.76104713166529,25.783650760052826,1427.4284876510649,156.54735856564534,0.40000174078314105,1.9986077859357464e-08,3.4900429000117583e-06,3.4900430421203055e-06,-1.4210854715202004e-13
520.0,380.05109116235946,0.0,0.0,25.696229363094076,25.698314207491958,63.34602084992651,4.631512819303066,,,liquid,gas,25.76357539435362,25.787096215982125,1427.428487218527,156.54735899818337,0.4000018814003843,2.1626897250826006e-08,3.922580845028278e-06,3.922581072401954e-06,-2.2737367544323206e-13
540.0,380.05503321894116,0.0,0.0,25.696247311366243,25.698492918096292,63.34599771354269,4.631513959813994,,,liquid,gas,25.76609812359108,25.79053713456944,1427.4284867519168,156.54735946479346,0.400002027365631,2.3330505882768192e-08,4.389190962683642e-06,4.389191161635608e-06,-1.9895196601282805e-13
560.0,380.0591169536683,0.0,0.0,25.696265912601277,25.69867804835542,63.345973730609245,4.631515142602801,,,liquid,gas,25.768615334317374,25.793973529857695,1427.4284862499815,156.5473599667288,0.40000217866667653,2.5096767330978764e-08,4.8911263093032176e-06,4.891126508255184e-06,-1.9895196601282805e-13
580.0,380.06334187587277,0.0,0.0,25.69628516342673,25.698869576759233,63.345948906165475,4.631516367267274,,,liquid,gas,25.771127041428766,25.79740541583636,1427.4284857114733,156.54736050523707,0.40000233527136264,2.6925408747047185e-08,5.429634484244161e-06,5.429634768461256e-06,-2.8421709430404007e-13
600.0,380.06770747157935,0.0,0.0,25.696305065188575,25.69906747803087,63.345923236225055,4.631517634397095,,,liquid,gas,25.77363325978276,25.80083280645281,1427.4284851351474,156.547361081563,0.40000249720452474,2.881629370676819e-08,6.005960358379525e-06,6.005960699440038e-06,-3.410605131648481e-13
620.0,380.0722132515943,0.0,0.0,25.69632561688635,25.699271730060424,63.34589672132631,4.6315189438366104,,,liquid,gas,25.776134004192716,25.804255715602963,1427.4284845197647,156.54736169694573,0.4000026644624292,3.076913799304748e-08,6.621343118240475e-06,6.6213434308792785e-06,-3.126388037344441e-13
640.0,380.07685870672117,0.0,0.0,25.696346810340934,25.699482312030366,63.34586937558582,4.631520294614616,,,liquid,gas,25.77862928943915,25.807674157138408,1427.428483864088,156.54736235262234,0.4000028369556027,3.278382791904732e-08,7.277019676621421e-06,7.277020046103644e-06,-3.694822225952521e-13
660.0,380.0816433473457,0.0,0.0,25.69636865030597,25.699699199491707,63.345841188612624,4.631521687430514,,,liquid,gas,25.781119130256695,25.811088144860673,1427.428483166886,156.5473630498243,0.400003014749328,3.486010200504097e-08,7.97422171672224e-06,7.974222000939335e-06,-2.8421709430404007e-13
680.0,380.0865667151756,0.0,0.0,25.696391132956684,25.699922370478177,63.34581216639455,4.6315231226015445,,,liquid,gas,25.783603541337044,25.81449769252383,1427.4284824269323,156.5473637897781,0.40000319780546517,3.699768740261788e-08,8.714175464774598e-06,8.714175805835112e-06,-3.410605131648481e-13
700.0,380.0916282860891,0.0,0.0,25.696414260028448,25.700151802360452,63.34578230417731,4.631524599571139,,,liquid,gas,25.786082537340583,25.817902813838867,1427.4284816430018,156.54736457370876,0.4000033861537066,3.9196527268359203e-08,9.498106010141782e-06,9.498106464889133e-06,-4.547473508864641e-13
720.0,380.0968276011337,0.0,0.0,25.69643801947253,25.70038747467604,63.34575162356535,4.631526118091996,,,liquid,gas,25.788556132883627,25.821303522466852,1427.4284808138748,156.54736540283568,0.40000357965730216,4.14563487538544e-08,1.032723298521887e-05,1.0327233383122802e-05,-3.979039320256561e-13
740.0,380.10216418694824,0.0,0.0,25.696462419995566,25.70062936644576,63.34572010670528,4.6315276778626275,,,liquid,gas,25.791024342538734,25.824699832023306,1427.428479938337,156.54736627837357,0.4000037784286636,4.377689037937671e-08,1.1202770792806405e-05,1.1202771275975465e-05,-4.831690603168681e-13
760.0,380.10763756044486,0.0,0.0,25.69648745645644,25.700877451661903,63.34568776201576,4.631529280268586,,,liquid,gas,25.793487180843993,25.82809175607849,1427.4284790151762,156.54736720153446,0.4000039824143064,4.6158038458088416e-08,1.2125931561968173e-05,1.2125932158824071e-05,-5.968558980384842e-13
780.0,380.11324714778425,0.0,0.0,25.696513127101774,25.701131708211065,63.34565459122964,4.631530923719865,,,liquid,gas,25.795944662302336,25.831479308155192,1427.4284780431835,156.5473681735271,0.4000041916029654,4.85996338284167e-08,1.3097924238536507e-05,1.3097924806970695e-05,-5.684341886080801e-13
800.0,380.11899260052655,0.0,0.0,25.696539436197668,25.70139211731683,63.345620585273565,4.6315326092263644,,,liquid,gas,25.798396801372576,25.83486250173007,1427.4284770211555,156.54736919555518,0.4000044060516147,5.110140364195104e-08,1.4119952311375528e-05,1.4119952879809716e-05,-5.684341886080801e-13
820.0,380.12487335446394,0.0,0.0,25.696566370939628,25.701658655877775,63.345585766894764,4.631534335726105,,,liquid,gas,25.800843612472267,25.83824135023444,1427.4284759478926,156.54737026881807,0.4000046256162945,5.366314326238353e-08,1.5193215176623198e-05,1.5193215773479096e-05,-5.968558980384842e-13
840.0,380.1308888899225,0.0,0.0,25.696593927866076,25.701931299507425,63.3455501412203,4.631536103387064,,,liquid,gas,25.80328510997452,25.841615867052976,1427.4284748222008,156.54737139450995,0.4000048502643116,5.628459120998741e-08,1.6318907000822946e-05,1.6318907654522263e-05,-6.536993168992922e-13
860.0,380.1370388078811,0.0,0.0,25.696622118803575,25.702210027066815,63.34551368467758,4.631537913230683,,,liquid,gas,25.805721308213876,25.844986065524385,1427.4284736428895,156.54737257382118,0.40000508014420216,5.896556558582233e-08,1.7498218312539393e-05,1.749821888097358e-05,-5.684341886080801e-13
880.0,380.1433227848692,0.0,0.0,25.69665094425158,25.702494826395355,63.34547639541531,4.631539764255516,,,liquid,gas,25.80815222150803,25.848351958944303,1427.4284724087677,156.54737380794302,0.4000053152673409,6.170608912725584e-08,1.873234009508451e-05,1.8732340720362117e-05,-6.252776074688882e-13
900.0,380.1497399991065,0.0,0.0,25.69668037693893,25.702785662264695,63.345438322940716,4.631541655491735,,,liquid,gas,25.81057786412121,25.85171356056225,1427.4284711186508,156.5473750980598,0.4000055553207926,6.45058435111423e-08,2.0022456965307356e-05,2.0022457505319835e-05,-5.400124791776761e-13
920.0,380.1562902673465,0.0,0.0,25.696710450828654,25.703082519694316,63.345399402238144,4.631543589358227,,,liquid,gas,25.8129982502687,25.855070883581945,1427.428469771361,156.5473764453495,0.40000580071479785,6.736448767696857e-08,2.1369746718846727e-05,2.1369747202015787e-05,-4.831690603168681e-13
940.0,380.1629729806547,0.0,0.0,25.696741125618104,25.703385377225985,63.34535970815508,4.631545563429899,,,liquid,gas,25.815413394135376,25.85842394116157,1427.4284683657224,156.54737785098806,0.4000060509764085,7.028193067526445e-08,2.2775385332352016e-05,2.2775385758677658e-05,-4.263256414560601e-13
960.0,380.1697877550206,0.0,0.0,25.69677244168149,25.70369421271171,63.34531916294193,4.63154757935564,,,liquid,gas,25.817823309868356,25.861772746415795,1427.4284669005629,156.54737931614773,0.40000630659627934,7.325797923840582e-08,2.4240544917120133e-05,2.4240545428710902e-05,-5.115907697472721e-13
980.0,380.1767340246472,0.0,0.0,25.69680436458384,25.70400900409651,63.34527783042205,4.631549635663193,,,liquid,gas,25.820228011588785,25.86511731241445,1427.4284653747109,156.54738084199968,0.4000065671710771,7.629259926034138e-08,2.576639690232696e-05,2.576639738549602e-05,-4.831690603168681e-13
1000.0,380.18381141504193,0.0,0.0,25.69683690368399,25.70432973143306,63.345235691776644,4.631551733353167,,,liquid,gas,25.822627513374186,25.868457652182986,1427.4284637870005,156.54738242971004,0.4000068328193297,7.938551789266058e-08,2.735410726018017e-05,2.7354107743349232e-05,-4.831690603168681e-13
1020.0,380.19101945978196,0.0,0.0,25.696870057363654,25.704656373523225,63.345192748779105,4.631553872325744,,,liquid,gas,25.825021829227495,25.871793778700475,1427.4284621362772,156.5473840804333,0.4000071035295355,8.253616670117481e-08,2.9004830594203668e-05,2.90048309921076e-05,-3.979039320256561e-13
1040.0,380.1983575842587,0.0,0.0,25.696903823912184,25.704988907683248,63.345149003078355,4.6315560511913,,,liquid,gas,25.827410973163854,25.8751257049047,1427.4284604213797,156.54738579533088,0.4000073792909772,8.574487537771347e-08,3.071972810175794e-05,3.0719728584927e-05,-4.831690603168681e-13
1060.0,380.20582538709243,0.0,0.0,25.69693818440428,25.70532731373606,63.34510448949818,4.631558270579021,,,liquid,gas,25.829794959128037,25.878453443687963,1427.4284586411572,156.54738757555336,0.40000765988345,8.901112096282304e-08,3.24999505210144e-05,3.249995106102688e-05,-5.400124791776761e-13
1080.0,380.2134225061129,0.0,0.0,25.69697317074607,25.70567157211002,63.345059146431055,4.631560531561072,,,liquid,gas,25.832173801051265,25.881777007899313,1427.4284567944574,156.54738942225316,0.40000794569568754,9.23349944059737e-08,3.434665040913387e-05,3.434665086388122e-05,-4.547473508864641e-13
1100.0,380.22114839778214,0.0,0.0,25.69700876512956,25.706021660712487,63.34501300618421,4.631562833058392,,,liquid,gas,25.83454751280815,25.885096410343845,1427.428454880136,156.54739133657444,0.4000082365233792,9.571606369718211e-08,3.6260971683077514e-05,3.6260972137824865e-05,-4.547473508864641e-13
1120.0,380.22900272902706,0.0,0.0,25.697044987538398,25.70637756048483,63.34496602987352,4.631565176448607,,,liquid,gas,25.836916108219487,25.88841166378167,1427.428452897056,156.54739331965436,0.4000085326117723,9.915399914461887e-08,3.824405166596989e-05,3.8244052063873823e-05,-3.979039320256561e-13
1140.0,380.2369847768508,0.0,0.0,25.697081771717947,25.706739246888382,63.344918341320394,4.631567558506697,,,liquid,gas,25.83927960112742,25.891722780932984,1427.4284508440714,156.54739537263893,0.400008833178665,1.0264923275826731e-07,4.029703632113524e-05,4.029703663377404e-05,-3.126388037344441e-13
1160.0,380.24509450067643,0.0,0.0,25.697119205443407,25.70710670510836,63.34486977369984,4.631569984014231,,,liquid,gas,25.841638005286036,25.895029774471436,1427.4284487200507,156.54739749665978,0.40000913927722426,1.0620103694236604e-07,4.242105705998256e-05,4.24210574863082e-05,-4.263256414560601e-13
1180.0,380.25333104462504,0.0,0.0,25.697157217809927,25.707479908821302,63.34482045929588,4.631572448147712,,,liquid,gas,25.84399133445312,25.898332657030696,1427.4284465238572,156.54739969285333,0.40000945007181066,1.098096731766418e-07,4.4617250523515395e-05,4.4617251035106165e-05,-5.115907697472721e-13
1200.0,380.26169411865664,0.0,0.0,25.697195830369115,25.707858839775483,63.34477035636608,4.631574952718955,,,liquid,gas,25.84633960229647,25.901631441197647,1427.4284442543692,156.5474019623413,0.4000097658257271,1.1347440249664942e-07,4.688673857344838e-05,4.6886738999774025e-05,-4.263256414560601e-13
1220.0,380.27018327728985,0.0,0.0,25.697235041549078,25.708243477562633,63.344719466653295,4.631577497694815,,,liquid,gas,25.84868282247266,25.904926139518633,1427.4284419104636,156.54740430624702,0.4000100865276766,1.1719528174580773e-07,4.923064420836454e-05,4.923064471995531e-05,-5.115907697472721e-13
1240.0,380.2787980751296,0.0,0.0,25.69727484978153,25.708633801824924,63.34466779189385,4.631580083025186,,,liquid,gas,25.851021008601094,25.90821676449676,1427.4284394910203,156.54740672569034,0.4000104121664046,1.209721631312277e-07,5.165008747098909e-05,5.165008803942328e-05,-5.684341886080801e-13
1260.0,380.28753806699433,0.0,0.0,25.697315253501564,25.709029792255784,63.34461533381805,4.631582708644908,,,liquid,gas,25.85335417426424,25.911503328592662,1427.4284369949232,156.54740922178743,0.40001074273069587,1.2480485338528525e-07,5.41461845386948e-05,5.4146185135550695e-05,-5.968558980384842e-13
1280.0,380.2964028105142,0.0,0.0,25.697356251149422,25.709431428636105,63.34456209415436,4.631585374504497,,,liquid,gas,25.85568233300781,25.914785844225097,1427.42843442106,156.54741179565067,0.4000110782093483,1.2869315924035618e-07,5.672004772350192e-05,5.672004837720124e-05,-6.536993168992922e-13
1300.0,380.30539186450125,0.0,0.0,25.697397841169888,25.7098386908121,63.34450807462583,4.631588080550661,,,liquid,gas,25.858005498340674,25.918064323770125,1427.4284317683216,156.547414448389,0.40001141859119504,1.3263692153486772e-07,5.9372786154199275e-05,5.9372786694211754e-05,-5.400124791776761e-13
1320.0,380.31450478925626,0.0,0.0,25.697440022011882,25.710251558698612,63.34445327695149,4.631590826730247,,,liquid,gas,25.86032368373509,25.92133877956187,1427.428429035603,156.54741718110765,0.400011763865096,1.3663593563251196e-07,6.210550486684951e-05,6.210550535001857e-05,-4.831690603168681e-13
1340.0,380.3237411465635,0.0,0.0,25.697482792128984,25.71067001227909,63.34439770284562,4.631593612990211,,,liquid,gas,25.862636902626775,25.92460922389263,1427.4284262218023,156.5474199949083,0.4000121140199426,1.4069003100303236e-07,6.491930548691016e-05,6.491930599850093e-05,-5.115907697472721e-13
1360.0,380.33310048575015,0.0,0.0,25.69752614996718,25.711094031408038,63.34434135400268,4.63159643911367,,,liquid,gas,25.864945168414987,25.927875669012835,1427.4284233258215,156.547422890889,0.40001246904475235,1.4479903711617226e-07,6.78152862292336e-05,6.781528671240267e-05,-4.831690603168681e-13
1380.0,380.3425824133973,0.0,0.0,25.697570094023533,25.71152359679838,63.34428423217847,4.63159930553967,,,liquid,gas,25.867248494462636,25.931138127131288,1427.4284203465663,156.54742587014434,0.4000128289281569,1.489627607043076e-07,7.079454144331976e-05,7.079454204017566e-05,-5.968558980384842e-13
1400.0,380.3521864538858,0.0,0.0,25.697614622729546,25.711958688045442,63.344226339025326,4.631602211723625,,,liquid,gas,25.869546894096395,25.934396610415384,1427.4284172829455,156.5474289337652,0.40001319365944243,1.531810426058655e-07,7.385816229543707e-05,7.385816289229297e-05,-5.968558980384842e-13
1420.0,380.3619121888436,0.0,0.0,25.69765973456785,25.712399285602572,63.344167676257364,4.631605157776898,,,liquid,gas,25.871840380606773,25.937651130991103,1427.4284141338717,156.54743208283898,0.4000135632275065,1.5745368955322193e-07,7.700723608650151e-05,7.70072366833574e-05,-5.968558980384842e-13
1440.0,380.37175918741804,0.0,0.0,25.697705428013165,25.71284536979318,63.34410824556879,4.631608143646979,,,liquid,gas,25.874128967248232,25.940901700943233,1427.428410898261,156.5474353184496,0.4000139376213732,1.6178053101612023e-07,8.024284670682391e-05,8.024284730367981e-05,-5.968558980384842e-13
1460.0,380.381727020213,0.0,0.0,25.697751701545414,25.713296921007654,63.34404804864818,4.631611169281571,,,liquid,gas,25.876412667239283,25.94414833231556,1427.4284075750334,156.5474386416774,0.40001431683010397,1.6616138509562006e-07,8.356607440873631e-05,8.356607509085734e-05,-6.821210263296962e-13
1480.0,380.39181525927745,0.0,0.0,25.69779855364781,25.71375391970345,63.34398708718173,4.631614234628343,,,liquid,gas,25.878691493762574,25.947391037110897,1427.4284041631115,156.54744205359924,0.4000147008427761,1.7059609263014864e-07,8.697799626133929e-05,8.697799694346031e-05,-6.821210263296962e-13
1500.0,380.40202347811106,0.0,0.0,25.69784598280871,25.71421634640476,63.34392536284984,4.631617339635153,,,liquid,gas,25.880965459964997,25.950629827291316,1427.4284006614223,156.5474455552885,0.400015089648505,1.750844603520818e-07,9.047968546838092e-05,9.047968620734537e-05,-7.389644451905042e-13
1520.0,380.4123512516539,0.0,0.0,25.697893987520253,25.714684181702218,63.34386287732938,4.631620484249969,,,liquid,gas,25.883234578957786,25.95386471477825,1427.4283970688957,156.54744914781506,0.4000154832364294,1.7962632909984676e-07,9.407221205037786e-05,9.407221276092059e-05,-7.105427357601002e-13
1540.0,380.42279815628245,0.0,0.0,25.697942566278982,25.715157406252757,63.34379963229343,4.63162366842087,,,liquid,gas,25.885498863816604,25.957095711452645,1427.4283933844654,156.5474528322453,0.40001588159571333,1.8422151697450319e-07,9.775664238986792e-05,9.775664301514553e-05,-6.252776074688882e-13
1560.0,380.43336376980113,0.0,0.0,25.697991717585587,25.715636000779167,63.34373562941041,4.631626892096043,,,liquid,gas,25.88775832758165,25.960322829155103,1427.4283896070685,156.54745660964227,0.40001628471555156,1.8886984207711066e-07,0.00010153403923141013,0.00010153403997037458,-7.389644451905042e-13
1580.0,380.44404767144465,0.0,0.0,25.69804143994513,25.716119946070236,63.34367087034476,4.631630155223767,,,liquid,gas,25.89001298325775,25.963546079685987,1427.4283857356454,156.54746048106546,0.4000166925851649,1.9357115661478018e-07,0.00010540546236370574,0.0001054054631595136,-7.958078640513122e-13
1600.0,380.4548494418648,0.0,0.0,25.698091731866846,25.716609222980047,63.34360535675682,4.631633457752463,,,liquid,gas,25.89226284381446,25.96676547480565,1427.4283817691398,156.54746444757095,0.4000171051938016,1.9832527868857143e-07,0.00010937196793747717,0.0001093719686480199,-7.105427357601002e-13
1620.0,380.4657686675886,0.0,0.0,25.6981425918689,25.71710381249175,63.343539090306,4.631636799682845,,,liquid,gas,25.894507922175226,25.969981026233874,1427.4283777065016,156.5474685102091,0.4000175225307174,2.0313191271270625e-07,0.00011343460619173129,0.00011343460678858719,-5.968558980384842e-13
1640.0,380.47680491873626,0.0,0.0,25.698194018455556,25.717603695399532,63.34347207263295,4.631640180806924,,,liquid,gas,25.896748231261228,25.97319274565248,1427.4283735466768,156.54747267003387,0.400017944585286,2.0799124058612506e-07,0.00011759443100345379,0.00011759443157188798,-5.684341886080801e-13
1660.0,380.4879577935338,0.0,0.0,25.698246010160865,25.718108852942244,63.34340430539904,4.631643601230014,,,liquid,gas,25.898983783925804,25.976400644701766,1427.4283692886218,156.54747692808883,0.4000183713467531,2.1290275071805808e-07,0.00012185248601781495,0.00012185248652940572,-5.115907697472721e-13
1680.0,380.49922687382747,0.0,0.0,25.698298565507123,25.718619266170876,63.34333579024317,4.631647060848786,,,liquid,gas,25.901214592998365,25.979604734983173,1427.428364931294,156.54748128541647,0.4000188028045072,2.1786638626508648e-07,0.00012620981374311668,0.00012620981416944232,-4.263256414560601e-13
1700.0,380.5106117473005,0.0,0.0,25.69835168302444,25.71913491626369,63.34326652880517,4.631650559612194,,,liquid,gas,25.903440671273525,25.982805028058742,1427.4283604736545,156.54748574305594,0.40001923894793173,2.2288197669695365e-07,0.00013066745327705576,0.00013066745364653798,-3.694822225952521e-13
1720.0,380.52211200302634,0.0,0.0,25.698405361246976,25.719655784463065,63.34319652272093,4.631654097469297,,,liquid,gas,25.905662031511195,25.986001535451273,1427.4283559146675,156.54749030204306,0.4000196797664365,2.27949351483403e-07,0.00013522644030672382,0.00013522644076147117,-4.547473508864641e-13
1740.0,380.53372723146487,0.0,0.0,25.698459598713182,25.7201818520752,63.34312577362209,4.631657674369272,,,liquid,gas,25.90787868643667,25.989194268644457,1427.4283512533002,156.5474949634103,0.4000201252494591,2.3306836283154553e-07,0.00013988780756335473,0.00013988780798968037,-4.263256414560601e-13
1760.0,380.5454570244568,0.0,0.0,25.698514393965723,25.720713100470014,63.343054283136205,4.631661290261392,,,liquid,gas,25.910090648740745,25.992383239083015,1427.4283464885239,156.54749972818672,0.4000205753864644,2.3823881747375709e-07,0.00014465258391282987,0.00014465258442442064,-5.115907697472721e-13
1780.0,380.55730097522144,0.0,0.0,25.698569745550977,25.72124951108085,63.34298205288723,4.6316649450950536,,,liquid,gas,25.91229793107978,25.99556845817282,1427.4283416193125,156.5475045973982,0.40002103016694074,2.434605676171486e-07,0.00014952179526517284,0.00014952179589045045,-6.252776074688882e-13
1800.0,380.5692586411694,0.0,0.0,25.698625651988685,25.721791064877838,63.342909084450376,4.631668638382889,,,liquid,gas,25.91450054607582,25.998749937281048,1427.4283366446434,156.54750957206718,0.4000214895806857,2.4873345410014737e-07,0.0001544964643471758,0.00015449646488718827,-5.400124791776761e-13
1820.0,380.58132972979405,0.0,0.0,25.698682111927013,25.722337744999564,63.34283537957388,4.631672371385105,,,liquid,gas,25.916698506316667,26.001927687736305,1427.4283315634977,156.54751465321291,0.4000219536164053,2.5405728365512914e-07,0.00015957761002027837,0.00015957761061713427,-5.968558980384842e-13
1840.0,380.59351372687837,0.0,0.0,25.69873912383148,25.72288953148914,63.34276093973681,4.631676142740829,,,liquid,gas,25.91889182435599,26.00510172082876,1427.4283263748594,156.54751984185134,0.4000224222645065,2.594319198578887e-07,0.00016476624841743615,0.00016476624904271375,-6.252776074688882e-13
1860.0,380.60581026827975,0.0,0.0,25.698796686296177,25.723446406557727,63.342685766590876,4.631679952836759,,,liquid,gas,25.921080512713402,26.008272047810276,1427.4283210777155,156.5475251389951,0.4000228955143073,2.648571921781695e-07,0.00017006339226099954,0.00017006339280101201,-5.400124791776761e-13
1880.0,380.6182189540213,0.0,0.0,25.698854797887947,25.72400835195225,63.34260986174014,4.6316838016227635,,,liquid,gas,25.92326458387457,26.011438679894546,1427.428315671057,156.54753054565361,0.4000233733554275,2.703329300857149e-07,0.00017547005086271383,0.00017547005131746118,-4.547473508864641e-13
1900.0,380.6307393854894,0.0,0.0,25.698913457178016,25.724575349481924,63.34253322678358,4.631687689048986,,,liquid,gas,25.925444050291294,26.014601628257225,1427.4283101538774,156.54753606283302,0.40002385577752025,2.7585897441895215e-07,0.00018098723035109288,0.0001809872307205751,-3.694822225952521e-13
1920.0,380.6433711653994,0.0,0.0,25.698972662741138,25.725147381017617,63.34245586331758,4.631691615065506,,,liquid,gas,25.927618924381605,26.017760904036056,1427.428304525174,156.54754169153625,0.4000243427702563,2.8143516601630835e-07,0.00018661593367141904,0.00018661593395563614,-2.8421709430404007e-13
1940.0,380.65611389781157,0.0,0.0,25.699032413156914,25.72572442849186,63.342377772932984,4.631695579622611,,,liquid,gas,25.929789218529855,26.020916518331006,1427.4282987839474,156.54754743276303,0.4000248343233424,2.8706133434752703e-07,0.00019235716035836958,0.0001923571607278518,-3.694822225952521e-13
1960.0,380.6689671881211,0.0,0.0,25.699092707008063,25.726306473898696,63.3422989572181,4.63169958267066,,,liquid,gas,25.931954945086808,26.0240684822044,1427.4282929292006,156.54755328750983,0.4000253304265025,2.927373429884028e-07,0.00019821190721813764,0.00019821190753077644,-3.126388037344441e-13
1980.0,380.6819306430476,0.0,0.0,25.699153542881824,25.726893499293155,63.34221941775645,4.631703624160108,,,liquid,gas,25.934116116369733,26.02721680668104,1427.4282869599404,156.54755925676997,0.4000258310694916,2.984630100399954e-07,0.00020418116741893755,0.00020418116767473293,-2.5579538487363607e-13
2000.0,380.6950038706409,0.0,0.0,25.69921491936876,25.727485486791405,63.342139156128724,4.631707704041544,,,liquid,gas,25.936272744662496,26.030361502748345,1427.4282808751768,156.54756534153356,0.40002633624208417,3.04238176340732e-07,0.0002102659309457522,0.000210265931258391,-3.126388037344441e-13
2020.0,380.708186480268,0.0,0.0,25.699276835064445,25.728082418570274,63.342058173910175,4.631711822265655,,,liquid,gas,25.938424842215646,26.03350258135648,1427.428274673923,156.54757154278752,0.4000268459340897,3.1006269409772356e-07,0.00021646718482770666,0.0002164671852256106,-3.979039320256561e-13
2040.0,380.72147808261025,0.0,0.0,25.6993392885675,25.728684276867043,63.34197647267325,4.631715978783231,,,liquid,gas,25.94057242124651,26.036640053418473,1427.4282683551949,156.54757786151563,0.4000273601353367,3.159364041493973e-07,0.0002227859129106946,0.00022278591333702025,-4.263256414560601e-13
2060.0,380.7348782896629,0.0,0.0,25.69940227848113,25.729291043979426,63.34189405398561,4.631720173545168,,,liquid,gas,25.94271549393929,26.03977392981036,1427.428261918012,156.54758429869852,0.400027878835685,3.218591473341803e-07,0.0002292230958573782,0.00022922309622686043,-3.694822225952521e-13
2080.0,380.748386714727,0.0,0.0,25.699465803411947,25.729902702265157,63.341810919411984,4.631724406502503,,,liquid,gas,25.944854072445132,26.042904221371295,1427.4282553613969,156.54759085531364,0.40002840202501394,3.2783075312181607e-07,0.00023577971091981453,0.00023577971134614018,-4.263256414560601e-13
2100.0,380.76200297240257,0.0,0.0,25.699529861970916,25.730519234141873,63.34172707051243,4.631728677606306,,,liquid,gas,25.94698816888224,26.04603093890369,1427.4282486843751,156.54759753233535,0.40002892969323345,3.338510850880994e-07,0.00024245673262157652,0.00024245673304790216,-4.263256414560601e-13
2120.0,380.77572667858954,0.0,0.0,25.699594452772466,25.731140622086816,63.341642508844124,4.631732986807814,,,liquid,gas,25.949117795335948,26.049154093173346,1427.4282418859757,156.54760433073486,0.40002946183027277,3.3991997270277354e-07,0.000249255132075632,0.00024925513255880105,-4.831690603168681e-13
2140.0,380.78955745047983,0.0,0.0,25.699659574435316,25.731766848636752,63.341557235958945,4.631737334058352,,,liquid,gas,25.95124296385882,26.052273694909555,1427.4282349652303,156.5476112514803,0.4000299984260957,3.4603726817294955e-07,0.000256175877439091,0.00025617587800752517,-5.684341886080801e-13
2160.0,380.80349490655226,0.0,0.0,25.69972522558195,25.732397896387575,63.341471253406134,4.631741719309342,,,liquid,gas,25.953363686470738,26.055389754805258,1427.4282279211739,156.54761829553672,0.4000305394706837,3.522028237057384e-07,0.00026321993391320575,0.0002632199344247965,-5.115907697472721e-13
2180.0,380.8175386665718,0.0,0.0,25.69979140483882,25.7330337479943,63.34138456273016,4.631746142512328,,,liquid,gas,25.95547997515898,26.05850228351715,1427.4282207528445,156.54762546386604,0.40003108495404927,3.584164687708835e-07,0.0002703882632886234,0.00027038826374337077,-4.547473508864641e-13
2200.0,380.8316883468764,0.0,0.0,25.699858110831926,25.73367438610414,63.34129716546723,4.631750603563702,,,liquid,gas,25.957591841878322,26.061611291665805,1427.4282134592834,156.54763275742712,0.40003163486625853,3.6467805557549583e-07,0.00027768182440013334,0.000277681824826459,-4.263256414560601e-13
2220.0,380.84594358389637,0.0,0.0,25.699925342207386,25.73431979368912,63.341209063171014,4.631755102580937,,,liquid,gas,25.959699298551122,26.064716789835796,1427.4282060395346,156.5476401771758,0.400032189197268,3.709874363266863e-07,0.00028510157312666706,0.0002851015734961493,-3.694822225952521e-13
2240.0,380.86030398710903,0.0,0.0,25.699993097591047,25.734969953380393,63.341120257358526,4.631759639350177,,,liquid,gas,25.96180235706741,26.06781878857587,1427.4281984926456,156.54764772406477,0.4000327479372669,3.773444518628821e-07,0.0002926484621639247,0.0002926484624765635,-3.126388037344441e-13
2260.0,380.87476918606933,0.0,0.0,25.700061375628806,25.735624848133394,63.34103074956468,4.631764213878576,,,liquid,gas,25.963901029284962,26.070917298398992,1427.4281908176665,156.54765539904378,0.4000333110763324,3.837489543911943e-07,0.0003003234412517486,0.00030032344147912227,-2.2737367544323206e-13
2280.0,380.889338806894,0.0,0.0,25.700130174966198,25.736284460895053,63.34094054131514,4.631768826118222,,,liquid,gas,25.96599532702941,26.074012329782516,1427.4281830136508,156.54766320305947,0.4000338786046012,3.902007847500499e-07,0.0003081274569467496,0.00030812745717412326,-2.2737367544323206e-13
2300.0,380.90401247696065,0.0,0.0,25.700199494252423,25.736948774670168,63.340849634132745,4.631773476021316,,,liquid,gas,25.96808526209432,26.077103893168296,1427.4281750796547,156.54767113705552,0.4000344505122288,3.966998065152438e-07,0.00031606145307705447,0.000316061453219163,-1.4210854715202004e-13
2320.0,380.91878982488697,0.0,0.0,25.70026933214085,25.737617772520828,63.340758029535095,4.631778163540043,,,liquid,gas,25.970170846241263,26.080191998962817,1427.4281670147377,156.54767920197258,0.40003502678940484,4.032458491565194e-07,0.00032412637006018485,0.00032412637028755853,-2.2737367544323206e-13
2340.0,380.9336704805544,0.0,0.0,25.70033968728854,25.738291437566758,63.34066572903649,4.631782888626859,,,liquid,gas,25.97225209119993,26.083276657537308,1427.428158817962,156.5476873987483,0.40003560742634064,4.0983878761835514e-07,0.00033232314581255196,0.0003323231460115039,-1.9895196601282805e-13
2360.0,380.948654075077,0.0,0.0,25.700410558355642,25.738969752984627,63.34057273414907,4.631787651234202,,,liquid,gas,25.974329008668203,26.086357879227865,1427.428150488393,156.54769572831734,0.4000361924132625,4.1647845137049446e-07,0.00034065271483996185,0.0003406527150389138,-1.9895196601282805e-13
2380.0,380.9637402408152,0.0,0.0,25.70048194400723,25.73965270200818,63.340479046378434,4.631792451314664,,,liquid,gas,25.97640161031224,26.08943567433558,1427.4281420250989,156.54770419161136,0.4000367817404387,4.231647039887321e-07,0.0003491160089197365,0.00034911600906184503,-1.4210854715202004e-13
2400.0,380.9789286113594,0.0,0.0,25.70055384291131,25.74034026792783,63.34038466722861,4.631797288820893,,,liquid,gas,25.978469907766566,26.092510053126645,1427.4281334271511,156.5477127895591,0.40003737539814876,4.298973863114952e-07,0.0003577139566459664,0.00035771395681649665,-1.7053025658242404e-13
2420.0,380.99421882153985,0.0,0.0,25.700626253740197,25.741032434090574,63.34028959819833,4.631802163705754,,,liquid,gas,25.980533912634158,26.095581025832487,1427.4281246936239,156.54772152308635,0.4000379733767065,4.366763619145786e-07,0.00036644748388425796,0.0003664474840547882,-1.7053025658242404e-13
2440.0,381.0096105074027,0.0,0.0,25.700699175169106,25.74172918389968,63.34019384078446,4.631807075922059,,,liquid,gas,25.98259363648653,26.098648602649888,1427.4281158235942,156.5477303931159,0.40003857566643836,4.4350148300509316e-07,0.0003753175135443598,0.00037531751360120325,-5.684341886080802e-14
2460.0,381.0251033062258,0.0,0.0,25.700772605877518,25.742430500814628,63.34009739647887,4.631812025422853,,,liquid,gas,25.984649090863826,26.10171279374109,1427.4281068161424,156.54773940056762,0.40003918225770363,4.503725904214662e-07,0.00038432496535278915,0.00038432496532436744,2.842170943040401e-14
2480.0,381.0406968565014,0.0,0.0,25.70084654454898,25.74313636835084,63.34000026676939,4.6318170121612035,,,liquid,gas,25.986700287274886,26.104773609233927,1427.4280976703515,156.5477485463585,0.40003979314088783,4.5728954773949225e-07,0.000393470756307579,0.00039347075619389216,1.1368683772161603e-13
2500.0,381.0563907979376,0.0,0.0,25.70092098987024,25.743846770079408,63.3399024531409,4.631822036090342,,,liquid,gas,25.988747237197355,26.107831059221944,1427.4280883853073,156.54775783140255,0.40004040830639626,4.6425220716628247e-07,0.00040275580045090464,0.0004027558002519527,1.9895196601282805e-13
2520.0,381.0721847714529,0.0,0.0,25.700995940531712,25.744561689627027,63.339803957074615,4.631827097163584,,,liquid,gas,25.990789952077748,26.110885153764503,1427.428078960099,156.54776725661094,0.4000410277446584,4.712604209089477e-07,0.0004121810088690836,0.0004121810086417099,2.2737367544323206e-13
2540.0,381.08807841916774,0.0,0.0,25.701071395227764,25.74528111067574,63.33970478004751,4.631832195334267,,,liquid,gas,25.992828443331547,26.113935902886915,1427.4280693938179,156.54777682289193,0.4000416514461312,4.783140525432828e-07,0.00042174728991994925,0.00042174728963573216,2.8421709430404007e-13
2560.0,381.104071384406,0.0,0.0,25.701147352656232,25.746005016962613,63.339604923533514,4.631837330555935,,,liquid,gas,25.994862722343285,26.11698331658055,1427.428059685559,156.54778653115085,0.40004227940129206,4.854129429077148e-07,0.00043145554877810355,0.00043145554855072987,2.2737367544323206e-13
2580.0,381.12016331169883,0.0,0.0,25.701223811518503,25.746733392279914,63.33950438900277,4.631842502782266,,,liquid,gas,25.996892800466618,26.12002740480295,1427.4280498344197,156.54779638229022,0.4000429116006432,4.925569669467223e-07,0.000441306688117038,0.000441306687918086,1.9895196601282805e-13
2600.0,381.1363538467481,0.0,0.0,25.701300770520067,25.747466220474333,63.33940317792133,4.6318477119668175,,,liquid,gas,25.99891868902442,26.123068177477954,1427.4280398395003,156.54780637720964,0.40004354803471365,4.997459654987324e-07,0.00045130160742701264,0.0004513016073417475,8.526512829121202e-14
2620.0,381.1526426364699,0.0,0.0,25.701378228369627,25.748203485447448,63.339301291751624,4.6318529580635275,,,liquid,gas,26.00094039930887,26.12610564449581,1427.428029699904,156.54781651680588,0.400044188694056,5.069798135082237e-07,0.0004614412036971771,0.0004614412035834903,1.1368683772161603e-13
2640.0,381.169029328953,0.0,0.0,25.70145618377972,25.748945171155004,63.3391987319531,4.631858241026301,,,liquid,gas,26.002957942581524,26.129139815713287,1427.428019414737,156.5478268019729,0.4000448335692431,5.142583518136234e-07,0.0004717263707334496,0.00047172637059134104,1.4210854715202004e-13
2660.0,381.1855135734665,0.0,0.0,25.701534635466334,25.749691261606976,63.33909549998092,4.631863560809121,,,liquid,gas,26.004971330073403,26.132170700953797,1427.4280089831082,156.54783723360177,0.4000454826508755,5.215814439907263e-07,0.0004821579996132641,0.00048215799947115556,1.4210854715202004e-13
2680.0,381.2020950204599,0.0,0.0,25.701613582149157,25.750441740867338,63.33899159728732,4.631868917366118,,,liquid,gas,26.006980572985075,26.135198310007503,1427.427998404129,156.54784781258078,0.4000461359295731,5.289489536153269e-07,0.0004927369786855706,0.0004927369784866187,1.9895196601282805e-13
2700.0,381.2187733215542,0.0,0.0,25.701693022551474,25.751196593053848,63.33888702532011,4.631874310651499,,,liquid,gas,26.00898568248675,26.13822265263144,1427.4279876769144,156.54785853979539,0.400046793395985,5.363607328945364e-07,0.0005034641933434614,0.000503464193087666,2.5579538487363607e-13
2720.0,381.23554812953955,0.0,0.0,25.70177295540026,25.751955802337854,63.33878178552393,4.63187974061959,,,liquid,gas,26.010986669718335,26.14124373854963,1427.4279768005815,156.54786941612826,0.400047455040781,5.438166454041493e-07,0.0005143405262515444,0.0005143405259673273,2.8421709430404007e-13
2740.0,381.2524190983707,0.0,0.0,25.70185337942584,25.752719352944098,63.33867587933991,4.631885207224814,,,liquid,gas,26.01298354578955,26.14426157745318,1427.4279657742504,156.54788044245925,0.40004812085465397,5.513165547199606e-07,0.0005253668573459436,0.0005253668569480396,3.979039320256561e-13
2760.0,381.26938588316415,0.0,0.0,25.701934293362264,25.75348722915055,63.338569308205265,4.6318907104216995,,,liquid,gas,26.014976321779983,26.147276179000414,1427.4279545970442,156.54789161966545,0.4000487908283226,5.58860313049081e-07,0.0005365440636069252,0.0005365440631521778,4.547473508864641e-13
2780.0,381.28644814019344,0.0,0.0,25.702015695946997,25.75425941528831,63.33846207355425,4.631896250164857,,,liquid,gas,26.016965008739184,26.150287552816977,1427.4279432680885,156.54790294862116,0.4000494649525253,5.664477839673055e-07,0.0005478730192862713,0.0005478730188599457,4.263256414560601e-13
2800.0,381.30360552688086,0.0,0.0,25.702097585921848,25.755035895741116,63.33835417681555,4.631901826409005,,,liquid,gas,26.018949617686747,26.153295708495946,1427.4279317865116,156.54791443019792,0.4000501432180361,5.740788424191124e-07,0.0005593545961346535,0.0005593545956230628,5.115907697472721e-13
2820.0,381.3208577018027,0.0,0.0,25.702179962029653,25.755816654945573,63.338245619419425,4.6319074391089705,,,liquid,gas,26.020930159612387,26.15630065559795,1427.427920151445,156.54792606526453,0.40005082561562044,5.817533292429289e-07,0.0005709896627195121,0.0005709896622363431,4.831690603168681e-13
2840.0,381.33820432467877,0.0,0.0,25.70226282302026,25.756601677390695,63.33813640278577,4.631913088219674,,,liquid,gas,26.022906645476024,26.159302403651267,1427.4279083620224,156.54793785468704,0.40005151213610995,5.894711307519174e-07,0.0005827790853345505,0.0005827790847376946,5.968558980384842e-13
2860.0,381.3556450563659,0.0,0.0,25.70234616764498,25.757390947617687,63.338026528335,4.631918773696112,,,liquid,gas,26.024879086207864,26.162300962151953,1427.4278964173807,156.54794979932873,0.4000522027703338,5.97232087784505e-07,0.0005947237270902406,0.0005947237264365413,6.536993168992922e-13
2880.0,381.3731795588669,0.0,0.0,25.702429994658722,25.75818445022002,63.337915997483755,4.63192449549347,,,liquid,gas,26.026847492708477,26.165296340563938,1427.4278843166592,156.54796190005024,0.40005289750914613,6.050360752851702e-07,0.000606824448595944,0.0006068244479422447,6.536993168992922e-13
2900.0,381.3908074953056,0.0,0.0,25.70251430282031,25.758982169842927,63.33780481164406,4.631930253566881,,,liquid,gas,26.02881187584888,26.168288548319143,1427.427872059,156.5479741577094,0.4000535963434309,6.128829568297078e-07,0.0006190821077325381,0.0006190821071072605,6.252776074688882e-13
2920.0,381.40852852994385,0.0,0.0,25.702599090891837,25.759784091183462,63.33769297222534,4.631936047871709,,,liquid,gas,26.03077224647062,26.171277594817596,1427.4278596435481,156.54798657316138,0.40005429926408953,6.207725959939125e-07,0.0006314975596524164,0.0006314975590839822,5.684341886080801e-13
2940.0,381.4263423281664,0.0,0.0,25.702684357638596,25.760590198990208,63.33758048063352,4.631941878363375,,,liquid,gas,26.032728615385846,26.174263489427524,1427.4278470694508,156.54799914725862,0.40005500626204626,6.287048677222629e-07,0.0006440716570068616,0.0006440716563247406,6.821210263296962e-13
2960.0,381.44424855648003,0.0,0.0,25.702770101830204,25.761400478063173,63.33746733826986,4.6319477449973885,,,liquid,gas,26.0346809933774,26.177246241485477,1427.4278343358585,156.54801188085094,0.4000557173282559,6.366796128531859e-07,0.0006568052492639254,0.0006568052486386478,6.252776074688882e-13
2980.0,381.46224688250584,0.0,0.0,25.702856322238954,25.762214913253434,63.337353546533315,4.631953647729351,,,liquid,gas,26.036629391198883,26.180225860296435,1427.4278214419242,156.5480247747854,0.4000564324536884,6.446967176998441e-07,0.0006696991836179222,0.0006696991831063315,5.115907697472721e-13
3000.0,381.48033697498266,0.0,0.0,25.702943017640756,25.76303348946321,63.33723910681903,4.6319595865149825,,,liquid,gas,26.038573819574747,26.18320235513391,1427.427808386803,156.54803782990643,0.40005715162933897,6.527560572067159e-07,0.0006827543047620566,0.000682754304136779,6.252776074688882e-13
3020.0,381.4985185037577,0.0,0.0,25.70303018681521,25.763856191645466,63.33712402051841,4.6319655613101,,,liquid,gas,26.040514289200367,26.186175735240067,1427.4277951696536,156.54805104705582,0.40005787484622707,6.608574722122284e-07,0.0006959714542063011,0.0006959714535241801,6.821210263296962e-13
3040.0,381.5167911397821,0.0,0.0,25.703117828544833,25.76468300480382,63.337008289020055,4.631971572070592,,,liquid,gas,26.04245081074212,26.18914600982581,1427.4277817896368,156.54806442707266,0.40005860209539085,6.690008376608602e-07,0.0007093514709595183,0.0007093514703626624,5.968558980384842e-13
3060.0,381.53515455511206,0.0,0.0,25.70320594161609,25.76551391399238,63.33689191370833,4.631977618752473,,,liquid,gas,26.044383394837475,26.19211318807091,1427.427768245916,156.54807797079346,0.400059333367896,6.771860398657737e-07,0.0007228951917568338,0.0007228951911599779,5.968558980384842e-13
3080.0,381.553608422903,0.0,0.0,25.703294524818862,25.766348904315585,63.33677489596395,4.631983701311864,,,liquid,gas,26.04631205209505,26.1950772791241,1427.4277545376574,156.54809167905202,0.40006006865483223,6.854129310340796e-07,0.0007366034503775154,0.0007366034497238161,6.536993168992922e-13
3100.0,381.5721524173173,0.0,0.0,25.703383576945406,25.76718796092399,63.33665723716604,4.631989819704964,,,liquid,gas,26.04823679309471,26.19803829210319,1427.42774066403,156.5481055526796,0.4000608079473001,6.936813747415727e-07,0.0007504770778723469,0.0007504770773039127,5.684341886080801e-13
3120.0,381.59078621386055,0.0,0.0,25.70347309679287,25.768031069029796,63.336538938688186,4.63199597388804,,,liquid,gas,26.050157628387634,26.200996236095158,1427.4277266242048,156.5481195925048,0.4000615512364358,7.019912573014154e-07,0.0007645169030183752,0.0007645169025067844,5.115907697472721e-13
3140.0,381.6095094888779,0.0,0.0,25.703563083160823,25.768878213883383,63.33642000190138,4.6320021638175275,,,liquid,gas,26.0520745684964,26.20395112015628,1427.427712417356,156.5481337993536,0.400062298513393,7.103424422894023e-07,0.0007787237518641632,0.000778723751295729,5.684341886080801e-13
3160.0,381.62832191987815,0.0,0.0,25.70365353485228,25.76972938078859,63.336300428173544,4.632008389449881,,,liquid,gas,26.053987623915063,26.206902953312216,1427.42769804266,156.5481481740494,0.40006304976934565,7.187347932813281e-07,0.0007930984477297898,0.0007930984471045122,6.252776074688882e-13
3180.0,381.64722318545046,0.0,0.0,25.703744450673938,25.77058455509861,63.336180218868684,4.632014650741696,,,liquid,gas,26.055896805109217,26.209851744558122,1427.4276834992963,156.54816271741305,0.40006380499549293,7.271681852216716e-07,0.0008076418114342232,0.0008076418107521022,6.821210263296962e-13
3200.0,381.6662129652644,0.0,0.0,25.703835829435544,25.77144372221598,63.336059375347396,4.632020947649701,,,liquid,gas,26.057802122516094,26.21279750285875,1427.4276687864467,156.54817743026277,0.40006456418305686,7.356424816862273e-07,0.0008223546610679477,0.0008223546604710918,5.968558980384842e-13
3220.0,381.68529094005197,0.0,0.0,25.703927669950446,25.772306867592157,63.335937898966826,4.632027280130601,,,liquid,gas,26.05970358654463,26.215740237148555,1427.4276539032953,156.54819231341423,0.40006532732328154,7.441575689881575e-07,0.0008372378124477109,0.0008372378119361201,5.115907697472721e-13
3240.0,381.7044567916242,0.0,0.0,25.7040199710348,25.773173976727605,63.33581579108176,4.632033648141342,,,liquid,gas,26.061601207575535,26.218679956331805,1427.427638849029,156.54820736768056,0.4000660944074273,7.527133107032568e-07,0.000852292078661776,0.0008522920782638721,3.979039320256561e-13
3260.0,381.7237102028525,0.0,0.0,25.704112731508665,25.774045035171508,63.3356930530425,4.63204005163888,,,liquid,gas,26.063494995961392,26.221616669282675,1427.4276236228375,156.54822259387228,0.40006686542678327,7.613095817760041e-07,0.0008675182702972961,0.0008675182699846573,3.126388037344441e-13
3280.0,381.74305085766633,0.0,0.0,25.70420595019521,25.774920028521517,63.335569686195875,4.632046490580255,,,liquid,gas,26.06538496202671,26.22455038484535,1427.4276082239123,156.54823799279743,0.4000676403726614,7.699462571508775e-07,0.0008829171954403137,0.0008829171951276749,3.126388037344441e-13
3300.0,381.76247844105853,0.0,0.0,25.704299625920846,25.775798942423748,63.33544569188614,4.632052964922664,,,liquid,gas,26.067271116068003,26.22748111183414,1427.4275926514483,156.54825356526146,0.4000684192363909,7.786232004036719e-07,0.0008984896594483871,0.00089848965916417,2.8421709430404007e-13
3320.0,381.781992639075,0.0,0.0,25.704393757515177,25.776681762572544,63.33532107145416,4.632059474623367,,,liquid,gas,26.06915346835389,26.230408859033574,1427.4275769046424,156.54826931206736,0.40006920200932294,7.873402978475497e-07,0.0009142364654053381,0.0009142364650642776,3.410605131648481e-13
3340.0,381.8015931388079,0.0,0.0,25.704488343811423,25.77756847471016,63.33519582623636,4.632066019639717,,,liquid,gas,26.07103202912514,26.233333635198495,1427.427560982694,156.54828523401557,0.4000699886828377,7.960974130583054e-07,0.0009301584136665042,0.0009301584132686003,3.979039320256561e-13
3360.0,381.82127962839945,0.0,0.0,25.70458338364539,25.7784590646269,63.33506995756778,4.632072599929136,,,liquid,gas,26.07290680859476,26.236255449054173,1427.4275448848057,156.54830133190399,0.40007077924832496,8.048944209804177e-07,0.0009462563020861126,0.0009462563016882086,3.979039320256561e-13
3380.0,381.84105179703613,0.0,0.0,25.70467887585701,25.77935351816066,63.33494346677815,4.63207921544921,,,liquid,gas,26.074777816948078,26.239174309296402,1427.4275286101815,156.54831760652806,0.40007157369720864,8.137312079270487e-07,0.0009625309262446535,0.0009625309257614845,4.831690603168681e-13
3400.0,381.86090933494177,0.0,0.0,25.704774819288936,25.78025182119693,63.33481635519496,4.632085866157558,,,liquid,gas,26.07664506434281,26.242090224591607,1427.4275121580288,156.54833405868072,0.4000723720209277,8.226076374739932e-07,0.0009789830789941334,0.0009789830784256992,5.684341886080801e-13
3420.0,381.88085193337776,0.0,0.0,25.704871212787133,25.781153959668536,63.33468862414224,4.632092552011935,,,liquid,gas,26.078508560909135,26.245003203576932,1427.427495527557,156.54835068915244,0.4000731742109439,8.315235845657298e-07,0.000995613550685448,0.0009956135501454355,5.400124791776761e-13
3440.0,381.9008792846362,0.0,0.0,25.704968055200922,25.782059919555543,63.3345602749405,4.632099272970143,,,liquid,gas,26.08036831674977,26.247913254860347,1427.4274787179784,156.5483674987312,0.4000739802587418,8.404789355154208e-07,0.0010124231293957564,0.0010124231289125873,4.831690603168681e-13
3460.0,381.92099108203985,0.0,0.0,25.705065345382597,25.78296968688504,63.334431308907355,4.632106028990123,,,liquid,gas,26.082224341940048,26.250820387020756,1427.427461728507,156.54838448820252,0.400074790155825,8.494735652675445e-07,0.0010294126007011073,0.0010294126002179382,4.831690603168681e-13
3480.0,381.94118701993824,0.0,0.0,25.70516308218788,25.78388324773103,63.334301727356724,4.6321128200298975,,,liquid,gas,26.084076646527986,26.25372460860808,1427.42744455836,156.54840165834943,0.4000756038937214,8.585073487665795e-07,0.0010465827476764389,0.0010465827471364264,5.400124791776761e-13
3500.0,381.9614667936992,0.0,0.0,25.705261264475755,25.78480058821421,63.33417153159964,4.632119646047556,,,liquid,gas,26.08592524053437,26.256625928143375,1427.4274272067569,156.54841900995257,0.4000764214639778,8.675801609570044e-07,0.001063934350895579,0.0010639343502703014,6.252776074688882e-13
3520.0,381.98183009971206,0.0,0.0,25.705359891108174,25.785721694501778,63.33404072294346,4.632126507001328,,,liquid,gas,26.087770133952816,26.25952435411891,1427.4274096729193,156.5484365437901,0.4000772428581651,8.766918767832976e-07,0.001081468188431245,0.0010814681878059673,6.252776074688882e-13
3540.0,382.00227663538016,0.0,0.0,25.705458960950338,25.7866465528074,63.33390930269283,4.632133402849503,,,liquid,gas,26.08961133674985,26.262419894998285,1427.4273919560717,156.54845426063775,0.40007806806787194,8.858423825586215e-07,0.0010991850360824174,0.0010991850354571397,6.252776074688882e-13
3560.0,382.0228060991177,0.0,0.0,25.705558472870756,25.787575149390896,63.333777272148346,4.63214033355047,,,liquid,gas,26.09144885886499,26.265312559216518,1427.4273740554406,156.54847216126885,0.4000788970847135,8.950315532274544e-07,0.0011170856671469664,0.0011170856665501105,5.968558980384842e-13
3580.0,382.0434181903487,0.0,0.0,25.70565842574103,25.788507470558272,63.33364463260818,4.632147299062707,,,liquid,gas,26.0932827102108,26.268202355180144,1427.4273559702551,156.5484902464543,0.4000797299003208,9.042592751029588e-07,0.0011351708526490256,0.0011351708519953263,6.536993168992922e-13
3600.0,382.0641126095015,0.0,0.0,25.705758818435804,25.7894435026613,63.3335113853667,4.632154299344821,,,liquid,gas,26.09511290067298,26.271089291267316,1427.4273376997469,156.54850851696256,0.40008056650634977,9.135254117609293e-07,0.0011534413608842442,0.0011534413602589666,6.252776074688882e-13
3620.0,382.0848890579995,0.0,0.0,25.70585964983303,25.79038323209749,63.33337753171562,4.632161334355416,,,liquid,gas,26.096939440110432,26.2739733758279,1427.4273192431497,156.54852697355975,0.4000814068944738,9.228298608832119e-07,0.0011718979581019084,0.0011718979574482091,6.536993168992922e-13
3640.0,382.105747238277,0.0,0.0,25.705960918813183,25.791326645310097,63.33324307294388,4.632168404053347,,,liquid,gas,26.098762338355336,26.276854617183574,1427.4273005997,156.54854561700958,0.4000822510563848,9.321724860456016e-07,0.0011905414078228205,0.001190541407282808,5.400124791776761e-13
3660.0,382.1266868537555,0.0,0.0,25.706062624261435,25.79227372878777,63.333108010334385,4.632175508397454,,,liquid,gas,26.10058160521321,26.27973302362792,1427.4272817686362,156.54856444807336,0.40008309898381306,9.415531849299442e-07,0.0012093724715214194,0.001209372471066672,4.547473508864641e-13
3680.0,382.1477076088411,0.0,0.0,25.70616476506467,25.793224469064207,63.33297234516974,4.632182647346644,,,liquid,gas,26.10239725046301,26.28260860342652,1427.4272627491996,156.54858346751004,0.400083950668492,9.509718324807182e-07,0.0012283919081710337,0.001228391907744708,4.263256414560601e-13
3700.0,382.1688092089317,0.0,0.0,25.706267340113637,25.79417885271841,63.33283607872783,4.632189820859909,,,liquid,gas,26.10420928385717,26.285481364817063,1427.4272435406335,156.54860267607617,0.4000848061021854,9.60428303642402e-07,0.0012476004742438818,0.0012476004738743995,3.694822225952521e-13
3720.0,382.1899913604203,0.0,0.0,25.706370348300375,25.795136866374353,63.33269921228664,4.632197028896509,,,liquid,gas,26.106017715121695,26.28835131600942,1427.4272241421836,156.54862207452598,0.4000856652766569,9.699224960968422e-07,0.0012669989241658186,0.0012669989236826495,4.831690603168681e-13
3740.0,382.2112537706631,0.0,0.0,25.70647378852339,25.796098496700658,63.332561747115044,4.632204271415561,,,liquid,gas,26.107822553956225,26.291218465185768,1427.4272045530981,156.54864166361136,0.400086528183729,9.79454273419833e-07,0.0012865880096342153,0.001286588009065781,5.684341886080801e-13
3760.0,382.23259614801196,0.0,0.0,25.70657765968068,25.797063730410827,63.33242368448493,4.632211548376483,,,liquid,gas,26.109623810034112,26.294082820500652,1427.4271847726277,156.54866144408183,0.4000873948152053,9.89023521924537e-07,0.001306368480072706,0.0013063684795326935,5.400124791776761e-13
3780.0,382.2540182017751,0.0,0.0,25.706681960676043,25.798032554262548,63.33228502566022,4.632218859738599,,,liquid,gas,26.111421493002478,26.2969443900811,1427.427164800025,156.54868141668456,0.4000882651629407,9.986301392927998e-07,0.001326341082858562,0.001326341082261706,5.968558980384842e-13
3800.0,382.2755196422398,0.0,0.0,25.706786690415413,25.799004955058003,63.33214577190356,4.632226205461392,,,liquid,gas,26.113215612482307,26.299803182026718,1427.4271446345451,156.54870158216443,0.40008913921879913,1.0082739891004167e-06,0.0013465065626405703,0.0013465065621289796,5.115907697472721e-13
3820.0,382.29710018066555,0.0,0.0,25.706891847806837,25.799980919643552,63.33200592447575,4.632233585504523,,,liquid,gas,26.1150061780685,26.302659204409768,1427.4271242754455,156.54872194126398,0.40009001697465635,1.017954980397917e-06,0.0013668656622485287,0.0013668656616800945,5.684341886080801e-13
3840.0,382.31875952926794,0.0,0.0,25.706997431762623,25.800960434909573,63.33186548463263,4.632240999827605,,,liquid,gas,26.11679319932995,26.30551246527528,1427.427103721986,156.54874249472343,0.40009089842242057,1.0276729767610959e-06,0.0013874191217837506,0.0013874191211300513,6.536993168992922e-13
3860.0,382.3404974012336,0.0,0.0,25.707103441197315,25.80194348779034,63.33172445362845,4.632248448390498,,,liquid,gas,26.118576685809614,26.308362972641138,1427.4270829734287,156.54876324328072,0.40009178355401076,1.0374278645031154e-06,0.001408167679073813,0.0014081676784201136,6.536993168992922e-13
3880.0,382.36231351069046,0.0,0.0,25.707209875030173,25.802930065263663,63.331582832710595,4.632255931152946,,,liquid,gas,26.12035664702458,26.311210734498164,1427.4270620290379,156.5487841876715,0.40009267236138973,1.0472195413058216e-06,0.0014291120698999293,0.0014291120691893866,7.105427357601002e-13
3900.0,382.3842075727432,0.0,0.0,25.7073167321809,25.803920154351253,63.331440623129026,4.632263448075034,,,liquid,gas,26.12213309246614,26.314055758810227,1427.4270408880802,156.54880532862907,0.400093564836505,1.057047882113693e-06,0.0014502530275422032,0.001450253026774817,7.673861546209082e-13
3920.0,382.4061793034231,0.0,0.0,25.70742401157394,25.80491374211781,63.33129782612653,4.632270999116675,,,liquid,gas,26.123906031599866,26.31689805351432,1427.4270195498248,156.54882666688454,0.40009446097134976,1.066912773239892e-06,0.001471591283007001,0.0014715912822396149,7.673861546209082e-13
3940.0,382.4282284197269,0.0,0.0,25.707531712136415,25.80591081567166,63.33115444294399,4.632278584238037,,,liquid,gas,26.125675473865666,26.31973762652066,1427.4269980135425,156.54884820316667,0.4000953607579303,1.0768141123662644e-06,0.0014931275652543263,0.0014931275643732533,8.810729923425242e-13
3960.0,382.4503546395928,0.0,0.0,25.70763983279773,25.806911362164072,63.331010474820275,4.632286203399384,,,liquid,gas,26.127441428677866,26.322574485712778,1427.4269762785073,156.54886993820202,0.4000962641882661,1.0867517630686052e-06,0.0015148626005156984,0.0015148625997198906,7.958078640513122e-13
3980.0,382.4725576818959,0.0,0.0,25.707748372491977,25.80791536878929,63.330865922988075,4.632293856560996,,,liquid,gas,26.12920390542527,26.325408638947607,1427.4269543439943,156.54889187271485,0.40009717125441646,1.096725645766128e-06,0.001536797113431021,0.001536797112549948,8.810729923425242e-13
4000.0,382.49483726645815,0.0,0.0,25.70785733015515,25.80892282278446,63.330720788679,4.6323015436833375,,,liquid,gas,26.13096291347124,26.328240094055584,1427.426932209282,156.54891400742716,0.4000980819484482,1.1067356126659434e-06,0.0015589318256843399,0.0015589318248601103,8.242295734817162e-13
4020.0,382.517193114019,0.0,0.0,25.707966704725266,25.80993371142918,63.330575073123406,4.632309264726741,,,liquid,gas,26.132718462153754,26.331068858840723,1427.4269098736504,156.54893634305876,0.4000989962624365,1.1167815841872652e-06,0.0015812674573680852,0.0015812674564585905,9.094947017729282e-13
4040.0,382.53962494627785,0.0,0.0,25.708076495143967,25.810948022045928,63.330428777547134,4.632317019651996,,,liquid,gas,26.134470560785484,26.333894941080718,1427.426887336382,156.54895888032718,0.40009991418848617,1.1268634239058883e-06,0.001603804725846203,0.0016038047248798648,9.663381206337363e-13
4060.0,382.5621324858271,0.0,0.0,25.708186700358226,25.81196574199901,63.33028190316884,4.632324808419542,,,liquid,gas,26.136219218653856,26.336718348527032,1427.4268645967613,156.54898161994774,0.4001008357187478,1.1369810295036587e-06,0.001626544346436276,0.0016265443454415163,9.947598300641403e-13
4080.0,382.58471545622484,0.0,0.0,25.708297319313786,25.812986858695627,63.33013445121189,4.632332630990366,,,liquid,gas,26.137964445021126,26.33953908890498,1427.4268416540756,156.5490045626335,0.4001017608453431,1.1471342872937385e-06,0.0016494870321821509,0.0016494870312158127,9.663381206337363e-13
4100.0,382.60737358191227,0.0,0.0,25.708408350961484,25.814011359584427,63.329986422892205,4.63234048732508,,,liquid,gas,26.139706249124444,26.342357169913832,1427.4268185076137,156.5490277090954,0.40010268956044115,1.1573230949579738e-06,0.0016726334940813103,0.0016726334931149722,9.663381206337363e-13
4120.0,382.6301065882856,0.0,0.0,25.70851979425698,25.81503923215649,63.32983781941974,4.6323483773848295,,,liquid,gas,26.141444640175926,26.345172599226878,1427.426795156667,156.5490510600421,0.40010362185624976,1.167547338809527e-06,0.0016959844408575009,0.0016959844398058976,1.0516032489249483e-12
4140.0,382.652914201625,0.0,0.0,25.708631648154977,25.816070463944232,63.32968864200793,4.632356301130454,,,liquid,gas,26.14317962736272,26.34798538449154,1427.426771600529,156.54907461618006,0.4001045577249552,1.1778068937928765e-06,0.0017195405787333584,0.0017195405777670203,9.663381206337363e-13
4160.0,382.675796149155,0.0,0.0,25.708743911614867,25.8171050425222,63.32953889186472,4.632364258523235,,,liquid,gas,26.144911219847067,26.35079553332945,1427.4267478384954,156.5490983782136,0.40010549715877913,1.188101680327236e-06,0.0017433026123399031,0.0017433026113167216,1.0231815394945443e-12
4180.0,382.69875215897866,0.0,0.0,25.708856583601346,25.818142955505927,63.32938857018997,4.632372249524199,,,liquid,gas,26.14663942676638,26.35360305333654,1427.4267238698642,156.54912234684483,0.4001064401499951,1.1984315619884e-06,0.0017672712435796711,0.0017672712425280679,1.0516032489249483e-12
4200.0,382.7217819601371,0.0,0.0,25.708969663076612,25.819184190552743,63.32923767819075,4.6323802740948095,,,liquid,gas,26.14836425723331,26.356407952083124,1427.4266996939355,156.54914652277367,0.40010738669083157,1.208796436458215e-06,0.0017914471723088354,0.001791447171370919,9.379164112033322e-13
4220.0,382.7448852825418,0.0,0.0,25.709083149011278,25.820228735360814,63.3290862170607,4.632388332196214,,,liquid,gas,26.150085720335806,26.359210237114002,1427.4266753100112,156.54917090669787,0.40010833677360247,1.2191962127872103e-06,0.0018158310965645796,0.0018158310955698198,9.947598300641403e-13
4240.0,382.7680618570444,0.0,0.0,25.70919704037648,25.821276577669792,63.328934187995344,4.632396423790143,,,liquid,gas,26.151803825137176,26.362009915948526,1427.4266507173961,156.54919549931304,0.40010929039061083,1.2296307545511809e-06,0.0018404237116556033,0.0018404237107461086,9.094947017729282e-13
4260.0,382.79131141535,0.0,0.0,25.70931133614368,25.822327705259706,63.32878159219147,4.632404548837862,,,liquid,gas,26.153518580676174,26.3648069960807,1427.4266259153965,156.54922030131266,0.4001102475341518,1.2400999821693404e-06,0.00186522571129899,0.0018652257103610737,9.379164112033322e-13
4280.0,382.81463369009947,0.0,0.0,25.709426035293074,25.82338210595197,63.328628430832026,4.632412707301212,,,liquid,gas,26.15522999596706,26.36760148497926,1427.426600903321,156.549245313388,0.40011120819660906,1.2506037705861672e-06,0.0018902377867107134,0.0018902377857159536,9.947598300641403e-13
4300.0,382.8380284148071,0.0,0.0,25.709541136800894,25.824439767608325,63.32847470511009,4.632420899141929,,,liquid,gas,26.156938079999648,26.370393390087774,1427.426575680481,156.54927053622825,0.4001121723703029,1.2611420061148238e-06,0.0019154606268330099,0.0019154606259519369,8.810729923425242e-13
4320.0,382.8614953238625,0.0,0.0,25.709656639653247,25.825500678130908,63.32832041620189,4.63242912432164,,,liquid,gas,26.158642841739404,26.373182718824705,1427.4265502461888,156.5492959705204,0.4001131400476604,1.2717146091745235e-06,0.0019408949190165004,0.0019408949181070057,9.094947017729282e-13
4340.0,382.8850341525609,0.0,0.0,25.70977254283273,25.826564825462405,63.3281655652936,4.632437382802338,,,liquid,gas,26.160344290127483,26.375969478583514,1427.4265245997597,156.54932161694938,0.40011411122104673,1.282321454709745e-06,0.0019665413481106953,0.0019665413470875137,1.0231815394945443e-12
4360.0,382.9086446370741,0.0,0.0,25.70988884532845,25.82763219758572,63.328010153560676,4.632445674545997,,,liquid,gas,26.162042434080806,26.378753676732742,1427.426498740511,156.549347476198,0.40011508588289535,1.2929624290336506e-06,0.0019924005966913683,0.0019924005956966084,9.947598300641403e-13
4380.0,382.93232651445203,0.0,0.0,25.710005546131434,25.828702782523777,63.32785418217786,4.63245399951469,,,liquid,gas,26.163737282492136,26.38153532061609,1427.4264726677623,156.54937354894687,0.4001160640256447,1.3036374411967699e-06,0.0020184733455153037,0.0020184733445773873,9.379164112033322e-13
4400.0,382.9560795226156,0.0,0.0,25.710122644234488,25.829776568339383,63.327697652318506,4.63246235767048,,,liquid,gas,26.165428844230124,26.384314417552513,1427.4264463808345,156.54939983587462,0.4001170456417428,1.3143463888809492e-06,0.0020447602732929226,0.0020447602723265845,9.663381206337363e-13
4420.0,382.97990340038587,0.0,0.0,25.71024013863631,25.830853543135568,63.327540565147665,4.63247074897583,,,liquid,gas,26.16711712813939,26.38709097483629,1427.4264198790513,156.5494263376577,0.4001180307236906,1.3250891583993507e-06,0.0020712620564609097,0.0020712620554093064,1.0516032489249483e-12
4440.0,383.00379788740764,0.0,0.0,25.71035802833525,25.83193369505429,63.327382921833006,4.632479173392768,,,liquid,gas,26.16880214304059,26.389864999737124,1427.4263931617386,156.5494530549705,0.4001190192639735,1.3358656360651367e-06,0.0020979793691822124,0.0020979793682158743,9.663381206337363e-13
4460.0,383.0277627242461,0.0,0.0,25.710476312333597,25.83301701227785,63.327224723537526,4.632487630883991,,,liquid,gas,26.17048389773046,26.392636499500213,1427.4263662282237,156.54947998848533,0.40012001125510643,1.3466757422975206e-06,0.002124912884028163,0.002124912883033403,9.947598300641403e-13
4480.0,383.0517976522897,0.0,0.0,25.710594989636288,25.83410348302735,63.32706597142102,4.6324961214118066,,,liquid,gas,26.1721624009819,26.395405481346344,1427.4263390778367,156.54950713887237,0.40012100668962575,1.3575193520409812e-06,0.0021520632710689824,0.0021520632700742226,9.947598300641403e-13
4500.0,383.07590241379717,0.0,0.0,25.710714059251156,25.835193095563277,63.326906666640845,4.632504644938703,,,liquid,gas,26.173837661544038,26.39817195247197,1427.4263117099092,156.5495345067998,0.4001220055600834,1.3683963743460482e-06,0.0021794311985559034,0.0021794311975043,1.0516032489249483e-12
4520.0,383.1000767519143,0.0,0.0,25.710833520190047,25.83628583818564,63.32674681034863,4.632513201427593,,,liquid,gas,26.175509688142284,26.400935920049292,1427.4262841237753,156.5495620929337,0.4001230078590685,1.3793066955258837e-06,0.002207017332466421,0.002207017331414818,1.0516032489249483e-12
4540.0,383.1243204106149,0.0,0.0,25.710953371463667,25.837381699233024,63.32658640370079,4.632521790841136,,,liquid,gas,26.177178489478404,26.40369739122635,1427.4262563187708,156.54958989793815,0.4001240135791402,1.3902502246310179e-06,0.0022348223369590414,0.0022348223358505948,1.1084466677857563e-12
4560.0,383.1486331347368,0.0,0.0,25.711073612089248,25.83848066708306,63.32642544784306,4.6325304131422,,,liquid,gas,26.17884407423058,26.40645637312709,1427.4262282942339,156.54961792247508,0.400125022712926,1.4012268479746125e-06,0.0022628468739185337,0.0022628468727816653,1.1368683772161603e-12
4580.0,383.1730146699498,0.0,0.0,25.711194241085693,25.839582730151847,63.32626394392165,4.632539068293528,,,liquid,gas,26.180506451053468,26.409212872851462,1427.4262000495046,156.54964616720443,0.40012603525305074,1.4122364632385143e-06,0.002291091603183304,0.0022910916021317007,1.0516032489249483e-12
4600.0,383.19746476278794,0.0,0.0,25.711315257474478,25.840687876894286,63.3261018930787,4.63254775625815,,,liquid,gas,26.18216562857828,26.411966897475498,1427.426171583925,156.54967463278413,0.40012705119216585,1.4232789794732526e-06,0.002319557182772769,0.0023195571818348526,9.379164112033322e-13
4620.0,383.2219831606466,0.0,0.0,25.711436660278423,25.84179609580402,63.32593929645711,4.632556476999359,,,liquid,gas,26.18382161541283,26.414718454051382,1427.426142896839,156.54970331987005,0.4001280705229184,1.4343542943606736e-06,0.0023482442686599825,0.0023482442677504878,9.094947017729282e-13
4640.0,383.2465696117307,0.0,0.0,25.711558448527352,25.84290737541253,63.325776155188734,4.632565230480174,,,liquid,gas,26.185474420141595,26.41746754960755,1427.4261139875932,156.54973222911605,0.4001290932380258,1.4454622942139395e-06,0.0023771535145442613,0.0023771535137484534,7.958078640513122e-13
4660.0,383.27122386510916,0.0,0.0,25.711680621251034,25.84402170428986,63.32561247040734,4.632574016663992,,,liquid,gas,26.187124051325803,26.420214191148755,1427.4260848555352,156.54976136117395,0.40013011933019405,1.456602899452264e-06,0.0024062855725333065,0.0024062855716522336,8.810729923425242e-13
4680.0,383.2959456706534,0.0,0.0,25.711803177478863,25.84513907104367,63.32544824325001,4.632582835513869,,,liquid,gas,26.18877051750347,26.422958385656155,1427.4260555000155,156.5497907166936,0.4001311487921088,1.4677759850201255e-06,0.002435641092233709,0.0024356410912957926,9.379164112033322e-13
4700.0,383.320734779094,0.0,0.0,25.711926116247348,25.846259464319864,63.325283474842884,4.632591686993307,,,liquid,gas,26.190413827189474,26.425700140087393,1427.4260259203863,156.5498202963228,0.4001321816165255,1.478981459968054e-06,0.00246522072143307,0.0024652207204951537,9.379164112033322e-13
4720.0,383.34559094200586,0.0,0.0,25.71204943659263,25.847382872802424,63.3251181663147,4.632600571065997,,,liquid,gas,26.192053988875617,26.428439461376676,1427.4259961160017,156.54985010070737,0.4001332177961835,1.4902192333465791e-06,0.0024950251061000017,0.00249502510507682,1.0231815394945443e-12
4740.0,383.3705139117778,0.0,0.0,25.71217313755844,25.848509285212774,63.324952318782145,4.632609487695574,,,liquid,gas,26.193691011030687,26.431176356434857,1427.4259660862178,156.54988013049118,0.4001342573238992,1.5014891914688632e-06,0.002525054889929379,0.0025250548888777757,1.0516032489249483e-12
4760.0,383.39550344158613,0.0,0.0,25.712297218186258,25.849638690309355,63.324785933368645,4.632618436845338,,,liquid,gas,26.19532490210052,26.43391083214951,1427.425935830393,156.54991038631607,0.40013530019244675,1.5127912433854362e-06,0.0025553107147970877,0.002555310713773906,1.0231815394945443e-12
4780.0,383.4205592854724,0.0,0.0,25.71242167752183,25.85077107688865,63.32461901119141,4.632627418479152,,,liquid,gas,26.19695567050806,26.436642895385017,1427.425905347887,156.54994086882195,0.4001363463946403,1.5241252981468279e-06,0.0025857932207600243,0.0025857932196515776,1.1084466677857563e-12
4800.0,383.4456811983054,0.0,0.0,25.712546514618197,25.851906433784528,63.324451553356326,4.632636432561066,,,liquid,gas,26.198583324653434,26.439372552982636,1427.4258746380622,156.5499715786467,0.400137395923366,1.5354912420662004e-06,0.0026165030456013483,0.0026165030444076365,1.1937117960769683e-12
4820.0,383.47086893574453,0.0,0.0,25.712671728512632,25.853044749867696,63.32428356100154,4.632645479054905,,,liquid,gas,26.200207872913992,26.44209981176059,1427.4258437002827,156.55000251642628,0.40013844877130694,1.5468889728254e-06,0.0026474408250578563,0.0026474408239778313,1.0800249583553523e-12
4840.0,383.49612225426074,0.0,0.0,25.71279731827274,25.854186014045794,63.32411503520995,4.6326545579245675,,,liquid,gas,26.20182932364439,26.444824678514138,1427.4258125339143,156.55003368279466,0.4001395049314956,1.5583184222123237e-06,0.0026786071935021027,0.0026786071923652344,1.1368683772161603e-12
4860.0,383.52144091117157,0.0,0.0,25.712923282950207,25.85533021526397,63.32394597709626,4.6326636691344145,,,liquid,gas,26.20344768517663,26.44754716001566,1427.425781138325,156.55006507838388,0.4001405643967642,1.5697794651714502e-06,0.0027100027828055318,0.0027100027815833982,1.2221335055073723e-12
4880.0,383.54682466454796,0.0,0.0,25.713049621606185,25.85647734250327,63.32377638776034,4.632672812648294,,,liquid,gas,26.20506296582015,26.450267263014734,1427.4257495128847,156.55009670382407,0.4001416271600393,1.5812720107533095e-06,0.002741628223020598,0.0027416282217700427,1.2505552149377763e-12
4900.0,383.57227327328934,0.0,0.0,25.713176333297962,25.857627384781793,63.32360626831062,4.632681988430373,,,liquid,gas,26.20667517386186,26.452984994238204,1427.4257176569654,156.55012855974334,0.4001426932141938,1.5927959680084314e-06,0.0027734841423807666,0.0027734841410449462,1.3358203432289883e-12
4920.0,383.5977864971115,0.0,0.0,25.713303417091964,25.858780331154357,63.323435619841334,4.632691196445061,,,liquid,gas,26.20828431756621,26.45570036039027,1427.4256855699407,156.55016064676795,0.4001437625521911,1.6043512346186616e-06,0.00280557116707314,0.0028055711656520543,1.4210854715202004e-12
4940.0,383.62336409655404,0.0,0.0,25.71343087205493,25.859936170712473,63.32326444344791,4.6327004366571485,,,liquid,gas,26.209890405175255,26.45841336815256,1427.4256532511865,156.55019296552217,0.40014483516698723,1.6159377082658466e-06,0.0028378899212384567,0.0028378899198742147,1.3642420526593924e-12
4960.0,383.6490058328867,0.0,0.0,25.71355869725396,25.861094892583075,63.32309274022728,4.632709709030671,,,liquid,gas,26.211493444908708,26.461124024184205,1427.4256207000803,156.55022551662842,0.40014591105152963,1.6275553093691997e-06,0.0028704410274258407,0.002870441026118442,1.3073986337985843e-12
4980.0,383.67471146820606,0.0,0.0,25.713686891768123,25.862256485929578,63.32292051125573,4.632719013530192,,,liquid,gas,26.213093444964016,26.463832335121914,1427.4255879160016,156.55025830070713,0.40014699019889655,1.639203935610567e-06,0.002903225106138052,0.0029032251048306534,1.3073986337985843e-12
5000.0,383.70048076543645,0.0,0.0,25.713815454662395,25.863420939952036,63.322747757638865,4.632728350120713,,,liquid,gas,26.214690413516415,26.466538307580063,1427.425554898332,156.55029131837685,0.4001480726019816,1.6508834846717945e-06,0.002936242775831488,0.002936242774552511,1.2789769243681803e-12
5020.0,383.7263134882521,0.0,0.0,25.71394438502127,25.864588243885805,63.322574480446995,4.632737718766892,,,liquid,gas,26.21628435871897,26.46924194815075,1427.4255216464546,156.55032457025428,0.4001491582539019,1.6625938656034124e-06,0.002969494653143556,0.002969494651978266,1.1652900866465643e-12
5040.0,383.75220940109784,0.0,0.0,25.714073681921985,25.865758387001847,63.32240068076652,4.632747119433249,,,liquid,gas,26.217875288702658,26.47194326340389,1427.4254881597547,156.55035805695414,0.40015024714767344,1.6743349988246337e-06,0.003002981353120049,0.003002981351841072,1.2789769243681803e-12
5060.0,383.7781682692435,0.0,0.0,25.714203344449576,25.866931358607324,63.32222635967133,4.632756552084885,,,liquid,gas,26.219463211576425,26.474642259887283,1427.4254544376195,156.55039177908932,0.40015133927639196,1.6861067592799373e-06,0.0030367034883056476,0.0030367034870266707,1.2789769243681803e-12
5080.0,383.80418985869244,0.0,0.0,25.714333371680684,25.86810714804428,63.32205151825324,4.63276601668642,,,liquid,gas,26.22104813542724,26.477338944126682,1427.425420479438,156.55042573727084,0.4001524346330403,1.6979090787572203e-06,0.003070661669880792,0.0030706616685449717,1.3358203432289883e-12
5100.0,383.8302739363043,0.0,0.0,25.714463762713756,25.869285744691283,63.321876157565015,4.632775513203442,,,liquid,gas,26.222630068320143,26.480033322625886,1427.425386284601,156.5504599321078,0.4001535332108486,1.7097418435696455e-06,0.003104856506752185,0.0031048565055016297,1.2505552149377763e-12
5120.0,383.8564202696464,0.0,0.0,25.71459451662742,25.870467137961203,63.32170027869896,4.632785041600846,,,liquid,gas,26.22420901829834,26.482725401866798,1427.4253518525013,156.55049436420745,0.40015463500279763,1.7216049855051096e-06,0.003139288606462287,0.0031392886051548885,1.3073986337985843e-12
5140.0,383.8826286270814,0.0,0.0,25.71472563252265,25.871651317302437,63.321523882707204,4.632794601843837,,,liquid,gas,26.22578499338323,26.485415188309503,1427.4253171825335,156.55052903417518,0.4001557400021229,1.7334983908767753e-06,0.0031739585742798226,0.003173958572887159,1.3926637620897964e-12
5160.0,383.9088987777411,0.0,0.0,25.71485710949472,25.87283827219842,63.3213469706548,4.632804193897685,,,liquid,gas,26.22735800157447,26.488102688392352,1427.4252822740941,156.55056394261453,0.4001568482019783,1.7454219687351724e-06,0.003208867013654526,0.0032088670122334406,1.4210854715202004e-12
5180.0,383.9352304915347,0.0,0.0,25.71498894663176,25.874027992167598,63.321169543622645,4.63281381772786,,,liquid,gas,26.22892805085004,26.490787908532024,1427.4252471265816,156.55059909012715,0.40015795959541856,1.7573756281308306e-06,0.0032440145262171427,0.0032440145248529006,1.3642420526593924e-12
5200.0,383.9616235391159,0.0,0.0,25.71512114304309,25.875220466763032,63.32099160265309,4.632823473299628,,,liquid,gas,26.230495149166305,26.4934708551236,1427.4252117393958,156.55063447731288,0.40015907417574215,1.7693592894829635e-06,0.003279401712006802,0.0032794017105857165,1.4210854715202004e-12
5220.0,383.9880776919391,0.0,0.0,25.715253697828132,25.876415685572912,63.32081314880996,4.632833160578806,,,liquid,gas,26.232059304458065,26.496151534540655,1427.425176111939,156.5506701047697,0.40016019193611263,1.7813728391047333e-06,0.0033150291687888966,0.003315029167396233,1.3926637620897964e-12
5240.0,384.0145927221684,0.0,0.0,25.715386610091848,25.877613638219366,63.32063418314793,4.63284287953069,,,liquid,gas,26.233620524638614,26.4988299531353,1427.4251402436148,156.55070597309376,0.4001613128697517,1.7934162087840378e-06,0.0033508974929645774,0.003350897491458227,1.5063505998114124e-12
5260.0,384.041168402729,0.0,0.0,25.715519878941684,25.878814314358998,63.320454706719815,4.632852630120675,,,liquid,gas,26.235178817599806,26.501506117238286,1427.425104133829,156.5507420828794,0.40016243696989345,1.8054892848340386e-06,0.003387007278661258,0.003387007277098064,1.5631940186722204e-12
5280.0,384.0678045073869,0.0,0.0,25.715653503496497,25.880017703683993,63.32027472055857,4.632862412315234,,,liquid,gas,26.236734191212115,26.504180033159056,1427.4250677819894,156.55077843471915,0.400163564229898,1.8175919876739498e-06,0.003423359118414737,0.003423359116851543,1.5631940186722204e-12
5300.0,384.0945008106016,0.0,0.0,25.715787482845954,25.88122379591989,63.3200942257546,4.632872226080233,,,liquid,gas,26.23828665332467,26.506851707185824,1427.4250311875048,156.55081502920368,0.40016469464276294,1.8297242263543012e-06,0.003459953602941823,0.003459953601378629,1.5631940186722204e-12
5320.0,384.12125708752507,0.0,0.0,25.715921816124016,25.88243258082558,63.31991322331601,4.632882071380921,,,liquid,gas,26.23983621176534,26.50952114558565,1427.4249943497866,156.55085186692185,0.4001658282020064,1.8418859099256225e-06,0.0034967913211403356,0.00349679131954872,1.5916157281026244e-12
5340.0,384.1480731141323,0.0,0.0,25.716056502439013,25.883644048194952,63.319731714302065,4.63289194818353,,,liquid,gas,26.241382874340776,26.51218835460451,1427.4249572682477,156.55088894846074,0.4001669649008235,1.8540769474384434e-06,0.0035338728600891045,0.0035338728584406454,1.6484591469634324e-12
5360.0,384.17494866714077,0.0,0.0,25.716191540922445,25.884858187855777,63.31954969972995,4.63290185645431,,,liquid,gas,26.242926648836477,26.514853340467365,1427.4249199423027,156.55092627440564,0.4001681047326763,1.8662972479432937e-06,0.0035711988050479704,0.003571198803342668,1.7053025658242404e-12
5380.0,384.20188352396025,0.0,0.0,25.71632693068488,25.88607498966887,63.31936718065855,4.632911796159011,,,liquid,gas,26.244467543016846,26.517516109378235,1427.4248823713683,156.55096384534005,0.40016924769076334,1.8785467204907035e-06,0.0036087697394577845,0.003608769737752482,1.7053025658242404e-12
5400.0,384.2288774628611,0.0,0.0,25.716462670854824,25.8872944435304,63.31918415811507,4.6329217672648415,,,liquid,gas,26.246005564625246,26.520176667520268,1427.4248445548628,156.55100166184565,0.4001703937684843,1.8908252741312026e-06,0.0036465862449404085,0.0036465862433487928,1.5916157281026244e-12
5420.0,384.2559302626767,0.0,0.0,25.716598760555108,25.888516539367625,63.31900063313883,4.632931769737073,,,liquid,gas,26.247540721384045,26.52283502105582,1427.4248064922062,156.55103972450235,0.40017154295916235,1.9031328292840044e-06,0.0036846489015260886,0.0036846489000481597,1.4779288903810084e-12
5440.0,384.2830417030956,0.0,0.0,25.716735198923935,25.889741267142853,63.31881660674281,4.632941803542451,,,liquid,gas,26.249073020994693,26.52549117612651,1427.4247681828203,156.55107803388827,0.400172695256288,1.915469294999639e-06,0.0037229582874260814,0.003722958285976574,1.4495071809506044e-12
5460.0,384.31021156450413,0.0,0.0,25.716871985088957,25.89096861685129,63.3186320799616,4.632951868647351,,,liquid,gas,26.250602471137782,26.528145138853308,1427.4247296261287,156.55111659057982,0.40017385065321526,1.9278345803286357e-06,0.003761514979032654,0.0037615149775263035,1.5063505998114124e-12
5480.0,384.337439628007,0.0,0.0,25.717009118184478,25.89219857852109,63.3184470538191,4.6329619650181355,,,liquid,gas,26.252129079473065,26.530796915336584,1427.424690821557,156.5511553951516,0.4001750091433668,1.940228582952841e-06,0.003800319550691711,0.003800319549299047,1.3926637620897964e-12
5500.0,384.36472567554387,0.0,0.0,25.717146597352237,25.89343114221508,63.31826152932754,4.632972092622438,,,liquid,gas,26.253652853639544,26.5334465116562,1427.4246517685322,156.55119444817643,0.4001761707202388,1.952651246028836e-06,0.0038393725756122876,0.0038393725741343587,1.4779288903810084e-12
5520.0,384.3920694895891,0.0,0.0,25.717284421721757,25.894666298026323,63.318075507523844,4.632982251425772,,,liquid,gas,26.255173801255545,26.53609393387157,1427.4246124664833,156.5512337502254,0.40017733537717265,1.9651024445010988e-06,0.0038786746245023096,0.003878674623109646,1.3926637620897964e-12
5540.0,384.4194708534752,0.0,0.0,25.717422590434463,25.895904036082648,63.31788898942449,4.632992441395295,,,liquid,gas,26.256691929918723,26.538739188021722,1427.4245729148408,156.5512733018679,0.40017850310763875,1.9775821215262114e-06,0.003918226266932834,0.0039182262655970135,1.3358203432289883e-12
5560.0,384.44692955122423,0.0,0.0,25.717561102644073,25.897144346544223,63.31770197602489,4.63300266249787,,,liquid,gas,26.25820724720614,26.541382280125386,1427.4245331130373,156.55131310367148,0.4001796739052414,1.990090174786019e-06,0.003958028070428554,0.003958028069177999,1.2505552149377763e-12
5580.0,384.4744453675651,0.0,0.0,25.717699957492066,25.898387219603627,63.31751446834529,4.6330129147003225,,,liquid,gas,26.259719760674354,26.544023216181042,1427.4244930605068,156.55135315620205,0.4001808477634286,2.0026265246997354e-06,0.003998080600922549,0.003998080599757259,1.1652900866465643e-12
5600.0,384.502018087977,0.0,0.0,25.71783915412713,25.899632645486513,63.3173264673946,4.633023197969918,,,liquid,gas,26.261229477859423,26.546662002167,1427.4244527566852,156.55139346002375,0.40018202467572017,2.0151910803178907e-06,0.004038384422528907,0.004038384421448882,1.0800249583553523e-12
5620.0,384.5296474985956,0.0,0.0,25.717978691700303,25.900880614450152,63.31713797417887,4.633033512273356,,,liquid,gas,26.262736406276996,26.549298644041475,1427.42441220101,156.55143401569896,0.40018320463565454,2.0277837620596985e-06,0.004078940097770101,0.004078940096661654,1.1084466677857563e-12
5640.0,384.55733338633183,0.0,0.0,25.71811856937061,25.90213111678497,63.31694898969105,4.633043857578159,,,liquid,gas,26.26424055342234,26.551933147742638,1427.4243713929206,156.5514748237884,0.4001843876368537,2.0404044676070043e-06,0.004119748187122241,0.004119748186099059,1.0231815394945443e-12
5660.0,384.58507553874887,0.0,0.0,25.71825878627699,25.90338414281284,63.31675951496455,4.633054233851259,,,liquid,gas,26.26574192677043,26.5545655191887,1427.424330331858,156.55151588485103,0.40018557367268404,2.053053128747706e-06,0.004160809249697195,0.004160809248730857,9.663381206337363e-13
5680.0,384.6128737441015,0.0,0.0,25.7183993415943,25.904639682887524,63.31656955096602,4.633064641059488,,,liquid,gas,26.26724053377597,26.557195764277967,1427.424289017265,156.55155719944412,0.40018676273693443,2.0657296545323333e-06,0.004202123842787842,0.0042021238418215034,9.663381206337363e-13
5700.0,384.6407277914926,0.0,0.0,25.718540234477537,25.905897727396752,63.31637909870195,4.633075079171429,,,liquid,gas,26.26873638187346,26.55982388888892,1427.424247448586,156.55159876812326,0.4001879548231426,2.078433954011416e-06,0.00424369252186807,0.004243692520958575,9.094947017729282e-13
5720.0,384.66863747055515,0.0,0.0,25.718681464089336,25.907158266757754,63.31618815916641,4.633085548153748,,,liquid,gas,26.270229478477276,26.562449898880278,1427.424205625267,156.5516405914423,0.40018914992492505,2.0911659476041677e-06,0.004285515840820153,0.004285515839995924,8.242295734817162e-13
5740.0,384.6966025717377,0.0,0.0,25.71882302959488,25.908421291421092,63.31599673335062,4.63309604797455,,,liquid,gas,26.271719830981677,26.565073800091056,1427.4241635467558,156.55168266995344,0.40019034803591674,2.103925555729802e-06,0.004327594351934749,0.004327594351138941,7.958078640513122e-13
5760.0,384.72462288604925,0.0,0.0,25.71896493016148,25.909686791867184,63.31580482224312,4.6331065786003895,,,liquid,gas,26.2732074467609,26.567695598340645,1427.424121212502,156.55172500420716,0.4001915491497702,2.1167126874388486e-06,0.004369928605683526,0.004369928604859297,8.242295734817162e-13
5780.0,384.75269820530764,0.0,0.0,25.71910716496547,25.9109547586095,63.315612426817765,4.633117139999254,,,liquid,gas,26.274692333169217,26.570315299428874,1427.424078621957,156.55176759475225,0.4001927532602311,2.1295272517818376e-06,0.004412519150719163,0.004412519149951777,7.673861546209082e-13
5800.0,384.7808283220485,0.0,0.0,25.7192497331591,25.91222518219334,63.31541954809611,4.633127732139493,,,liquid,gas,26.276174497540914,26.57293290913607,1427.4240357745734,156.55181044213586,0.4001939603607442,2.142369180546666e-06,0.004455366534330096,0.00445536653356271,7.673861546209082e-13
5820.0,384.8090130294482,0.0,0.0,25.719392633936515,25.91349805319465,63.31522618702179,4.63313835498895,,,liquid,gas,26.277653947190462,26.57554843322314,1427.4239926698058,156.55185354690346,0.40019517044524694,2.155238382783864e-06,0.004498471301985774,0.004498471301161544,8.242295734817162e-13
5840.0,384.83725212125734,0.0,0.0,25.719535866474708,25.914773362219037,63.31503234457304,4.6331490085142315,,,liquid,gas,26.279130689412487,26.578161877431615,1427.4239493071104,156.55189690959884,0.40019638350745895,2.1681347675439612e-06,0.004541833997336653,0.004541833996540845,7.958078640513122e-13
5860.0,384.86554539214455,0.0,0.0,25.719679429931414,25.91605109990647,63.314838021766526,4.633159692684712,,,liquid,gas,26.280604731481837,26.580773247483734,1427.423905685945,156.55194053076414,0.400197599540857,2.1810582666148546e-06,0.00458545516266895,0.00458545516184472,8.242295734817162e-13
5880.0,384.8938926373435,0.0,0.0,25.71982332351648,25.917331256926254,63.314643219521805,4.633170407468482,,,liquid,gas,26.282076080653667,26.583382549082504,1427.4238618057693,156.55198441093984,0.40019881853953215,2.194008789047075e-06,0.004629335338449891,0.004629335337540397,9.094947017729282e-13
5900.0,384.9222936526204,0.0,0.0,25.719967546391374,25.91861382397661,63.31444793885215,4.633181152831963,,,liquid,gas,26.283544744163468,26.58598978791176,1427.4238176660444,156.55202855066477,0.400200040496984,2.2069862438911515e-06,0.0046734750633277145,0.004673475062475063,8.526512829121202e-13
5920.0,384.95074823475966,0.0,0.0,25.720112097749322,25.919898791791276,63.31425218071264,4.633191928745597,,,liquid,gas,26.28501072922712,26.58859496963624,1427.4237732662332,156.55207295047612,0.4002012654070798,2.2199905629349814e-06,0.004717874874586414,0.004717874873819028,7.673861546209082e-13
5940.0,384.97925618082814,0.0,0.0,25.72025697677016,25.92118615112917,63.314055946085446,4.633202735175338,,,liquid,gas,26.28647404304093,26.591198099901643,1427.4237286057999,156.55211761090942,0.40020249326351637,2.2330216665977788e-06,0.00476253530791837,0.004762535307122562,7.958078640513122e-13
5960.0,385.0078172889684,0.0,0.0,25.720402182659896,25.9224758927855,63.31385923590497,4.633213572091862,,,liquid,gas,26.287934692781736,26.593799184334696,1427.4236836842106,156.5521625324986,0.40020372406029286,2.246079463930073e-06,0.004807456897196971,0.004807456896315898,8.810729923425242e-13
5980.0,385.0364313575994,0.0,0.0,25.720547714603093,25.92376800758035,63.313662051147894,4.633224439461342,,,liquid,gas,26.289392685606913,26.59639822854321,1427.4236385009333,156.55220771577598,0.40020495779114157,2.259163863982394e-06,0.004852640174476619,0.004852640173680811,7.958078640513122e-13
6000.0,385.0650981861186,0.0,0.0,25.720693571794513,25.92506248636858,63.31346439277407,4.633235337253599,,,liquid,gas,26.290848028654448,26.598995238116167,1427.423593055437,156.55225316127215,0.4002061944499015,2.2722748099113234e-06,0.0048980856706748455,0.004898085669850616,8.242295734817162e-13
6020.0,385.09381757447585,0.0,0.0,25.720839753431207,25.92635932003376,63.31326626174032,4.633246265437182,,,liquid,gas,26.29230072904299,26.601590218623752,1427.423547347193,156.5522988695162,0.4002074340304317,2.2854121993987065e-06,0.00494379391466282,0.0049437939138954334,7.673861546209082e-13
6040.0,385.1225893232997,0.0,0.0,25.720986258712124,25.92765849948976,63.31306765900197,4.633257223980906,,,liquid,gas,26.293750793871872,26.604183175617447,1427.4235013756738,156.55234484103553,0.40020867652660036,2.298575964232441e-06,0.004989765433947468,0.004989765433236926,7.105427357601002e-13
6060.0,385.1514132337716,0.0,0.0,25.72113308683867,25.928960015679102,63.31286858551096,4.633268212852328,,,liquid,gas,26.29519823022122,26.606774114630074,1427.4234551403533,156.552391076356,0.4002099219322981,2.3117660248317407e-06,0.005036000754444103,0.005036000753705139,7.389644451905042e-13
6080.0,385.18028910782294,0.0,0.0,25.721280237023574,25.93026385957546,63.31266904220005,4.63327923202016,,,liquid,gas,26.29664304515197,26.609363041175865,1427.4234086407075,156.5524375760018,0.40021117024153696,2.324982290247135e-06,0.005082500400249046,0.0050825003995100815,7.389644451905042e-13
6100.0,385.2092167481517,0.0,0.0,25.72142770844513,25.931570022183962,63.312469030069465,4.633290281454419,,,liquid,gas,26.298085245705916,26.611949960750533,1427.4233618762137,156.5524843404956,0.4002124214479031,2.3382246922665216e-06,0.005129264894094376,0.0051292648932985685,7.958078640513122e-13
6120.0,385.23819595799836,0.0,0.0,25.721575500338894,25.932878494537917,63.312268550012085,4.633301361123868,,,liquid,gas,26.29952483890575,26.614534878831314,1427.4233148463509,156.55253137035837,0.40021367554566156,2.3514931399404302e-06,0.005176294756893185,0.005176294756068955,8.242295734817162e-13
6140.0,385.267226800065,0.0,0.0,25.721723612122616,25.934189279733875,63.31206760329695,4.633312470971154,,,liquid,gas,26.300961831757977,26.617117800901948,1427.4232675505966,156.55257866611265,0.400214932526699,2.3647877128496474e-06,0.005223590511150178,0.00522359051035437,7.958078640513122e-13
6160.0,385.296308423414,0.0,0.0,25.721872042469663,25.935502338380076,63.3118661900639,4.633323611034041,,,liquid,gas,26.30239623124287,26.619698732363617,1427.423219988438,156.55262622827144,0.4002161923900429,2.3781079335094548e-06,0.005271152669820367,0.005271152669138246,6.821210263296962e-13
6180.0,385.3254411231934,0.0,0.0,25.722020790984992,25.93681768439406,63.31166431187346,4.633334781226619,,,liquid,gas,26.30382804432732,26.622277678648235,1427.4231721593571,156.5526740573522,0.40021745512573903,2.391454040662211e-06,0.005318981750633611,0.005318981749894647,7.389644451905042e-13
6200.0,385.35462463448357,0.0,0.0,25.722169856851245,25.938135305631935,63.31146196952936,4.633345981526953,,,liquid,gas,26.305257277958535,26.624854645162667,1427.4231240628394,156.55272215386998,0.40021872072861725,2.4048258865150273e-06,0.005367078268363912,0.005367078267681791,6.821210263296962e-13
6220.0,385.38385875025836,0.0,0.0,25.722319239219424,25.93945519263906,63.31125916405644,4.633357211908062,,,liquid,gas,26.306683939064683,26.62742963729364,1427.4230756983713,156.552770518338,0.40021998919211077,2.4182234028558014e-06,0.005415442736421028,0.005415442735710485,7.105427357601002e-13
6240.0,385.4131432729861,0.0,0.0,25.72246893737371,25.94077733641616,63.31105589625304,4.633368472336864,,,liquid,gas,26.308108034555104,26.630002660409314,1427.4230270654414,156.55281915126793,0.4002212605110845,2.431646498735063e-06,0.005464075666395729,0.005464075665628343,7.673861546209082e-13
6260.0,385.44247800873393,0.0,0.0,25.722618950510096,25.942101728115652,63.31085216709497,4.6333797627854105,,,liquid,gas,26.30952957132042,26.63257371985963,1427.4229781635395,156.5528680531698,0.40022253467928237,2.445095094572025e-06,0.0055129775682871696,0.005512977567491362,7.958078640513122e-13
6280.0,385.47186276494625,0.0,0.0,25.72276927785306,25.943428358960553,63.31064797750779,4.633391083223136,,,liquid,gas,26.31094855623257,26.63514282097648,1427.4229289921573,156.55291722455206,0.4002238116907661,2.458569110785902e-06,0.005562148950502888,0.005562148949763923,7.389644451905042e-13
6300.0,385.5012973501012,0.0,0.0,25.72291991864141,25.94475722022402,63.310443328393006,4.633402433618499,,,liquid,gas,26.312364996144844,26.637709969073818,1427.4228795507877,156.55296666592164,0.40022509153974994,2.472068479164591e-06,0.005611590320086179,0.005611590319347215,7.389644451905042e-13
6320.0,385.5307815736507,0.0,0.0,25.72307087208126,25.94608830321787,63.3102382207165,4.6334138139421235,,,liquid,gas,26.31377889789198,26.640275169447712,1427.4228298389253,156.55301637778396,0.40022637422004154,2.4855931201273052e-06,0.0056613021824887255,0.005661302181664496,8.242295734817162e-13
6340.0,385.5603152457347,0.0,0.0,25.723222137415902,25.947421599287843,63.31003265537575,4.633425224163739,,,liquid,gas,26.31519026829016,26.64283842737644,1427.4227798560664,156.5530663606428,0.4002276597258815,2.499142942724575e-06,0.005711285041343217,0.005711285040490566,8.526512829121202e-13
6360.0,385.58989817705435,0.0,0.0,25.723373713866366,25.948757099809075,63.30982663331165,4.633436664251712,,,liquid,gas,26.31659911413712,26.645399748120536,1427.4227296017089,156.55311661500048,0.4002289480512363,2.512717878744297e-06,0.005761539398918103,0.0057615393981791385,7.389644451905042e-13
6380.0,385.6195301791034,0.0,0.0,25.72352560070606,25.950094796189198,63.309620155368414,4.633448134175776,,,liquid,gas,26.318005442212186,26.64795913692287,1427.4226790753517,156.55316714135776,0.40023023919068396,2.5263178599743695e-06,0.00581206575611759,0.005812065755463891,6.536993168992922e-13
6400.0,385.6492110641863,0.0,0.0,25.72367779713582,25.951434679867425,63.309413222529834,4.633459633907661,,,liquid,gas,26.3194092592763,26.6505165990087,1427.4226282764955,156.5532179402139,0.40023153313792054,2.5399428068340057e-06,0.0058628646122542705,0.005862864611600571,6.536993168992922e-13
6420.0,385.678940645094,0.0,0.0,25.723830302408217,25.95277674230948,63.30920583568284,4.633471163417514,,,liquid,gas,26.32081057207208,26.65307213958573,1427.4225772046427,156.5532690120666,0.4002328298872548,2.553592639742419e-06,0.005913936465049119,0.005913936464310154,7.389644451905042e-13
6440.0,385.70871873509395,0.0,0.0,25.723983115752116,25.954120975008827,63.308997995761246,4.633482722673329,,,liquid,gas,26.322209387323884,26.655625763844185,1427.4225258592971,156.5533203574121,0.40023412943269954,2.5672672791188234e-06,0.005965281810631495,0.005965281809807266,8.242295734817162e-13
6460.0,385.73854514820164,0.0,0.0,25.72413623643844,25.95546736948816,63.30878970362031,4.633494311644876,,,liquid,gas,26.323605711737837,26.658177476956848,1427.4224742399642,156.55337197674507,0.4002354317687648,2.580966645382432e-06,0.006016901143539144,0.006016901142771758,7.673861546209082e-13
6480.0,385.76841969942836,0.0,0.0,25.724289663700844,25.956815917304084,63.30858096018923,4.633505930306171,,,liquid,gas,26.324999552001888,26.660727284079144,1427.4224223461506,156.5534238705587,0.4002367368894932,2.5946906816898265e-06,0.0060687949571729405,0.006068794956405554,7.673861546209082e-13
6500.0,385.7983422036522,0.0,0.0,25.724443396787493,25.95816661003071,63.308371766369405,4.633517578622609,,,liquid,gas,26.32639091478589,26.663275190349186,1427.4223701773647,156.55347603934473,0.40023804478910363,2.608439297091536e-06,0.006120963743114771,0.00612096374243265,6.821210263296962e-13
6520.0,385.82831247714506,0.0,0.0,25.724597434964146,25.959519439280896,63.30816212303219,4.633529256568667,,,liquid,gas,26.327779806741603,26.665821200887834,1427.4223177331162,156.5535284835933,0.40023935546200534,2.6222124233754583e-06,0.00617340799158228,0.006173407991013846,5.684341886080801e-13
6540.0,385.8583303361128,0.0,0.0,25.724751777439117,25.960874396686197,63.3079520311585,4.633540964110912,,,liquid,gas,26.329166234502775,26.668365320798756,1427.4222650129163,156.55358120379316,0.4002406689019154,2.6360099923294912e-06,0.00622612819142887,0.006226128190860436,5.684341886080801e-13
6560.0,385.8883955979791,0.0,0.0,25.72490642352683,25.962231473914,63.30774149153054,4.633552701223127,,,liquid,gas,26.330550204685167,26.670907555168487,1427.422212016278,156.5536342004315,0.40024198510380726,2.6498319130041637e-06,0.0062791248296889535,0.006279124829205784,4.831690603168681e-13
6580.0,385.91850808044944,0.0,0.0,25.725061372423802,25.96359066265509,63.30753050515558,4.633564467875246,,,liquid,gas,26.3319317238866,26.67344790906649,1427.4221587427155,156.55368747399407,0.40024330406123215,2.6636781285560575e-06,0.006332398392260075,0.0063323983917769056,4.831690603168681e-13
6600.0,385.94866760168816,0.0,0.0,25.725216623450187,25.964951954625494,63.30731907280703,4.6335762640356375,,,liquid,gas,26.33331079868705,26.6759863875452,1427.4221051917445,156.55374102496512,0.40024462576922004,2.677548548035702e-06,0.006385949363220789,0.006385949362822885,3.979039320256561e-13
6620.0,385.9788739806966,0.0,0.0,25.725372175804416,25.96631534157196,63.3071071954923,4.63358808967542,,,liquid,gas,26.334687435648622,26.678522995640108,1427.4220513628823,156.5537948538274,0.40024595022132203,2.6914431145996787e-06,0.006439778225512782,0.006439778225114878,3.979039320256561e-13
6640.0,386.0091270373271,0.0,0.0,25.725528028813542,25.967680815272075,63.30689487397627,4.633599944768621,,,liquid,gas,26.336061641315684,26.681057738369788,1427.4219972556473,156.5538489610623,0.4002472774126226,2.705361748667201e-06,0.006493885460486126,0.006493885460002957,4.831690603168681e-13
6660.0,386.039426591326,0.0,0.0,25.725684181677327,25.96904836752082,63.30668210926589,4.633611829281163,,,liquid,gas,26.33743342221485,26.68359062073598,1427.4219428695599,156.55390334714963,0.40024860733667644,2.7193043706574826e-06,0.006548271547899276,0.006548271547330842,5.684341886080801e-13
6680.0,386.069772463801,0.0,0.0,25.725840633729327,25.970417990150835,63.30646890211697,4.633623743187906,,,liquid,gas,26.338802784855062,26.68612164772363,1427.4218882041416,156.5539580125678,0.4002499399886264,2.733270912358421e-06,0.006602936966146444,0.006602936965492745,6.536993168992922e-13
6700.0,386.1001644759521,0.0,0.0,25.725997384188503,25.971789675014918,63.30625525350433,4.6336356864578985,,,liquid,gas,26.340169735727592,26.688650824300957,1427.4218332589157,156.5540129577937,0.40025127536223104,2.747261294189229e-06,0.006657882192030229,0.006657882191404951,6.252776074688882e-13
6720.0,386.1306024498428,0.0,0.0,25.726154432342717,25.97316341399648,63.306041164273125,4.633647659063395,,,liquid,gas,26.34153428130613,26.691178155419507,1427.4217780334066,156.5540681833029,0.400252613452069,2.7612754593064893e-06,0.006713107701216359,0.006713107700591081,6.252776074688882e-13
6740.0,386.1610862077376,0.0,0.0,25.726311777446774,25.974539199000297,63.30582663533281,4.633659660972206,,,liquid,gas,26.342896428046878,26.693703646014203,1427.42172252714,156.55412368956937,0.4002539542523127,2.775313328129414e-06,0.006768613967778947,0.006768613967068404,7.105427357601002e-13
6760.0,386.1916155732314,0.0,0.0,25.726469418812126,25.975917021968346,63.30561166748853,4.633671692160738,,,liquid,gas,26.344256182388463,26.69622730100341,1427.4216667396436,156.55417947706576,0.4002552977577945,2.789374821077217e-06,0.006824401464200491,0.006824401463461527,7.389644451905042e-13
6780.0,386.22219035065126,0.0,0.0,25.72662735570097,25.977296873979867,63.3053962615853,4.633683752595218,,,liquid,gas,26.345613550752116,26.698749125288803,1427.4216106704462,156.5542355462632,0.40025664396309524,2.8034598699377967e-06,0.006880470661599247,0.0068804706608887045,7.105427357601002e-13
6800.0,386.2528104025661,0.0,0.0,25.726785587386523,25.97867874878625,63.305180418609325,4.63369584224908,,,liquid,gas,26.346968539541596,26.70126912375504,1427.421554319078,156.55429189763132,0.40025799286190317,2.8175684064990492e-06,0.006936822029729228,0.0069368220290186855,7.105427357601002e-13
6820.0,386.28347553473264,0.0,0.0,25.726944113133612,25.98006263751866,63.30496413940484,4.633707961093404,,,liquid,gas,26.348321155143445,26.70378730127209,1427.4214976850708,156.55434853163857,0.4002593444488045,2.8317003625488724e-06,0.006993456036980206,0.006993456036269663,7.105427357601002e-13
6840.0,386.31418557259633,0.0,0.0,25.72710293226382,25.981448532218366,63.30474742476292,4.633720109099179,,,liquid,gas,26.349671403926827,26.706303662692637,1427.4214407679576,156.55440544875182,0.4002606987187222,2.84585565850648e-06,0.007050373150150335,0.007050373149525058,6.252776074688882e-13
6860.0,386.34494034241186,0.0,0.0,25.72726204404319,25.982836424956098,63.3045302755822,4.63373228624014,,,liquid,gas,26.351019292243667,26.708818212853078,1427.4213835672729,156.55446264943654,0.40026205566589923,2.8600342375284526e-06,0.007107573834900904,0.007107573834247205,6.536993168992922e-13
6880.0,386.3757396703903,0.0,0.0,25.727421447779168,25.984226307820165,63.304312692682565,4.633744492482865,,,liquid,gas,26.352364826428634,26.71133095657359,1427.4213260825527,156.55452013415677,0.4002634152850771,2.8742360086653208e-06,0.007165058555074211,0.007165058554477355,5.968558980384842e-13
6900.0,386.40658338427244,0.0,0.0,25.72758114269927,25.98561817293827,63.30409467704085,4.633756727805053,,,liquid,gas,26.353708012799306,26.71384189865817,1427.4212683133344,156.55457790337516,0.40026477757000495,2.888460915073665e-06,0.007222827773375684,0.007222827772864093,5.115907697472721e-13
6920.0,386.4374713113068,0.0,0.0,25.727741128156122,25.987012012449295,63.30387622939334,4.633768992172112,,,liquid,gas,26.355048857656037,26.716351043894704,1427.4212102591566,156.55463595755293,0.40026614251595355,2.902708888541383e-06,0.007280881951146512,0.007280881950634921,5.115907697472721e-13
6940.0,386.4684032804362,0.0,0.0,25.72790140347596,25.988407818533688,63.30365735053232,4.633781285562517,,,liquid,gas,26.356387367282203,26.718858397055016,1427.4211519195596,156.55469429714992,0.40026751011783984,2.916979849487689e-06,0.0073392215481362655,0.007339221547624675,5.115907697472721e-13
6960.0,386.49937911996636,0.0,0.0,25.728061967792733,25.989805583381003,63.30343804161347,4.633793607940798,,,liquid,gas,26.357723547944122,26.721363962894916,1427.421093294085,156.55475292262457,0.40026888036828345,2.9312737297004786e-06,0.007397847022730275,0.007397847022275528,4.547473508864641e-13
6980.0,386.5303986598468,0.0,0.0,25.7282228205869,25.99120529922145,63.30321830313794,4.633805959284038,,,liquid,gas,26.359057405891093,26.72386774615427,1427.4210343822756,156.55481183443393,0.4002702532640427,2.9455904723363347e-06,0.007456758832177002,0.007456758831636989,5.400124791776761e-13
7000.0,386.56146172996637,0.0,0.0,25.72838396103557,25.992606958302293,63.302998136184186,4.633818339562069,,,liquid,gas,26.360388947355563,26.726369751557034,1427.4209751836759,156.55487103303366,0.4002716287982262,2.959929986445786e-06,0.0075159574319059175,0.007515957431365905,5.400124791776761e-13
7020.0,386.59256816103243,0.0,0.0,25.728545388507698,25.994010552899883,63.30277754146737,4.633830748747762,,,liquid,gas,26.361718178553026,26.728869983811325,1427.4209156978316,156.554930518878,0.4002730069662401,2.9742922151854145e-06,0.007575443276209626,0.007575443275698035,5.115907697472721e-13
7040.0,386.62371778439365,0.0,0.0,25.728707102283316,25.9954160753172,63.302556519874216,4.633843186814946,,,liquid,gas,26.36304510568216,26.73136844760947,1427.4208559242898,156.55499029241986,0.4002743877624057,2.988677090343117e-06,0.007635216818016488,0.007635216817561741,4.547473508864641e-13
7060.0,386.654910431266,0.0,0.0,25.728869101691025,25.996823517872983,63.302335072198225,4.633855653729489,,,liquid,gas,26.36436973492482,26.733865147628055,1427.4207958625989,156.55505035411076,0.40027577118163454,3.003084543706791e-06,0.007695278508890624,0.007695278508464298,4.263256414560601e-13
7080.0,386.68614593461837,0.0,0.0,25.72903138596476,25.998232872927954,63.30211319941815,4.6338681494711285,,,liquid,gas,26.365692072446173,26.73636008852798,1427.4207355123087,156.55511070440085,0.4002771572176668,3.017514507064334e-06,0.007755628799031911,0.0077556287985487415,4.831690603168681e-13
7100.0,386.71742412681976,0.0,0.0,25.72919395448573,25.999644132852033,63.30189090223064,4.633880674006269,,,liquid,gas,26.367012124394616,26.73885327495452,1427.4206748729707,156.5551713437389,0.400278545866027,3.031966900834959e-06,0.00781626813704861,0.007816268136593862,4.547473508864641e-13
7120.0,386.7487448415695,0.0,0.0,25.729356806540146,26.001057290051026,63.30166818151702,4.633893227310362,,,liquid,gas,26.368329896901905,26.741344711537355,1427.4206139441374,156.5552322725723,0.4002799371210723,3.0464416681752483e-06,0.007877196970412115,0.00787719697001421,3.979039320256561e-13
7140.0,386.7801079127303,0.0,0.0,25.729519941466357,26.00247233695046,63.30144503805987,4.633905809354391,,,liquid,gas,26.369645396083193,26.74383440289066,1427.4205527253625,156.55529349134716,0.40028133097778423,3.060938740873098e-06,0.007938415745229577,0.007938415744860094,3.694822225952521e-13
7160.0,386.81151317487365,0.0,0.0,25.729683358499827,26.00388926600307,63.301221472839224,4.633918420111219,,,liquid,gas,26.370958628037048,26.74632235361312,1427.4204912162015,156.55535500050814,0.4002827274298964,3.0754580507164066e-06,0.007999924906243905,0.007999924905846001,3.979039320256561e-13
7180.0,386.842960463042,0.0,0.0,25.729847057035332,26.005308069685377,63.30099748653368,4.6339310595528636,,,liquid,gas,26.372269598845573,26.748808568288013,1427.420429416211,156.55541680049862,0.4002841264730488,3.0899995294930705e-06,0.008061724896833766,0.008061724896322175,5.115907697472721e-13
7200.0,386.87444961281784,0.0,0.0,25.73001103636455,26.00672874049868,63.300773080019376,4.633943727651301,,,liquid,gas,26.373578314574267,26.751293051483234,1427.420367324949,156.5554788917606,0.40028552810163265,3.104563097622304e-06,0.008123816158786212,0.008123816158303043,4.831690603168681e-13
7220.0,386.90598046077537,0.0,0.0,25.73017529580762,26.008151270975233,63.30054825412072,4.633956424383719,,,liquid,gas,26.3748847812723,26.753775807751374,1427.4203049419748,156.55554127473474,0.40028693231036655,3.1191487096293712e-06,0.0081861991329788,0.008186199132438787,5.400124791776761e-13
7240.0,386.9375528431558,0.0,0.0,25.730339834685815,26.009575653659734,63.30032300965958,4.6339691497172435,,,liquid,gas,26.376189004972424,26.75625684162975,1427.420242266849,156.55560394986034,0.4002883390939854,3.1337562859334867e-06,0.00824887425869747,0.00824887425804377,6.536993168992922e-13
7260.0,386.96916659740134,0.0,0.0,25.730504652351982,26.011001881130674,63.300097347400744,4.633981903626632,,,liquid,gas,26.37749099169102,26.758736157640474,1427.420179299134,156.55566691757542,0.40028974844758564,3.148385758322547e-06,0.00831184197386392,0.008311841973124956,7.389644451905042e-13
7280.0,387.0008215612689,0.0,0.0,25.730669748073787,26.012429945987904,63.29987126827207,4.633994686084128,,,liquid,gas,26.37879074742818,26.76121376029049,1427.4201160383927,156.55573017831665,0.4002911603652326,3.16303705858445e-06,0.00837510271503561,0.008375102714353488,6.821210263296962e-13
7300.0,387.0325175732449,0.0,0.0,25.73083512117706,26.013859840858373,63.29964477309283,4.6340074970642,,,liquid,gas,26.38008827816781,26.76368965407164,1427.42005248419,156.55579373251936,0.40029257484167874,3.177710141244461e-06,0.008438656917860499,0.00843865691706469,7.958078640513122e-13
7320.0,387.0642544720287,0.0,0.0,25.731000771081334,26.015291558388867,63.299417862504406,4.634020336537656,,,liquid,gas,26.38138358987743,26.7661638434607,1427.4199886360918,156.55585758061756,0.4002939918728017,3.192404903984425e-06,0.008502505015940187,0.008502505015258066,6.821210263296962e-13
7340.0,387.09603209717363,0.0,0.0,25.731166697027223,26.016725091254848,63.29919053749117,4.634033204479038,,,liquid,gas,26.382676688508543,26.76863633291944,1427.4199244936653,156.55592172304395,0.4002954114523104,3.207121324066975e-06,0.008566647442421527,0.00856664744165414,7.673861546209082e-13
7360.0,387.1278502884381,0.0,0.0,25.731332898345727,26.018160432151436,63.29896279886613,4.6340461008591465,,,liquid,gas,26.383967579996536,26.771107126894673,1427.4198600564794,156.55598616022993,0.40029683357499785,3.221859299173957e-06,0.008631084628405006,0.00863108462763762,7.673861546209082e-13
7380.0,387.1597088866088,0.0,0.0,25.73149937443487,26.01959757380476,63.29873464731739,4.634059025654563,,,liquid,gas,26.38525627026056,26.77357622981831,1427.4197953241037,156.55605089260555,0.40029825823644727,3.2366187838306358e-06,0.008695817004081619,0.008695817003257389,8.242295734817162e-13
7400.0,387.19160773275735,0.0,0.0,25.731666124599897,26.021036508961522,63.29850608371062,4.634071978839131,,,liquid,gas,26.38654276520387,26.776043646107404,1427.4197302961097,156.55611592059958,0.4002996854311193,3.2513996984562254e-06,0.008760844998050743,0.008760844997283357,7.673861546209082e-13
7420.0,387.22354666780836,0.0,0.0,25.731833148212097,26.022477230383082,63.29827710878546,4.634084960378909,,,liquid,gas,26.387827070713698,26.7785093801642,1427.4196649720698,156.5561812446395,0.4003011151542718,3.2662019975759906e-06,0.008826169038002263,0.008826169037206455,7.958078640513122e-13
7440.0,387.2555255343944,0.0,0.0,25.732000444511847,26.02391973087103,63.29804772353511,4.634097970253677,,,liquid,gas,26.389109192661287,26.78097343637619,1427.4195993515577,156.5562468651515,0.4003025473995594,3.281025601609144e-06,0.008891789550034446,0.008891789549210216,8.242295734817162e-13
7460.0,387.2875441750801,0.0,0.0,25.732168012941344,26.025364003242494,63.297817928568556,4.634111008436439,,,liquid,gas,26.390389136901966,26.783435819116164,1427.419533434149,156.55631278256044,0.4003039821630671,3.2958704423435847e-06,0.008957706958881317,0.008957706958142353,7.389644451905042e-13
7480.0,387.3196024327499,0.0,0.0,25.732335852810813,26.02681004033554,63.2975877247474,4.634124074897885,,,liquid,gas,26.391666909275234,26.78589653274225,1427.4194672194194,156.5563789972899,0.4003054194392822,3.3107364743045764e-06,0.009023921688367409,0.009023921687600023,7.673861546209082e-13
7500.0,387.3517001514576,0.0,0.0,25.732503963501962,26.028257835020842,63.297357112799624,4.634137169616261,,,liquid,gas,26.392942515604727,26.788355581597976,1427.419400706947,156.55644550976217,0.40030685922353787,3.325623617911333e-06,0.009090434160725636,0.009090434159872984,8.526512829121202e-13
7520.0,387.38383717484106,0.0,0.0,25.732672344254322,26.029707380179612,63.2971260937234,4.634150292559074,,,liquid,gas,26.394215961698354,26.79081297001232,1427.419333896311,156.5565123203983,0.40030830150945856,3.340531804951752e-06,0.00915724479682467,0.009157244796000441,8.242295734817162e-13
7540.0,387.41601334756945,0.0,0.0,25.732840994524548,26.031158668723716,63.29689466810585,4.634163443699794,,,liquid,gas,26.395487253348247,26.79326870229973,1427.4192667870911,156.556579429618,0.40030974629326843,3.355460989951098e-06,0.009224354016623693,0.009224354015714198,9.094947017729282e-13
7560.0,387.4482285153174,0.0,0.0,25.733009913665846,26.03261169359521,63.29666283673444,4.634176623017606,,,liquid,gas,26.396756396330858,26.79572278276022,1427.4191993788693,156.5566468378398,0.40031119356992534,3.3704110933285847e-06,0.009291762238490264,0.009291762237495504,9.947598300641403e-13
7580.0,387.48048252386485,0.0,0.0,25.73317910091822,26.034066447753734,63.2964306006121,4.634189830487034,,,liquid,gas,26.398023396407023,26.798175215679386,1427.4191316712281,156.55671454548087,0.40031264333302446,3.3853820582407934e-06,0.00935946987965508,0.009359469878575055,1.0800249583553523e-12
7600.0,387.5127752188286,0.0,0.0,25.733348555748556,26.03552292417286,63.29619796030926,4.634203066074845,,,liquid,gas,26.399288259321896,26.800626005328468,1427.4190636637518,156.55678255295715,0.40031409557889674,3.4003738164756213e-06,0.009427477355984593,0.009427477354847724,1.1368683772161603e-12
7620.0,387.54510644692806,0.0,0.0,25.73351827747554,26.036981115857493,63.29596491668174,4.634216329754697,,,liquid,gas,26.40055099080511,26.80307515596439,1427.4189953560256,156.55685086068328,0.4003155503020684,3.4153863111896498e-06,0.009495785082208386,0.009495785080986252,1.2221335055073723e-12
7640.0,387.5774760563021,0.0,0.0,25.733688265458152,26.03844101584826,63.29573147051257,4.634229621510816,,,liquid,gas,26.40181159657081,26.805522671829813,1427.418926747636,156.55691946907274,0.4003170074975263,3.430419474170776e-06,0.009564393471691801,0.009564393470441246,1.2505552149377763e-12
7660.0,387.60988389367225,0.0,0.0,25.733858519055282,26.039902617182104,63.295497622581465,4.634242941305256,,,liquid,gas,26.40307008231752,26.807968557153192,1427.418857838171,156.55698837853762,0.4003184671602787,3.445473248575581e-06,0.009633302936663313,0.009633302935327492,1.3358203432289883e-12
7680.0,387.6423298081477,0.0,0.0,25.734029037670865,26.04136591294501,63.29526337358797,4.63425628912183,,,liquid,gas,26.404326453728473,26.8104128161488,1427.4187886272198,156.55705758948886,0.40031992928584115,3.4605475661919628e-06,0.009702513887987152,0.009702513886566067,1.4210854715202004e-12
7700.0,387.674813647904,0.0,0.0,25.734199820585452,26.04283089622586,63.29502872446506,4.634269664927843,,,liquid,gas,26.405580716471473,26.812855453016812,1427.4187191143726,156.55712710233615,0.40032139386825316,3.475642358807818e-06,0.009772026735163308,0.00977202673385591,1.3073986337985843e-12
7720.0,387.70733526219936,0.0,0.0,25.734370867162113,26.044297560144404,63.29479367599092,4.634283068697315,,,liquid,gas,26.406832876198834,26.815296471943313,1427.418649299221,156.55719691748786,0.4003228609025334,3.4907575809484113e-06,0.009841841886782277,0.009841841885560143,1.2221335055073723e-12
7740.0,387.7398945014846,0.0,0.0,25.734542176897072,26.045765897852615,63.294558228693774,4.634296500412331,,,liquid,gas,26.408082938547732,26.81773587710038,1427.4185791813577,156.5572670353512,0.4003243303852818,3.505893164401641e-06,0.00991195975007031,0.00991195974890502,1.1652900866465643e-12
7760.0,387.77249121528456,0.0,0.0,25.734713748985264,26.04723590250544,63.294322383673055,4.634309960038559,,,liquid,gas,26.409330909139996,26.820173672646103,1427.4185087603769,156.5573374563321,0.400325802309486,3.521049040955404e-06,0.009982380730889417,0.009982380729809393,1.0800249583553523e-12
7780.0,387.805125254568,0.0,0.0,25.734885582973185,26.0487075672934,63.29408614136243,4.6343234475526645,,,liquid,gas,26.410576793582187,26.82260986272466,1427.4184380358738,156.5574081808353,0.40032727667234463,3.5362251537662813e-06,0.010053105233964743,0.010053105232998405,9.663381206337363e-13
7800.0,387.8377964707971,0.0,0.0,25.735057678100116,26.05018088542954,63.293849502782535,4.634336962931309,,,liquid,gas,26.411820597465738,26.82504445146633,1427.4183670074449,156.55747920926424,0.40032875346734403,3.5514214459908542e-06,0.01012413366288456,0.010124133661946644,9.379164112033322e-13
7820.0,387.87050471524066,0.0,0.0,25.73523003378385,26.05165585013975,63.29361246861293,4.634350506143296,,,liquid,gas,26.413062326366887,26.82747744298757,1427.418295674688,156.55755054202123,0.4003302326901283,3.5666378494170204e-06,0.0101954664198729,0.010195466418934984,9.379164112033322e-13
7840.0,387.9032498407098,0.0,0.0,25.735402649353002,26.053132454686775,63.29337503970757,4.634364077169599,,,liquid,gas,26.414301985846727,26.829908841391045,1427.4182240372018,156.55762217950726,0.4003317143352386,3.5818743072013605e-06,0.010267103906016928,0.010267103904965325,1.0516032489249483e-12
7860.0,387.9360316999141,0.0,0.0,25.735575524278822,26.054610692347488,63.293137216648795,4.634377675984363,,,liquid,gas,26.41553958145143,26.832338650765685,1427.4181520945867,156.5576941221222,0.4003331983989346,3.5971307511317717e-06,0.010339046521039563,0.010339046519902695,1.1368683772161603e-12
7880.0,387.9688501461378,0.0,0.0,25.73574865794258,26.056090556422028,63.292899000191134,4.634391302562822,,,liquid,gas,26.416775118711975,26.83476687518672,1427.4180798464442,156.55776637026466,0.400334684876387,3.612407124364836e-06,0.01041129466352686,0.01041129466236157,1.1652900866465643e-12
7900.0,388.0017050322728,0.0,0.0,25.735922049627263,26.057572040220514,63.29266039127602,4.634404956870081,,,liquid,gas,26.418008603144457,26.837193518715743,1427.4180072923768,156.55783892433203,0.4003361737615844,3.627703370057134e-06,0.010483848730928003,0.01048384872973429,1.1937117960769683e-12
7920.0,388.0345962136827,0.0,0.0,25.736095698714152,26.059055137102597,63.29242139066434,4.634418638894204,,,liquid,gas,26.41924004024999,26.839618585400732,1427.4179344319884,156.5579117847205,0.4003376650496582,3.6430194199965626e-06,0.010556709119327934,0.010556709118191065,1.1368683772161603e-12
7940.0,388.06752354427505,0.0,0.0,25.73626960473775,26.060539840422997,63.2921819988208,4.634432348600941,,,liquid,gas,26.42046943551476,26.842042079276123,1427.4178612648839,156.55798495182506,0.4003391587376128,3.6583552287083874e-06,0.010629876223902102,0.010629876222765233,1.1368683772161603e-12
7960.0,388.100486879381,0.0,0.0,25.7364437669328,26.0620261435714,63.291942216785294,4.634446085966913,,,liquid,gas,26.42169679441006,26.844464004362827,1427.4177877906695,156.5580584260395,0.40034065481881514,3.673710716611822e-06,0.010703350438234338,0.010703350437211157,1.0231815394945443e-12
7980.0,388.13348607491537,0.0,0.0,25.73661818468464,26.06351403996068,63.291702045312526,4.63445985096999,,,liquid,gas,26.42292212239244,26.84688436466831,1427.4177140089525,156.55813220775644,0.40034215328843625,3.689085849600815e-06,0.010777132155226354,0.01077713215414633,1.0800249583553523e-12
8000.0,388.1665209865009,0.0,0.0,25.736792857540507,26.065003523014795,63.29146148484793,4.634473643579195,,,liquid,gas,26.424145424903703,26.849303164186612,1427.4176399193418,156.5582062973673,0.40034365414360373,3.7044805367258958e-06,0.010851221765960872,0.010851221764994534,9.663381206337363e-13
8020.0,388.1995914716158,0.0,0.0,25.736967784733274,26.066494586198438,63.29122053644066,4.634487463779474,,,liquid,gas,26.42536670737082,26.851720406898398,1427.417565521447,156.55828069526228,0.40034515737762655,3.7198947438810136e-06,0.010925619660838493,0.010925619659985841,8.526512829121202e-13
8040.0,388.2326973862143,0.0,0.0,25.737142965652314,26.067987222970217,63.29097920083805,4.634501311532766,,,liquid,gas,26.426585975206,26.854136096771015,1427.4174908148789,156.55835540183043,0.400346662985723,3.735328402854066e-06,0.011000326228895574,0.011000326228128188,7.673861546209082e-13
8060.0,388.26583858922146,0.0,0.0,25.737318399802618,26.06948142684483,63.29073747857548,4.63451518682983,,,liquid,gas,26.427803233806873,26.85655023775852,1427.4174157992497,156.5584304174596,0.40034817096445285,3.750781456801633e-06,0.011075341858031607,0.011075341857292642,7.389644451905042e-13
8080.0,388.2990149376662,0.0,0.0,25.73749408658172,26.070977191325603,63.29049537038672,4.634529089634165,,,liquid,gas,26.42901848855643,26.858962833801733,1427.417340474173,156.55850574253645,0.4003496813091207,3.766253837511613e-06,0.011150666934781839,0.011150666934156561,6.252776074688882e-13
8100.0,388.3322262899106,0.0,0.0,25.73767002521602,26.07247450994922,63.29025287733683,4.63454301991925,,,liquid,gas,26.430231744823097,26.86137388882829,1427.417264839263,156.5585813774465,0.40035119401293606,3.7817454995092702e-06,0.011226301844772024,0.01122630184420359,5.684341886080801e-13
8120.0,388.36547250601797,0.0,0.0,25.737846215335438,26.073973376290688,63.290009999725555,4.634556977672784,,,liquid,gas,26.43144300796069,26.863783406752674,1427.4171888941355,156.5586573225741,0.4003527090739498,3.797256374582503e-06,0.011302246972263674,0.011302246971808927,4.547473508864641e-13
8140.0,388.398753444615,0.0,0.0,25.738022656106658,26.075473783919897,63.28976673873193,4.634570962860587,,,liquid,gas,26.432652283308734,26.866191391476264,1427.4171126384072,156.55873357830245,0.4003542264846509,3.812786417256575e-06,0.011378502700608806,0.011378502700154058,4.547473508864641e-13
8160.0,388.4320689657362,0.0,0.0,25.73819934710865,26.07697572644095,63.28952309475339,4.634584975459341,,,liquid,gas,26.433859576191963,26.868597846887383,1427.4170360716962,156.55881014501352,0.40035574624247283,3.828335547950701e-06,0.01145506941156782,0.01145506941122676,3.410605131648481e-13
8180.0,388.4654189294751,0.0,0.0,25.738376287686574,26.07847919747342,63.289279068632645,4.634599015441104,,,liquid,gas,26.435064891920746,26.871002776861342,1427.4169591936216,156.55888702308815,0.40035726834203256,3.8439037325588284e-06,0.011531947486218996,0.011531947485849514,3.694822225952521e-13
8200.0,388.4988031974451,0.0,0.0,25.738553477246693,26.079984190672537,63.28903466110047,4.634613082790146,,,liquid,gas,26.436268235791253,26.873406185260478,1427.4168820038037,156.55896421290603,0.4003587927786555,3.859490891500172e-06,0.011609137304049,0.011609137303736361,3.126388037344441e-13
8220.0,388.5322216308953,0.0,0.0,25.738730915196435,26.08149069970301,63.28878987288435,4.634627177481266,,,liquid,gas,26.437469613085206,26.8758080759342,1427.416804501864,156.55904171484573,0.400360319547688,3.875096990668681e-06,0.011686639243862373,0.011686639243436048,4.263256414560601e-13
8240.0,388.5656740906875,0.0,0.0,25.73890860094404,26.082998718238798,63.288544704709054,4.634641299479532,,,liquid,gas,26.43866902907001,26.87820845271904,1427.416726687425,156.55911952928466,0.4003618486444942,3.890721950483567e-06,0.011764453682872045,0.011764453682360454,5.115907697472721e-13
8260.0,388.5991604402957,0.0,0.0,25.739086533966436,26.084508240004403,63.28829915717593,4.634655448774856,,,liquid,gas,26.439866488998867,26.880607319438695,1427.4166485601106,156.55919765659905,0.4003633800652189,3.906365714101412e-06,0.011842580997154073,0.011842580996756169,3.979039320256561e-13
8280.0,388.63268054104424,0.0,0.0,25.739264713545158,26.08601925870901,63.2880532312528,4.634669625327182,,,liquid,gas,26.44106199811056,26.88300467990406,1427.4165701195457,156.559276097164,0.40036491380368877,3.922028247416165e-06,0.011921021562102396,0.011921021561704492,3.979039320256561e-13
8300.0,388.66623425728005,0.0,0.0,25.73944313909203,26.087531768118083,63.28780692766726,4.634683829126019,,,liquid,gas,26.442255561629835,26.88540053791328,1427.4164913653563,156.55935485135348,0.4003664498552508,3.937709470847039e-06,0.011999775751519337,0.011999775751178277,3.410605131648481e-13
8320.0,388.69982145272905,0.0,0.0,25.739621810224612,26.089045762002705,63.287560246753465,4.634698060148573,,,liquid,gas,26.44344718476734,26.887794897251784,1427.4164122971695,156.55943391954034,0.40036798821774106,3.9534093389193e-06,0.012078843938297723,0.012078843938041928,2.5579538487363607e-13
8340.0,388.7334419902706,0.0,0.0,25.739800726157107,26.090561234136615,63.28731318961165,4.634712318357115,,,liquid,gas,26.444636872719382,26.89018776169235,1427.4163329146136,156.55951330209626,0.4003695288841493,3.969127794789528e-06,0.012158226494193514,0.01215822649396614,2.2737367544323206e-13
8360.0,388.76709573515285,0.0,0.0,25.739979886305573,26.09207817834055,63.28706575696416,4.634726603736023,,,liquid,gas,26.445824630668355,26.89257913499512,1427.416253217318,156.55959299939184,0.4003710718498563,3.984864781614305e-06,0.0122379237898258,0.012237923789541583,2.8421709430404007e-13
8380.0,388.80078255225123,0.0,0.0,25.740159290230075,26.093596588444235,63.28681794925763,4.634740916260261,,,liquid,gas,26.447010463782465,26.894969020907666,1427.4161732049133,156.5596730117965,0.4003726171119875,4.000620231181529e-06,0.01231793619444943,0.012317936194193635,2.5579538487363607e-13
8400.0,388.8345023069904,0.0,0.0,25.740338937355645,26.095116458299188,63.28656976719788,4.634755255905977,,,liquid,gas,26.44819437721609,26.897357423165015,1427.4160928770314,156.55975333967856,0.4003741646660287,4.016394098016463e-06,0.01239826407640976,0.012398264076267651,1.4210854715202004e-13
8420.0,388.868254865329,0.0,0.0,25.740518826888362,26.09663778177835,63.2863212119092,4.634769622650389,,,liquid,gas,26.449376376109587,26.899744345489708,1427.4160122333046,156.55983398340527,0.40037571450481846,4.032186336644372e-06,0.012478907803142647,0.012478907802972117,1.7053025658242404e-13
8440.0,388.9020400927896,0.0,0.0,25.740698958544634,26.098160552762774,63.28607228354252,4.634784016460586,,,liquid,gas,26.450556465589262,26.902129791591822,1427.4159312733673,156.55991494334268,0.40037726662735373,4.047996867484471e-06,0.012559867740492336,0.01255986774037865,1.1368683772161603e-13
8460.0,388.9358578580319,0.0,0.0,25.740879331456362,26.099684765190798,63.285822983370984,4.634798437334688,,,liquid,gas,26.451734650767815,26.904513765169025,1427.4158499968541,156.5599962198558,0.4003788210255318,4.0638256564307085e-06,0.01264114425362095,0.012641144253507264,1.1368683772161603e-13
8480.0,388.9697080258355,0.0,0.0,25.741059945350333,26.101210412961134,63.28557331152344,4.634812885221148,,,liquid,gas,26.452910936743773,26.90689626990663,1427.4157684034014,156.5600778133085,0.4003803776984899,4.079672635270981e-06,0.01272273770632637,0.012722737706212683,1.1368683772161603e-13
8500.0,389.0035904656776,0.0,0.0,25.741240799352873,26.10273749005131,63.2853232692863,4.6348273601174,,,liquid,gas,26.454085328601987,26.909277309477613,1427.4156864926465,156.56015972406357,0.4003819366380419,4.09553774716187e-06,0.012804648461269608,0.012804648461269608,0.0
8520.0,389.03750504567137,0.0,0.0,25.74142189320476,26.104265990433902,63.28507285677086,4.634841862000181,,,liquid,gas,26.45525783141355,26.911656887542662,1427.4156042642273,156.56024195248264,0.4003834978434366,4.111420957997325e-06,0.012886876880429554,0.012886876880344289,8.526512829121202e-14
8540.0,389.0714516325828,0.0,0.0,25.741603226023436,26.10579590807671,63.284822075272906,4.634856390825727,,,liquid,gas,26.456428450235908,26.91403500775023,1427.4155217177836,156.56032449892635,0.40038506130642876,4.127322188196558e-06,0.012969423324193485,0.012969423324051377,1.4210854715202004e-13
8560.0,389.1054300969861,0.0,0.0,25.741784797563334,26.107327237013877,63.28457092488486,4.6348709465891105,,,liquid,gas,26.45759719011246,26.916411673736565,1427.4154388529557,156.5604073637541,0.40038662702638733,4.143241392284836e-06,0.013052288152039182,0.013052288151811808,2.2737367544323206e-13
8580.0,389.13944030779186,0.0,0.0,25.74196660693661,26.10885997127034,63.28431940691828,4.634885529261281,,,liquid,gas,26.458764056073303,26.918786889125748,1427.4153556693855,156.56049054732432,0.4003881949949679,4.159178513418738e-06,0.013135471722307557,0.01313547172202334,2.8421709430404007e-13
8600.0,389.1734821348407,0.0,0.0,25.742148653909016,26.110394104897566,63.28406752144196,4.6349001388189475,,,liquid,gas,26.459929053134655,26.92116065752976,1427.4152721667156,156.56057404999427,0.4003897652116893,4.175133494754846e-06,0.013218974392202654,0.01321897439197528,2.2737367544323206e-13
8620.0,389.2075554489158,0.0,0.0,25.742330937672158,26.11192963197366,63.28381526962157,4.634914775244727,,,liquid,gas,26.461092186299428,26.923532982548487,1427.4151883445895,156.56065787212023,0.40039133766913043,4.1911063021871085e-06,0.013302796518246396,0.013302796517933757,3.126388037344441e-13
8640.0,389.241660119158,0.0,0.0,25.742513457661914,26.11346654656772,63.283562652152504,4.634929438497424,,,liquid,gas,26.462253460556745,26.925903867769772,1427.4151042026524,156.5607420140573,0.40039291236284624,4.20709685613474e-06,0.01338693845536909,0.013386938454999608,3.694822225952521e-13
8660.0,389.27579601809657,0.0,0.0,25.74269621349258,26.115004842809135,63.283309669399785,4.634944128569916,,,liquid,gas,26.463412880882178,26.928273316769477,1427.4150197405502,156.5608264761595,0.400394489290482,4.223105111123004e-06,0.01347140055759155,0.013471400557193647,3.979039320256561e-13
8680.0,389.3099630172757,0.0,0.0,25.742879204522957,26.116544514827183,63.28305632221224,4.634958845438866,,,liquid,gas,26.464570452237904,26.930641333111506,1427.4149349579297,156.5609112587798,0.4003960684466221,4.239131021677167e-06,0.013556183178025094,0.013556183177513503,5.115907697472721e-13
8700.0,389.3441609881783,0.0,0.0,25.743062430287623,26.11808555676383,63.282802611104024,4.634973589075365,,,liquid,gas,26.465726179572886,26.93300792034785,1427.4148498544394,156.5609963622702,0.4003976498279689,4.255174519585125e-06,0.013641286668416797,0.013641286667905206,5.115907697472721e-13
8720.0,389.37838980383225,0.0,0.0,25.743245889964335,26.11962796279578,63.28254853727328,4.6349883594634065,,,liquid,gas,26.46688006782222,26.935373082018604,1427.4147644297282,156.56108178698148,0.400399233426897,4.271235559372144e-06,0.01372671137960424,0.013726711379177914,4.263256414560601e-13
8740.0,389.4126493357517,0.0,0.0,25.74342958336215,26.12117172709219,63.2822941007109,4.635003156564778,,,liquid,gas,26.46803212190796,26.937736821652052,1427.4146786834463,156.5611675332634,0.40040081924342,4.287314095563488e-06,0.01381245766151551,0.013812457661089184,4.263256414560601e-13
8760.0,389.44693945852447,0.0,0.0,25.743613509564945,26.12271684387803,63.282039302798665,4.635017980371735,,,liquid,gas,26.469182346738656,26.940099142764677,1427.414592615245,156.56125360146467,0.4004024072687512,4.303410059947055e-06,0.01389852586271445,0.01389852586237339,3.410605131648481e-13
8780.0,389.4812600454029,0.0,0.0,25.743797668300758,26.12426330737309,63.281784143686664,4.635032830856434,,,liquid,gas,26.470330747209555,26.942460048861204,1427.4145062247767,156.56133999193293,0.4004039975018972,4.319523418416793e-06,0.013984916331082786,0.013984916330628039,4.547473508864641e-13
8800.0,389.5156109707398,0.0,0.0,25.743982059026514,26.125811111825634,63.28152862404473,4.635047707998847,,,liquid,gas,26.471477328202983,26.944819543434637,1427.4144195116949,156.56142670501484,0.4004055899385766,4.3356540913919165e-06,0.014071629412910625,0.014071629412541142,3.694822225952521e-13
8820.0,389.5499921087478,0.0,0.0,25.744166681004916,26.127360251495176,63.28127274491272,4.635062611772587,,,liquid,gas,26.472622094587553,26.947177629966323,1427.4143324756537,156.56151374105588,0.4004071845721665,4.351802056135057e-06,0.014158665454033326,0.014158665453578578,4.547473508864641e-13
8840.0,389.5844033342431,0.0,0.0,25.744351533687635,26.128910720662745,63.28101650697205,4.635077542153453,,,liquid,gas,26.473765051218894,26.949534311925948,1427.414245116309,156.56160110040057,0.40040878139831276,4.367967233065429e-06,0.014246024798694634,0.014246024798268309,4.263256414560601e-13
8860.0,389.6188445227831,0.0,0.0,25.744536616728713,26.130462513632715,63.28075991052025,4.635092499121011,,,liquid,gas,26.474906202939586,26.95188959277162,1427.4141574333173,156.56168878339236,0.40041038041509,4.38414958807698e-06,0.014333707790456174,0.01433370779005827,3.979039320256561e-13
8880.0,389.65331555036704,0.0,0.0,25.74472192948947,26.13201562472861,63.28050295641402,4.635107482655202,,,liquid,gas,26.476045554578732,26.95424347594989,1427.414069426336,156.56177679037359,0.40041198161703523,4.4003490643262925e-06,0.0144217147717427,0.014421714771287952,4.547473508864641e-13
8900.0,389.687816291936,0.0,0.0,25.74490747153223,26.133570048272478,63.28024564512431,4.635122492719072,,,liquid,gas,26.47718311095296,26.956595964895794,1427.413981095024,156.56186512168568,0.40041358500112645,4.416565604969946e-06,0.014510046083842099,0.014510046083387351,4.547473508864641e-13
8920.0,389.72234662679335,0.0,0.0,25.745093242115942,26.1351257786594,63.27998797771217,4.635137529321124,,,liquid,gas,26.47831887686519,26.958947063032863,1427.4138924390406,156.56195377766895,0.4004151905606081,4.432799164533207e-06,0.014598702067132763,0.014598702066649594,4.831690603168681e-13
8940.0,389.75690642860064,0.0,0.0,25.745279240697037,26.13668281021973,63.2797299548468,4.635152592400369,,,liquid,gas,26.479452857105695,26.961296773773228,1427.413803458047,156.56204275866264,0.4004167982912039,4.449049686172657e-06,0.014687683060856216,0.014687683060344625,5.115907697472721e-13
8960.0,389.79149557818357,0.0,0.0,25.745465466953362,26.138241137395397,63.27947157679516,4.635167681973441,,,liquid,gas,26.480585056451734,26.963645100517585,1427.4137141517044,156.56213206500507,0.4004184081911837,4.465317124413559e-06,0.014776989403344487,0.014776989402776053,5.684341886080801e-13
8980.0,389.8261139499324,0.0,0.0,25.745651920243546,26.13980075455265,63.279212844414566,4.635182797978429,,,liquid,gas,26.48171547966766,26.965992046655284,1427.413624519676,156.56222169703346,0.40042002025508133,4.481601422412496e-06,0.014866621431792737,0.01486662143116746,6.252776074688882e-13
9000.0,389.8607614249152,0.0,0.0,25.745838600037594,26.14136165616247,63.27895375836924,4.635197940425463,,,liquid,gas,26.48284413150472,26.968337615564337,1427.4135345616255,156.56231165508402,0.4004216344786532,4.497902523326047e-06,0.014956579482259258,0.014956579481719245,5.400124791776761e-13
9020.0,389.89543788114656,0.0,0.0,25.746025505804052,26.14292383666656,63.27869431931692,4.635213109285026,,,liquid,gas,26.483971016701368,26.97068181061149,1427.4134442772176,156.56240193949188,0.4004232508576966,4.514220393048163e-06,0.015046863890120221,0.015046863889580209,5.400124791776761e-13
9040.0,389.9301431956369,0.0,0.0,25.746212637011624,26.144487290505634,63.278434527913,4.635228304511466,,,liquid,gas,26.485096139983536,26.97302463515223,1427.4133536661182,156.5624925505913,0.4004248693880241,4.5305549747354235e-06,0.01513747498961493,0.015137474988989652,6.252776074688882e-13
9060.0,389.96487725057267,0.0,0.0,25.746399993249508,26.14605201220429,63.27817438459708,4.63524352611398,,,liquid,gas,26.48621950606375,26.975366092530827,1427.4132627279942,156.56258348871535,0.40042649006681397,4.546906200175726e-06,0.015228413113618444,0.01522841311305001,5.684341886080801e-13
9080.0,389.9996399244291,0.0,0.0,25.746587573761737,26.147617996248798,63.27791389045639,4.635258774054578,,,liquid,gas,26.487341119642494,26.977706186080397,1427.4131714625132,156.56267475419625,0.4004281128871464,4.5632740466317046e-06,0.015319678594551078,0.015319678593954222,5.968558980384842e-13
9100.0,388.60084364911586,0.016818335831582373,0.33636671663164747,25.74557173378453,26.110755284979604,63.27594046817753,4.6253990235991544,,,liquid,gas,26.48845829349702,26.98002492484231,1427.4130796725856,156.22639982749226,0.40044057551313816,4.58949638186823e-06,0.015411468522188443,0.015411468521608629,5.79813974610488e-13
9120.0,386.92676115858666,0.02010775907371596,0.7385218981059667,25.744324721928514,26.06645135507241,63.27363721597415,4.613607116974558,,,liquid,gas,26.489565685229746,26.982282605761412,1427.4129869478809,155.82433737072267,0.40045512611756473,4.636235235011554e-06,0.015504193226888674,0.01550419322634311,5.455635943008019e-13
9140.0,385.26482082720753,0.020028735426791688,1.1390966066418005,25.743087843471287,26.022405152452393,63.27134746295093,4.6018608120007904,,,liquid,gas,26.49066335750001,26.98447965237489,1427.4128932631518,155.42385634691587,0.400469592070302,4.684236455432256e-06,0.015597877955997319,0.015597877955372264,6.250555628639631e-13
9160.0,383.6149167637096,0.019950201091996266,1.5381006284817258,25.74186101297781,25.978615343375182,63.26907109706411,4.590159833177388,,,liquid,gas,26.491751372974473,26.986616491616203,1427.4127985931116,155.02494699511612,0.4004839740550257,4.733502009912627e-06,0.01569254799619557,0.015692547995552975,6.425970866530406e-13
9180.0,382.96006054706436,0.019896518101182037,1.9360309905053665,25.734461669777534,25.948737020023003,63.03214850286541,4.589904724297256,0.00031484711255278425,,twophase,gas,26.49282297717227,26.98870209313752,1427.4127073359552,154.62710789024874,0.4019892707076124,4.562857816381438e-06,0.0157838051525232,0.015783805151806662,7.16537940093076e-13
9200.0,382.3641354103467,0.019871808179754414,2.333467154100455,25.72673483195073,25.919750596739284,62.78389855878029,4.590310426043519,0.0006463064494211044,,twophase,gas,26.4938702678411,26.99074680446324,1427.412624666841,154.22975439576783,0.40357872833597164,4.133455706778477e-06,0.01586647426665877,0.015866474265984642,6.741274205523951e-13
9220.0,381.77079813819097,0.01984773410577756,2.730421836216006,25.719033150655726,25.89087195640949,62.53772659993034,4.590725913655495,0.0009764055549431332,,twophase,gas,26.494893268654412,26.992750993201376,1427.4125506341493,153.83287374634406,0.4051673446375076,3.701634591379843e-06,0.015940506958486367,0.015940506957771827,7.145395386487507e-13
9240.0,381.1800324086802,0.01982381266438704,3.126898089503747,25.711356501189233,25.862100545524736,62.2936067985148,4.591151171340586,0.0013051542606519414,,twophase,gas,26.49589213487746,26.994714856464768,1427.4124851990605,153.4364629281452,0.40675511929443847,3.2717544399929464e-06,0.016005942047286226,0.0160059420466534,6.328271240363392e-13
9260.0,380.59182205594374,0.019800043090379794,3.5228989513113427,25.703704759967117,25.833435816142,62.05151375366492,4.591586183479426,0.0016325622986468535,,twophase,gas,26.496867019452207,26.99663859037995,1427.412428323001,153.04051894239706,0.4083420519857587,2.8438029744393134e-06,0.016062818106775012,0.016062818106102217,6.727951529228449e-13
9280.0,380.0061510227659,0.019776424625414936,3.9184274438196414,25.696077803919096,25.804877221387088,61.81142246663493,4.592030935450867,0.0019586393248869874,,twophase,gas,26.497818073535864,26.998522390095136,1427.4123799676408,152.6450388052489,0.4099281424935183,2.41776800748994e-06,0.01611117346692481,0.0161111734662458,6.790124018607457e-13
9300.0,379.42300337408125,0.01975295651674347,4.313486574154511,25.688475510673502,25.776424217111867,61.57330833978353,4.5924854132814765,0.0022833949106743374,,twophase,gas,26.49874544680171,27.00036644978159,1427.4123400948924,152.25001954766253,0.4115133906564891,1.993637420127925e-06,0.01615104621532737,0.016151046214745612,5.81756864903582e-13
9320.0,378.8423632937582,0.019729638017759933,4.708079334509709,25.680897758525077,25.748076261753415,61.337147168448176,4.592949603655537,0.0026068385438659074,,twophase,gas,26.49964928762556,27.002170962638868,1427.4123086669085,151.85545821529132,0.4130977963708143,1.5713991956545215e-06,0.01618247419924046,0.01618247419873331,5.071498776487715e-13
9340.0,378.2642150831798,0.019706468387816978,5.102208702266049,25.67334442642582,25.719832816339885,61.102915133468514,4.5934234939025025,0.0029289796294214286,,twophase,gas,26.50052974320911,27.003936120899372,1427.4122856460808,151.46135186836273,0.4146813595875862,1.1510413855830847e-06,0.01620549502695212,0.016205495026477834,4.742872761198669e-13
9360.0,377.6885431599432,0.019683446892176493,5.495877640109579,25.665815393977393,25.691693344487852,60.870588793764995,4.59390707198917,0.0032498274900917266,,twophase,gas,26.501386959666267,27.00566211583297,1427.4122709950382,151.06769758156176,0.4162640803112103,7.325521323764406e-07,0.01622014606959965,0.016220146069040986,5.586642259913788e-13
9380.0,377.11533205664136,0.019660572801968135,5.8890890961489415,25.65831054142435,25.663657312390956,60.64014507901706,4.594400326516207,0.0035693913671898912,,twophase,gas,26.50222108208632,27.007349137751554,1427.4122646766452,150.6744924439154,0.41784595859826223,3.159196467095171e-07,0.01622646446253384,0.01622646446204179,4.920508445138694e-13
9400.0,376.6498078955012,0.019639423211957885,6.281877560388099,25.652209704598718,25.652209704598718,60.452515887321404,4.592654578904119,0.0038305124626847173,0.9995363686229023,twophase,twophase,26.503034119404347,27.009005566760514,1427.412264315914,150.2817043404076,0.419142845781714,1.803656459742342e-08,0.01622682519382579,0.016226825193402128,4.2366110619695974e-13
9420.0,376.222520265474,0.01962212499071416,6.674320060202382,25.6466053107886,25.6466053107886,60.28032106860489,4.590122950828581,0.004070913620054594,0.9989090409666942,twophase,twophase,26.50383060684698,27.010651051515623,1427.412264315914,149.88926184059332,0.42034015570087596,0.0,0.01622682519382579,0.01622682519340568,4.2010839251815923e-13
9440.0,375.7960749579373,0.019605103237513744,7.066422124952657,25.641007510400954,25.641007510400954,60.1089524249434,4.587599743887503,0.004310907057198998,0.9982817905231689,twophase,twophase,26.50461086329806,27.012286875702348,1427.412264315914,149.49715977584304,0.4215385316407805,0.0,0.01622682519382579,0.016226825193404792,4.2099657093785936e-13
9460.0,375.3704703145015,0.019588113118994065,7.458184387332539,25.635416299393082,25.635416299393082,59.938404449487365,4.585084964608886,0.0045504939463613565,0.9976546123110546,twophase,twophase,26.505374918688695,27.013913058807127,1427.412264315914,149.10539751346317,0.42273797202976565,0.0,0.01622682519382579,0.01622682519341545,4.1033842990145786e-13
9480.0,374.9457046804558,0.019571154626313803,7.849607479858815,25.629831673724834,25.629831673724834,59.76867168374786,4.582578619647349,0.004789675454716969,0.9970275013378909,twophase,twophase,26.506122802949765,27.015529620288373,1427.412264315914,148.7139744209369,0.4239384752893225,0.0,0.01622682519382579,0.01622682519341012,4.156675004196586e-13
9500.0,374.52177681497045,0.01955422776518745,8.240692035162564,25.62425363475826,25.62425363475826,59.59974846688709,4.580080729993997,0.005028453085751311,0.9964004504419091,twophase,twophase,26.506854468843308,27.017136579571616,1427.412264315914,148.32288986563313,0.42514004161869573,0.0,0.01622682519382579,0.01622682519339591,4.298783551348606e-13
9520.0,374.09868510457346,0.019537332562688903,8.631438686416342,25.61868217891782,25.61868217891782,59.43162941829264,4.577591303825354,0.005266828025713562,0.9957734544101536,twophase,twophase,26.507569939864915,27.018733956042382,1427.412264315914,147.93214321437935,0.42634266957986583,0.0,0.01622682519382579,0.01622682519339591,4.298783551348606e-13
9540.0,373.6764277417696,0.01952046899389277,9.021848066294197,25.613117300025703,25.613117300025703,59.264309323954414,4.575110342582459,0.005504801291191674,0.9951465090615392,twophase,twophase,26.508269276708276,27.02032176906413,1427.412264315914,147.54173383450149,0.4275463568666707,0.0,0.01622682519382579,0.016226825193385253,4.405364961712621e-13
9560.0,373.25500303393585,0.019503637042495647,9.41192080714411,25.607558993367352,25.607558993367352,59.097782947442155,4.572637851666555,0.005742373986096038,0.9945196096227393,twophase,twophase,26.508952519161262,27.021900037975392,1427.412264315914,147.15166109365157,0.4287511016481009,0.0,0.01622682519382579,0.0162268251933817,4.440892098500626e-13
9580.0,372.83440931575245,0.019486836697156916,9.801657541087248,25.6020072545411,25.6020072545411,58.93204508337319,4.5701738374219,0.0059795472289671196,0.9938927511855201,twophase,twophase,26.509619702569417,27.023468782088212,1427.412264315914,146.76192435970842,0.42995690218843235,0.0,0.01622682519382579,0.01622682519336749,4.583000645652646e-13
9600.0,372.4146437860782,0.019470119018980638,10.191059921466861,25.59646206408823,25.59646206408823,58.767090131756774,4.567718300339171,0.006216322765436227,0.9932659269679005,twophase,twophase,26.510270860402915,27.025028020687664,1427.412264315914,146.3725219793288,0.43116375996952416,0.0,0.01622682519382579,0.016226825193372818,4.5297099404706387e-13
9620.0,371.99569146026306,0.019454026389660317,10.580140449260067,25.59092324131834,25.59092324131834,58.60290795321541,4.5652711742739305,0.006452708957300737,0.9926391108977523,twophase,twophase,26.510906024869094,27.0265777729026,1427.412264315914,145.9834414515356,0.4323717103578632,0.0,0.01622682519382579,0.0162268251933817,4.440892098500626e-13
9640.0,371.57754777136387,0.019438097479990635,10.96890239885988,25.58539074282994,25.58539074282994,58.4394924144583,4.562832450987333,0.006688708514697435,0.992012293156595,twophase,twophase,26.511525227242494,27.028118057674067,1427.412264315914,145.5946795019358,0.4335807601471797,0.0,0.01622682519382579,0.016226825193369265,4.565237077258644e-13
9660.0,371.16021119424124,0.019422197492511638,11.357346348710113,25.579864565347574,25.579864565347574,58.27683857232376,4.560402139199141,0.006924322497162506,0.991385468671483,twophase,twophase,26.512128498379244,27.02964889390646,1427.412264315914,145.20623555208556,0.43479090775026275,0.0,0.01622682519382579,0.016226825193374594,4.511946372076636e-13
9680.0,370.7436802084732,0.01940632642896247,11.745472877289362,25.57434470561721,25.57434470561721,58.114941524781734,4.557980247818304,0.0071595519609050345,0.9907586323475357,twophase,twophase,26.512715868860806,27.031170300478287,1427.412264315914,144.8181090235063,0.43600215157871725,0.0,0.01622682519382579,0.016226825193374594,4.511946372076636e-13
9700.0,370.3279532979444,0.01939048429143524,12.133282563118067,25.568831160401047,25.568831160401047,57.95379641076776,4.555566785930373,0.00739439795846174,0.9901317790698113,twophase,twophase,26.51328736907064,27.032682296242154,1427.412264315914,144.4302993376776,0.4372144900410416,0.0,0.01622682519382579,0.016226825193379923,4.4586556668946287e-13
9720.0,369.91302895056987,0.019374671082346584,12.520775984764999,25.563323926473892,25.563323926473892,57.79339840990398,4.553161762789437,0.0076288615385112024,0.9895049037044645,twophase,twophase,26.513843029245084,27.03418490002479,1427.412264315914,144.0428059160307,0.438427921541537,0.0,0.01622682519382579,0.016226825193388805,4.369837824924616e-13
9740.0,369.4989056581137,0.01935888680441824,12.907953720853364,25.557823000620978,25.557823000620978,57.63374274218925,4.550765187813197,0.007862943745733899,0.9888780010994803,twophase,twophase,26.5143828795086,27.03567813062708,1427.412264315914,143.6556281799423,0.4396424444794558,0.0,0.01622682519382579,0.016226825193378147,4.476419235288631e-13
9760.0,369.0855819160466,0.019343131460664863,13.294816350066661,25.55232837963615,25.55232837963615,57.47482466766094,4.54837707057961,0.008096645620715793,0.9882510660851249,twophase,twophase,26.514906949898986,27.037162006824065,1427.412264315914,143.268765550729,0.4408580572483783,0.0,0.01622682519382579,0.016226825193363936,4.618527782440651e-13
9780.0,368.6730562234461,0.019327405054385592,13.681364451154373,25.546840060320637,25.546840060320637,57.31663948603767,4.545997420824844,0.008329968199884158,0.9876240934742174,twophase,twophase,26.515415270385958,27.038636547365,1427.412264315914,142.8822174496413,0.4420747582357575,0.0,0.01622682519382579,0.016226825193378147,4.476419235288631e-13
9800.0,368.2613270829216,0.019311707589157835,14.06759860293753,25.541358039482194,25.541358039482194,57.15918253633993,4.543626248442135,0.008562912515480683,0.9869970780622727,twophase,twophase,26.515907870885105,27.040101770973376,1427.412264315914,142.49598329785815,0.4432925458226586,0.0,0.01622682519382579,0.016226825193378147,4.476419235288631e-13
9820.0,367.8503930005613,0.019296039068834148,14.453519384314212,25.535882313934508,25.535882313934508,57.00244919653583,4.541263563481288,0.008795479595503182,0.9863700146275504,twophase,twophase,26.516384781268595,27.041557696346946,1427.412264315914,142.11006251648146,0.44451141838333563,0.0,0.01622682519382579,0.016226825193378147,4.476419235288631e-13
9840.0,367.4402524858809,0.01928039949753959,14.839127374265004,25.53041288049656,25.53041288049656,56.846434883142194,4.538909376148434,0.009027670463719198,0.9857428979310398,twophase,twophase,26.51684603137351,27.04300434215778,1427.412264315914,141.72445452653068,0.44573137428518367,0.0,0.01622682519382579,0.016226825193385253,4.405364961712621e-13
9860.0,367.03090405178307,0.01926478887967047,15.224423151858414,25.524949735992266,25.524949735992266,56.69113505086313,4.536563696806247,0.009259486139630412,0.985115722716395,twophase,twophase,26.517291651008414,27.044441727052288,1427.412264315914,141.33915874893728,0.44695241188843327,0.0,0.01622682519382579,0.01622682519339591,4.298783551348606e-13
9880.0,366.62234627963625,0.019249207219893805,15.60940729625629,25.519492878120094,25.519492878120094,56.536545156178995,4.534226538320838,0.009490927692756102,0.9844884833483313,twophase,twophase,26.517721657644515,27.045869869651273,1427.412264315914,140.95417460453942,0.44817452983164646,0.0,0.01622682519382579,0.01622682519341012,4.156675004196586e-13
9900.0,366.21457811935096,0.019233654554270174,15.994080387341693,25.514042309469183,25.514042309469183,56.382660492328256,4.531897926927866,0.009721996493359197,0.983861172135858,twophase,twophase,26.5181359996272,27.04728878853941,1427.412264315914,140.56950151345401,0.44939772835167713,0.0,0.01622682519382579,0.01622682519341012,4.156675004196586e-13
9920.0,365.8075978526281,0.019218130893711736,16.378443005215928,25.508598023664213,25.508598023664213,56.229476762179125,4.52957786484666,0.00995269334768994,0.983233785093351,twophase,twophase,26.51853475230136,27.048698502273986,1427.412264315914,140.18513889557977,0.45062200473327346,0.0,0.01622682519382579,0.016226825193399463,4.263256414560601e-13
9940.0,365.40140394586837,0.019202636228540904,16.762495729786746,25.503160016753387,25.503160016753387,56.07698960387107,4.527266360962126,0.010183019208698348,0.9826063172166004,twophase,twophase,26.518917956702005,27.050099029392,1427.412264315914,139.80108617100896,0.45184735704726636,0.0,0.01622682519382579,0.01622682519341012,4.156675004196586e-13
9960.0,364.9959948999508,0.019187170560634036,17.146239140999427,25.49772828520453,25.49772828520453,55.92519467429442,4.524963425435507,0.010412975051034948,0.981978763311837,twophase,twophase,26.51928564795719,27.051490388406375,1427.412264315914,139.41734275979627,0.45307378349319716,0.0,0.01622682519382579,0.016226825193399463,4.263256414560601e-13
9980.0,364.591369230039,0.0191717338939128,17.529673818877683,25.49230282563596,25.49230282563596,55.77408766005146,4.522669068981994,0.010642561854234222,0.9813511181068066,twophase,twophase,26.519637859108123,27.052872597805372,1427.412264315914,139.033908081918,0.45430128231079697,0.0,0.01622682519382579,0.016226825193399463,4.263256414560601e-13
10000.0,364.18752546002645,0.019156326233324174,17.912800343544166,25.486883634742533,25.486883634742533,55.62366428020735,4.520383302673902,0.010871780598130465,0.9807233762809578,twophase,twophase,26.51997462215728,27.05424567605239,1427.412264315914,138.65078155725152,0.45552985175578076,0.0,0.01622682519382579,0.016226825193388805,4.369837824924616e-13
10020.0,363.7844621202544,0.01914094758449547,18.295619295234076,25.48147070926544,25.48147070926544,55.473920287216785,4.518106137860905,0.011100632260983364,0.9800955324776695,twophase,twophase,26.520295968499756,27.055609641585868,1427.412264315914,138.26796260556162,0.4567594900898869,0.0,0.01622682519382579,0.016226825193399463,4.263256414560601e-13
10040.0,363.38217774637127,0.019125597953581243,18.6781312543057,25.47606404597707,25.47606404597707,55.32485146722123,4.515837586130949,0.011329117818538391,0.9794675813102143,twophase,twophase,26.520601929138902,27.05696451281924,1427.412264315914,137.88545064649,0.457990195575826,0.0,0.01622682519382579,0.016226825193403016,4.227729277772596e-13
10060.0,362.98067087868696,0.019110277347182247,19.060336801249345,25.470663641672548,25.470663641672548,55.17645364005543,4.513577659289015,0.011557238243521662,0.9788395173649921,twophase,twophase,26.520892534807974,27.05831030814092,1427.412264315914,137.50324509954635,0.4592219664745152,0.0,0.01622682519382579,0.01622682519339591,4.298783551348606e-13
10080.0,362.5799400617773,0.01909498577229929,19.44223651669533,25.46526949316458,25.46526949316458,55.02872265913294,4.511326369344717,0.011784994505316738,0.9782113352033968,twophase,twophase,26.52116781604466,27.059647045914325,1427.412264315914,137.12134538410035,0.4604548010432669,0.0,0.01622682519382579,0.016226825193385253,4.405364961712621e-13
10100.0,362.179983844226,0.019079723236305846,19.823830981421448,25.459881597280138,25.459881597280138,54.881654411246345,4.509083728504879,0.01201238756977295,0.9775830293629353,twophase,twophase,26.521427803239636,27.060974744477857,1427.412264315914,136.73975091937425,0.46168869753466946,0.0,0.01622682519382579,0.01622682519339591,4.298783551348606e-13
10120.0,361.7808007784396,0.019064489746930136,20.20512077636005,25.45449995085806,25.45449995085806,54.73524481632354,4.506849749168852,0.012239418399083647,0.9769545943578923,twophase,twophase,26.521672526669725,27.06229342214495,1427.412264315914,136.35846112443565,0.46292365419583587,0.0,0.01622682519382579,0.016226825193403016,4.227729277772596e-13
10140.0,361.38238942053994,0.019049285312244278,20.586106482604936,25.44912455074778,25.44912455074778,54.58948982717292,4.50462444392607,0.012466087951684853,0.9763260246797205,twophase,twophase,26.521902016521345,27.063603097204094,1427.412264315914,135.97747541819075,0.4641596692677571,0.0,0.01622682519382579,0.016226825193388805,4.369837824924616e-13
10160.0,360.98474833025904,0.01903410994065613,20.96678868141806,25.443755393807944,25.443755393807944,54.44438542919446,4.502407825554341,0.012692397182211178,0.9756973147972391,twophase,twophase,26.522116302907634,27.064903787918855,1427.412264315914,135.59679321937762,0.46539674098496053,0.0,0.01622682519382579,0.016226825193378147,4.476419235288631e-13
10180.0,360.5878760708731,0.019018963640905006,21.34716795423616,25.43839247690575,25.43839247690575,54.2999276400947,4.500199907019312,0.012918347041450041,0.9750684591567109,twophase,twophase,26.522315415881213,27.06619551252792,1427.412264315914,135.21641394655953,0.46663486757515654,0.0,0.01622682519382579,0.016226825193388805,4.369837824924616e-13
10200.0,360.1917713670163,0.019003846427246528,21.72724488278109,25.43303579905195,25.43303579905195,54.156112428832216,4.4980007073689094,0.013143938608278843,0.9744394512629887,twophase,twophase,26.522499355446126,27.067478289243404,1427.412264315914,134.8363370180146,0.4678740479567054,0.0,0.01622682519382579,0.01622682519339591,4.298783551348606e-13
10220.0,360.1442204579389,0.003166049587395037,21.79056587452899,25.432392471678174,25.432392471678174,54.132774906502824,4.497593246272013,0.013180834815596386,0.9743973549080993,twophase,twophase,26.52267335120101,27.068754582724296,1427.412264315914,134.7730160262667,0.46807575609120233,0.0,0.01622682519382579,0.01622682519339591,4.298783551348606e-13
10240.0,360.1663022582089,0.0,21.79056587452899,25.432691228935028,25.432691228935028,54.13346351537552,4.497542902175761,0.013180025250515152,0.9744727441309917,twophase,twophase,26.522847873229697,27.07002929624921,1427.412264315914,134.7730160262667,0.46806980189766273,0.0,0.01622682519382579,0.01622682519339591,4.298783551348606e-13
10260.0,360.18838793765644,0.0,21.79056587452899,25.4329900258147,25.4329900258147,54.13415403166361,4.497492421054746,0.01317921249339573,0.9745481794679663,twophase,twophase,26.523022919670343,27.07130243237733,1427.412264315914,134.7730160262667,0.46806383136338625,0.0,0.01622682519382579,0.01622682519339591,4.298783551348606e-13
10280.0,360.2104774939238,0.0,21.79056587452899,25.433288862279863,25.433288862279863,54.13484645133548,4.497441803215514,0.013178396550251322,0.9746236608504497,twophase,twophase,26.523198488969967,27.072573993789305,1427.412264315914,134.7730160262667,0.4680578445244873,0.0,0.01622682519382579,0.01622682519339591,4.298783551348606e-13
10300.0,360.23257092485176,0.0,21.79056587452899,25.433587738295877,25.433587738295877,54.13554077043697,4.497391048966495,0.013177577426974497,0.9746991882099844,twophase,twophase,26.52337457958002,27.073843983161098,1427.412264315914,134.7730160262667,0.4680518414164102,0.0,0.01622682519382579,0.01622682519339591,4.298783551348606e-13
10320.0,360.25466822830015,0.0,21.79056587452899,25.4338866538284,25.4338866538284,54.13623698503309,4.497340158615811,0.013176755129428957,0.9747747614782292,twophase,twophase,26.523551189956375,27.07511240316399,1427.412264315914,134.7730160262667,0.4680458220744337,0.0,0.01622682519382579,0.01622682519339591,4.298783551348606e-13
10340.0,360.27676940210193,0.0,21.79056587452899,25.434185608842682,25.434185608842682,54.13693509118724,4.49728913247066,0.013175929663482008,0.974850380586955,twophase,twophase,26.523728318559307,27.076379256464588,1427.412264315914,134.7730160262667,0.4680397865338501,0.0,0.01622682519382579,0.01622682519339591,4.298783551348606e-13
10360.0,360.2988744440972,0.0,21.79056587452899,25.434484603304107,25.434484603304107,54.137635084978044,4.497237970837781,0.013175101034978138,0.9749260454680474,twophase,twophase,26.523905963853487,27.07764454572484,1427.412264315914,134.7730160262667,0.46803373482981997,0.0,0.01622682519382579,0.01622682519339591,4.298783551348606e-13
10380.0,360.32098335211975,0.0,21.79056587452899,25.434783637177965,25.434783637177965,54.13833696248815,4.497186674023269,0.013174269249756709,0.975001756053507,twophase,twophase,26.52408412430797,27.07890827360204,1427.412264315914,134.7730160262667,0.46802766699746906,0.0,0.01622682519382579,0.01622682519339591,4.298783551348606e-13
10400.0,360.34309612399727,0.0,21.79056587452899,25.435082710429477,25.435082710429477,54.1390407198139,4.497135242332591,0.013173434313636498,0.9750775122754464,twophase,twophase,26.524262798396176,27.080170442748827,1427.412264315914,134.7730160262667,0.46802158307180425,0.0,0.01622682519382579,0.01622682519339591,4.298783551348606e-13
10420.0,360.3652127575486,0.0,21.79056587452899,25.435381823023747,25.435381823023747,54.139746353052644,4.497083676070546,0.013172596232436008,0.9751533140660918,twophase,twophase,26.524441984595892,27.08143105581321,1427.412264315914,134.7730160262667,0.46801548308782365,0.0,0.01622682519382579,0.01622682519339591,4.298783551348606e-13
10440.0,360.3873332505992,0.0,21.79056587452899,25.435680974925965,25.435680974925965,54.14045385831896,4.4970319755414385,0.013171755011947582,0.9752291613577845,twophase,twophase,26.524621681389245,27.08269011543856,1427.412264315914,134.7730160262667,0.46800936708037627,0.0,0.01622682519382579,0.01622682519339591,4.298783551348606e-13
10460.0,360.4094576009547,0.0,21.79056587452899,25.43598016610107,25.43598016610107,54.14116323172816,4.4969801410487955,0.013170910657963665,0.9753050540829759,twophase,twophase,26.5248018872627,27.083947624263637,1427.412264315914,134.7730160262667,0.46800323508430447,0.0,0.01622682519382579,0.01622682519339591,4.298783551348606e-13
10480.0,360.4315858064241,0.0,21.79056587452899,25.436279396514056,25.436279396514056,54.141874469405806,4.49692817289562,0.013170063176261597,0.9753809921742324,twophase,twophase,26.524982600707048,27.085203584922578,1427.412264315914,134.7730160262667,0.46799708713436156,0.0,0.01622682519382579,0.01622682519339591,4.298783551348606e-13
10500.0,360.45371786481246,0.0,21.79056587452899,25.436578666129837,25.436578666129837,54.14258756748957,4.49687607138429,0.013169212572600734,0.9754569755642324,twophase,twophase,26.525163820217383,27.086458000044924,1427.412264315914,134.7730160262667,0.46799092326519615,0.0,0.01622682519382579,0.01622682519339591,4.298783551348606e-13
10520.0,360.47585377391823,0.0,21.79056587452899,25.436877974913294,25.436877974913294,54.143302522123335,4.49682383681659,0.013168358852731803,0.9755330041857673,twophase,twophase,26.525345544293103,27.087710872255613,1427.412264315914,134.7730160262667,0.4679847435114027,0.0,0.01622682519382579,0.01622682519339591,4.298783551348606e-13
10540.0,360.49799353153685,0.0,21.79056587452899,25.437177322829218,25.437177322829218,54.14401932945485,4.49677146949366,0.013167502022400633,0.9756090779717403,twophase,twophase,26.52552777143789,27.088962204174997,1427.412264315914,134.7730160262667,0.4679785479075421,0.0,0.01622682519382579,0.01622682519339591,4.298783551348606e-13
10560.0,360.52013713545693,0.0,21.79056587452899,25.43747670984235,25.43747670984235,54.14473798564859,4.496718969716045,0.013166642087327603,0.9756851968551671,twophase,twophase,26.525710500159704,27.090211998418848,1427.412264315914,134.7730160262667,0.4679723364880302,0.0,0.01622682519382579,0.01622682519339591,4.298783551348606e-13
10580.0,360.5422845834619,0.0,21.79056587452899,25.437776135917353,25.437776135917353,54.145458486870204,4.496666337783652,0.013165779053232523,0.975761360769175,twophase,twophase,26.525893728970768,27.09146025759837,1427.412264315914,134.7730160262667,0.4679661092872724,0.0,0.01622682519382579,0.01622682519339591,4.298783551348606e-13
10600.0,360.5644358733305,0.0,21.79056587452899,25.438075601018838,25.438075601018838,54.146180829295275,4.496613573995789,0.013164912925820556,0.9758375696470034,twophase,twophase,26.526077456387554,27.0927069843202,1427.412264315914,134.7730160262667,0.4679598663395879,0.0,0.01622682519382579,0.01622682519339591,4.298783551348606e-13
10620.0,360.58659100284,0.0,21.79056587452899,25.438375105111398,25.438375105111398,54.14690500911133,4.496560678651191,0.013164043710779142,0.9759138234220031,twophase,twophase,26.52626168093078,27.093952181186417,1427.412264315914,134.7730160262667,0.46795360767919225,0.0,0.01622682519382579,0.01622682519339591,4.298783551348606e-13
10640.0,360.60874996976065,0.0,21.79056587452899,25.43867464815952,25.43867464815952,54.14763102250814,4.496507652047939,0.013163171413793296,0.975990122027637,twophase,twophase,26.52644640112539,27.095195850794564,1427.412264315914,134.7730160262667,0.46794733334028127,0.0,0.01622682519382579,0.01622682519339591,4.298783551348606e-13
10660.0,360.6309127718632,0.0,21.79056587452899,25.438974230127737,25.438974230127737,54.148358865689964,4.496454494483609,0.013162296040526319,0.9760664653974779,twophase,twophase,26.526631615500545,27.096437995737634,1427.412264315914,134.7730160262667,0.4679410433569252,0.0,0.01622682519382579,0.01622682519339591,4.298783551348606e-13
10680.0,360.65307940690127,0.0,21.79056587452899,25.439273850980328,25.439273850980328,54.1490885348623,4.496401206254976,0.01316141759664056,0.9761428534652118,twophase,twophase,26.526817322589608,27.097678618604096,1427.412264315914,134.7730160262667,0.46793473776318306,0.0,0.01622682519382579,0.01622682519339591,4.298783551348606e-13
10700.0,360.67524987263516,0.0,21.79056587452899,25.439573510681672,25.439573510681672,54.1498200262429,4.496347787658371,0.013160536087780202,0.9762192861646336,twophase,twophase,26.52700352093014,27.098917721977898,1427.412264315914,134.7730160262667,0.46792841659300755,0.0,0.01622682519382579,0.01622682519339591,4.298783551348606e-13
10720.0,360.6974241668195,0.0,21.79056587452899,25.439873209196097,25.439873209196097,54.150553336059694,4.4962942389895195,0.013159651519574359,0.9762957634296493,twophase,twophase,26.52719020906389,27.10015530843847,1427.412264315914,134.7730160262667,0.46792207988026313,0.0,0.01622682519382579,0.01622682519339591,4.298783551348606e-13
10740.0,360.71960228720593,0.0,21.79056587452899,25.44017294648786,25.44017294648786,54.15128846054583,4.496240560543525,0.013158763897645137,0.9763722851942768,twophase,twophase,26.527377385536763,27.101391380560738,1427.412264315914,134.7730160262667,0.46791572765876843,0.0,0.01622682519382579,0.01622682519339591,4.298783551348606e-13
10760.0,360.7417842315305,0.0,21.79056587452899,25.44047272252104,25.44047272252104,54.152025395941685,4.496186752614787,0.013157873227604122,0.976448851392643,twophase,twophase,26.52756504889884,27.102625940915132,1427.412264315914,134.7730160262667,0.46790935996227934,0.0,0.01622682519382579,0.01622682519339591,4.298783551348606e-13
10780.0,360.76396999753933,0.0,21.79056587452899,25.44077253725986,25.44077253725986,54.1527641384973,4.496132815497284,0.013156979515048937,0.976525461958986,twophase,twophase,26.527753197704342,27.10385899206759,1427.412264315914,134.7730160262667,0.46790297682446785,0.0,0.01622682519382579,0.01622682519339591,4.298783551348606e-13
10800.0,360.78615958296336,0.0,21.79056587452899,25.441072390668317,25.441072390668317,54.15350468446985,4.496078749484237,0.013156082765566858,0.976602116827653,twophase,twophase,26.52794183051163,27.105090536579567,1427.412264315914,134.7730160262667,0.4678965782789434,0.0,0.01622682519382579,0.01622682519339591,4.298783551348606e-13
10820.0,360.8083529855363,0.0,21.79056587452899,25.441372282710486,25.441372282710486,54.15424703012633,4.4960245548683915,0.013155182984730791,0.9766788159331015,twophase,twophase,26.528130945883188,27.106320577008052,1427.412264315914,134.7730160262667,0.4678901643592304,0.0,0.01622682519382579,0.01622682519339591,4.298783551348606e-13
10840.0,360.83055020298406,0.0,21.79056587452899,25.441672213350298,25.441672213350298,54.15499117174092,4.495970231941817,0.01315428017810328,0.9767555592098988,twophase,twophase,26.528320542385615,27.107549115905563,1427.412264315914,134.7730160262667,0.4678837350987906,0.0,0.01622682519382579,0.01622682519339591,4.298783551348606e-13
10860.0,360.85275123302847,0.0,21.79056587452899,25.441972182551684,25.441972182551684,54.15573710559357,4.495915780996033,0.013153374351239002,0.9768323465927218,twophase,twophase,26.528510618589618,27.108776155820163,1427.412264315914,134.7730160262667,0.46787729053103533,0.0,0.01622682519382579,0.01622682519339591,4.298783551348606e-13
10880.0,360.87495607339025,0.0,21.79056587452899,25.44227219027852,25.44227219027852,54.156484827976115,4.495861202321963,0.013152465509674758,0.9769091780163562,twophase,twophase,26.528701173069994,27.110001699295466,1427.412264315914,134.7730160262667,0.46787083068927254,0.0,0.01622682519382579,0.01622682519339591,4.298783551348606e-13
10900.0,360.8971647217793,0.0,21.79056587452899,25.442572236494573,25.442572236494573,54.15723433518438,4.495806496209891,0.013151553658942163,0.9769860534156978,twophase,twophase,26.52889220440562,27.111225748870645,1427.412264315914,134.7730160262667,0.4678643556067755,0.0,0.01622682519382579,0.01622682519339591,4.298783551348606e-13
10920.0,360.91937717590804,0.0,21.79056587452899,25.44287232116364,25.44287232116364,54.15798562352572,4.495751662949578,0.013150638804555654,0.9770629727257504,twophase,twophase,26.529083711179442,27.112448307080438,1427.412264315914,134.7730160262667,0.4678578653167167,0.0,0.01622682519382579,0.01622682519339591,4.298783551348606e-13
10940.0,360.9415934334836,0.0,21.79056587452899,25.443172444249438,25.443172444249438,54.15873868931303,4.495696702830165,0.013149720952022024,0.9771399358816283,twophase,twophase,26.529275691978473,27.113669376455164,1427.412264315914,134.7730160262667,0.46785135985222054,0.0,0.01622682519382579,0.01622682519339591,4.298783551348606e-13
10960.0,360.9638134921999,0.0,21.79056587452899,25.443472605715527,25.443472605715527,54.15949352886631,4.4956416161401265,0.013148800106837832,0.9772169428185512,twophase,twophase,26.529468145393764,27.11488895952072,1427.412264315914,134.7730160262667,0.46784483924634973,0.0,0.01622682519382579,0.01622682519339591,4.298783551348606e-13
10980.0,360.98603734976484,0.0,21.79056587452899,25.44377280552567,25.44377280552567,54.16025013851795,4.495586403167554,0.01314787627448114,0.9772939934718513,twophase,twophase,26.52966107002041,27.11610705879859,1427.412264315914,134.7730160262667,0.4678383035320584,0.0,0.01622682519382579,0.01622682519339591,4.298783551348606e-13
11000.0,361.00826500386427,0.0,21.79056587452899,25.444073043643304,25.444073043643304,54.16100851460519,4.49553106419972,0.013146949460423255,0.9773710877769668,twophase,twophase,26.529854464457532,27.11732367680587,1427.412264315914,134.7730160262667,0.46783175274225924,0.0,0.01622682519382579,0.01622682519339591,4.298783551348606e-13
11020.0,361.0304964521897,0.0,21.79056587452899,25.444373320031982,25.444373320031982,54.161768653469366,4.495475599523455,0.013146019670130335,0.9774482256694437,twophase,twophase,26.53004832730827,27.118538816055253,1427.412264315914,134.7730160262667,0.4678251869098281,0.0,0.01622682519382579,0.01622682519339591,4.298783551348606e-13
11040.0,361.05273169242804,0.0,21.79056587452899,25.444673634655185,25.444673634655185,54.16253055146878,4.495420009424979,0.013145086909042428,0.9775254070849385,twophase,twophase,26.530242657179755,27.119752479055045,1427.412264315914,134.7730160262667,0.4678186060674938,0.0,0.01622682519382579,0.01622682519339591,4.298783551348606e-13
11060.0,361.07497072225686,0.0,21.79056587452899,25.44497398747627,25.44497398747627,54.163294204959904,4.495364294189874,0.013144151182603743,0.977602631959212,twophase,twophase,26.53043745268313,27.120964668309185,1427.412264315914,134.7730160262667,0.46781201024800056,0.0,0.01622682519382579,0.01622682519339591,4.298783551348606e-13
11080.0,361.0972135393583,0.0,21.79056587452899,25.445274378458677,25.445274378458677,54.16405961031413,4.495308454103242,0.013143212496235885,0.9776799002281366,twophase,twophase,26.530632712433512,27.122175386317235,1427.412264315914,134.7730160262667,0.4678053994839627,0.0,0.01622682519382579,0.01622682519339591,4.298783551348606e-13
11100.0,361.1194601414004,0.0,21.79056587452899,25.445574807565635,25.445574807565635,54.16482676390641,4.49525248944947,0.013142270855355702,0.9777572118276884,twophase,twophase,26.530828435049994,27.123384635574396,1427.412264315914,134.7730160262667,0.46779877380796325,0.0,0.01622682519382579,0.01622682519339591,4.298783551348606e-13
11120.0,361.14171052605434,0.0,21.79056587452899,25.445875274760446,25.445875274760446,54.165595662121774,4.495196400512466,0.013141326265365344,0.9778345666939544,twophase,twophase,26.531024619155627,27.12459241857152,1427.412264315914,134.7730160262667,0.4677921332524976,0.0,0.01622682519382579,0.01622682519339591,4.298783551348606e-13
11140.0,361.1639646909877,0.0,21.79056587452899,25.446175780006357,25.446175780006357,54.16636630135281,4.495140187575555,0.013140378731655881,0.9779119647631258,twophase,twophase,26.531221263377418,27.12579873779511,1427.412264315914,134.7730160262667,0.46778547784999464,0.0,0.01622682519382579,0.01622682519339591,4.298783551348606e-13
11160.0,361.18622263385936,0.0,21.79056587452899,25.446476323266502,25.446476323266502,54.16713867799825,4.495083850921423,0.01313942825960977,0.9779894059715029,twophase,twophase,26.531418366346315,27.127003595727334,1427.412264315914,134.7730160262667,0.46777880763283003,0.0,0.01622682519382579,0.01622682519339591,4.298783551348606e-13
11180.0,361.2084843523276,0.0,21.79056587452899,25.44677690450402,25.44677690450402,54.167912788466445,4.4950273908322265,0.013138474854595144,0.9780668902554916,twophase,twophase,26.5316159266972,27.128206994846025,1427.412264315914,134.7730160262667,0.4677721226332953,0.0,0.01622682519382579,0.01622682519339591,4.298783551348606e-13
11200.0,361.2307498440469,0.0,21.79056587452899,25.447077523682,25.447077523682,54.168688629171,4.494970807589542,0.013137518521973056,0.9781444175516056,twophase,twophase,26.531813943068865,27.1294089376247,1427.412264315914,134.7730160262667,0.4677654228836359,0.0,0.01622682519382579,0.01622682519339591,4.298783551348606e-13
11220.0,361.2530191066624,0.0,21.79056587452899,25.447378180763415,25.447378180763415,54.16946619653511,4.494914101474307,0.013136559267090139,0.9782219877964641,twophase,twophase,26.532012414104024,27.130609426532555,1427.412264315914,134.7730160262667,0.46775870841601364,0.0,0.01622682519382579,0.01622682519339591,4.298783551348606e-13
11240.0,361.27529213782975,0.0,21.79056587452899,25.447678875711365,25.447678875711365,54.170245486992165,4.49485727276704,0.013135597095278093,0.9782996009267939,twophase,twophase,26.532211338449283,27.13180846403449,1427.412264315914,134.7730160262667,0.46775197926250145,0.0,0.01622682519382579,0.01622682519339591,4.298783551348606e-13
11260.0,361.2975689351822,0.0,21.79056587452899,25.447979608488673,25.447979608488673,54.171026496975685,4.494800321747481,0.01313463201186931,0.9783772568794267,twophase,twophase,26.532410714755144,27.133006052591092,1427.412264315914,134.7730160262667,0.4677452354551705,0.0,0.01622682519382579,0.01622682519339591,4.298783551348606e-13
11280.0,361.31984949636404,0.0,21.79056587452899,25.44828037905833,25.44828037905833,54.17180922293672,4.494743248694988,0.013133664022169455,0.978454955591301,twophase,twophase,26.532610541675982,27.134202194658673,1427.412264315914,134.7730160262667,0.4677384770259396,0.0,0.01622682519382579,0.01622682519339591,4.298783551348606e-13
11300.0,361.3421338190081,0.0,21.79056587452899,25.448581187383137,25.448581187383137,54.172593661325365,4.494686053888217,0.013132693131486737,0.9785326969994619,twophase,twophase,26.532810817870047,27.13539689268925,1427.412264315914,134.7730160262667,0.46773170400673514,0.0,0.01622682519382579,0.01622682519339591,4.298783551348606e-13
11320.0,361.3644219007475,0.0,21.79056587452899,25.448882033425942,25.448882033425942,54.173379808604494,4.494628737605334,0.013131719345110102,0.9786104810410587,twophase,twophase,26.533011541999443,27.13659014913057,1427.412264315914,134.7730160262667,0.46772491642937214,0.0,0.01622682519382579,0.01622682519339591,4.298783551348606e-13
11340.0,361.3867137392049,0.0,21.79056587452899,25.44918291714944,25.44918291714944,54.174167661239075,4.494571300123838,0.013130742668326216,0.9786883076533484,twophase,twophase,26.533212712730126,27.137781966426104,1427.412264315914,134.7730160262667,0.46771811432564675,0.0,0.01622682519382579,0.01622682519339591,4.298783551348606e-13
11360.0,361.40900933201,0.0,21.79056587452899,25.44948383851643,25.44948383851643,54.17495721571089,4.494513741720798,0.013129763106396007,0.9787661767736917,twophase,twophase,26.533414328731894,27.138972347015077,1427.412264315914,134.7730160262667,0.46771129772720915,0.0,0.01622682519382579,0.01622682519339591,4.298783551348606e-13
11380.0,361.43130867677843,0.0,21.79056587452899,25.44978479748951,25.44978479748951,54.175748468500295,4.494456062672572,0.013128780664583714,0.9788440883395552,twophase,twophase,26.533616388678368,27.14016129333245,1427.412264315914,134.7730160262667,0.46770446666572085,0.0,0.01622682519382579,0.01622682519339591,4.298783551348606e-13
11400.0,361.4536117711276,0.0,21.79056587452899,25.450085794031345,25.450085794031345,54.17654141609841,4.494398263255043,0.013127795348137562,0.9789220422885113,twophase,twophase,26.533818891246998,27.141348807808946,1427.412264315914,134.7730160262667,0.46769762117274954,0.0,0.01622682519382579,0.01622682519339591,4.298783551348606e-13
11420.0,361.4759186126746,0.0,21.79056587452899,25.450386828104584,25.450386828104584,54.17733605500826,4.494340343743566,0.013126807162287753,0.9790000385582366,twophase,twophase,26.534021835119034,27.142534892871048,1427.412264315914,134.7730160262667,0.4676907612797594,0.0,0.01622682519382579,0.01622682519339591,4.298783551348606e-13
11440.0,361.49822919902294,0.0,21.79056587452899,25.450687899671678,25.450687899671678,54.178132381730975,4.4942823044127795,0.013125816112268686,0.9790780770865136,twophase,twophase,26.534225218979532,27.14371955094101,1427.412264315914,134.7730160262667,0.46768388701822994,0.0,0.01622682519382579,0.01622682519339591,4.298783551348606e-13
11460.0,361.5205435277826,0.0,21.79056587452899,25.450989008695192,25.450989008695192,54.17893039278364,4.494224145536909,0.013124822203290235,0.9791561578112283,twophase,twophase,26.53442904151734,27.144902784436866,1427.412264315914,134.7730160262667,0.46767699841950183,0.0,0.01622682519382579,0.01622682519339591,4.298783551348606e-13
11480.0,361.5428615965549,0.0,21.79056587452899,25.45129015513758,25.45129015513758,54.179730084687115,4.494165867389548,0.01312382544055737,0.9792342806703728,twophase,twophase,26.534633301425078,27.146084595772432,1427.412264315914,134.7730160262667,0.4676700955148824,0.0,0.01622682519382579,0.01622682519339591,4.298783551348606e-13
11500.0,361.56518340293474,0.0,21.79056587452899,25.4515913389612,25.4515913389612,54.18053145396941,4.494107470243683,0.013122825829264707,0.9793124456020419,twophase,twophase,26.534837997399148,27.14726498735732,1427.412264315914,134.7730160262667,0.4676631783356165,0.0,0.01622682519382579,0.01622682519339591,4.298783551348606e-13
11520.0,361.5875089445241,0.0,21.79056587452899,25.451892560128538,25.451892560128538,54.181334497169516,4.494048954371892,0.013121823374590424,0.9793906525444365,twophase,twophase,26.53504312813971,27.148443961596946,1427.412264315914,134.7730160262667,0.46765624691285274,0.0,0.01622682519382579,0.01622682519339591,4.298783551348606e-13
11540.0,361.6098382189115,0.0,21.79056587452899,25.452193818601888,25.452193818601888,54.18213921083072,4.493990320046057,0.013120818081706748,0.979468901435861,twophase,twophase,26.535248692350674,27.14962152089253,1427.412264315914,134.7730160262667,0.4676493012777021,0.0,0.01622682519382579,0.01622682519339591,4.298783551348606e-13
11560.0,361.63217122368525,0.0,21.79056587452899,25.452495114343524,25.452495114343524,54.18294559150191,4.493931567537516,0.013119809955778196,0.9795471922147245,twophase,twophase,26.5354546887397,27.15079766764111,1427.412264315914,134.7730160262667,0.4676423414612261,0.0,0.01622682519382579,0.01622682519339591,4.298783551348606e-13
11580.0,361.6545079564279,0.0,21.79056587452899,25.452796447315684,25.452796447315684,54.183753635742065,4.493872697117063,0.013118799001954048,0.9796255248195381,twophase,twophase,26.53566111601818,27.15197240423555,1427.412264315914,134.7730160262667,0.46763536749439816,0.0,0.01622682519382579,0.01622682519339591,4.298783551348606e-13
11600.0,361.67684841472266,0.0,21.79056587452899,25.453097817480614,25.453097817480614,54.18456334011989,4.493813709054969,0.013117785225369214,0.979703899188919,twophase,twophase,26.535867972901226,27.153145733064537,1427.412264315914,134.7730160262667,0.46762837940810675,0.0,0.01622682519382579,0.01622682519339591,4.298783551348606e-13
11620.0,361.69919259615165,0.0,21.79056587452899,25.453399224800535,25.453399224800535,54.18537470120913,4.493754603620961,0.013116768631151464,0.9797823152615873,twophase,twophase,26.536075258107672,27.154317656512607,1427.412264315914,134.7730160262667,0.4676213772331957,0.0,0.01622682519382579,0.01622682519339591,4.298783551348606e-13
11640.0,361.72154049828515,0.0,21.79056587452899,25.45370066923753,25.45370066923753,54.186187715587735,4.493695381084136,0.013115749224423103,0.979860772976366,twophase,twophase,26.536282970360062,27.155488176960137,1427.412264315914,134.7730160262667,0.46761436100047177,0.0,0.01622682519382579,0.01622682519339591,4.298783551348606e-13
11660.0,361.74389211869374,0.0,21.79056587452899,25.45400215075368,25.45400215075368,54.18700237984591,4.493636041713046,0.013114727010287614,0.9799392722721834,twophase,twophase,26.53649110838463,27.15665729678336,1427.412264315914,134.7730160262667,0.4676073307406349,0.0,0.01622682519382579,0.01622682519339591,4.298783551348606e-13
11680.0,361.7662474549475,0.0,21.79056587452899,25.454303669311066,25.454303669311066,54.187818690578915,4.493576585775746,0.013113701993841589,0.9800178130880688,twophase,twophase,26.53669967091131,27.15782501835437,1427.412264315914,134.7730160262667,0.46760028648434,0.0,0.01622682519382579,0.01622682519339591,4.298783551348606e-13
11700.0,361.7886065046104,0.0,21.79056587452899,25.45460522487171,25.45460522487171,54.188636644390634,4.493517013539713,0.013112674180168891,0.9800963953631557,twophase,twophase,26.53690865667371,27.158991344041127,1427.412264315914,134.7730160262667,0.4675932282621669,0.0,0.01622682519382579,0.01622682519339591,4.298783551348606e-13
11720.0,361.8109692652428,0.0,21.79056587452899,25.454906817397568,25.454906817397568,54.18945623788903,4.493457325271842,0.013111643574347806,0.9801750190366822,twophase,twophase,26.537118064409114,27.16015627620747,1427.412264315914,134.7730160262667,0.46758615610465903,0.0,0.01622682519382579,0.01622682519339591,4.298783551348606e-13
11740.0,361.83333573440285,0.0,21.79056587452899,25.455208446850573,25.455208446850573,54.19027746769585,4.4933975212384984,0.013110610181435608,0.9802536840479866,twophase,twophase,26.53732789285847,27.16131981721312,1427.412264315914,134.7730160262667,0.46757907004223986,0.0,0.01622682519382579,0.01622682519339591,4.298783551348606e-13
11760.0,361.8557059096453,0.0,21.79056587452899,25.455510113192645,25.455510113192645,54.19110033043274,4.49333760170551,0.01310957400649083,0.9803323903365125,twophase,twophase,26.537538140766383,27.16248196941369,1427.412264315914,134.7730160262667,0.4675719701053325,0.0,0.01622682519382579,0.01622682519339591,4.298783551348606e-13
11780.0,361.8780797885223,0.0,21.79056587452899,25.455811816385648,25.455811816385648,54.19192482273175,4.4932775669381435,0.013108535054556322,0.9804111378418058,twophase,twophase,26.537748806881105,27.163642735160693,1427.412264315914,134.7730160262667,0.46756485632426925,0.0,0.01622682519382579,0.01622682519339591,4.298783551348606e-13
11800.0,361.90045736858093,0.0,21.79056587452899,25.45611355639139,25.45611355639139,54.192750941235715,4.493217417201103,0.013107493330658717,0.9804899265035134,twophase,twophase,26.537959889954532,27.164802116801546,1427.412264315914,134.7730160262667,0.4675577287292883,0.0,0.01622682519382579,0.01622682519339591,4.298783551348606e-13
11820.0,361.9228386473673,0.0,21.79056587452899,25.456415333171666,25.456415333171666,54.193578682588694,4.49315715275856,0.013106448839823698,0.9805687562613871,twophase,twophase,26.53817138874219,27.165960116679578,1427.412264315914,134.7730160262667,0.4675505873506161,0.0,0.01622682519382579,0.01622682519339591,4.298783551348606e-13
11840.0,361.9452236224201,0.0,21.79056587452899,25.456717146688202,25.456717146688202,54.19440804344612,4.493096773874106,0.013105401587059735,0.9806476270552807,twophase,twophase,26.538383302003226,27.167116737134045,1427.412264315914,134.7730160262667,0.46754343221837996,0.0,0.01622682519382579,0.01622682519339591,4.298783551348606e-13
11860.0,361.9676122912799,0.0,21.79056587452899,25.45701899690273,25.45701899690273,54.195239020468485,4.493036280810839,0.013104351577368268,0.9807265388251482,twophase,twophase,26.538595628500413,27.16827198050012,1427.412264315914,134.7730160262667,0.467536263362662,0.0,0.01622682519382579,0.01622682519339591,4.298783551348606e-13
11880.0,361.99000465148066,0.0,21.79056587452899,25.457320883776887,25.457320883776887,54.19607161032594,4.492975673831241,0.01310329881573624,0.9808054915110492,twophase,twophase,26.53880836700013,27.16942584910892,1427.412264315914,134.7730160262667,0.46752908081346056,0.0,0.01622682519382579,0.01622682519339591,4.298783551348606e-13
11900.0,362.0124007005542,0.0,21.79056587452899,25.45762280727233,25.45762280727233,54.196905809691664,4.492914953197305,0.013102243307146795,0.9808844850531439,twophase,twophase,26.539021516272356,27.1705783452875,1427.412264315914,134.7730160262667,0.4675218846007461,0.0,0.01622682519382579,0.01622682519339591,4.298783551348606e-13
11920.0,362.03480043602974,0.0,21.79056587452899,25.457924767350658,25.457924767350658,54.19774161525216,4.49285411917046,0.01310118505656269,0.9809635193916949,twophase,twophase,26.539235075090673,27.17172947135887,1427.412264315914,134.7730160262667,0.4675146747543732,0.0,0.01622682519382579,0.01622682519339591,4.298783551348606e-13
11940.0,362.0572038554327,0.0,21.79056587452899,25.45822676397343,25.45822676397343,54.198579023696,4.4927931720115835,0.013100124068944419,0.9810425944670667,twophase,twophase,26.539449042232242,27.172879229641993,1427.412264315914,134.7730160262667,0.4675074513041775,0.0,0.01622682519382579,0.01622682519339591,4.298783551348606e-13
11960.0,362.07961095628406,0.0,21.79056587452899,25.45852879710214,25.45852879710214,54.199418031721756,4.492732111980988,0.013099060349237399,0.9811217102197258,twophase,twophase,26.53966341647782,27.1740276224518,1427.412264315914,134.7730160262667,0.46750021427990696,0.0,0.01622682519382579,0.01622682519339591,4.298783551348606e-13
11980.0,362.1020217361022,0.0,21.79056587452899,25.458830866698268,25.458830866698268,54.20025863603203,4.49267093933845,0.01309799390238164,0.9812008665902422,twophase,twophase,26.539878196611728,27.175174652099187,1427.412264315914,134.7730160262667,0.46749296371127375,0.0,0.01622682519382579,0.01622682519339591,4.298783551348606e-13
12000.0,362.1244361924062,0.0,21.79056587452899,25.45913297272331,25.45913297272331,54.20110083334355,4.492609654343261,0.013096924733295498,0.9812800635192863,twophase,twophase,26.540093381421865,27.176320320891037,1427.412264315914,134.7730160262667,0.46748569962786696,0.0,0.01622682519382579,0.01622682519339591,4.298783551348606e-13
12020.0,362.1468543227036,0.0,21.79056587452899,25.459435115138593,25.459435115138593,54.201944620369055,4.49254825725404,0.013095852846904711,0.9813593009476304,twophase,twophase,26.54030896969969,27.177464631130217,1427.412264315914,134.7730160262667,0.46747842205930895,0.0,0.01622682519382579,0.01622682519339591,4.298783551348606e-13
12040.0,362.1692761245085,0.0,21.79056587452899,25.45973729390558,25.45973729390558,54.20278999383999,4.4924867483290205,0.013094778248106027,0.9814385788161498,twophase,twophase,26.54052496024023,27.178607585115586,1427.412264315914,134.7730160262667,0.4674711310350592,0.0,0.01622682519382579,0.01622682519339591,4.298783551348606e-13
12060.0,362.19170159532376,0.0,21.79056587452899,25.460039508985524,25.460039508985524,54.20363695048811,4.492425127825732,0.013093700941796661,0.9815178970658217,twophase,twophase,26.540741351842055,27.179749185142,1427.412264315914,134.7730160262667,0.4674638265845738,0.0,0.01622682519382579,0.01622682519339591,4.298783551348606e-13
12080.0,362.2141307326546,0.0,21.79056587452899,25.460341760339784,25.460341760339784,54.20448548705564,4.492363396001297,0.013092620932858089,0.9815972556377236,twophase,twophase,26.54095814330729,27.180889433500333,1427.412264315914,134.7730160262667,0.4674565087372169,0.0,0.01622682519382579,0.01622682519339591,4.298783551348606e-13
12100.0,362.2365635339971,0.0,21.79056587452899,25.460644047929556,25.460644047929556,54.20533560028799,4.492301553112169,0.013091538226167541,0.9816766544730375,twophase,twophase,26.541175333441604,27.182028332477465,1427.412264315914,134.7730160262667,0.4674491775223241,0.0,0.01622682519382579,0.01622682519339591,4.298783551348606e-13
12120.0,362.2589999968514,0.0,21.79056587452899,25.460946371716112,25.460946371716112,54.20618728694289,4.492239599414366,0.013090452826583625,0.9817560935130445,twophase,twophase,26.54139292105421,27.183165884356306,1427.412264315914,134.7730160262667,0.4674418329691232,0.0,0.01622682519382579,0.01622682519339591,4.298783551348606e-13
12140.0,362.2814401187089,0.0,21.79056587452899,25.461248731660607,25.461248731660607,54.20704054378142,4.492177535163287,0.013089364738960402,0.9818355726991294,twophase,twophase,26.541610904957853,27.184302091415788,1427.412264315914,134.7730160262667,0.4674344751068125,0.0,0.01622682519382579,0.01622682519339591,4.298783551348606e-13
12160.0,362.3038838970598,0.0,21.79056587452899,25.461551127724192,25.461551127724192,54.20789536757424,4.4921153606138144,0.01308827396813763,0.9819150919727793,twophase,twophase,26.541829283968813,27.185436955930882,1427.412264315914,134.7730160262667,0.4674271039645057,0.0,0.01622682519382579,0.01622682519339591,4.298783551348606e-13
12180.0,362.3263313293898,0.0,21.79056587452899,25.461853559867972,25.461853559867972,54.20875175509687,4.4920530760202775,0.013087180518948225,0.981994651275583,twophase,twophase,26.542048056906903,27.18657048017261,1427.412264315914,134.7730160262667,0.4674197195712737,0.0,0.01622682519382579,0.01622682519339591,4.298783551348606e-13
12200.0,362.34878241318467,0.0,21.79056587452899,25.462156028053034,25.462156028053034,54.2096097031357,4.491990681636485,0.013086084396208602,0.9820742505492296,twophase,twophase,26.542267222595466,27.187702666408033,1427.412264315914,134.7730160262667,0.4674123219560924,0.0,0.01622682519382579,0.01622682519339591,4.298783551348606e-13
12220.0,362.3712371459196,0.0,21.79056587452899,25.462458532240348,25.462458532240348,54.21046920847709,4.491928177715618,0.0130849856047362,0.9821538897355135,twophase,twophase,26.54248677986137,27.188833516900278,1427.412264315914,134.7730160262667,0.4674049111479363,0.0,0.01622682519382579,0.01622682519339591,4.298783551348606e-13
12240.0,362.39369552508055,0.0,21.79056587452899,25.462761072391032,25.462761072391032,54.21133026792561,4.491865564510486,0.013083884149320237,0.9822335687763296,twophase,twophase,26.542706727535013,27.189963033908537,1427.412264315914,134.7730160262667,0.4673974871756221,0.0,0.01622682519382579,0.01622682519339591,4.298783551348606e-13
12260.0,362.41615754813466,0.0,21.79056587452899,25.463063648465944,25.463063648465944,54.21219287828429,4.491802842273143,0.013082780034753303,0.9823132876136755,twophase,twophase,26.542927064450318,27.191091219688072,1427.412264315914,134.7730160262667,0.46739005006797796,0.0,0.01622682519382579,0.01622682519339591,4.298783551348606e-13
12280.0,362.43862321255034,0.0,21.79056587452899,25.463366260425982,25.463366260425982,54.21305703636509,4.491740011255171,0.013081673265814565,0.9823930461896524,twophase,twophase,26.54314778944474,27.192218076490224,1427.412264315914,134.7730160262667,0.4673825998537541,0.0,0.01622682519382579,0.01622682519339591,4.298783551348606e-13
12300.0,362.46109251579696,0.0,21.79056587452899,25.46366890823207,25.46366890823207,54.213922738988174,4.491677071707661,0.01308056384727113,0.9824728444464631,twophase,twophase,26.54336890135925,27.193343606562426,1427.412264315914,134.7730160262667,0.4673751365616285,0.0,0.01622682519382579,0.01622682519339591,4.298783551348606e-13
12320.0,362.48356545533903,0.0,21.79056587452899,25.463971591845027,25.463971591845027,54.21478998298394,4.491614023881097,0.013079451783874431,0.9825526823264136,twophase,twophase,26.543590399038372,27.194467812148194,1427.412264315914,134.7730160262667,0.4673676602201895,0.0,0.01622682519382579,0.01622682519339591,4.298783551348606e-13
12340.0,362.5060420286305,0.0,21.79056587452899,25.464274311225598,25.464274311225598,54.21565876518409,4.491550868025366,0.01307833708037483,0.9826325597719149,twophase,twophase,26.54381228133015,27.195590695487155,1427.412264315914,134.7730160262667,0.4673601708580131,0.0,0.01622682519382579,0.01622682519339591,4.298783551348606e-13
12360.0,362.52852223313533,0.0,21.79056587452899,25.46457706633462,25.46457706633462,54.21652908243161,4.491487604389939,0.01307721974150558,0.9827124767254798,twophase,twophase,26.544034547086174,27.19671225881504,1427.412264315914,134.7730160262667,0.46735266850357643,0.0,0.01622682519382579,0.01622682519339591,4.298783551348606e-13
12380.0,362.55100606630066,0.0,21.79056587452899,25.464879857132733,25.464879857132733,54.217400931576606,4.491424233223577,0.013076099771989315,0.9827924331297258,twophase,twophase,26.54425719516158,27.197832504363692,1427.412264315914,134.7730160262667,0.46734515318529407,0.0,0.01622682519382579,0.01622682519339591,4.298783551348606e-13
12400.0,362.57349352557804,0.0,21.79056587452899,25.465182683580633,25.465182683580633,54.218274309475625,4.491360754774573,0.013074977176539328,0.9828724289273751,twophase,twophase,26.544480224415064,27.198951434361078,1427.412264315914,134.7730160262667,0.4673376249315235,0.0,0.01622682519382579,0.01622682519339591,4.298783551348606e-13
12420.0,362.59598460841124,0.0,21.79056587452899,25.465485545638934,25.465485545638934,54.21914921299315,4.491297169290632,0.013073851959857045,0.9829524640612539,twophase,twophase,26.54470363370888,27.200069051031296,1427.412264315914,134.7730160262667,0.46733008377055246,0.0,0.01622682519382579,0.01622682519339591,4.298783551348606e-13
12440.0,362.61847931224065,0.0,21.79056587452899,25.465788443268185,25.465788443268185,54.220025638999715,4.491233477018862,0.013072724126635146,0.9830325384742953,twophase,twophase,26.544927421908866,27.201185356594575,1427.412264315914,134.7730160262667,0.46732252973061533,0.0,0.01622682519382579,0.01622682519339591,4.298783551348606e-13
12460.0,362.64097763450434,0.0,21.79056587452899,25.466091376428935,25.466091376428935,54.22090358437579,4.491169678205859,0.013071593681551218,0.9831126521095359,twophase,twophase,26.545151587884448,27.202300353267287,1427.412264315914,134.7730160262667,0.4673149628398594,0.0,0.01622682519382579,0.01622682519339591,4.298783551348606e-13
12480.0,362.66347957263486,0.0,21.79056587452899,25.46639434508164,25.46639434508164,54.22178304600759,4.491105773097594,0.013070460629274505,0.9831928049101214,twophase,twophase,26.545376130508657,27.203414043261958,1427.412264315914,134.7730160262667,0.46730738312638087,0.0,0.01622682519382579,0.01622682519339591,4.298783551348606e-13
12500.0,362.68598512406237,0.0,21.79056587452899,25.46669734918675,25.46669734918675,54.222664020789914,4.491041761939506,0.013069324974461451,0.983272996819303,twophase,twophase,26.545601048658156,27.204526428787272,1427.412264315914,134.7730160262667,0.46729979061820076,0.0,0.01622682519382579,0.01622682519339591,4.298783551348606e-13
12520.0,362.70849428620977,0.0,21.79056587452899,25.467000388704605,25.467000388704605,54.223546505624384,4.4909776449764,0.013068186721758336,0.9833532277804412,twophase,twophase,26.545826341213253,27.205637512048067,1427.412264315914,134.7730160262667,0.46729218534327965,0.0,0.01622682519382579,0.01622682519339591,4.298783551348606e-13
12540.0,362.7310070564956,0.0,21.79056587452899,25.467303463595528,25.467303463595528,54.22443049742124,4.490913422452513,0.013067045875798548,0.9834334977370056,twophase,twophase,26.546052007057938,27.206747295245364,1427.412264315914,134.7730160262667,0.4672845673295027,0.0,0.01622682519382579,0.01622682519339591,4.298783551348606e-13
12560.0,362.75352343234033,0.0,21.79056587452899,25.467606573819836,25.467606573819836,54.22531599309944,4.49084909461155,0.013065902441202381,0.9835138066325751,twophase,twophase,26.54627804507991,27.207855780576352,1427.412264315914,134.7730160262667,0.46727693660467823,0.0,0.01622682519382579,0.01622682519339591,4.298783551348606e-13
12580.0,362.77604341114863,0.0,21.79056587452899,25.46790971933764,25.46790971933764,54.226202989582376,4.49078466169646,0.0130647564225838,0.9835941544108425,twophase,twophase,26.546504454170606,27.208962970234406,1427.412264315914,134.7730160262667,0.46726929319657523,0.0,0.01622682519382579,0.01622682519339591,4.298783551348606e-13
12600.0,362.7985669903325,0.0,21.79056587452899,25.468212900109194,25.468212900109194,54.22709148380736,4.490720123949781,0.013063607824535313,0.9836745410156105,twophase,twophase,26.54673123322526,27.210068866409095,1427.412264315914,134.7730160262667,0.46726163713284113,0.0,0.01622682519382579,0.01622682519339591,4.298783551348606e-13
12620.0,362.82109416728326,0.0,21.79056587452899,25.468516116094428,25.468516116094428,54.227981472712486,4.490655481613185,0.01306245665164903,0.9837549663907993,twophase,twophase,26.54695838114294,27.211173471286187,1427.412264315914,134.7730160262667,0.46725396844111505,0.0,0.01622682519382579,0.01622682519339591,4.298783551348606e-13
12640.0,362.8436249393961,0.0,21.79056587452899,25.46881936725338,25.46881936725338,54.22887295325005,4.490590734927876,0.013061302908495043,0.9838354304804444,twophase,twophase,26.547185896826615,27.212276787047657,1427.412264315914,134.7730160262667,0.4672462871489126,0.0,0.01622682519382579,0.01622682519339591,4.298783551348606e-13
12660.0,362.866159304066,0.0,21.79056587452899,25.46912265354606,25.46912265354606,54.229765922381986,4.490525884134437,0.013060146599628899,0.9839159332287021,twophase,twophase,26.54741377918322,27.213378815871685,1427.412264315914,134.7730160262667,0.4672385932836646,0.0,0.01622682519382579,0.01622682519339591,4.298783551348606e-13
12680.0,362.8886972586644,0.0,21.79056587452899,25.46942597493217,25.46942597493217,54.23066037707242,4.490460929472602,0.013058987729603344,0.9839964745798477,twophase,twophase,26.54764202712374,27.214479559932677,1427.412264315914,134.7730160262667,0.4672308868727818,0.0,0.01622682519382579,0.01622682519339591,4.298783551348606e-13
12700.0,362.9112388005723,0.0,21.79056587452899,25.46972933137157,25.46972933137157,54.23155631430228,4.490395871181617,0.013057826302944994,0.9840770544782843,twophase,twophase,26.547870639563303,27.21557902140126,1427.412264315914,134.7730160262667,0.4672231679435284,0.0,0.01622682519382579,0.01622682519339591,4.298783551348606e-13
12720.0,362.9337839271498,0.0,21.79056587452899,25.470032722823806,25.470032722823806,54.232453731054896,4.490330709499834,0.013056662324177395,0.9841576728685428,twophase,twophase,26.548099615421307,27.2166772024443,1427.412264315914,134.7730160262667,0.4672154365231468,0.0,0.01622682519382579,0.01622682519339591,4.298783551348606e-13
12740.0,362.9563326357563,0.0,21.79056587452899,25.47033614924846,25.47033614924846,54.23335262432964,4.490265444665001,0.013055495797799068,0.9842383296952865,twophase,twophase,26.548328953621546,27.217774105224894,1427.412264315914,134.7730160262667,0.4672076926387394,0.0,0.01622682519382579,0.01622682519339591,4.298783551348606e-13
12760.0,362.97888492374017,0.0,21.79056587452899,25.470639610604938,25.470639610604938,54.234252991132266,4.490200076914023,0.013054326728299086,0.9843190249033192,twophase,twophase,26.548558653092385,27.218869731902398,1427.412264315914,134.7730160262667,0.4671999363173524,0.0,0.01622682519382579,0.01622682519339591,4.298783551348606e-13
12780.0,363.0014407884352,0.0,21.79056587452899,25.47094310685249,25.47094310685249,54.235154828479146,4.490134606482999,0.013053155120150161,0.9843997584375879,twophase,twophase,26.548788712766967,27.219964084632416,1427.412264315914,134.7730160262667,0.4671921675859389,0.0,0.01622682519382579,0.01622682519339591,4.298783551348606e-13
12800.0,363.02400022716944,0.0,21.79056587452899,25.47124663795027,25.47124663795027,54.236058133404114,4.4900690336071865,0.013051980977797603,0.9844805302431943,twophase,twophase,26.54901913158346,27.22105716556681,1427.412264315914,134.7730160262667,0.46718438647130023,0.0,0.01622682519382579,0.01622682519339591,4.298783551348606e-13
12820.0,363.04656323725203,0.0,21.79056587452899,25.471550203857184,25.471550203857184,54.23696290294434,4.4900033585208785,0.013050804305682133,0.9845613402654017,twophase,twophase,26.549249908485365,27.222148976853713,1427.412264315914,134.7730160262667,0.4671765930002073,0.0,0.01622682519382579,0.01622682519339591,4.298783551348606e-13
12840.0,363.06912981597924,0.0,21.79056587452899,25.471853804532,25.471853804532,54.23786913415906,4.489937581457398,0.013049625108209595,0.9846421884496508,twophase,twophase,26.549481042421917,27.223239520637538,1427.412264315914,134.7730160262667,0.46716878719923977,0.0,0.01622682519382579,0.01622682519339591,4.298783551348606e-13
12860.0,363.0916999606284,0.0,21.79056587452899,25.47215743993319,25.47215743993319,54.238776824115966,4.489871702648931,0.01304844338977283,0.9847230747415724,twophase,twophase,26.549712532348583,27.224328799058974,1427.412264315914,134.7730160262667,0.4671609690949029,0.0,0.01622682519382579,0.01622682519339591,4.298783551348606e-13
12880.0,363.1142736684517,0.0,21.79056587452899,25.47246111001894,25.47246111001894,54.23968596990156,4.489805722326427,0.013047259154734958,0.9848039990870076,twophase,twophase,26.54994437722771,27.225416814255,1427.412264315914,134.7730160262667,0.4671531387135382,0.0,0.01622682519382579,0.01622682519339591,4.298783551348606e-13
12900.0,363.1368509366804,0.0,21.79056587452899,25.472764814747137,25.472764814747137,54.24059656862488,4.489739640719474,0.013046072407423275,0.9848849614320371,twophase,twophase,26.550176576029394,27.226503568358893,1427.412264315914,134.7730160262667,0.46714529608129185,0.0,0.01622682519382579,0.01622682519339591,4.298783551348606e-13
12920.0,363.1594317625091,0.0,21.79056587452899,25.473068554075194,25.473068554075194,54.24150861741232,4.4896734580559965,0.01304488315213761,0.984965961723017,twophase,twophase,26.550409127732625,27.22758906350024,1427.412264315914,134.7730160262667,0.46713744122415923,0.0,0.01622682519382579,0.01622682519339591,4.298783551348606e-13
12940.0,363.18201614309385,0.0,21.79056587452899,25.473372327959986,25.473372327959986,54.24242211341959,4.489607174561972,0.013043691393130656,0.9850469999066268,twophase,twophase,26.550642031326927,27.228673301804932,1427.412264315914,134.7730160262667,0.4671295741678815,0.0,0.01622682519382579,0.01622682519339591,4.298783551348606e-13
12960.0,363.20460407553264,0.0,21.79056587452899,25.473676136357657,25.473676136357657,54.24333705383301,4.4895407904609606,0.013042497134606009,0.9851280759299443,twophase,twophase,26.550875285814694,27.229756285395183,1427.412264315914,134.7730160262667,0.46712169493793504,0.0,0.01622682519382579,0.01622682519339591,4.298783551348606e-13
12980.0,363.22719555685575,0.0,21.79056587452899,25.4739799792234,25.4739799792234,54.24425343588187,4.489474305973432,0.013041300380697705,0.9852091897405539,twophase,twophase,26.551108890214703,27.23083801638954,1427.412264315914,134.7730160262667,0.46711380355942467,0.0,0.01622682519382579,0.01622682519339591,4.298783551348606e-13
13000.0,363.2497905839913,0.0,21.79056587452899,25.47428385651107,25.47428385651107,54.245171256856125,4.489407721315682,0.013040101135441347,0.9852903412867202,twophase,twophase,26.551342843567706,27.23191849690289,1427.412264315914,134.7730160262667,0.46710590005693153,0.0,0.01622682519382579,0.01622682519339591,4.298783551348606e-13
13020.0,363.27238915371504,0.0,21.79056587452899,25.474587768172483,25.474587768172483,54.24609051412768,4.489341036697949,0.01303889940273903,0.9853715305176823,twophase,twophase,26.551577144946002,27.23299772904646,1427.412264315914,134.7730160262667,0.4670979844543297,0.0,0.01622682519382579,0.01622682519339591,4.298783551348606e-13
13040.0,363.29499126255746,0.0,21.79056587452899,25.474891714156154,25.474891714156154,54.24701120519804,4.4892742523209,0.013037695186280987,0.9854527573842136,twophase,twophase,26.551811793471558,27.234075714927844,1427.412264315914,134.7730160262667,0.46709005677437615,0.0,0.01622682519382579,0.01622682519339591,4.298783551348606e-13
13060.0,363.3175969065957,0.0,21.79056587452899,25.475195694404515,25.475195694404515,54.247933327816085,4.489207368367839,0.013036488489352505,0.9855340218398614,twophase,twophase,26.55204678835629,27.23515245665102,1427.412264315914,134.7730160262667,0.4670821170376969,0.0,0.01622682519382579,0.01622682519339591,4.298783551348606e-13
13080.0,363.3402060808737,0.0,21.79056587452899,25.475499708846097,25.475499708846097,54.248856880309404,4.4891403849820275,0.013035279314290774,0.9856153238446218,twophase,twophase,26.552282129021396,27.236227956316366,1427.412264315914,134.7730160262667,0.46707416525993456,0.0,0.01622682519382579,0.01622682519339591,4.298783551348606e-13
13100.0,363.36281877629744,0.0,21.79056587452899,25.475803757353837,25.475803757353837,54.24978186382355,4.489073302133183,0.013034067658823636,0.985696663387499,twophase,twophase,26.55251781583163,27.237302216020762,1427.412264315914,134.7730160262667,0.4670662014324701,0.0,0.01622682519382579,0.01622682519339591,4.298783551348606e-13
13120.0,363.3854349889832,0.0,21.79056587452899,25.476107839870714,25.476107839870714,54.250708273171426,4.489006120089354,0.013032853530987869,0.9857780404021063,twophase,twophase,26.552753847343464,27.238375237857685,1427.412264315914,134.7730160262667,0.46705822560120713,0.0,0.01622682519382579,0.01622682519339591,4.298783551348606e-13
13140.0,363.4080547374929,0.0,21.79056587452899,25.47641195664151,25.47641195664151,54.25163609791644,4.4889388397674015,0.013031636947595081,0.9858594547337677,twophase,twophase,26.55299021923791,27.239447023916455,1427.412264315914,134.7730160262667,0.46705023785723765,0.0,0.01622682519382579,0.01622682519339591,4.298783551348606e-13
13160.0,363.430678017892,0.0,21.79056587452899,25.476716107608514,25.476716107608514,54.252565334679964,4.488871461382015,0.013030417913759177,0.9859409063284824,twophase,twophase,26.553226930486577,27.240517576282567,1427.412264315914,134.7730160262667,0.46704223823088353,0.0,0.01622682519382579,0.01622682519339591,4.298783551348606e-13
13180.0,363.45330482758493,0.0,21.79056587452899,25.477020292732032,25.477020292732032,54.25349598054996,4.4888039851637584,0.01302919643385727,0.9860223951323641,twophase,twophase,26.553463980064013,27.241586897037898,1427.412264315914,134.7730160262667,0.46703422674844786,0.0,0.01622682519382579,0.01622682519339591,4.298783551348606e-13
13200.0,363.47593516397245,0.0,21.79056587452899,25.477324511972313,25.477324511972313,54.25442803261682,4.48873641134269,0.013027972512263246,0.9861039210916152,twophase,twophase,26.553701366947706,27.24265498826071,1427.412264315914,134.7730160262667,0.467026203436211,0.0,0.01622682519382579,0.01622682519339591,4.298783551348606e-13
13220.0,363.49856902445975,0.0,21.79056587452899,25.47762876528967,25.47762876528967,54.255361487981176,4.488668740148469,0.013026746153335496,0.9861854841525285,twophase,twophase,26.55393909011808,27.243721852025672,1427.412264315914,134.7730160262667,0.4670181683203637,0.0,0.01622682519382579,0.01622682519339591,4.298783551348606e-13
13240.0,363.521206406445,0.0,21.79056587452899,25.477933052644353,25.477933052644353,54.25629634374682,4.488600971810251,0.013025517361428136,0.9862670842614853,twophase,twophase,26.55417714855848,27.244787490403844,1427.412264315914,134.7730160262667,0.46701012142706777,0.0,0.01622682519382579,0.01622682519339591,4.298783551348606e-13
13260.0,363.5438473073277,0.0,21.79056587452899,25.47823737399661,25.47823737399661,54.257232597022444,4.488533106556728,0.013024286140888184,0.9863487213649561,twophase,twophase,26.554415541255167,27.2458519054627,1427.412264315914,134.7730160262667,0.4670020627824409,0.0,0.01622682519382579,0.01622682519339591,4.298783551348606e-13
13280.0,363.5664917245024,0.0,21.79056587452899,25.47854172930664,25.47854172930664,54.25817024492783,4.488465144616103,0.013023052496045679,0.9864303954095015,twophase,twophase,26.554654267197314,27.246915099266133,1427.412264315914,134.7730160262667,0.4669939924125039,0.0,0.01622682519382579,0.01622682519339591,4.298783551348606e-13
13300.0,363.589139655366,0.0,21.79056587452899,25.47884611853469,25.47884611853469,54.25910928458368,4.488397086216165,0.013021816431229969,0.986512106341769,twophase,twophase,26.554893325376987,27.24797707387445,1427.412264315914,134.7730160262667,0.466985910343268,0.0,0.01622682519382579,0.01622682519339591,4.298783551348606e-13
13320.0,363.61179109731603,0.0,21.79056587452899,25.479150541640998,25.479150541640998,54.26004971312001,4.488328931584249,0.013020577950756347,0.9865938541084968,twophase,twophase,26.55513271478915,27.24903783134439,1427.412264315914,134.7730160262667,0.46697781660066223,0.0,0.01622682519382579,0.01622682519339591,4.298783551348606e-13
13340.0,363.6344460477422,0.0,21.79056587452899,25.47945499858572,25.47945499858572,54.26099152767102,4.488260680947166,0.01301933705893408,0.9866756386565104,twophase,twophase,26.555372434431643,27.250097373729126,1427.412264315914,134.7730160262667,0.46696971121057834,0.0,0.01622682519382579,0.01622682519339591,4.298783551348606e-13
13360.0,363.6571045040347,0.0,21.79056587452899,25.479759489329012,25.479759489329012,54.2619347253761,4.4881923345312735,0.01301809376006493,0.986757459932724,twophase,twophase,26.555612483305186,27.25115570307828,1427.412264315914,134.7730160262667,0.46696159419886124,0.0,0.01622682519382579,0.01622682519339591,4.298783551348606e-13
13380.0,363.6797664635873,0.0,21.79056587452899,25.48006401383111,25.48006401383111,54.262879303383464,4.488123892562557,0.013016848058437402,0.9868393178841406,twophase,twophase,26.55585286041337,27.252212821437904,1427.412264315914,134.7730160262667,0.4669534655912786,0.0,0.01622682519382579,0.01622682519339591,4.298783551348606e-13
13400.0,363.7024319237853,0.0,21.79056587452899,25.48036857205211,25.48036857205211,54.26382525884435,4.488055355266424,0.013015599958335724,0.9869212124578505,twophase,twophase,26.556093564762637,27.25326873085052,1427.412264315914,134.7730160262667,0.46694532541357,0.0,0.01622682519382579,0.01622682519339591,4.298783551348606e-13
13420.0,363.72510088202125,0.0,21.79056587452899,25.480673163952236,25.480673163952236,54.264772588918184,4.4879867228679515,0.013014349464032012,0.9870031436010328,twophase,twophase,26.556334595362284,27.254323433355108,1427.412264315914,134.7730160262667,0.466937173691403,0.0,0.01622682519382579,0.01622682519339591,4.298783551348606e-13
13440.0,363.747773335676,0.0,21.79056587452899,25.48097778949154,25.48097778949154,54.26572129076858,4.487917995591618,0.013013096579792228,0.9870851112609538,twophase,twophase,26.556575951224453,27.2553769309871,1427.412264315914,134.7730160262667,0.4669290104504073,0.0,0.01622682519382579,0.01622682519339591,4.298783551348606e-13
13460.0,363.7704492821395,0.0,21.79056587452899,25.48128244863022,25.48128244863022,54.2666713615663,4.487849173661587,0.013011841309871803,0.9871671153849675,twophase,twophase,26.556817631364115,27.25642922577842,1427.412264315914,134.7730160262667,0.4669208357161495,0.0,0.01622682519382579,0.01622682519339591,4.298783551348606e-13
13480.0,363.7931287187885,0.0,21.79056587452899,25.481587141328305,25.481587141328305,54.26762279848472,4.487780257301418,0.013010583658522682,0.9872491559205158,twophase,twophase,26.55705963479907,27.257480319757455,1427.412264315914,134.7730160262667,0.4669126495141717,0.0,0.01622682519382579,0.01622682519339591,4.298783551348606e-13
13500.0,363.81581164301184,0.0,21.79056587452899,25.481891867545983,25.481891867545983,54.268575598709994,4.487711246734381,0.013009323629977084,0.9873312328151274,twophase,twophase,26.557301960549943,27.25853021494909,1427.412264315914,134.7730160262667,0.46690445186990465,0.0,0.01622682519382579,0.01622682519339591,4.298783551348606e-13
13520.0,363.8384980521848,0.0,21.79056587452899,25.48219662724325,25.48219662724325,54.26952975942559,4.4876421421831205,0.013008061228472291,0.9874133460164192,twophase,twophase,26.55754460764016,27.259578913374696,1427.412264315914,134.7730160262667,0.4668962428088001,0.0,0.01622682519382579,0.01622682519339591,4.298783551348606e-13
13540.0,363.8611879436957,0.0,21.79056587452899,25.48250142038032,25.48250142038032,54.27048527782966,4.487572943870039,0.013006796458222862,0.9874954954720935,twophase,twophase,26.55778757509596,27.26062641705214,1427.412264315914,134.7730160262667,0.4668880223561819,0.0,0.01622682519382579,0.01622682519339591,4.298783551348606e-13
13560.0,363.8838813149124,0.0,21.79056587452899,25.482806246917118,25.482806246917118,54.271442151116695,4.487503652016833,0.013005529323449902,0.9875776811299414,twophase,twophase,26.558030861946374,27.261672727995794,1427.412264315914,134.7730160262667,0.46687979053740347,0.0,0.01622682519382579,0.01622682519339591,4.298783551348606e-13
13580.0,363.90657816322494,0.0,21.79056587452899,25.483111106813872,25.483111106813872,54.27240037649693,4.487434266845032,0.013004259828350136,0.9876599029378402,twophase,twophase,26.558274467223214,27.262717848216543,1427.412264315914,134.7730160262667,0.4668715473776812,0.0,0.01622682519382579,0.01622682519339591,4.298783551348606e-13
13600.0,363.92927848599703,0.0,21.79056587452899,25.483416000030463,25.483416000030463,54.27335995117639,4.487364788575409,0.013002987977127654,0.9877421608437539,twophase,twophase,26.558518389961076,27.263761779721786,1427.412264315914,134.7730160262667,0.46686329290226597,0.0,0.01622682519382579,0.01622682519339591,4.298783551348606e-13
13620.0,363.9519822806117,0.0,21.79056587452899,25.48372092652704,25.48372092652704,54.27432087237586,4.487295217428553,0.013001713773963794,0.9878244547957317,twophase,twophase,26.55876262919733,27.264804524515448,1427.412264315914,134.7730160262667,0.46685502713627947,0.0,0.01622682519382579,0.01622682519339591,4.298783551348606e-13
13640.0,363.9746895444395,0.0,21.79056587452899,25.484025886263606,25.484025886263606,54.27528313731453,4.487225553624453,0.013000437223043072,0.9879067847419111,twophase,twophase,26.559007183972106,27.26584608459798,1427.412264315914,134.7730160262667,0.4668467501048558,0.0,0.01622682519382579,0.01622682519339591,4.298783551348606e-13
13660.0,363.9974002748581,0.0,21.79056587452899,25.484330879200225,25.484330879200225,54.27624674322324,4.487155797382748,0.012999158328532146,0.9879891506305148,twophase,twophase,26.559252053328294,27.266886461966372,1427.412264315914,134.7730160262667,0.4668384618330269,0.0,0.01622682519382579,0.01622682519339591,4.298783551348606e-13
13680.0,364.0201144692332,0.0,21.79056587452899,25.484635905296855,25.484635905296855,54.27721168733475,4.4870859489225206,0.012997877094595276,0.9880715524098513,twophase,twophase,26.559497236311525,27.26792565861415,1427.412264315914,134.7730160262667,0.4668301623458062,0.0,0.01622682519382579,0.01622682519339591,4.298783551348606e-13
13700.0,364.0428321249372,0.0,21.79056587452899,25.484940964513527,25.484940964513527,54.278177966890134,4.487016008462487,0.012996593525384122,0.9881539900283162,twophase,twophase,26.559742731970182,27.26896367653139,1427.412264315914,134.7730160262667,0.4668218516681341,0.0,0.01622682519382579,0.01622682519339591,4.298783551348606e-13
13720.0,364.06555323934117,0.0,21.79056587452899,25.48524605681025,25.48524605681025,54.2791455791318,4.486945976220913,0.012995307625049086,0.9882364634343894,twophase,twophase,26.55998853935537,27.27000051770472,1427.412264315914,134.7730160262667,0.4668135298249376,0.0,0.01622682519382579,0.01622682519339591,4.298783551348606e-13
13740.0,364.0882778098146,0.0,21.79056587452899,25.485551182147024,25.485551182147024,54.28011452131354,4.486875852415612,0.012994019397722857,0.9883189725766377,twophase,twophase,26.560234657520922,27.271036184117335,1427.412264315914,134.7730160262667,0.4668051968410439,0.0,0.01622682519382579,0.01622682519339591,4.298783551348606e-13
13760.0,364.1110058337203,0.0,21.79056587452899,25.485856340483796,25.485856340483796,54.28108479069119,4.48680563726392,0.012992728847535754,0.9884015174037128,twophase,twophase,26.560481085523392,27.27207067774899,1427.412264315914,134.7730160262667,0.4667968527412609,0.0,0.01622682519382579,0.01622682519339591,4.298783551348606e-13
13780.0,364.13373730843205,0.0,21.79056587452899,25.486161531780617,25.486161531780617,54.282056384529504,4.486735330982832,0.012991435978604393,0.9884840978643517,twophase,twophase,26.560727822422038,27.273104000576012,1427.412264315914,134.7730160262667,0.4667884975503179,0.0,0.01622682519382579,0.01622682519339591,4.298783551348606e-13
13800.0,364.15647223130867,0.0,21.79056587452899,25.48646675599739,25.48646675599739,54.28302930009423,4.486664933788773,0.012990140795044612,0.9885667139073767,twophase,twophase,26.560974867278823,27.27413615457131,1427.412264315914,134.7730160262667,0.4667801312929341,0.0,0.01622682519382579,0.01622682519339591,4.298783551348606e-13
13820.0,364.17921059971604,0.0,21.79056587452899,25.486772013094082,25.486772013094082,54.284003534659135,4.486594445897792,0.012988843300960059,0.9886493654816956,twophase,twophase,26.561222219158406,27.275167141704372,1427.412264315914,134.7730160262667,0.4667717539937575,0.0,0.01622682519382579,0.01622682519339591,4.298783551348606e-13
13840.0,364.2019524110186,0.0,21.79056587452899,25.487077303030667,25.487077303030667,54.28497908550353,4.486523867525515,0.012987543500446262,0.9887320525363006,twophase,twophase,26.56146987712813,27.276196963941285,1427.412264315914,134.7730160262667,0.4667633656773867,0.0,0.01622682519382579,0.01622682519339591,4.298783551348606e-13
13860.0,364.22469766258087,0.0,21.79056587452899,25.48738262576712,25.48738262576712,54.285955949915426,4.486453198887137,0.01298624139758549,0.9888147750202678,twophase,twophase,26.56171784025802,27.277225623244725,1427.412264315914,134.7730160262667,0.46675496636834385,0.0,0.01622682519382579,0.01622682519339591,4.298783551348606e-13
13880.0,364.2474463517619,0.0,21.79056587452899,25.48768798126335,25.48768798126335,54.28693412518181,4.486382440197358,0.012984936996462412,0.9888975328827608,twophase,twophase,26.56196610762077,27.27825312157397,1427.412264315914,134.7730160262667,0.46674655609115806,0.0,0.01622682519382579,0.01622682519339591,4.298783551348606e-13
13900.0,364.27019847592305,0.0,21.79056587452899,25.48799336947931,25.48799336947931,54.287913608601464,4.486311591670496,0.012983630301143387,0.9889803260730244,twophase,twophase,26.56221467829174,27.27927946088492,1427.412264315914,134.7730160262667,0.4667381348702548,0.0,0.01622682519382579,0.01622682519339591,4.298783551348606e-13
13920.0,364.2929540324225,0.0,21.79056587452899,25.48829879037491,25.48829879037491,54.28889439747555,4.486240653520391,0.012982321315691811,0.9890631545403897,twophase,twophase,26.56246355134894,27.28030464313007,1427.412264315914,134.7730160262667,0.46672970273003767,0.0,0.01622682519382579,0.01622682519339591,4.298783551348606e-13
13940.0,364.31571301862067,0.0,21.79056587452899,25.488604243910086,25.488604243910086,54.28987648911021,4.486169625960482,0.012981010044163735,0.989146018234272,twophase,twophase,26.562712725873045,27.28132867025855,1427.412264315914,134.7730160262667,0.46672125969486533,0.0,0.01622682519382579,0.01622682519339591,4.298783551348606e-13
13960.0,364.3384754318768,0.0,21.79056587452899,25.488909730044796,25.488909730044796,54.29085988082265,4.4860985092038,0.0129796964905982,0.9892289171041694,twophase,twophase,26.562962200947354,27.282351544216112,1427.412264315914,134.7730160262667,0.46671280578899965,0.0,0.01622682519382579,0.01622682519339591,4.298783551348606e-13
13980.0,364.3612412695461,0.0,21.79056587452899,25.48921524873891,25.48921524873891,54.29184456992596,4.486027303462863,0.012978380659041533,0.9893118510996655,twophase,twophase,26.563211975657808,27.28337326694514,1427.412264315914,134.7730160262667,0.46670434103673564,0.0,0.01622682519382579,0.01622682519339591,4.298783551348606e-13
14000.0,364.3840105289849,0.0,21.79056587452899,25.48952079995234,25.48952079995234,54.292830553747024,4.485956008949813,0.012977062553518685,0.9893948201704265,twophase,twophase,26.563462049092976,27.284393840384663,1427.412264315914,134.7730160262667,0.46669586546224845,0.0,0.01622682519382579,0.01622682519339591,4.298783551348606e-13
14020.0,364.40678320754625,0.0,21.79056587452899,25.48982638364498,25.48982638364498,54.29381782961561,4.485884625876333,0.012975742178050559,0.989477824266203,twophase,twophase,26.563712420344046,27.285413266470346,1427.412264315914,134.7730160262667,0.466687379089686,0.0,0.01622682519382579,0.01622682519339591,4.298783551348606e-13
14040.0,364.42955930258864,0.0,21.79056587452899,25.490131999776775,25.490131999776775,54.29480639486763,4.485813154453738,0.012974419536649079,0.9895608633368281,twophase,twophase,26.563963088504817,27.286431547134516,1427.412264315914,134.7730160262667,0.46667888194314183,0.0,0.01622682519382579,0.01622682519339591,4.298783551348606e-13
14060.0,364.4523388114643,0.0,21.79056587452899,25.490437648307584,25.490437648307584,54.295796246840645,4.485741594892839,0.012973094633324118,0.9896439373322197,twophase,twophase,26.564214052671687,27.287448684306145,1427.412264315914,134.7730160262667,0.4666703740466933,0.0,0.01622682519382579,0.01622682519339591,4.298783551348606e-13
14080.0,364.47512173152717,0.0,21.79056587452899,25.490743329197333,25.490743329197333,54.296787382884546,4.4856699474040775,0.012971767472066489,0.9897270462023785,twophase,twophase,26.56446531194366,27.288464679910874,1427.412264315914,134.7730160262667,0.4666618554243101,0.0,0.01622682519382579,0.01622682519339591,4.298783551348606e-13
14100.0,364.49790806012504,0.0,21.79056587452899,25.491049042405837,25.491049042405837,54.29777980034748,4.4855982121973765,0.012970438056870492,0.9898101898973874,twophase,twophase,26.564716865422326,27.289479535871013,1427.412264315914,134.7730160262667,0.46665332609997473,0.0,0.01622682519382579,0.01622682519339591,4.298783551348606e-13
14120.0,364.5206977946161,0.0,21.79056587452899,25.491354787893076,25.491354787893076,54.29877349658981,4.4855263894823825,0.012969106391711567,0.9898933683674135,twophase,twophase,26.56496871221186,27.29049325410555,1427.412264315914,134.7730160262667,0.466644786097563,0.0,0.01622682519382579,0.01622682519339591,4.298783551348606e-13
14140.0,364.5434909323455,0.0,21.79056587452899,25.491660565618854,25.491660565618854,54.29976846897169,4.485454479468165,0.012967772480566055,0.9899765815627054,twophase,twophase,26.56522085141901,27.291505836530142,1427.412264315914,134.7730160262667,0.46663623544095045,0.0,0.01622682519382579,0.01622682519339591,4.298783551348606e-13
14160.0,364.5662874706662,0.0,21.79056587452899,25.491966375543093,25.491966375543093,54.30076471486226,4.485382482363471,0.012966436327396764,0.9900598294335954,twophase,twophase,26.565473282153086,27.292517285057144,1427.412264315914,134.7730160262667,0.4666276741539338,0.0,0.01622682519382579,0.01622682519339591,4.298783551348606e-13
14180.0,364.58908740692476,0.0,21.79056587452899,25.492272217625622,25.492272217625622,54.301762231634605,4.4853103983765505,0.012965097936160649,0.9901431119304981,twophase,twophase,26.56572600352597,27.293527601595603,1427.412264315914,134.7730160262667,0.46661910226027364,0.0,0.01622682519382579,0.01622682519339591,4.298783551348606e-13
14200.0,364.6118907384707,0.0,21.79056587452899,25.49257809182634,25.49257809182634,54.302761016667496,4.485238227715287,0.012963757310806383,0.9902264290039106,twophase,twophase,26.565979014652093,27.294536788051257,1427.412264315914,134.7730160262667,0.46661051978367996,0.0,0.01622682519382579,0.01622682519339591,4.298783551348606e-13
14220.0,364.6346974626552,0.0,21.79056587452899,25.49288399810514,25.49288399810514,54.30376106734403,4.485165970587154,0.012962414455276365,0.9903097806044113,twophase,twophase,26.566232314648428,27.295544846326553,1427.412264315914,134.7730160262667,0.4666019267478236,0.0,0.01622682519382579,0.01622682519339591,4.298783551348606e-13
14240.0,364.65750757681946,0.0,21.79056587452899,25.493189936421814,25.493189936421814,54.30476238105558,4.485093627199097,0.012961069373500248,0.990393166682663,twophase,twophase,26.566485902634493,27.29655177832065,1427.412264315914,134.7730160262667,0.46659332317630237,0.0,0.01622682519382579,0.01622682519339591,4.298783551348606e-13
14260.0,364.6803210783128,0.0,21.79056587452899,25.49349590673627,25.49349590673627,54.30576495519587,4.485021197757765,0.012959722069404774,0.9904765871894071,twophase,twophase,26.566739777732337,27.29755758592942,1427.412264315914,134.7730160262667,0.466584709092692,0.0,0.01622682519382579,0.01622682519339591,4.298783551348606e-13
14280.0,364.7031379644837,0.0,21.79056587452899,25.493801909008393,25.493801909008393,54.30676878716536,4.484948682469353,0.01295837254690648,0.9905600420754705,twophase,twophase,26.56699393906653,27.29856227104546,1427.412264315914,134.7730160262667,0.4665760845205084,0.0,0.01622682519382579,0.01622682519339591,4.298783551348606e-13
14300.0,364.72595823267176,0.0,21.79056587452899,25.49410794319797,25.49410794319797,54.30777387436982,4.484876081539563,0.012957020809914005,0.9906435312917592,twophase,twophase,26.567248385764167,27.299565835558088,1427.412264315914,134.7730160262667,0.46656744948321993,0.0,0.01622682519382579,0.01622682519339591,4.298783551348606e-13
14320.0,364.7487818802246,0.0,21.79056587452899,25.494414009264908,25.494414009264908,54.3087802142215,4.484803395173784,0.012955666862326305,0.9907270547892614,twophase,twophase,26.567503116954843,27.300568281353364,1427.412264315914,134.7730160262667,0.4665588040042374,0.0,0.01622682519382579,0.01622682519339591,4.298783551348606e-13
14340.0,364.7716089044878,0.0,21.79056587452899,25.494720107169066,25.494720107169066,54.309787804136114,4.484730623576944,0.012954310708037467,0.9908106125190479,twophase,twophase,26.567758131770663,27.30156961031408,1427.412264315914,134.7730160262667,0.4665501481069397,0.0,0.01622682519382579,0.01622682519339591,4.298783551348606e-13
14360.0,364.7944393028001,0.0,21.79056587452899,25.49502623687024,25.49502623687024,54.31079664153313,4.484657766953502,0.012952952350936223,0.9908942044322692,twophase,twophase,26.568013429346234,27.30256982431978,1427.412264315914,134.7730160262667,0.4665414818146719,0.0,0.01622682519382579,0.01622682519339591,4.298783551348606e-13
14380.0,364.8172730725097,0.0,21.79056587452899,25.49533239832837,25.49533239832837,54.31180672384446,4.484584825507635,0.012951591794891935,0.9909778304801583,twophase,twophase,26.56826900881864,27.30356892524675,1427.412264315914,134.7730160262667,0.46653280515066986,0.0,0.01622682519382579,0.01622682519339591,4.298783551348606e-13
14400.0,364.840110210954,0.0,21.79056587452899,25.495638591503205,25.495638591503205,54.312818048495814,4.484511799442932,0.012950229043784697,0.9910614906140279,twophase,twophase,26.568524869327454,27.304566914968046,1427.412264315914,134.7730160262667,0.46652411813822114,0.0,0.01622682519382579,0.01622682519339591,4.298783551348606e-13
14420.0,364.86295071547903,0.0,21.79056587452899,25.495944816354687,25.495944816354687,54.31383061292971,4.484438688962739,0.01294886410146813,0.9911451847852727,twophase,twophase,26.568781010014728,27.305563795353475,1427.412264315914,134.7730160262667,0.4665154208004666,0.0,0.01622682519382579,0.01622682519339591,4.298783551348606e-13
14440.0,364.88579458342224,0.0,21.79056587452899,25.496251072842604,25.496251072842604,54.314844414587,4.484365494269858,0.012947496971799336,0.9912289129453674,twophase,twophase,26.569037430024974,27.30655956826962,1427.412264315914,134.7730160262667,0.4665067131605598,0.0,0.01622682519382579,0.01622682519339591,4.298783551348606e-13
14460.0,364.90864181212476,0.0,21.79056587452899,25.4965573609268,25.4965573609268,54.315859450916285,4.484292215566725,0.012946127658623517,0.9913126750458685,twophase,twophase,26.56929412850517,27.30755423557983,1427.412264315914,134.7730160262667,0.4664979952415855,0.0,0.01622682519382579,0.01622682519339591,4.298783551348606e-13
14480.0,364.9314923989273,0.0,21.79056587452899,25.49686368056714,25.49686368056714,54.31687571937027,4.484218853055389,0.012944756165780042,0.9913964710384112,twophase,twophase,26.56955110460475,27.30854779914424,1427.412264315914,134.7730160262667,0.4664892670665914,0.0,0.01622682519382579,0.01622682519339591,4.298783551348606e-13
14500.0,364.9543463411721,0.0,21.79056587452899,25.4971700317235,25.4971700317235,54.317893217408404,4.484145406937486,0.012943382497098088,0.9914803008747133,twophase,twophase,26.569808357475587,27.30954026081977,1427.412264315914,134.7730160262667,0.4664805286585653,0.0,0.01622682519382579,0.01622682519339591,4.298783551348606e-13
14520.0,364.9772036361939,0.0,21.79056587452899,25.497476414355678,25.497476414355678,54.3189119424929,4.484071877414194,0.012942006656402997,0.9915641645065704,twophase,twophase,26.57006588627201,27.31053162246013,1427.412264315914,134.7730160262667,0.46647178004046935,0.0,0.01622682519382579,0.01622682519339591,4.298783551348606e-13
14540.0,365.0000642813352,0.0,21.79056587452899,25.49778282842357,25.49778282842357,54.319931892095,4.483998264686352,0.012940628647506277,0.9916480618858599,twophase,twophase,26.570323690150765,27.311521885915827,1427.412264315914,134.7730160262667,0.46646302123518607,0.0,0.01622682519382579,0.01622682519339591,4.298783551348606e-13
14560.0,365.02292827392915,0.0,21.79056587452899,25.498089273886958,25.498089273886958,54.320953063686225,4.483924568954291,0.012939248474219673,0.9917319929645386,twophase,twophase,26.570581768271037,27.31251105303417,1427.412264315914,134.7730160262667,0.4664542522655937,0.0,0.01622682519382579,0.01622682519339591,4.298783551348606e-13
14580.0,365.045795611319,0.0,21.79056587452899,25.49839575070575,25.49839575070575,54.3219754547473,4.483850790418056,0.01293786614034081,0.991815957694643,twophase,twophase,26.570840119794422,27.313499125659284,1427.412264315914,134.7730160262667,0.46644547315448953,0.0,0.01622682519382579,0.01622682519339591,4.298783551348606e-13
14600.0,365.06866629084095,0.0,21.79056587452899,25.498702258839785,25.498702258839785,54.32299906276315,4.483776929277213,0.012936481649661146,0.9918999560282901,twophase,twophase,26.57109874388494,27.314486105632092,1427.412264315914,134.7730160262667,0.46643668392463267,0.0,0.01622682519382579,0.01622682519339591,4.298783551348606e-13
14620.0,365.0915403098283,0.0,21.79056587452899,25.49900879824888,25.49900879824888,54.32402388522315,4.483702985730912,0.012935095005965685,0.9919839879176744,twophase,twophase,26.571357639709003,27.315471994790354,1427.412264315914,134.7730160262667,0.4664278845987421,0.0,0.01622682519382579,0.01622682519339591,4.298783551348606e-13
14640.0,365.114417665621,0.0,21.79056587452899,25.499315368892912,25.499315368892912,54.325049919622124,4.48362895997794,0.012933706213031297,0.9920680533150729,twophase,twophase,26.571616806435433,27.316456794968644,1427.412264315914,134.7730160262667,0.466419075199488,0.0,0.01622682519382579,0.01622682519339591,4.298783551348606e-13
14660.0,365.13729835555426,0.0,21.79056587452899,25.499621970731727,25.499621970731727,54.32607716345971,4.483554852216665,0.012932315274627796,0.9921521521728383,twophase,twophase,26.57187624323544,27.31744050799837,1427.412264315914,134.7730160262667,0.4664102557494974,0.0,0.01622682519382579,0.01622682519339591,4.298783551348606e-13
14680.0,365.1601823769664,0.0,21.79056587452899,25.49992860372521,25.49992860372521,54.327105614241304,4.483480662645069,0.012930922194516367,0.9922362844434061,twophase,twophase,26.572135949282625,27.318423135707782,1427.412264315914,134.7730160262667,0.4664014262713456,0.0,0.01622682519382579,0.01622682519339591,4.298783551348606e-13
14700.0,365.1830697271871,0.0,21.79056587452899,25.500235267833144,25.500235267833144,54.328135269476554,4.483406391460652,0.012929526976451966,0.9923204500792882,twophase,twophase,26.572395923752964,27.319404679921963,1427.412264315914,134.7730160262667,0.4663925867875698,0.0,0.01622682519382579,0.01622682519339591,4.298783551348606e-13
14720.0,365.205960403555,0.0,21.79056587452899,25.50054196301543,25.50054196301543,54.3291661266808,4.483332038860612,0.012928129624181118,0.9924046490330762,twophase,twophase,26.572656165824807,27.32038514246285,1427.412264315914,134.7730160262667,0.4663837373206558,0.0,0.01622682519382579,0.01622682519339591,4.298783551348606e-13
14740.0,365.2288544034083,0.0,21.79056587452899,25.500848689231976,25.500848689231976,54.33019818337696,4.483257605041753,0.012926730141438766,0.9924888812574408,twophase,twophase,26.572916674678865,27.321364525149235,1427.412264315914,134.7730160262667,0.4663748778930231,0.0,0.01622682519382579,0.01622682519339591,4.298783551348606e-13
14760.0,365.2517517240732,0.0,21.79056587452899,25.501155446442542,25.501155446442542,54.331231437086004,4.483183090200343,0.012925328531963574,0.992573146705131,twophase,twophase,26.573177449498214,27.322342829796767,1427.412264315914,134.7730160262667,0.4663660085271051,0.0,0.01622682519382579,0.01622682519339591,4.298783551348606e-13
14780.0,365.2746523628923,0.0,21.79056587452899,25.501462234607082,25.501462234607082,54.332265885342224,4.483108494532418,0.012923924799473517,0.9926574453289742,twophase,twophase,26.573438489468284,27.32332005821796,1427.412264315914,134.7730160262667,0.4663571292452195,0.0,0.01622682519382579,0.01622682519339591,4.298783551348606e-13
14800.0,365.2975563171925,0.0,21.79056587452899,25.501769053685386,25.501769053685386,54.333301525678785,4.483033818233473,0.01292251894768893,0.9927417770818768,twophase,twophase,26.573699793776843,27.324296212222194,1427.412264315914,134.7730160262667,0.4663482400696913,0.0,0.01622682519382579,0.01622682519339591,4.298783551348606e-13
14820.0,365.3204635843113,0.0,21.79056587452899,25.502075903637376,25.502075903637376,54.33433835563866,4.48295906149872,0.01292111098031509,0.9928261419168232,twophase,twophase,26.573961361614003,27.32527129361573,1427.412264315914,134.7730160262667,0.4663393410227594,0.0,0.01622682519382579,0.01622682519339591,4.298783551348606e-13
14840.0,365.34337416158127,0.0,21.79056587452899,25.50238278442291,25.50238278442291,54.33537637276604,4.482884224522916,0.012919700901055839,0.9929105397868743,twophase,twophase,26.57422319217221,27.326245304201713,1427.412264315914,134.7730160262667,0.4663304321266503,0.0,0.01622682519382579,0.01622682519339591,4.298783551348606e-13
14860.0,365.36628804633636,0.0,21.79056587452899,25.502689696001873,25.502689696001873,54.33641557461115,4.482809307500445,0.012918288713606072,0.992994970645171,twophase,twophase,26.57448528464623,27.327218245780166,1427.412264315914,134.7730160262667,0.46632151340353667,0.0,0.01622682519382579,0.01622682519339591,4.298783551348606e-13
14880.0,365.3892052359093,0.0,21.79056587452899,25.502996638334135,25.502996638334135,54.33745595873219,4.4827343106252675,0.012916874421648412,0.993079434444932,twophase,twophase,26.574747638233156,27.32819012014801,1427.412264315914,134.7730160262667,0.4663125848755207,0.0,0.01622682519382579,0.01622682519339591,4.298783551348606e-13
14900.0,365.4121257276297,0.0,21.79056587452899,25.50330361137956,25.50330361137956,54.33849752268619,4.482659234090958,0.012915458028868,0.9931639311394523,twophase,twophase,26.575010252132387,27.32916092909907,1427.412264315914,134.7730160262667,0.46630364656471257,0.0,0.01622682519382579,0.01622682519339591,4.298783551348606e-13
14920.0,365.43504951883455,0.0,21.79056587452899,25.50361061509808,25.50361061509808,54.33954026404276,4.482584078090744,0.012914039538930357,0.9932484606821054,twophase,twophase,26.575273125545632,27.330130674424066,1427.412264315914,134.7730160262667,0.46629469849311267,0.0,0.01622682519382579,0.01622682519339591,4.298783551348606e-13
14940.0,365.4579766068512,0.0,21.79056587452899,25.503917649449527,25.503917649449527,54.340584180370705,4.482508842817374,0.01291261895550293,0.9933330230263425,twophase,twophase,26.575536257676898,27.331099357910627,1427.412264315914,134.7730160262667,0.4662857406827259,0.0,0.01622682519382579,0.01622682519339591,4.298783551348606e-13
14960.0,365.48090698901535,0.0,21.79056587452899,25.504224714393825,25.504224714393825,54.34162926924627,4.482433528463281,0.012911196282241817,0.9934176181256913,twophase,twophase,26.575799647732488,27.3320669813433,1427.412264315914,134.7730160262667,0.4662767731554917,0.0,0.01622682519382579,0.01622682519339591,4.298783551348606e-13
14980.0,365.5038406626575,0.0,21.79056587452899,25.504531809890874,25.504531809890874,54.34267552824876,4.482358135220478,0.012909771522798858,0.9935022459337576,twophase,twophase,26.57606329492099,27.33303354650355,1427.412264315914,134.7730160262667,0.466267795933321,0.0,0.01622682519382579,0.01622682519339591,4.298783551348606e-13
15000.0,365.52677762510746,0.0,21.79056587452899,25.504838935900548,25.504838935900548,54.343722954965095,4.482282663280569,0.012908344680814175,0.9935869064042231,twophase,twophase,26.576327198453267,27.333999055169773,1427.412264315914,134.7730160262667,0.4662588090380575,0.0,0.01622682519382579,0.01622682519339591,4.298783551348606e-13
15020.0,365.5497178737007,0.0,21.79056587452899,25.505146092382798,25.505146092382798,54.34477154698463,4.4822071128348275,0.012906915759924717,0.9936715994908477,twophase,twophase,26.576591357542465,27.33496350911729,1427.412264315914,134.7730160262667,0.4662498124915218,0.0,0.01622682519382579,0.01622682519339591,4.298783551348606e-13
15040.0,365.57266140576496,0.0,21.79056587452899,25.505453279297488,25.505453279297488,54.345821301902575,4.48213148407406,0.01290548476375844,0.9937563251474666,twophase,twophase,26.57685577140399,27.33592691011836,1427.412264315914,134.7730160262667,0.4662408063154823,0.0,0.01622682519382579,0.01622682519339591,4.298783551348606e-13
15060.0,365.59560821863425,0.0,21.79056587452899,25.50576049660458,25.50576049660458,54.34687221732229,4.482055777188761,0.012904051695930976,0.9938410833279945,twophase,twophase,26.577120439255516,27.336889259942186,1427.412264315914,134.7730160262667,0.4662317905316356,0.0,0.01622682519382579,0.01622682519339591,4.298783551348606e-13
15080.0,365.61855830963873,0.0,21.79056587452899,25.506067744263966,25.506067744263966,54.34792429084738,4.481979992368984,0.012902616560058065,0.9939258739864184,twophase,twophase,26.577385360316967,27.337850560354916,1427.412264315914,134.7730160262667,0.46622276516167394,0.0,0.01622682519382579,0.01622682519339591,4.298783551348606e-13
15100.0,365.6415116761075,0.0,21.79056587452899,25.506375022235556,25.506375022235556,54.34897752008666,4.481904129804396,0.012901179359747713,0.9940106970768056,twophase,twophase,26.577650533810516,27.33881081311965,1427.412264315914,134.7730160262667,0.46621373022724294,0.0,0.01622682519382579,0.01622682519339591,4.298783551348606e-13
15120.0,365.6644683153755,0.0,21.79056587452899,25.506682330479325,25.506682330479325,54.35003190265627,4.481828189684336,0.012899740098596804,0.9940955525532981,twophase,twophase,26.577915958960574,27.339770019996447,1427.412264315914,134.7730160262667,0.4662046857499233,0.0,0.01622682519382579,0.01622682519339591,4.298783551348606e-13
15140.0,365.68742822476946,0.0,21.79056587452899,25.506989668955168,25.506989668955168,54.35108743617574,4.481752172197681,0.01289829878019727,0.9941804403701135,twophase,twophase,26.578181634993797,27.340728182742332,1427.412264315914,134.7730160262667,0.46619563175126466,0.0,0.01622682519382579,0.01622682519339591,4.298783551348606e-13
15160.0,365.7103914016222,0.0,21.79056587452899,25.507297037623047,25.507297037623047,54.35214411827131,4.481676077532985,0.012896855408130833,0.9942653604815469,twophase,twophase,26.57844756113906,27.341685303111298,1427.412264315914,134.7730160262667,0.466186568252757,0.0,0.01622682519382579,0.01622682519339591,4.298783551348606e-13
15180.0,365.73335784326486,0.0,21.79056587452899,25.507604436442907,25.507604436442907,54.3532019465709,4.481599905878392,0.012895409985977263,0.9943503128419672,twophase,twophase,26.578713736627467,27.34264138285431,1427.412264315914,134.7730160262667,0.4661774952758738,0.0,0.01622682519382579,0.01622682519339591,4.298783551348606e-13
15200.0,365.75632754702633,0.0,21.79056587452899,25.50791186537469,25.50791186537469,54.354260918709016,4.4815236574216515,0.012893962517306177,0.9944352974058219,twophase,twophase,26.578980160692335,27.343596423719315,1427.412264315914,134.7730160262667,0.4661684128420302,0.0,0.01622682519382579,0.01622682519339591,4.298783551348606e-13
15220.0,365.77930051023884,0.0,21.79056587452899,25.508219324378377,25.508219324378377,54.355321032327076,4.481447332350174,0.012892513005676797,0.9945203141276312,twophase,twophase,26.579246832569197,27.344550427451246,1427.412264315914,134.7730160262667,0.4661593209725798,0.0,0.01622682519382579,0.01622682519339591,4.298783551348606e-13
15240.0,365.8022767302343,0.0,21.79056587452899,25.508526813413933,25.508526813413933,54.3563822850653,4.48137093085096,0.012891061454650759,0.9946053629619934,twophase,twophase,26.57951375149578,27.345503395792022,1427.412264315914,134.7730160262667,0.46615021968888437,0.0,0.01622682519382579,0.01622682519339591,4.298783551348606e-13
15260.0,365.8252562043407,0.0,21.79056587452899,25.508834332441307,25.508834332441307,54.35744467457669,4.481294453110611,0.01288960786776975,0.9946904438635797,twophase,twophase,26.57978091671202,27.346455330480563,1427.412264315914,134.7730160262667,0.4661411090121943,0.0,0.01622682519382579,0.01622682519339591,4.298783551348606e-13
15280.0,365.84823892988845,0.0,21.79056587452899,25.509141881420483,25.509141881420483,54.35850819851138,4.481217899315373,0.012888152248580757,0.99477555678714,twophase,twophase,26.58004832746004,27.347406233252787,1427.412264315914,134.7730160262667,0.4661319889637823,0.0,0.01622682519382579,0.01622682519339591,4.298783551348606e-13
15300.0,365.8712249042116,0.0,21.79056587452899,25.50944946031147,25.50944946031147,54.35957285453131,4.481141269651138,0.012886694600612187,0.9948607016874949,twophase,twophase,26.580315982984146,27.34835610584162,1427.412264315914,134.7730160262667,0.4661228595648177,0.0,0.01622682519382579,0.01622682519339591,4.298783551348606e-13
15320.0,365.89421412463713,0.0,21.79056587452899,25.509757069074222,25.509757069074222,54.36063864029718,4.481064564303355,0.012885234927395182,0.9949458785195443,twophase,twophase,26.580583882530828,27.349304949977,1427.412264315914,134.7730160262667,0.4661137208364786,0.0,0.01622682519382579,0.01622682519339591,4.298783551348606e-13
15340.0,365.91720658849863,0.0,21.79056587452899,25.510064707668786,25.510064707668786,54.36170555347854,4.480987783457178,0.012883773232447182,0.9950310872382602,twophase,twophase,26.580852025348744,27.35025276738588,1427.412264315914,134.7730160262667,0.4661045727998652,0.0,0.01622682519382579,0.01622682519339591,4.298783551348606e-13
15360.0,365.9402022931233,0.0,21.79056587452899,25.510372376055095,25.510372376055095,54.36277359174607,4.480910927297276,0.01288230951928432,0.9951163277986902,twophase,twophase,26.58112041068872,27.351199559792235,1427.412264315914,134.7730160262667,0.46609541547606564,0.0,0.01622682519382579,0.01622682519339591,4.298783551348606e-13
15380.0,365.9632012358482,0.0,21.79056587452899,25.510680074193274,25.510680074193274,54.3638427527814,4.480833996008107,0.012880843791405854,0.9952016001559574,twophase,twophase,26.581389037803746,27.35214532891707,1427.412264315914,134.7730160262667,0.4660862488860723,0.0,0.01622682519382579,0.01622682519339591,4.298783551348606e-13
15400.0,365.9862034139961,0.0,21.79056587452899,25.510987802043218,25.510987802043218,54.364913034260226,4.480756989773538,0.012879376052320986,0.9952869042652581,twophase,twophase,26.581657905948962,27.353090076478427,1427.412264315914,134.7730160262667,0.46607707305092655,0.0,0.01622682519382579,0.01622682519339591,4.298783551348606e-13
15420.0,366.00920882490414,0.0,21.79056587452899,25.511295559565042,25.511295559565042,54.36598443387539,4.4806799087772635,0.01287790630551203,0.9953722400818634,twophase,twophase,26.581927014381662,27.354033804191378,1427.412264315914,134.7730160262667,0.4660678879915203,0.0,0.01622682519382579,0.01622682519339591,4.298783551348606e-13
15440.0,366.03221746590276,0.0,21.79056587452899,25.511603346718775,25.511603346718775,54.367056949317174,4.480602753202513,0.012876434554465946,0.9954576075611187,twophase,twophase,26.58219636236128,27.354976513768044,1427.412264315914,134.7730160262667,0.4660586937287656,0.0,0.01622682519382579,0.01622682519339591,4.298783551348606e-13
15460.0,366.0552293343229,0.0,21.79056587452899,25.51191116346445,25.51191116346445,54.368130578280315,4.480525523232132,0.012874960802663173,0.9955430066584448,twophase,twophase,26.582465949149384,27.35591820691759,1427.412264315914,134.7730160262667,0.4660494902835342,0.0,0.01622682519382579,0.01622682519339591,4.298783551348606e-13
15480.0,366.0782444274923,0.0,21.79056587452899,25.512219009762084,25.512219009762084,54.369205318467344,4.480448219048588,0.012873485053572008,0.9956284373293341,twophase,twophase,26.582735774009674,27.35685888534624,1427.412264315914,134.7730160262667,0.466040277676629,0.0,0.01622682519382579,0.01622682519339591,4.298783551348606e-13
15500.0,366.10126274274586,0.0,21.79056587452899,25.512526885571774,25.512526885571774,54.37028116758338,4.4803708408340315,0.012872007310657314,0.9957138995293551,twophase,twophase,26.583005836207978,27.357798550757277,1427.412264315914,134.7730160262667,0.4660310559288283,0.0,0.01622682519382579,0.01622682519339591,4.298783551348606e-13
15520.0,366.1242842774165,0.0,21.79056587452899,25.512834790853613,25.512834790853613,54.37135812333954,4.48029338877024,0.012870527577374849,0.9957993932141487,twophase,twophase,26.583276135012234,27.358737204851042,1427.412264315914,134.7730160262667,0.46602182506085754,0.0,0.01622682519382579,0.01622682519339591,4.298783551348606e-13
15540.0,366.14730902883014,0.0,21.79056587452899,25.51314272556759,25.51314272556759,54.37243618344942,4.480215863038511,0.012869045857176863,0.99588491833943,twophase,twophase,26.583546669692502,27.359674849324954,1427.412264315914,134.7730160262667,0.46601258509341814,0.0,0.01622682519382579,0.01622682519339591,4.298783551348606e-13
15560.0,366.17033699432704,0.0,21.79056587452899,25.513450689673924,25.513450689673924,54.37351534563464,4.48013826381998,0.012867562153503402,0.9959704748609879,twophase,twophase,26.583817439520942,27.3606114858735,1427.412264315914,134.7730160262667,0.46600333604714134,0.0,0.01622682519382579,0.01622682519339591,4.298783551348606e-13
15580.0,366.1933681712329,0.0,21.79056587452899,25.513758683132597,25.513758683132597,54.37459560761811,4.480060591295187,0.012866076469792848,0.9960560627346844,twophase,twophase,26.584088443771815,27.361547116188248,1427.412264315914,134.7730160262667,0.4659940779426446,0.0,0.01622682519382579,0.01622682519339591,4.298783551348606e-13
15600.0,366.2164025568825,0.0,21.79056587452899,25.51406670590377,25.51406670590377,54.375676967130715,4.479982845644464,0.012864588809471413,0.9961416819164546,twophase,twophase,26.58435968172148,27.362481741957858,1427.412264315914,134.7730160262667,0.4659848108004754,0.0,0.01622682519382579,0.01622682519339591,4.298783551348606e-13
15620.0,366.2394401486069,0.0,21.79056587452899,25.514374757947518,25.514374757947518,54.376759421901774,4.4799050270476855,0.01286309917596835,0.996227332362307,twophase,twophase,26.584631152648377,27.36341536486807,1427.412264315914,134.7730160262667,0.46597553464119235,0.0,0.01622682519382579,0.01622682519339591,4.298783551348606e-13
15640.0,366.26248094374176,0.0,21.79056587452899,25.51468283922402,25.51468283922402,54.37784296967528,4.479827135684455,0.012861607572689844,0.9963130140283224,twophase,twophase,26.58490285583304,27.364347986601732,1427.412264315914,134.7730160262667,0.46596624948522636,0.0,0.01622682519382579,0.01622682519339591,4.298783551348606e-13
15660.0,366.2855249396164,0.0,21.79056587452899,25.51499094969335,25.51499094969335,54.378927608190295,4.47974917173389,0.012860114003050567,0.9963987268706564,twophase,twophase,26.585174790558067,27.36527960883878,1427.412264315914,134.7730160262667,0.4659569553530483,0.0,0.01622682519382579,0.01622682519339591,4.298783551348606e-13
15680.0,366.30857213356745,0.0,21.79056587452899,25.5152990893157,25.5152990893157,54.38001333519531,4.4796711353748595,0.012858618470450656,0.9964844708455362,twophase,twophase,26.58544695610814,27.36621023325626,1427.412264315914,134.7730160262667,0.4659476522650465,0.0,0.01622682519382579,0.01622682519339591,4.298783551348606e-13
15700.0,366.3316225229257,0.0,21.79056587452899,25.51560725805118,25.51560725805118,54.38110014844232,4.4795930267857775,0.012857120978285045,0.9965702459092608,twophase,twophase,26.585719351769992,27.367139861528337,1427.412264315914,134.7730160262667,0.46593834024157665,0.0,0.01622682519382579,0.01622682519339591,4.298783551348606e-13
15720.0,366.3546761050233,0.0,21.79056587452899,25.51591545585994,25.51591545585994,54.38218804568678,4.479514846144724,0.012855621529943724,0.996656052018203,twophase,twophase,26.585991976832428,27.368068495326277,1427.412264315914,134.7730160262667,0.4659290193029632,0.0,0.01622682519382579,0.01622682519339591,4.298783551348606e-13
15740.0,366.377732877197,0.0,21.79056587452899,25.516223682702186,25.516223682702186,54.38327702469038,4.479436593629462,0.0128541201288072,0.9967418891288076,twophase,twophase,26.5862648305863,27.368996136318483,1427.412264315914,134.7730160262667,0.465919689469475,0.0,0.01622682519382579,0.01622682519339591,4.298783551348606e-13
15760.0,366.40079283678386,0.0,21.79056587452899,25.516531938538137,25.516531938538137,54.384367083220226,4.479358269417386,0.0128526167782478,0.9968277571975921,twophase,twophase,26.586537912324502,27.369922786170473,1427.412264315914,134.7730160262667,0.46591035076133197,0.0,0.01622682519382579,0.01622682519339591,4.298783551348606e-13
15780.0,366.42385598111326,0.0,21.79056587452899,25.51684022332791,25.51684022332791,54.38545821904342,4.4792798736854404,0.01285111148163837,0.996913656181146,twophase,twophase,26.586811221341982,27.3708484465449,1427.412264315914,134.7730160262667,0.46590100319875255,0.0,0.01622682519382579,0.01622682519339591,4.298783551348606e-13
15800.0,366.446922307521,0.0,21.79056587452899,25.517148537031737,25.517148537031737,54.38655042993874,4.479201406610295,0.012849604242333513,0.9969995860361301,twophase,twophase,26.587084756935713,27.371773119101558,1427.412264315914,134.7730160262667,0.4658916468018528,0.0,0.01622682519382579,0.01622682519339591,4.298783551348606e-13
15820.0,366.46999181334354,0.0,21.79056587452899,25.517456879609835,25.517456879609835,54.38764371368265,4.479122868368243,0.012848095063692154,0.9970855467192785,twophase,twophase,26.587358518404706,27.372696805497373,1427.412264315914,134.7730160262667,0.46588228159076633,0.0,0.01622682519382579,0.01622682519339591,4.298783551348606e-13
15840.0,366.49306449591523,0.0,21.79056587452899,25.51776525102242,25.51776525102242,54.388738068058345,4.479044259135209,0.012846583949062889,0.9971715381873961,twophase,twophase,26.58763250504999,27.373619507386426,1427.412264315914,134.7730160262667,0.4658729075855673,0.0,0.01622682519382579,0.01622682519339591,4.298783551348606e-13
15860.0,366.51614035257217,0.0,21.79056587452899,25.518073651229724,25.518073651229724,54.38983349085691,4.478965579086755,0.012845070901782149,0.9972575603973602,twophase,twophase,26.587906716174615,27.374541226419943,1427.412264315914,134.7730160262667,0.4658635248062601,0.0,0.01622682519382579,0.01622682519339591,4.298783551348606e-13
15880.0,366.5392193806497,0.0,21.79056587452899,25.518382080191984,25.518382080191984,54.39092997986706,4.478886828398093,0.012843555925190738,0.9973436133061194,twophase,twophase,26.588181151083646,27.375461964246313,1427.412264315914,134.7730160262667,0.4658541332728671,0.0,0.01622682519382579,0.01622682519339591,4.298783551348606e-13
15900.0,366.5623015774859,0.0,21.79056587452899,25.518690537869496,25.518690537869496,54.39202753288927,4.478808007244117,0.01284203902261107,0.9974296968706934,twophase,twophase,26.588455809084152,27.37638172251108,1427.412264315914,134.7730160262667,0.46584473300530815,0.0,0.01622682519382579,0.01622682519339591,4.298783551348606e-13
15920.0,366.58538694041573,0.0,21.79056587452899,25.51899902422248,25.51899902422248,54.39312614772403,4.478729115799289,0.012840520197366015,0.997515811048173,twophase,twophase,26.58873068948521,27.377300502856965,1427.412264315914,134.7730160262667,0.4658353240235007,0.0,0.01622682519382579,0.01622682519339591,4.298783551348606e-13
15940.0,366.6084754667783,0.0,21.79056587452899,25.519307539211255,25.519307539211255,54.3942258221777,4.47865015423779,0.012838999452769654,0.9976019557957214,twophase,twophase,26.589005791597884,27.37821830692385,1427.412264315914,134.7730160262667,0.46582590634730986,0.0,0.01622682519382579,0.01622682519339591,4.298783551348606e-13
15960.0,366.6315671539105,0.0,21.79056587452899,25.51961608279611,25.51961608279611,54.39532655406102,4.478571122733411,0.012837476792129376,0.9976881310705729,twophase,twophase,26.589281114735233,27.379135136348797,1427.412264315914,134.7730160262667,0.46581647999656106,0.0,0.01622682519382579,0.01622682519339591,4.298783551348606e-13
15980.0,366.6546619991455,0.0,21.79056587452899,25.51992465493726,25.51992465493726,54.3964283411877,4.478492021459516,0.01283595221874843,0.9977743368300312,twophase,twophase,26.589556658212295,27.380050992766055,1427.412264315914,134.7730160262667,0.46580704499105235,0.0,0.01622682519382579,0.01622682519339591,4.298783551348606e-13
16000.0,366.6777599998293,0.0,21.79056587452899,25.520233255595134,25.520233255595134,54.397531181377644,4.478412850589296,0.012834425735920668,0.9978605730314729,twophase,twophase,26.5898324213461,27.380965877807053,1427.412264315914,134.7730160262667,0.46579760135052634,0.0,0.01622682519382579,0.01622682519339591,4.298783551348606e-13
16020.0,366.7008611532956,0.0,21.79056587452899,25.52054188473,25.52054188473,54.39863507245721,4.478333610295438,0.012832897346929942,0.9979468396323434,twophase,twophase,26.590108403455634,27.381879793100417,1427.412264315914,134.7730160262667,0.4657881490946687,0.0,0.01622682519382579,0.01622682519339591,4.298783551348606e-13
16040.0,366.7239654568839,0.0,21.79056587452899,25.520850542302195,25.520850542302195,54.3997400122499,4.478254300750318,0.01283136705506533,0.9980331365901605,twophase,twophase,26.590384603861867,27.382792740271967,1427.412264315914,134.7730160262667,0.465778688243187,0.0,0.01622682519382579,0.01622682519339591,4.298783551348606e-13
16060.0,366.7470729079386,0.0,21.79056587452899,25.52115922827213,25.52115922827213,54.40084599859366,4.478174922126031,0.01282983486359317,0.998119463862511,twophase,twophase,26.59066102188772,27.38370472094472,1427.412264315914,134.7730160262667,0.4657692188156633,0.0,0.01622682519382579,0.01622682519339591,4.298783551348606e-13
16080.0,366.7701835037911,0.0,21.79056587452899,25.521467942600054,25.521467942600054,54.40195302932006,4.478095474594159,0.012828300775790537,0.998205821407053,twophase,twophase,26.590937656858074,27.384615736738912,1427.412264315914,134.7730160262667,0.46575974083173205,0.0,0.01622682519382579,0.01622682519339591,4.298783551348606e-13
16100.0,366.7932972417895,0.0,21.79056587452899,25.521776685246447,25.521776685246447,54.40306110227514,4.478015958326133,0.012826764794911781,0.9982922091815146,twophase,twophase,26.591214508099764,27.385525789271977,1427.412264315914,134.7730160262667,0.4657502543109017,0.0,0.01622682519382579,0.01622682519339591,4.298783551348606e-13
16120.0,366.816414119269,0.0,21.79056587452899,25.52208545617163,25.52208545617163,54.40417021530239,4.477936373492876,0.012825226924215838,0.9983786271436949,twophase,twophase,26.591491574941564,27.386434880158575,1427.412264315914,134.7730160262667,0.4657407592727005,0.0,0.01622682519382579,0.01622682519339591,4.298783551348606e-13
16140.0,366.8395341335753,0.0,21.79056587452899,25.52239425533603,25.52239425533603,54.40528036625223,4.4778567202650565,0.012823687166951087,0.9984650752514613,twophase,twophase,26.591768856714197,27.387343011010582,1427.412264315914,134.7730160262667,0.4657312557365951,0.0,0.01622682519382579,0.01622682519339591,4.298783551348606e-13
16160.0,366.8626572820507,0.0,21.79056587452899,25.522703082700104,25.522703082700104,54.40639155297999,4.477776998812995,0.012822145526358431,0.9985515534627538,twophase,twophase,26.592046352750312,27.388250183437105,1427.412264315914,134.7730160262667,0.4657217437220081,0.0,0.01622682519382579,0.01622682519339591,4.298783551348606e-13
16180.0,366.8857835620302,0.0,21.79056587452899,25.523011938224162,25.523011938224162,54.40750377334237,4.477697209306548,0.012820602005677074,0.9986380617355783,twophase,twophase,26.592324062384492,27.38915639904448,1427.412264315914,134.7730160262667,0.46571222324834827,0.0,0.01622682519382579,0.01622682519339591,4.298783551348606e-13
16200.0,366.9089129708649,0.0,21.79056587452899,25.523320821868744,25.523320821868744,54.40861702520492,4.477617351915398,0.01281905660813254,0.9987246000280146,twophase,twophase,26.592601984953237,27.390061659436277,1427.412264315914,134.7730160262667,0.4657026943349465,0.0,0.01622682519382579,0.01622682519339591,4.298783551348606e-13
16220.0,366.93204550589434,0.0,21.79056587452899,25.523629733594273,25.523629733594273,54.409731306434196,4.47753742680878,0.012817509336949265,0.9988111682982083,twophase,twophase,26.592880119794977,27.39096596621331,1427.412264315914,134.7730160262667,0.4656931570011229,0.0,0.01622682519382579,0.01622682519339591,4.298783551348606e-13
16240.0,366.95518116446175,0.0,21.79056587452899,25.523938673361197,25.523938673361197,54.41084661490122,4.477457434155583,0.01281596019534493,0.998897766504378,twophase,twophase,26.593158466250042,27.39186932097364,1427.412264315914,134.7730160262667,0.46568361126615737,0.0,0.01622682519382579,0.01622682519339591,4.298783551348606e-13
16260.0,366.97831994391265,0.0,21.79056587452899,25.52424764113,25.52424764113,54.411962948482106,4.477377374124383,0.012814409186529577,0.9989843946048091,twophase,twophase,26.59343702366068,27.392771725312574,1427.412264315914,134.7730160262667,0.4656740571492839,0.0,0.01622682519382579,0.01622682519339591,4.298783551348606e-13
16280.0,367.00146184159183,0.0,21.79056587452899,25.524556636861195,25.524556636861195,54.413080305059246,4.477297246883423,0.012812856313703627,0.9990710525578578,twophase,twophase,26.593715791371032,27.39367318082268,1427.412264315914,134.7730160262667,0.4656644946696808,0.0,0.01622682519382579,0.01622682519339591,4.298783551348606e-13
16300.0,367.02460685484385,0.0,21.79056587452899,25.524865660515253,25.524865660515253,54.41419868251508,4.477217052600554,0.01281130158006792,0.999157740321948,twophase,twophase,26.593994768727143,27.394573689093786,1427.412264315914,134.7730160262667,0.4656549238465238,0.0,0.01622682519382579,0.01622682519339591,4.298783551348606e-13
16320.0,367.0477549810176,0.0,21.79056587452899,25.525174712052756,25.525174712052756,54.41531807874049,4.477136791443371,0.01280974498881027,0.999244457855574,twophase,twophase,26.594273955076943,27.39547325171298,1427.412264315914,134.7730160262667,0.4656453446989142,0.0,0.01622682519382579,0.01622682519339591,4.298783551348606e-13
16340.0,367.070906217455,0.0,21.79056587452899,25.52548379143416,25.52548379143416,54.41643849162648,4.477056463579009,0.012808186543118709,0.9993312051172977,twophase,twophase,26.594553349770248,27.396371870264623,1427.412264315914,134.7730160262667,0.46563575724595024,0.0,0.01622682519382579,0.01622682519339591,4.298783551348606e-13
16360.0,367.09406056150635,0.0,21.79056587452899,25.525792898620065,25.525792898620065,54.417559919071536,4.4769760691743725,0.012806626246169796,0.9994179820657507,twophase,twophase,26.59483295215876,27.397269546330357,1427.412264315914,134.7730160262667,0.4656261615066641,0.0,0.01622682519382579,0.01622682519339591,4.298783551348606e-13
16380.0,367.11721801051823,0.0,21.79056587452899,25.526102033571018,25.526102033571018,54.41868235897795,4.476895608395971,0.012805064101134418,0.9995047886596327,twophase,twophase,26.595112761596052,27.398166281489097,1427.412264315914,134.7730160262667,0.465616557500053,0.0,0.01622682519382579,0.01622682519339591,4.298783551348606e-13
16400.0,367.14037856183836,0.0,21.79056587452899,25.526411196247576,25.526411196247576,54.419805809250064,4.476815081409968,0.012803500111180666,0.9995916248577125,twophase,twophase,26.595392777437564,27.39906207731704,1427.412264315914,134.7730160262667,0.4656069452450945,0.0,0.01622682519382579,0.01622682519339591,4.298783551348606e-13
16420.0,367.16354221281654,0.0,21.79056587452899,25.52672038661036,25.52672038661036,54.42093026780031,4.476734488382238,0.012801934279464086,0.9996784906188265,twophase,twophase,26.595672999040605,27.399956935387685,1427.412264315914,134.7730160262667,0.46559732476069526,0.0,0.01622682519382579,0.01622682519339591,4.298783551348606e-13
16440.0,367.18670896079914,0.0,21.79056587452899,25.527029604619926,25.527029604619926,54.42205573253962,4.476653829478238,0.012800366609143179,0.9997653859018811,twophase,twophase,26.595953425764343,27.400850857271813,1427.412264315914,134.7730160262667,0.4655876960657722,0.0,0.01622682519382579,0.01622682519339591,4.298783551348606e-13
16460.0,367.20987880314516,0.0,21.79056587452899,25.52733885023701,25.52733885023701,54.42318220139154,4.476573104863251,0.012798797103356655,0.9998523106658486,twophase,twophase,26.5962340569698,27.401743844537506,1427.412264315914,134.7730160262667,0.46557805917913236,0.0,0.01622682519382579,0.01622682519339591,4.298783551348606e-13
16480.0,367.23305173719615,0.0,21.79056587452899,25.527648123422132,25.527648123422132,54.42430967227549,4.476492314702,0.012797225765250218,0.9999392648697712,twophase,twophase,26.59651489201984,27.40263589875016,1427.412264315914,134.7730160262667,0.4655684141196159,0.0,0.01622682519382579,0.01622682519339591,4.298783551348606e-13
16500.0,367.261615328694,0.0,21.79056587452899,25.52802932315251,25.528899094185945,54.42726524566554,4.476280561486667,0.012792743185127983,,twophase,gas,26.596795968570326,27.403527225501527,1427.41226425751,134.77301608467056,0.46554313225681154,2.9201942197687457e-09,0.016226883597710184,0.016226883597251884,4.583000645652646e-13
16520.0,367.302622294335,0.0,21.79056587452899,25.52857655143796,25.532326776767917,54.434441998851895,4.47576658285971,0.012781538864549106,,twophase,gas,26.597077818827945,27.40442066657148,1427.4122633269753,134.7730170152053,0.4654817537517107,4.6526736241503386e-08,0.016227814132435014,0.016227814132005136,4.298783551348606e-13
16540.0,367.34358830939215,0.0,21.79056587452899,25.52912319043627,25.535750394714448,54.44160680172127,4.475253748448874,0.012770353566348105,,twophase,gas,26.597360628941868,27.405317221177622,1427.4122612369142,134.7730191052664,0.46542049321401013,1.0450305580889107e-07,0.016229904193551192,0.016229904193092892,4.583000645652646e-13
16560.0,367.38451349005936,0.0,21.79056587452899,25.529669241834196,25.539169957441608,54.44875968099545,4.4747420547230705,0.012759187244623955,,twophase,gas,26.59764439564571,27.40621687938891,1427.4122579886769,134.77302235350373,0.4653593503288606,1.6241186813203966e-07,0.016233152430913833,0.01623315243042711,4.867217739956686e-13
16580.0,367.42539794823057,0.0,21.79056587452899,25.53021470726046,25.542585473544378,54.455900661984046,4.474231498378894,0.012748039855743394,,twophase,gas,26.597929115683275,27.40711963130076,1427.4122535836107,134.77302675857,0.4652983247939186,2.2025330963515445e-07,0.016237557497106536,0.01623755749670508,4.014566457044566e-13
16600.0,367.46624179552913,0.0,21.79056587452899,25.53075958833953,25.545996951607535,54.4630297699495,4.473722076123558,0.012736911356167316,,twophase,gas,26.598214785808334,27.4080254670345,1427.41224802306,134.77303231912055,0.4652374163076684,2.780275281111244e-07,0.01624311804766876,0.01624311804723888,4.298783551348606e-13
16620.0,367.50704514332705,0.0,21.79056587452899,25.53130388669189,25.549404400205646,54.47014703011603,4.473213784675152,0.012725801702436465,,twophase,gas,26.59850140278457,27.40893437673733,1427.4122413083674,134.77303903381332,0.4651766245693444,3.357346372467873e-07,0.016249832740413694,0.016249832740012238,4.014566457044566e-13
16640.0,367.54780810273945,0.0,21.79056587452899,25.531847603933937,25.552807827903088,54.47725246766351,4.4727066207624935,0.012714710851181126,,twophase,gas,26.598788963385573,27.409846350582278,1427.4122334408717,134.77304690130896,0.4651159492789807,3.933747848350322e-07,0.016257700236110395,0.016257700235652095,4.583000645652646e-13
16660.0,367.58853078461965,0.0,21.79056587452899,25.53239074167797,25.556207243253716,54.48434610773164,4.472200581125087,0.01270363875911416,,twophase,gas,26.599077464394792,27.410761378768125,1427.41222442191,134.77305592027074,0.4650553901373744,4.5094808456269673e-07,0.01626671919780165,0.016266719197428614,3.730349362740526e-13
16680.0,367.6292132995619,0.0,21.79056587452899,25.532933301532164,25.55960265480114,54.49142797541334,4.471695662513014,0.012692585383041785,,twophase,gas,26.599366902605524,27.41167945151938,1427.412214252816,134.77306608936456,0.46499494684613923,5.084546955913538e-07,0.016276888291713476,0.016276888291255176,4.583000645652646e-13
16700.0,367.6698557579093,0.0,21.79056587452899,25.533475285100746,25.56299407107843,54.49849809576427,4.471191861687115,0.012681550679848094,,twophase,gas,26.59965727482088,27.412600559086208,1427.4122029349217,134.77307740725902,0.4649346191076228,5.658947202391573e-07,0.01628820618611826,0.016288206185716803,4.014566457044566e-13
16720.0,367.7104582697468,0.0,21.79056587452899,25.534016693983855,25.566381500608202,54.50555649379709,4.470689175418782,0.012670534606504101,,twophase,gas,26.59994857785376,27.41352469174439,1427.4121904695553,134.7730898726253,0.4648744066249538,6.2326831766768e-07,0.016300671552471613,0.01630067155198489,4.867217739956686e-13
16740.0,367.75102094487664,0.0,21.79056587452899,25.534557529777224,25.569764951899316,54.51260319447191,4.470187600490633,0.012659537120082972,,twophase,gas,26.600240808526813,27.41445183979526,1427.4121768580433,134.7731034841372,0.464814309102121,6.805756015637598e-07,0.016314283064502888,0.01631428306390248,6.004086117172847e-13
16760.0,367.79154389291233,0.0,21.79056587452899,25.535097794073472,25.573144433458722,54.51963822272935,4.4696871336938955,0.012648558177707348,,twophase,gas,26.600533963672426,27.415381993565667,1427.4121621017093,134.77311824047126,0.4647543262436903,7.378166969829181e-07,0.016329039398442546,0.016329039397955825,4.867217739956686e-13
16780.0,367.8320272231542,0.0,21.79056587452899,25.53563748846041,25.576519953774756,54.52666160344874,4.4691877718320985,0.012637597736615602,,twophase,gas,26.60082804013269,27.41631514340792,1427.412146201874,134.77313414030652,0.46469445775515833,7.949917630867276e-07,0.01634493923370428,0.01634493923321756,4.867217739956686e-13
16800.0,367.8724710446611,0.0,21.79056587452899,25.536176614521995,25.579891521327365,54.533673361470456,4.468689511718643,0.012626655754126383,,twophase,gas,26.601123034759375,27.417251279699737,1427.4121291598558,134.77315118232477,0.46463470334276075,8.521009135620262e-07,0.01636198125197552,0.016361981251460378,5.151434834260726e-13
16820.0,367.9128754662407,0.0,21.79056587452899,25.536715173838253,25.583259144585888,54.54067352159686,4.468192350177349,0.012615732187636864,,twophase,gas,26.601418944413894,27.41819039284418,1427.4121109769703,134.77316936521035,0.46457506271346216,9.091442734643351e-07,0.016380164137444808,0.01638016413704335,4.014566457044566e-13
16840.0,367.95324059644156,0.0,21.79056587452899,25.537253167985103,25.58662283200868,54.547662108581484,4.4676962840424155,0.012604826994640092,,twophase,gas,26.60171576596728,27.419132473269627,1427.4120916545305,134.77318868765025,0.4645155355750463,9.661219905865437e-07,0.01639948657725654,0.016399486576940348,3.161915174132446e-13
16860.0,367.9935665435626,0.0,21.79056587452899,25.537790598534567,25.58998259204332,54.55463914714085,4.467201310158411,0.01259394013270591,,twophase,gas,26.602013496300174,27.420077511429696,1427.4120711938467,134.77320914833408,0.46445612163601374,1.0230341899841733e-06,0.016419947261056222,0.016419947260768453,2.877698079828406e-13
16880.0,368.0338534156469,0.0,21.79056587452899,25.53832746705461,25.59333843312645,54.56160466194644,4.466707425380213,0.012583071559493668,,twophase,gas,26.602312132302767,27.421025497803214,1427.4120495962268,134.7732307459541,0.4643968206056482,1.0798809967127453e-06,0.016441544880990477,0.016441544880787973,2.0250467969162855e-13
16900.0,368.07410132047943,0.0,21.79056587452899,25.538863775109192,25.5966903636836,54.56855867762559,4.466214626572942,0.012572221232750848,,twophase,gas,26.602611670874808,27.421976422894154,1427.4120268629756,134.77325347920518,0.46433763219400703,1.136662558565149e-06,0.01646427813216178,0.01646427813187401,2.877698079828406e-13
16920.0,368.1143103655986,0.0,21.79056587452899,25.53939952425834,25.600038392129495,54.575501218766526,4.465722910612011,0.012561389110304813,,twophase,gas,26.602912108925548,27.422930277231583,1427.412002995396,134.7732773467848,0.46427855611187707,1.1933789778595383e-06,0.01648814571171897,0.016488145711488045,2.3092638912203256e-13
16940.0,368.15448065828576,0.0,21.79056587452899,25.53993471605809,25.603382526867588,54.58243230991106,4.465232274383041,0.01255057515007444,,twophase,gas,26.60321344337373,27.42388705136962,1427.4119779947878,134.77330234739304,0.46421959207083413,1.2500304137574859e-06,0.01651314631999412,0.016513146319734773,2.5934809855243657e-13
16960.0,368.19461230556965,0.0,21.79056587452899,25.540469352060494,25.606722776290326,54.589351975558785,4.464742714781792,0.012539779310063398,,twophase,gas,26.603515671147555,27.424846735887375,1427.4119518624482,134.7733284797326,0.46416073978320627,1.3066169799458294e-06,0.016539278659593037,0.016539278659305268,2.877698079828406e-13
16980.0,368.23470541422955,0.0,21.79056587452899,25.5410034338137,25.610059148778934,54.5962602401701,4.4642542287142435,0.012529001548354995,,twophase,gas,26.60381878918466,27.425809321388904,1427.411924599672,134.77335574250884,0.4641019989620454,1.3631388128487743e-06,0.016566541435850013,0.01656654143553382,3.161915174132446e-13
17000.0,368.27476009079123,0.0,21.79056587452899,25.541536962861862,25.61339165270344,54.60315712816013,4.4637668130964405,0.012518241823122082,,twophase,gas,26.604122794432087,27.426774798503153,1427.4118962077512,134.77338413442968,0.4640433693211783,1.419596037521842e-06,0.01659493335660045,0.016594933356369523,2.3092638912203256e-13
17020.0,368.31477644152375,0.0,21.79056587452899,25.54206994074514,25.61672029642254,54.61004266389736,4.463280464854466,0.012507500092629109,,twophase,gas,26.604427683846257,27.427743157883906,1427.4118666879751,134.77341365420565,0.4639848505752151,1.4759888017579215e-06,0.016624453132635608,0.01662445313234784,2.877698079828406e-13
17040.0,368.354754572452,0.0,21.79056587452899,25.54260236899985,25.620045088283696,54.61691687171418,4.462795180924528,0.012496776315214954,,twophase,gas,26.60473345439295,27.42871439020974,1427.411836041631,134.7734443005499,0.4639264424394592,1.5323172078751667e-06,0.01665509947679311,0.016655099476590607,2.0250467969162855e-13
17060.0,368.39469458934065,0.0,21.79056587452899,25.54313424915827,25.623366036622905,54.62377977589281,4.462310958252724,0.012486070449315741,,twophase,gas,26.605040103047266,27.429688486183974,1427.4118042700027,134.77347607217817,0.4638681446300239,1.5885814150351508e-06,0.016686871105093815,0.016686871104862888,2.3092638912203256e-13
17080.0,368.4345965977144,0.0,21.79056587452899,25.543665582748858,25.626683149764872,54.630631400679,4.461827793795293,0.01247538245344241,,twophase,gas,26.605347626793613,27.4306654365346,1427.411771374372,134.77350896780882,0.46380995686371507,1.644781536924711e-06,0.01671976673583231,0.016719766735516117,3.161915174132446e-13
17100.0,368.474460702841,0.0,21.79056587452899,25.544196371296106,25.629996436022857,54.63747177027186,4.461345684518284,0.012464712286197204,,twophase,gas,26.605656022625666,27.431645232014255,1427.411737356018,134.7735429861628,0.4637518788581155,1.7009176985993691e-06,0.016753785089804296,0.016753785089488105,3.161915174132446e-13
17120.0,368.51428700974117,0.0,21.79056587452899,25.544726616320627,25.633305903698513,54.64430090882853,4.46086462739777,0.012454059906266073,,twophase,gas,26.605965287546354,27.43262786340016,1427.4117022162172,134.77357812596364,0.46369391033154317,1.7569900364833303e-06,0.016788924890533963,0.016788924890331458,2.0250467969162855e-13
17140.0,368.5540756231802,0.0,21.79056587452899,25.54525631933905,25.636611561082027,54.65111884045945,4.460384619419569,0.012443425272426058,,twophase,gas,26.606275418567826,27.433613321494065,1427.4116659562435,134.77361438593746,0.4636360510030901,1.8129986870007996e-06,0.01682518486427398,0.01682518486415674,1.1723955140041653e-13
17160.0,368.59382664767975,0.0,21.79056587452899,25.545785481864186,25.63991341645201,54.6579255892406,4.45990565757945,0.012432808343525666,,twophase,gas,26.60658641271143,27.434601597122203,1427.411628577368,134.773651764813,0.4635783005925165,1.8689437752072991e-06,0.016862563739778125,0.016862563739689307,8.881784197001252e-14
17180.0,368.6335401875113,0.0,21.79056587452899,25.54631410540494,25.64321147807547,54.66472117919601,4.459427738882971,0.012422209078512797,,twophase,gas,26.606898267007676,27.435592681135233,1427.4115900808595,134.77369026132155,0.4635206588203973,1.9248254261583497e-06,0.01690106024830129,0.016901060248240896,6.039613253960852e-14
17200.0,368.6732163466946,0.0,21.79056587452899,25.546842191466315,25.64650575420772,54.67150563430744,4.45895086034542,0.012411627436419317,,twophase,gas,26.607210978496227,27.4365865644082,1427.411550467984,134.77372987419702,0.4634631254080387,1.980643776278157e-06,0.016940673123826855,0.016940673123709615,1.1723955140041653e-13
17220.0,368.7128552290015,0.0,21.79056587452899,25.547369741549428,25.6497962530923,54.67827897851999,4.4584750189918845,0.012401063376351563,,twophase,gas,26.607524544225857,27.437583237840467,1427.4115097400052,134.7737706021759,0.4634057000774285,2.0363989392535586e-06,0.016981401102611926,0.01698140110257995,3.197442310920451e-14
17240.0,368.7524569379601,0.0,21.79056587452899,25.547896757151587,25.653082982961152,54.685041235728804,4.45800021185717,0.012390516857512109,,twophase,gas,26.607838961254437,27.438582692355684,1427.411467898184,134.77381244399723,0.46334838255134714,2.092091062877444e-06,0.017023242923869475,0.017023242923922766,-5.3290705182007514e-14
17260.0,368.79202157684574,0.0,21.79056587452899,25.548423239766176,25.656365952034328,54.69179242978794,4.457526435985736,0.012379987839185055,,twophase,gas,26.6081542266489,27.43958491890172,1427.4114249437785,134.77385539840265,0.463291172553291,2.1477202722053335e-06,0.01706619732931358,0.01706619732933845,-2.4868995751603507e-14
17280.0,368.83154924868546,0.0,21.79056587452899,25.548949190882716,25.65964516852008,54.698532584507014,4.457053688431664,0.012369476280741523,,twophase,gas,26.608470337485223,27.440589908450615,1427.4113808780448,134.77389946413635,0.4632340698074988,2.203286680924066e-06,0.017110263062932063,0.017110263063042197,-1.1013412404281553e-13
17300.0,368.871040056264,0.0,21.79056587452899,25.54947461198695,25.662920640614796,54.705261723655724,4.456581966258719,0.01235898214163228,,twophase,gas,26.608787290848397,27.441597651998542,1427.411335702236,134.77394463994514,0.4631770740389122,2.25879043682653e-06,0.017155438871668593,0.01715543887183557,-1.6697754290362354e-13
17320.0,368.91049416540005,0.0,21.79056587452899,25.549999505402614,25.66619238394935,54.71197989247402,4.456111265030388,0.01234850534723121,,twophase,gas,26.609105083832834,27.44260814056735,1427.4112894176023,134.7739909245788,0.463120184791096,2.3142316877056145e-06,0.017201723505422706,0.017201723505504418,-8.171241461241152e-14
17340.0,368.9499115012117,0.0,21.79056587452899,25.550523870250753,25.669460385848918,54.71868705440645,4.455641586056803,0.01233804595281375,,twophase,gas,26.609423713541737,27.443621365202272,1427.4112420253916,134.77403831678953,0.46306340230035875,2.369610535879474e-06,0.017249115716140295,0.017249115716222008,-8.171241461241152e-14
17360.0,368.9892923235356,0.0,21.79056587452899,25.55104771010478,25.672724673040918,54.725383286734,4.455172922665363,0.01232760383290643,,twophase,gas,26.609743177085527,27.444637316966062,1427.4111935268509,134.77408681533026,0.46300672583975105,2.4249270381915267e-06,0.017297614256904126,0.017297614256957417,-5.3290705182007514e-14
17380.0,369.02863669433526,0.0,21.79056587452899,25.551571025905154,25.67598524898723,54.732068599510754,4.454705272908361,0.012317178968804276,,twophase,gas,26.61006347158559,27.44565598695311,1427.4111439232224,134.7741364189587,0.4629501552517629,2.4801814220154483e-06,0.017347217885344435,0.017347217885397725,-5.3290705182007514e-14
17400.0,369.0679447123342,0.0,21.79056587452899,25.55209381908082,25.679242121491086,54.73874301532452,4.454238633964798,0.012306771321915284,,twophase,gas,26.61038459417171,27.446677366279776,1427.4110932157466,134.77418712643453,0.46289369027313854,2.5353737896693928e-06,0.017397925361137823,0.017397925361219535,-8.171241461241152e-14
17420.0,369.1072164781394,0.0,21.79056587452899,25.55261609108524,25.682495298594368,54.745406557443296,4.4537730029722065,0.012296380852583158,,twophase,gas,26.61070654198246,27.447701446086022,1427.4110414056613,134.7742389365199,0.46283733063521876,2.5905042662088817e-06,0.017449735446462,0.017449735446600556,-1.3855583347321954e-13
17440.0,369.1464520925549,0.0,21.79056587452899,25.553137843373953,25.685744788379374,54.75205924924484,4.453308377066787,0.012286007520993014,,twophase,gas,26.61102931216524,27.448728217535503,1427.4109884942015,134.77429184797958,0.4627810760687681,2.6455729880581204e-06,0.017502646906223163,0.017502646906276453,-5.3290705182007514e-14
17460.0,369.1856516562822,0.0,21.79056587452899,25.55365907740058,25.68899059893247,54.75870111410719,4.452844753390893,0.01227565128734536,,twophase,gas,26.611352901876252,27.44975767181556,1427.4109344826004,134.77434585958082,0.4627249263049,2.700580057535262e-06,0.017556658507373868,0.017556658507512424,-1.3855583347321954e-13
17480.0,369.2248152634374,0.0,21.79056587452899,25.55417979453066,25.692232737580063,54.76533217320964,4.452382129247263,0.012265312115345931,,twophase,gas,26.61167730828044,27.45078980013703,1427.4108793720877,134.77440097009338,0.4626688810936531,2.755525633801881e-06,0.017611769020049906,0.017611769020074775,-2.4868995751603507e-14
17500.0,369.26394302719416,0.0,21.79056587452899,25.554699996382602,25.695471213911794,54.771952454256464,4.451920501488171,0.012254989958359809,,twophase,gas,26.612002528551375,27.451824593733868,1427.4108231638916,134.77445717828945,0.46261294013028625,2.810409807807446e-06,0.017667977216206054,0.01766797721614566,6.039613253960852e-14
17520.0,369.3030350410826,0.0,21.79056587452899,25.555219684313062,25.698706035218237,54.77856197830125,4.451459867437286,0.012244684780323643,,twophase,gas,26.612328559871756,27.45286204386505,1427.4107658592368,134.77451448294417,0.46255710316660015,2.86523273871353e-06,0.017725281870980325,0.017725281870863085,1.1723955140041653e-13
17540.0,369.34209140494585,0.0,21.79056587452899,25.55573885976212,25.701937209550515,54.78516076859441,4.451000224271279,0.012234396541702422,,twophase,gas,26.61265539943277,27.453902141812236,1427.410707459346,134.77457288283492,0.46250136993617724,2.9199945402069717e-06,0.017783681761784464,0.01778368176161038,1.7408297026122455e-13
17560.0,369.3811122183894,0.0,21.79056587452899,25.556257524166167,25.70516474494746,54.79174884833632,4.4505415691761225,0.012224125203056047,,twophase,gas,26.6129830444343,27.454944878880546,1427.4106479654392,134.7746323767417,0.46244574017336665,2.9746953373432914e-06,0.01784317566853133,0.01784317566838567,1.4566126083082054e-13
17580.0,369.42009758077006,0.0,21.79056587452899,25.556775678957756,25.708388649435573,54.79832624068448,4.45008389934683,0.01221387072502774,,twophase,gas,26.613311492084883,27.45599024639851,1427.410587378734,134.77469296344697,0.46239021361322186,3.0293352665466956e-06,0.017903762373862264,0.01790376237365976,2.0250467969162855e-13
17600.0,369.4590475912083,0.0,21.79056587452899,25.55729332556578,25.711608931028955,54.80489296875542,4.449627211987672,0.012203633068340918,,twophase,gas,26.613640739601696,27.457038235718016,1427.410525700445,134.7747546417358,0.46233478999148325,3.083914441504021e-06,0.017965440662692345,0.01796544066248984,2.0250467969162855e-13
17620.0,369.4979623485796,0.0,21.79056587452899,25.557810465415344,25.71482559772924,54.81144905561896,4.449171504312003,0.0121934121938082,,twophase,gas,26.613970784210526,27.458088838214262,1427.410462931785,134.7748174103957,0.4622794690446246,3.1384329986394734e-06,0.018028209322665134,0.018028209322405786,2.5934809855243657e-13
17640.0,369.5368419515237,0.0,21.79056587452899,25.558327099927908,25.718038657525696,54.817994524304595,4.448716773542294,0.012183208062321371,,twophase,gas,26.614301623145757,27.459142045285706,1427.410399073964,134.7748812682168,0.462224250509798,3.19289105163989e-06,0.018092067143697932,0.018092067143495427,2.0250467969162855e-13
17660.0,369.57568649843154,0.0,21.79056587452899,25.5588432305211,25.721248118395025,54.824529397794194,4.448263016910006,0.012173020634862709,,twophase,gas,26.614633253650325,27.460197848354007,1427.410334128189,134.77494621399168,0.46216913412489385,3.2472887482981603e-06,0.018157012918663895,0.018157012918376125,2.877698079828406e-13
17680.0,369.61449608745414,0.0,21.79056587452899,25.55935885860883,25.724453988301416,54.831053699027315,4.4478102316556125,0.012162849872496575,,twophase,gas,26.614965672975714,27.461256238863985,1427.4102680956653,134.77501224651544,0.4621141196284941,3.3016261909324386e-06,0.018223045442482544,0.01822304544213793,3.446132268436486e-13
17700.0,369.65327081651606,0.0,21.79056587452899,25.559873985601516,25.727656275196658,54.837567450904004,4.447358415028764,0.012152695736364853,,twophase,gas,26.61529887838192,27.462317208283565,1427.410200977595,134.77507936458574,0.4620592067598474,3.3559035159669293e-06,0.018290163512801882,0.018290163512428848,3.730349362740526e-13
17720.0,369.6920107832919,0.0,21.79056587452899,25.560388612905708,25.73085498701989,54.8440706762758,4.4469075642879305,0.012142558187701222,,twophase,gas,26.615632867137432,27.463380748103727,1427.410132775178,134.77514756700268,0.4620043952589434,3.4101208484571543e-06,0.018358365929771026,0.01835836592936957,4.014566457044566e-13
17740.0,369.7307160852119,0.0,21.79056587452899,25.560902741924217,25.734050131697565,54.85056339795155,4.4464576767004855,0.012132437187821709,,twophase,gas,26.615967636519198,27.464446849838456,1427.4100634896117,134.77521685256895,0.4619496848664617,3.4642783134586353e-06,0.018427651496040198,0.01842765149563874,4.014566457044566e-13
17760.0,369.7693868194742,0.0,21.79056587452899,25.561416374056247,25.73724171714359,54.85704563869546,4.446008749542778,0.012122332698127921,,twophase,gas,26.61630318381262,27.46551550502469,1427.409993122091,134.77528722008967,0.4618950753237875,3.5183760360268932e-06,0.018498019016760736,0.01849801901635928,4.014566457044566e-13
17780.0,369.8080230830446,0.0,21.79056587452899,25.56192951069744,25.740429751259327,54.86351742123227,4.4455607801001005,0.012112244680098583,,twophase,gas,26.616639506311504,27.466586705222277,1427.4099216738082,134.77535866837252,0.4618405663729658,3.5724141412174505e-06,0.018569467299585085,0.01856946729921205,3.730349362740526e-13
17800.0,369.84662497263855,0.0,21.79056587452899,25.562442153239566,25.74361424193327,54.86997876823806,4.445113765666467,0.012102173095304114,,twophase,gas,26.61697660131806,27.46766044201391,1427.409849145953,134.77543119622766,0.46178615775677734,3.6263927540858276e-06,0.0186419951546668,0.01864199515435061,3.161915174132446e-13
17820.0,369.88519258473934,0.0,21.79056587452899,25.56295430307083,25.74679519704128,54.87642970234977,4.4446677035447655,0.012092117905391398,,twophase,gas,26.61731446614287,27.468736707005093,1427.409775539713,134.77550480246776,0.4617318492186578,3.6803119996875465e-06,0.018715601394660553,0.018715601394458048,2.0250467969162855e-13
17840.0,369.92372601559316,0.0,21.79056587452899,25.563465961575805,25.74997262444655,54.88287024615517,4.444222591046673,0.012082079072099862,,twophase,gas,26.61765309810485,27.46981549182408,1427.4097008562728,134.77557948590794,0.4616776405027791,3.7341720144468125e-06,0.01879028483494949,0.018790284834633297,3.161915174132446e-13
17860.0,369.9622253612165,0.0,21.79056587452899,25.563977130135473,25.753146531999562,54.88930042220381,4.443778425492712,0.012072056557243718,,twophase,gas,26.617992494531247,27.470896788121827,1427.4096250968148,134.77565524536587,0.4616235313539574,3.7879729006817797e-06,0.018866044292963124,0.018866044292561668,4.014566457044566e-13
17880.0,370.00069071737005,0.0,21.79056587452899,25.564487810126952,25.756316927537732,54.8957202529985,4.443335204211927,0.012062050322725483,,twophase,gas,26.61833265275761,27.47198058757195,1427.4095482625191,134.77573207966165,0.4615695215177221,3.841714783447969e-06,0.018942878588632084,0.018942878588344314,2.877698079828406e-13
17900.0,370.03912217959623,0.0,21.79056587452899,25.564998002923968,25.75948381888596,54.90212976099962,4.442892924542269,0.012052060330529262,,twophase,gas,26.618673570127747,27.473066881870654,1427.409470354563,134.7758099876179,0.46151561074027875,3.89539781053827e-06,0.01902078654484285,0.0190207865445835,2.5934809855243657e-13
17920.0,370.07751984319515,0.0,21.79056587452899,25.565507709896522,25.762647213856223,54.9085289686205,4.442451583830277,0.012042086542727884,,twophase,gas,26.619015243993733,27.47415566273671,1427.409391374121,134.7758889680597,0.46146179876854587,3.949022095639521e-06,0.01909976698675564,0.019099766986382605,3.730349362740526e-13
17940.0,370.11588380323275,0.0,21.79056587452899,25.56601693241101,25.76580712024765,54.914917898236794,4.442011179431155,0.012032128921467811,,twophase,gas,26.61935767171586,27.47524692191138,1427.4093113223662,134.77596901981462,0.4614080853500752,4.002587741069874e-06,0.019179818741577037,0.01917981874131769,2.5934809855243657e-13
17960.0,370.15421415453864,0.0,21.79056587452899,25.56652567183024,25.768963545846496,54.92129657217628,4.441571708708703,0.012022187428985563,,twophase,gas,26.619700850662632,27.47634065115839,1427.409230200468,134.77605014171272,0.4613544702331355,4.056094905990904e-06,0.019260940639696855,0.019260940639409085,2.877698079828406e-13
17980.0,370.19251099170606,0.0,21.79056587452899,25.56703392951335,25.772116498426023,54.92766501272351,4.441133169035308,0.012012262027599956,,twophase,gas,26.620044778210723,27.477436842263863,1427.4091480095942,134.77613233258649,0.4613009531666723,4.109543692720763e-06,0.01934313151355127,0.019343131513178236,3.730349362740526e-13
18000.0,370.23077440909816,0.0,21.79056587452899,25.56754170681596,25.775265985746735,54.934023242119366,4.440695557791932,0.012002352679712945,,twophase,gas,26.62038945174497,27.478535487036268,1427.4090647509097,134.77621559127093,0.46124753390031,4.162934226314974e-06,0.01942639019807757,0.01942639019761927,4.583000645652646e-13
18020.0,370.26900450084196,0.0,21.79056587452899,25.568049005090067,25.778412015556057,54.94037128256207,4.440258872368081,0.011992459347807946,,twophase,gas,26.62073486865834,27.479636577306387,1427.408980425577,134.77629991660345,0.46119421218434176,4.216266631829058e-06,0.01951071553071415,0.019510715530142164,5.719869022868806e-13
18040.0,370.3072013608326,0.0,21.79056587452899,25.56855582568413,25.781554595588535,54.94670915620637,4.439823110161749,0.01198258199445091,,twophase,gas,26.62108102635191,27.480740104927246,1427.4088950347566,134.776385307424,0.46114098776973544,4.269541022949852e-06,0.019596106351173148,0.019596106350686426,4.867217739956686e-13
18060.0,370.3453650827271,0.0,21.79056587452899,25.56906216994293,25.784693733565625,54.953036885161836,4.439388268579359,0.01197272058229304,,twophase,gas,26.621427922234844,27.481846061774082,1427.4088085796056,134.77647176257491,0.4610878604081457,4.322757547470246e-06,0.019682561502122553,0.01968256150160741,5.151434834260726e-13
18080.0,370.3834957599513,0.0,21.79056587452899,25.56956803920775,25.78782943719579,54.95935449149233,4.438954345035807,0.011962875074071778,,twophase,gas,26.62177555372437,27.48295443974428,1427.4087210612795,134.776559280901,0.4610348298519175,4.375916307708394e-06,0.01977007982827672,0.019770079827704734,5.719869022868806e-13
18100.0,370.4215934857094,0.0,21.79056587452899,25.57007343481641,25.79096171417467,54.96566199722711,4.438521336954497,0.011953045432592587,,twophase,gas,26.622123918245755,27.48406523075733,1427.408632480931,134.77664786124956,0.4609818958539915,4.429017428719817e-06,0.019858660176851117,0.01985866017625071,6.004086117172847e-13
18120.0,370.45965835295675,0.0,21.79056587452899,25.570578358102992,25.794090572184533,54.97195942433911,4.4380892417670745,0.011943231620763956,,twophase,gas,26.622473013232284,27.485178426754775,1427.4085428397102,134.77673750247027,0.4609290581680846,4.482061035560036e-06,0.019948301397562318,0.01994830139696191,6.004086117172847e-13
18140.0,370.4976904544308,0.0,21.79056587452899,25.571082810398188,25.797216018894815,54.97824679476719,4.437658056913667,0.011933433601561676,,twophase,gas,26.622822836125234,27.48629401970016,1427.4084521387651,134.7768282034153,0.46087631654850186,4.535047253284574e-06,0.02003900234262801,0.02003900234199918,6.288303211476887e-13
18160.0,370.53568988262367,0.0,21.79056587452899,25.571586793028988,25.80033806196166,54.98452413040011,4.437227779842588,0.011923651338054174,,twophase,gas,26.623173384373853,27.48741200157899,1427.4083603792412,134.77691996293927,0.46082367075026964,4.587976195580268e-06,0.020130761866539615,0.020130761865967628,5.719869022868806e-13
18180.0,370.57365672981234,0.0,21.79056587452899,25.572090307319048,25.80345670902833,54.99079145308992,4.436798408010628,0.01191388479338141,,twophase,gas,26.62352465543534,27.48853236439867,1427.4082675622813,134.7770127798992,0.46077112052902197,4.640847998871323e-06,0.02022357882651704,0.02022357882588821,6.288303211476887e-13
18200.0,370.61159108803673,0.0,21.79056587452899,25.57259335458842,25.806571967724825,54.99704878464059,4.436369938882798,0.011904133930772665,,twophase,gas,26.62387664677481,27.48965510018846,1427.408173689026,134.77710665315456,0.46071866564109426,4.693662765475892e-06,0.02031745208182656,0.020317452081254572,5.719869022868806e-13
18220.0,370.64949304910124,0.0,21.79056587452899,25.57309593615356,25.80968384566794,55.00329614681201,4.435942369932286,0.011894398713540259,,twophase,gas,26.624229355865292,27.49078020099943,1427.4080787606133,134.77720158156728,0.4606663058434884,4.746420631818182e-06,0.020412380494462923,0.0204123804939762,4.867217739956686e-13
18240.0,370.6873627045872,0.0,21.79056587452899,25.57359805332752,25.812792350461457,55.00953356132166,4.435515698640564,0.01188467910507679,,twophase,gas,26.624582780187687,27.491907658904406,1427.4079827781788,134.77729756400166,0.46061404089385743,4.799121722953714e-06,0.020508362928921997,0.02050836292835001,5.719869022868806e-13
18260.0,370.7252001458467,0.0,21.79056587452899,25.57409970741982,25.815897489695892,55.01576104984264,4.435089922497311,0.011874975068858186,,twophase,gas,26.624936917230755,27.493037465997915,1427.407885742856,134.77739459932445,0.4605618705505207,4.8517661412006415e-06,0.02060539825174601,0.0206053982511456,6.004086117172847e-13
18280.0,370.7630054640026,0.0,21.79056587452899,25.57460089973652,25.81899927094859,55.021978634008356,4.434665039000378,0.011865286568436112,,twophase,gas,26.62529176449109,27.49416961439615,1427.4077876557756,134.77749268640486,0.46050979457242314,4.904354022983171e-06,0.020703485332205673,0.02070348533154842,6.572520305780927e-13
18300.0,370.8007787499407,0.0,21.79056587452899,25.575101631580058,25.822097701783534,55.02818633540058,4.434241045655659,0.011855613567457013,,twophase,gas,26.6256473194731,27.495304096236907,1427.407688518066,134.77759182411447,0.46045781271923386,4.956885481988138e-06,0.020802623041845436,0.020802623041159762,6.856737400084967e-13
18320.0,370.838520094333,0.0,21.79056587452899,25.57560190424959,25.825192789751732,55.03438417556773,4.433817939977301,0.011845956029633002,,twophase,gas,26.62600357968897,27.496440903679545,1427.407588330853,134.77769201132728,0.4604059247511917,5.009360643271066e-06,0.020902810254710857,0.02090281025396834,7.425171588693047e-13
18340.0,370.8762295876104,0.0,21.79056587452899,25.57610171904061,25.828284542390683,55.04057217600369,4.433395719487423,0.011836313918775336,,twophase,gas,26.626360542658666,27.49758002890493,1427.4074870952606,134.7777932469197,0.4603541304292812,5.061779620518791e-06,0.021004045847121233,0.021004045846407138,7.140954494389007e-13
18360.0,370.91390731998973,0.0,21.79056587452899,25.576601077245357,25.831372967224873,55.04675035816953,4.432974381716316,0.011826687198759931,,twophase,gas,26.626718205909896,27.498721464115395,1427.4073848124099,134.77789552977057,0.46030242951504974,5.114142538786837e-06,0.02110632869789697,0.02110632869726814,6.288303211476887e-13
18380.0,370.9515533814489,0.0,21.79056587452899,25.577099980152404,25.834458071765276,55.05291874347527,4.432553924202191,0.011817075833556201,,twophase,gas,26.62707656697808,27.499865201534675,1427.4072814834194,134.77799885876112,0.4602508217707582,5.166449523130723e-06,0.021209657688359584,0.02120965768781602,5.435651928564766e-13
18400.0,370.98916786174664,0.0,21.79056587452899,25.577598429047004,25.83753986350974,55.059077353290554,4.432134344491339,0.011807479787210104,,twophase,gas,26.627435623406345,27.50101123340788,1427.4071771094057,134.77810323277495,0.4601993069592904,5.218700687237288e-06,0.02131403170210433,0.02131403170164603,4.583000645652646e-13
18420.0,371.0267508504094,0.0,21.79056587452899,25.578096425210887,25.840618349942623,55.065226208938334,4.431715640137974,0.011797899023854173,,twophase,gas,26.627795372745496,27.502159552001427,1427.4070716914825,134.7782086506981,0.46014788484420527,5.2708961561620525e-06,0.02141944962522757,0.021419449624797693,4.298783551348606e-13
18440.0,371.0643024367463,0.0,21.79056587452899,25.57859396992245,25.8436935385352,55.07136533170353,4.431297808704331,0.011788333507693448,,twophase,gas,26.62815581255399,27.503310149603,1427.4069652307617,134.77831511141898,0.4600965551896622,5.323036043591856e-06,0.02152591034609941,0.02152591034566953,4.298783551348606e-13
18460.0,371.1018227098378,0.0,21.79056587452899,25.57909106445662,25.846765436745223,55.07749474282631,4.430880847760569,0.011778783203016301,,twophase,gas,26.62851694039792,27.504463018521495,1427.4068577283522,134.77842261382838,0.46004531776047647,5.375120474582218e-06,0.021633412755591053,0.02163341275507591,5.151434834260726e-13
18480.0,371.13931175853025,0.0,21.79056587452899,25.579587710084773,25.849834052017066,55.08361446349605,4.430464754884617,0.011769248074204035,,twophase,gas,26.62887875385098,27.505618151086985,1427.4067491853612,134.77853115681953,0.45999417232216827,5.427149551451293e-06,0.02174195574662008,0.021741955746218622,4.014566457044566e-13
18500.0,371.1767696714577,0.0,21.79056587452899,25.580083908075054,25.852899391781882,55.08972451486818,4.430049527662412,0.01175972808570376,,twophase,gas,26.62924125049447,27.506775539650658,1427.4066396028927,134.77864073928797,0.4599431186408202,5.479123421991971e-06,0.021851538215059918,0.02185153821465846,4.014566457044566e-13
18520.0,371.2141965370261,0.0,21.79056587452899,25.58057965969211,25.855961463457334,55.09582491804937,4.4296351636877285,0.011750223202052195,,twophase,gas,26.62960442791724,27.507935176584766,1427.406528982049,134.77875136013165,0.4598921564832005,5.531042188522406e-06,0.021962159058830366,0.021962159058343644,4.867217739956686e-13
18540.0,371.2515924434219,0.0,21.79056587452899,25.581074966197306,25.85902027444783,55.101915694107,4.42922166056217,0.011740733387860327,,twophase,gas,26.629968283715694,27.50909705428259,1427.4064173239296,134.77886301825092,0.45984128561668186,5.582905964729435e-06,0.022073817178124955,0.02207381717760981,5.151434834260726e-13
18560.0,371.2889574785934,0.0,21.79056587452899,25.58156982884836,25.862075832144132,55.10799686405994,4.42880901589499,0.011731258607828081,,twophase,gas,26.63033281549376,27.510261165158386,1427.4063046296321,134.77897571254846,0.4597905058093175,5.634714875668579e-06,0.022186511475638326,0.022186511475151605,4.867217739956686e-13
18580.0,371.32629173028124,0.0,21.79056587452899,25.58206424889984,25.86512814392379,55.11406844888741,4.4283972273033765,0.011721798826730277,,twophase,gas,26.630698020862862,27.511427501647326,1427.4061909002512,134.77908944192933,0.4597398168297661,5.68646904639536e-06,0.022300240856566234,0.02230024085602267,5.435651928564766e-13
18600.0,371.3635952860021,0.0,21.79056587452899,25.58255822760291,25.868177217150908,55.12013046952425,4.427986292412259,0.011712354009423857,,twophase,gas,26.63106389744191,27.51259605620546,1427.4060761368796,134.77920420530094,0.45968921844732935,5.7381685792279315e-06,0.022415004228150792,0.02241500422763565,5.151434834260726e-13
18620.0,371.40086823303966,0.0,21.79056587452899,25.583051766205216,25.871223059176018,55.126182946861434,4.427576208854131,0.011702924120847263,,twophase,gas,26.631430442857262,27.513766821309673,1427.4059603406074,134.77932000157313,0.4596387104319469,5.7898136105905e-06,0.022530800500362602,0.022530800499819037,5.435651928564766e-13
18640.0,371.43811065846666,0.0,21.79056587452899,25.58354486595119,25.874265677336354,55.13222590174644,4.427166974269327,0.011693509126019594,,twophase,gas,26.631797654742723,27.514939789457625,1427.4058435125226,134.779436829658,0.45958829255419176,5.841404242801218e-06,0.022647628585218627,0.022647628584703483,5.151434834260726e-13
18660.0,371.47532264913207,0.0,21.79056587452899,25.584037528081883,25.877305078955615,55.13825935498643,4.426758586305819,0.01168410899003557,,twophase,gas,26.632165530739506,27.5161149531677,1427.4057256537105,134.77955468847009,0.4595379645852426,5.8929406009156086e-06,0.02276548739723694,0.02276548739677864,4.583000645652646e-13
18680.0,371.51250429165566,0.0,21.79056587452899,25.584529753834865,25.88034127134396,55.144283327339494,4.426351042619107,0.011674723678079374,,twophase,gas,26.632534068496224,27.51729230497898,1427.4056067652543,134.7796735769262,0.45948772629695533,5.944422809989192e-06,0.022884375853436723,0.022884375852893157,5.435651928564766e-13
18700.0,371.5496556724506,0.0,21.79056587452899,25.585021544444558,25.883374261798235,55.15029783952739,4.425944340872484,0.011665353155404425,,twophase,gas,26.632903265668855,27.518471837451166,1427.405486848235,134.77979349394556,0.459437577461756,5.995850972340122e-06,0.023004292872883525,0.023004292872254695,6.288303211476887e-13
18720.0,371.5867768776995,0.0,21.79056587452899,25.58551290114194,25.886404057601624,55.15630291222405,4.425538478736713,0.011655997387351437,,twophase,gas,26.63327311992073,27.519653543164555,1427.4053659037309,134.7799144384497,0.4593875178527349,6.047225201655237e-06,0.02312523737691663,0.023125237376401486,5.151434834260726e-13
18740.0,371.62386799336906,0.0,21.79056587452899,25.586003825154666,25.889430666023895,55.162298566061125,4.425133453890156,0.011646656339339626,,twophase,gas,26.63364362892251,27.52083741471998,1427.4052439328182,134.7800364093625,0.4593375472435991,6.098545634358743e-06,0.023247208289603805,0.023247208289202348,4.014566457044566e-13
18760.0,371.6609291052064,0.0,21.79056587452899,25.586494317707107,25.89245409432135,55.168284821627836,4.4247292640186995,0.011637329976866945,,twophase,gas,26.634014790352165,27.522023444738767,1427.4051209365705,134.78015940561016,0.4592876654086728,6.149812384137476e-06,0.023370204537286554,0.023370204536856676,4.298783551348606e-13
18780.0,371.6979602987381,0.0,21.79056587452899,25.58698438002028,25.89547434973666,55.17426169946911,4.424325906815756,0.011628018265512885,,twophase,gas,26.634386601894946,27.52321162586268,1427.4049969160594,134.78028342612123,0.45923787212291123,6.201025553309592e-06,0.023494225048352746,0.023494225047922868,4.298783551348606e-13
18800.0,371.7349616592719,0.0,21.79056587452899,25.587474013311894,25.89849143949901,55.18022922008787,4.423923379982205,0.0116187211709348,,twophase,gas,26.63475906124338,27.524401950753877,1427.404871872354,134.78040846982657,0.4591881671618809,6.25218526693061e-06,0.023619268753691358,0.02361926875326148,4.298783551348606e-13
18820.0,371.77193327189786,0.0,21.79056587452899,25.587963218796368,25.90150537082404,55.18618740394315,4.4235216812264015,0.011609438658870853,,twophase,gas,26.635132166097225,27.525594412094865,1427.4047458065213,134.7805345356594,0.459138550301773,6.30329163868737e-06,0.023745334586465106,0.02374533458609207,3.730349362740526e-13
18840.0,371.80887522149374,0.0,21.79056587452899,25.588451997684903,25.904516150913924,55.192136271453236,4.423120808264199,0.01160017069513506,,twophase,gas,26.635505914163478,27.526789002588455,1427.4046187196254,134.78066162255521,0.4590890213193773,6.354344793635391e-06,0.023872421482337813,0.023872421481907935,4.298783551348606e-13
18860.0,371.8457875927139,0.0,21.79056587452899,25.58894035118535,25.907523786957224,55.19807584299108,4.422720758818791,0.01159091724562439,,twophase,gas,26.635880303156323,27.5279857149577,1427.4044906127288,134.78078972945184,0.4590395799921182,6.40534483409283e-06,0.02400052837901967,0.024000528378532948,4.867217739956686e-13
18880.0,371.88267046999795,0.0,21.79056587452899,25.589428280502272,25.91052828612895,55.20400613888697,4.42232153062079,0.011581678276314495,,twophase,gas,26.636255330797137,27.529184541945863,1427.4043614868913,134.78091885528943,0.45899022609803164,6.456291873746522e-06,0.0241296542164946,0.024129654216121565,3.730349362740526e-13
18900.0,371.91952393756725,0.0,21.79056587452899,25.589915786836983,25.913529655590516,55.20992717942717,4.421923121408158,0.011572453753261816,,twophase,gas,26.63663099481445,27.53038547631636,1427.4042313431703,134.7810489990104,0.45894095941577506,6.507186049020674e-06,0.024259797937475014,0.02425979793710198,3.730349362740526e-13
18920.0,371.9563480794306,0.0,21.79056587452899,25.590402871387557,25.91652790248983,55.215838984858344,4.421525528926239,0.011563243642596595,,twophase,gas,26.637007292943938,27.531588510852718,1427.404100182621,134.78118015955957,0.4588917797245894,6.55802746223344e-06,0.024390958486719683,0.024390958486261383,4.583000645652646e-13
18940.0,371.9931429793755,0.0,21.79056587452899,25.590889535348747,25.919523033961124,55.221741575381934,4.421128750927612,0.011554047910531547,,twophase,gas,26.63738422292839,27.532793638358523,1427.4039680062967,134.78131233588397,0.45884268680434487,6.608816215702973e-06,0.024523134811033742,0.024523134810660707,3.730349362740526e-13
18960.0,372.02990872097786,0.0,21.79056587452899,25.5913757799121,25.92251505712511,55.22763497115494,4.420732785172216,0.01154486652336079,,twophase,gas,26.637761782517696,27.534000851657375,1427.4038348152478,134.78144552693294,0.4587936804355329,6.659552445853478e-06,0.02465632585995081,0.02465632585963462,3.161915174132446e-13
18980.0,372.0666453876022,0.0,21.79056587452899,25.59186160626598,25.92550397908896,55.23351919229591,4.42033762942728,0.011535699447450084,,twophase,gas,26.638139969468828,27.53521014359284,1427.4037006105225,134.78157973165816,0.4587447603992156,6.710236266371794e-06,0.024790530585278248,0.02479053058484837,4.298783551348606e-13
19000.0,372.1033530623887,0.0,21.79056587452899,25.592347015595376,25.928489806946097,55.239394258875954,4.419943281467162,0.011526546649251195,,twophase,gas,26.63851878154581,27.536421507028404,1427.4035653931671,134.78171494901355,0.4586959264770986,6.76086776820739e-06,0.024925747940642395,0.02492574794024094,4.014566457044566e-13
19020.0,372.1400318282732,0.0,21.79056587452899,25.592832009082187,25.931472547776487,55.245260190925855,4.41954973907357,0.011517408095290433,,twophase,gas,26.6388982165197,27.537634934847425,1427.4034291642254,134.78185117795536,0.4586471784514717,6.811447087784473e-06,0.025061976882398085,0.02506197688205347,3.446132268436486e-13
19040.0,372.1766817679697,0.0,21.79056587452899,25.593316587904976,25.934452208646377,55.25111700843304,4.419157000035283,0.01150828375217346,,twophase,gas,26.63927827216858,27.538850419953086,1427.4032919247386,134.78198841744208,0.4585985161052318,6.861974338789878e-06,0.025199216369173882,0.025199216368772426,4.014566457044566e-13
19060.0,372.21330296398565,0.0,21.79056587452899,25.593800753239194,25.93742879660848,55.25696473134233,4.4187650621483625,0.011499173586584078,,twophase,gas,26.639658946277518,27.540067955268345,1427.4031536757461,134.78212666643452,0.45854993922187626,6.912449623541761e-06,0.025337465361644718,0.02533746536121484,4.298783551348606e-13
19080.0,372.2498954986138,0.0,21.79056587452899,25.594284506257043,25.940402318701906,55.262803379557894,4.418373923215959,0.011490077565280967,,twophase,gas,26.640040236638566,27.54128753373589,1427.403014418285,134.78226592389572,0.45850144758548533,6.962873055726959e-06,0.025476722822759257,0.025476722822414644,3.446132268436486e-13
19100.0,372.28645945393026,0.0,21.79056587452899,25.594767848127503,25.943372781952043,55.26863297293508,4.417983581048325,0.011480995655110742,,twophase,gas,26.640422141050724,27.542509148318096,1427.4028741533896,134.78240618879104,0.45845304098078854,7.013244771769678e-06,0.02561698771819465,0.02561698771773635,4.583000645652646e-13
19120.0,372.3229949118028,0.0,21.79056587452899,25.595250780016396,25.946340193370688,55.274453531292814,4.417594033462863,0.011471927822988056,,twophase,gas,26.640804657319933,27.543732791996977,1427.4027328820926,134.78254746008807,0.458404719193061,7.063564851250703e-06,0.025758259015219664,0.025758259014761364,4.583000645652646e-13
19140.0,372.3595019538896,0.0,21.79056587452899,25.595733303086362,25.94930455995612,55.280265074406955,4.4172052782840385,0.011462874035906196,,twophase,gas,26.641187783259042,27.54495845777413,1427.402590605424,134.78268973675668,0.45835648200817714,7.113833430594241e-06,0.02590053568383155,0.02590053568337325,4.583000645652646e-13
19160.0,372.3959806616341,0.0,21.79056587452899,25.59621541849686,25.95226588869285,55.28606762200653,4.416817313343364,0.011453834260943065,,twophase,gas,26.6415715166878,27.546186138670695,1427.4024473244117,134.782833017769,0.4583083292126408,7.1640506121184446e-06,0.026043816696073918,0.026043816695700883,3.730349362740526e-13
19180.0,372.43243111626776,0.0,21.79056587452899,25.59669712740414,25.95522418655179,55.29186119378148,4.416430136479348,0.01144480846524858,,twophase,gas,26.641955855432826,27.547415827727317,1427.4023030400813,134.78297730209943,0.4582602605935199,7.214216520878836e-06,0.026188101026491495,0.02618810102611846,3.730349362740526e-13
19200.0,372.46885339881294,0.0,21.79056587452899,25.597178430961318,25.958179460490218,55.297645809378785,4.416043745537525,0.011435796616051106,,twophase,gas,26.64234079732759,27.54864751800408,1427.402157753456,134.78312258872458,0.45821227593847746,7.264331259193568e-06,0.026333387651675366,0.02633338765127391,4.014566457044566e-13
19220.0,372.5052475900861,0.0,21.79056587452899,25.597659330318393,25.96113171745181,55.30342148840297,4.4156581383704685,0.011426798680656353,,twophase,gas,26.64272634021241,27.54988120258048,1427.4020114655573,134.78326887662337,0.45816437503576646,7.31439494074948e-06,0.026479675550490356,0.026479675550060477,4.298783551348606e-13
19240.0,372.5416137706882,0.0,21.79056587452899,25.598139826622155,25.964080964366545,55.309188250414195,4.415273312837622,0.011417814626450421,,twophase,gas,26.643112481934395,27.55111687455536,1427.4018641774037,134.7834161647769,0.45811655767424386,7.364407679233409e-06,0.026626963704075024,0.026626963703588302,4.867217739956686e-13
19260.0,372.57795202101363,0.0,21.79056587452899,25.59861992101628,25.967027208150775,55.31494611493353,4.414889266805415,0.01140884442089143,,twophase,gas,26.64349922034747,27.55235452704688,1427.4017158900122,134.78356445216852,0.45806882364332674,7.414369576963509e-06,0.026775251095614294,0.026775251095212838,4.014566457044566e-13
19280.0,372.6142624212462,0.0,21.79056587452899,25.59909961464128,25.969970455707163,55.32069510143614,4.414505998147163,0.011399888031520249,,twophase,gas,26.64388655331232,27.553594153192464,1427.4015666043967,134.78371373778387,0.45802117273304654,7.464280770363985e-06,0.026924536711021574,0.026924536710563274,4.583000645652646e-13
19300.0,372.650545051365,0.0,21.79056587452899,25.59957890863461,25.972910713924858,55.32643522935796,4.414123504743094,0.011390945425949763,,twophase,gas,26.644274478696396,27.554835746148747,1427.4014163215697,134.7838640206108,0.4579736047339937,7.5141413503843065e-06,0.02707481953802926,0.027074819537485695,5.435651928564766e-13
19320.0,372.6867999911359,0.0,21.79056587452899,25.6000578041305,25.97584798967913,55.33216651808935,4.413741784480282,0.011382016571875053,,twophase,gas,26.64466299437387,27.556079299091543,1427.4012650425411,134.78401529963935,0.45792611943736844,7.563951430711313e-06,0.027226098566643486,0.027226098566043078,6.004086117172847e-13
19340.0,372.72302732012287,0.0,21.79056587452899,25.600536302260185,25.978782289831848,55.33788898698362,4.413360835252667,0.01137310143705971,,twophase,gas,26.64505209822564,27.55732480521579,1427.4011127683186,134.78416757386185,0.4578787166349093,7.613711125031841e-06,0.027378372789144123,0.027378372788543714,6.004086117172847e-13
19360.0,372.7592271176776,0.0,21.79056587452899,25.60101440415169,25.98171362123103,55.34360265534508,4.41298065496098,0.011364199989354704,,twophase,gas,26.645441788139298,27.558572257735495,1427.4009594999077,134.7843208422728,0.45783139611899093,7.663420547032729e-06,0.027531641200084778,0.02753164119948437,6.004086117172847e-13
19380.0,372.7953994629482,0.0,21.79056587452899,25.601492110929996,25.984641990711133,55.3493075424412,4.4126012415127835,0.011355312196679207,,twophase,gas,26.645832062009106,27.55982164988371,1427.4008052383115,134.7844751038689,0.45778415768252223,7.713079810400814e-06,0.027685902796292794,0.02768590279560712,6.856737400084967e-13
19400.0,372.83154443487535,0.0,21.79056587452899,25.60196942371699,25.987567405092943,55.35500366749599,4.4122225928223875,0.011346438027030857,,twophase,gas,26.646222917735987,27.561072974912463,1427.4006499845311,134.78463035764915,0.4577370011190003,7.76268901745425e-06,0.02784115657664188,0.02784115657584252,7.993605777301127e-13
19420.0,372.8676621121919,0.0,21.79056587452899,25.602446343631435,25.99048987118359,55.36069104968987,4.411844706810836,0.011337577448485984,,twophase,gas,26.6466143532275,27.562326226092733,1427.4004937395655,134.78478660261467,0.4576899262225102,7.812248281879874e-06,0.027997401542279476,0.02799740154136643,9.130474154517287e-13
19440.0,372.9037525734296,0.0,21.79056587452899,25.602922871789072,25.993409395776556,55.36636970816115,4.411467581405975,0.011328730429197296,,twophase,gas,26.647006366397818,27.563581396714387,1427.4003365044114,134.78494383776885,0.4576429327877117,7.861757705995841e-06,0.028154636696399393,0.02815463669554319,8.562039965909207e-13
19460.0,372.9398158969128,0.0,21.79056587452899,25.603399009302546,25.996325985651666,55.37203966201023,4.411091214542306,0.011319896937387046,,twophase,gas,26.64739895516772,27.564838480086145,1427.400178280063,134.78510206211723,0.4575960206098035,7.911217414857674e-06,0.028312861044696547,0.028312861043925608,7.709388682997087e-13
19480.0,372.97585216075623,0.0,21.79056587452899,25.603874757281375,25.999239647575052,55.37770093028925,4.410715604160964,0.01131107694136347,,twophase,gas,26.647792117464554,27.566097469535524,1427.4000190675126,134.78526127466762,0.4575491894846075,7.960627522152209e-06,0.02847207359513959,0.02847207359431181,8.277822871605167e-13
19500.0,373.0118614428789,0.0,21.79056587452899,25.604350116832137,26.00215038829922,55.383353532012976,4.410340748209878,0.01130227040950334,,twophase,gas,26.648185851222234,27.567358358408807,1427.3998588677503,134.78542147442994,0.4575024392084782,8.009988118828914e-06,0.02863227335751617,0.028632273356631543,8.846257060213247e-13
19520.0,373.0478438209893,0.0,21.79056587452899,25.604825089058266,26.005058214563043,55.38899748615411,4.4099666446435,0.011293477310259552,,twophase,gas,26.64858015438121,27.568621140070984,1427.3996976817639,134.78558266041634,0.4574557695783402,8.059299318574631e-06,0.028793459343887662,0.028793459343031458,8.562039965909207e-13
19540.0,373.08379937259764,0.0,21.79056587452899,25.60529967506023,26.007963133091792,55.39463281163979,4.409593291422966,0.011284697612166593,,twophase,gas,26.648975024888458,27.569885807905713,1427.399535510539,134.78574483164118,0.45740918039171563,8.108561246444879e-06,0.02895563056881656,0.02895563056787509,9.414691248821327e-13
19560.0,373.11972828419897,0.0,21.79056587452899,25.6057738773765,26.010865163625404,55.400259564683836,4.409220684012537,0.011275931224906978,,twophase,gas,26.64937046069821,27.571152355318095,1427.3993723550584,134.78590798712173,0.45736267113852325,8.15777402749518e-06,0.029118786049366463,0.029118786048424994,9.414691248821327e-13
19580.0,373.15563041651376,0.0,21.79056587452899,25.606247694245557,26.013764287048417,55.40587769018104,4.408848825347298,0.011267178233905049,,twophase,gas,26.649766459773524,27.57242077574041,1427.3992082163002,134.78607212587988,0.45731624222797,8.206937911836576e-06,0.029282924807603194,0.02928292480657646,1.0267342531733448e-12
19600.0,373.1915059536685,0.0,21.79056587452899,25.606721128174023,26.016660522833533,55.411487243575664,4.408477710950249,0.011258438550074851,,twophase,gas,26.650163020077038,27.57369106259809,1427.3990430952474,134.78623724693264,0.45726989315670613,8.256052637989342e-06,0.02944804586036298,0.029448045859336247,1.0267342531733448e-12
19620.0,373.227354972345,0.0,21.79056587452899,25.607194180249998,26.01955387765114,55.41708824362409,4.408107338808582,0.011249712142258176,,twophase,gas,26.650560139581618,27.574963209349004,1427.398876992877,134.78640334930304,0.4572236237245399,8.305118524276622e-06,0.029614148230848514,0.029614148229736514,1.1119993814645568e-12
19640.0,373.2631775490473,0.0,21.79056587452899,25.607666851558907,26.022444358158367,55.42268070905106,4.4077377069162536,0.011240998979356022,,twophase,gas,26.65095781626656,27.576237209469472,1427.3987099101637,134.7865704320163,0.4571774337317576,8.354135661647889e-06,0.02978123094408147,0.029781230942997894,1.0835776720341528e-12
19660.0,373.2989737600635,0.0,21.79056587452899,25.60813914318298,26.025331970998458,55.428264658533855,4.407368813273551,0.011232299030353549,,twophase,gas,26.65135604811756,27.577513056454197,1427.3985418480802,134.78673849409978,0.4571313229792525,8.40310417515866e-06,0.029949293027584645,0.029949293026472645,1.1119993814645568e-12
19680.0,373.3347436814914,0.0,21.79056587452899,25.608611056201575,26.028216722801172,55.43384011071047,4.407000655887341,0.011223612264307294,,twophase,gas,26.651754833126713,27.578790743816242,1427.3983728075968,134.786907534583,0.4570852912684568,8.452024167127092e-06,0.030118333510927187,0.0301183335097015,1.2256862191861728e-12
19700.0,373.3704873892236,0.0,21.79056587452899,25.609082591691003,26.031098620182597,55.43940708417682,4.40663323277087,0.011214938650349312,,twophase,gas,26.65215416929247,27.58007026508697,1427.398202789682,134.7870775524977,0.45703933840136346,8.50089573987134e-06,0.030288351425724613,0.03028835142438524,1.3393730569077889e-12
19720.0,373.4062049589554,0.0,21.79056587452899,25.609553750724647,26.033977669745155,55.44496559748864,4.4062665419438565,0.01120627815768423,,twophase,gas,26.652554054619642,27.581351613816008,1427.3980317953021,134.78724854687766,0.4569934641805097,8.549718995709554e-06,0.030459345805638804,0.030459345804356275,1.2825296380469808e-12
19740.0,373.44189646618,0.0,21.79056587452899,25.610024534372837,26.03685387807767,55.45051566915736,4.405900581432372,0.011197630755595715,,twophase,gas,26.65295448711937,27.58263478357119,1427.397859825421,134.7874205167589,0.4569476684090096,8.598494059697259e-06,0.03063131568683275,0.030631315685607063,1.2256862191861728e-12
19760.0,373.47756198619436,0.0,21.79056587452899,25.61049494370302,26.03972725175536,55.456057317657674,4.4055353492689,0.011188996413434394,,twophase,gas,26.653355464809106,27.58391976793853,1427.3976868810003,134.78759346117957,0.456901950890491,8.647221034152607e-06,0.030804260107515802,0.030804260106261694,1.2541079286165768e-12
19780.0,373.51320159409283,0.0,21.79056587452899,25.61096497977961,26.04259779733975,55.461590561416685,4.405170843492239,0.011180375100635184,,twophase,gas,26.6537569857126,27.585206560522156,1427.3975129629998,134.7877673791799,0.456856311429184,8.695900021393754e-06,0.030978178107943677,0.030978178106604304,1.3393730569077889e-12
19800.0,373.5488153647765,0.0,21.79056587452899,25.61143464366412,26.045465521378823,55.467115418827944,4.404807062147592,0.01117176678669466,,twophase,gas,26.65415904785988,27.58649515494429,1427.3973380723774,134.78794226980233,0.45681074982980413,8.744531123738853e-06,0.031153068730418454,0.031153068729022237,1.3962164757685969e-12
19820.0,373.58440337294604,0.0,21.79056587452899,25.611903936415107,26.048330430406935,55.47263190823601,4.404444003286438,0.011163171441195873,,twophase,gas,26.654561649287228,27.587785544845186,1427.3971622100883,134.78811813209137,0.45676526589767863,8.79311445487474e-06,0.03132893101951595,0.03132893101806289,1.4530598946294049e-12
19840.0,373.6199656931044,0.0,21.79056587452899,25.61237285908817,26.051192530944807,55.478140047948195,4.404081664966549,0.011154589033789323,,twophase,gas,26.654964788037166,27.589077723883086,1427.396985377086,134.78829496509368,0.4567198594386487,8.841650117119571e-06,0.03150576402185834,0.03150576402037686,1.4814816040598089e-12
19860.0,373.6555023995567,0.0,21.79056587452899,25.612841412735968,26.05405182949955,55.483639856229615,4.403720045251954,0.01114601953420107,,twophase,gas,26.65536846215844,27.590371685734183,1427.3968075743214,134.78847276785805,0.45667453025910915,8.890138224160182e-06,0.031683566786341544,0.031683566784746375,1.595168441781425e-12
19880.0,373.6910135664123,0.0,21.79056587452899,25.61330959840824,26.056908332564667,55.48913135130536,4.403359142212969,0.011137462912229034,,twophase,gas,26.655772669705993,27.591667424092574,1427.396628802744,134.78865153943542,0.4566292781659898,8.938578866946046e-06,0.031862338363680465,0.03186233836211372,1.566746732351021e-12
19900.0,373.7264992675879,0.0,21.79056587452899,25.613777417151873,26.059762046620165,55.494614551360435,4.402998953926152,0.011128919137743125,,twophase,gas,26.65617740874096,27.59296493267021,1427.3964490633007,134.78883127887877,0.45658410296675483,8.986972170532681e-06,0.03204207780709112,0.03204207780546753,1.623590151211829e-12
19920.0,373.76195957680136,0.0,21.79056587452899,25.614244870010772,26.062612978132364,55.50008947453568,4.40263947847426,0.01112038818069163,,twophase,gas,26.65658267733064,27.594264205196865,1427.3962683569362,134.78901198524326,0.4565390044694353,9.035318225869559e-06,0.03222278417160851,0.0322227841699565,1.652011860642233e-12
19940.0,373.79739456757034,0.0,21.79056587452899,25.6147119580259,26.065461133553967,55.50555613893147,4.402280713946173,0.011111870011095381,,twophase,gas,26.656988473548477,27.59556523542008,1427.3960866845932,134.7891936575861,0.4564939824825978,9.08361714664352e-06,0.03240445651454138,0.0324044565128041,1.737276988933445e-12
19960.0,373.8328043132263,0.0,21.79056587452899,25.615178682235417,26.068306519324203,55.511014562609084,4.401922658437054,0.011103364599045453,,twophase,gas,26.65739479547405,27.596868017105116,1427.3959040472128,134.7893762949667,0.45644903681533255,9.13186902380403e-06,0.03258709389501746,0.03258709389339387,1.623590151211829e-12
19980.0,373.8681888869022,0.0,21.79056587452899,25.61564504367456,26.071149141868705,55.51646476358893,4.401565310048143,0.011094871914705947,,twophase,gas,26.65780164119305,27.59817254403493,1427.395720445733,134.78955989644643,0.4564041672772664,9.180073982406612e-06,0.03277069537466559,0.03277069537312727,1.538325022920617e-12
20000.0,373.903548361533,0.0,21.79056587452899,25.61611104337561,26.073989007599415,55.52190675984737,4.401208666886809,0.011086391928319006,,twophase,gas,26.658209008797257,27.59947881001011,1427.3955358810906,134.78974446108887,0.4563593736785884,9.22823212476942e-06,0.03295526001716098,0.03295526001556581,1.595168441781425e-12
20020.0,373.93888280986863,0.0,21.79056587452899,25.616576682368095,26.076826122914916,55.52734056932492,4.400852727066585,0.011077924610191827,,twophase,gas,26.658616896384533,27.600786808848834,1427.3953503542198,134.78992998795965,0.45631465582998165,9.276343541841925e-06,0.03314078688799782,0.03314078688634581,1.652011860642233e-12
20040.0,373.97419230445774,0.0,21.79056587452899,25.617041961678567,26.07966049420006,55.532766209916794,4.400497488707041,0.011069469930711439,,twophase,gas,26.659025302058797,27.602096534386845,1427.3951638660528,134.7901164761265,0.4562700135426993,9.324408347310964e-06,0.03332727505494404,0.03332727505320676,1.737276988933445e-12
20060.0,374.00947691765884,0.0,21.79056587452899,25.61750688233075,26.082492127826207,55.53818369948029,4.4001429499338185,0.011061027860333124,,twophase,gas,26.659434223930006,27.60340798047738,1427.3949764175202,134.79030392465924,0.4562254466285038,9.372426632126007e-06,0.03351472358758656,0.03351472358593455,1.652011860642233e-12
20080.0,374.044736721636,0.0,21.79056587452899,25.617971445345486,26.085321030151206,55.54359305583029,4.399789108878589,0.011052598369587337,,twophase,gas,26.65984366011414,27.60472114099115,1427.3947880095498,134.79049233262973,0.4561809548997024,9.420398521342577e-06,0.03370313155801341,0.03370313155641824,1.595168441781425e-12
20100.0,374.07997178836706,0.0,21.79056587452899,25.618435651740853,26.08814720751937,55.54899429674256,4.399435963679127,0.011044181429074684,,twophase,gas,26.66025360873319,27.606036009816275,1427.3945986430676,134.7906816991119,0.45613653816911903,9.468324105910141e-06,0.03389249804013161,0.03389249803859329,1.538325022920617e-12
20120.0,374.11518218963516,0.0,21.79056587452899,25.618899502532024,26.09097066626148,55.55438743995174,4.399083512479178,0.01103577700946882,,twophase,gas,26.660664067915125,27.607352580858265,1427.3944083189976,134.79087202318183,0.4560921962501102,9.516203499515541e-06,0.034082822110121924,0.034082822108526756,1.595168441781425e-12
20140.0,374.1503679970254,0.0,21.79056587452899,25.619362998731262,26.093791412694685,55.55977250315093,4.398731753428401,0.011027385081517052,,twophase,gas,26.66107503579389,27.608670848039953,1427.3942170382618,134.7910633039176,0.45604792895656754,9.564036793108243e-06,0.03427410284598409,0.034274102844303656,1.680433570072637e-12
20160.0,374.1855292819444,0.0,21.79056587452899,25.619826141348163,26.096609453122845,55.56514950399507,4.398380684682555,0.01101900561603528,,twophase,gas,26.66148651050938,27.609990805301468,1427.39402480178,134.7912555403994,0.45600373610288863,9.611824089006404e-06,0.03446633932776422,0.034466339326083784,1.680433570072637e-12
20180.0,374.220666115596,0.0,21.79056587452899,25.62028893138933,26.099424793836043,55.570518460097254,4.398030304403216,0.011010638583913289,,twophase,gas,26.661898490207427,27.611312446600188,1427.39383161047,134.7914487317094,0.4559596175040069,9.659565500896861e-06,0.034659530637782154,0.03465953063610172,1.680433570072637e-12
20200.0,374.2557785690003,0.0,21.79056587452899,25.620751369858652,26.102237441111065,55.57587938902708,4.397680610757956,0.011002283956117773,,twophase,gas,26.662310973039776,27.612635765910685,1427.3936374652474,134.79164287693195,0.4559155729754036,9.707261131097767e-06,0.03485367586040411,0.03485367585863841,1.765698698363849e-12
20220.0,374.2908667129914,0.0,21.79056587452899,25.621213457757225,26.105047401211152,55.581232308322754,4.397331601920303,0.010993941703672799,,twophase,gas,26.662723957164072,27.6139607572247,1427.393442367026,134.79183797515333,0.45587160233300833,9.754911070558592e-06,0.03504877408181528,0.03504877408002116,1.794120407794253e-12
20240.0,374.3259303877793,0.0,21.79056587452899,25.62167519304899,26.10785465279926,55.586577156614574,4.396983281294069,0.010985611922007341,,twophase,gas,26.66313744074222,27.61528741454511,1427.393246316719,134.79203402546028,0.4558277060400108,9.802515353385389e-06,0.03524482438888299,0.03524482438697518,1.907807245515869e-12
20260.0,374.3609701212575,0.0,21.79056587452899,25.622136582753225,26.110659256868153,55.59191410787621,4.396635636693048,0.010977294335539997,,twophase,gas,26.663551421937054,27.616615731873722,1427.3930493152427,134.79223102693655,0.45578388262977443,9.850073809047899e-06,0.03544182586506395,0.035441825863241405,1.822542117224657e-12
20280.0,374.3959857566191,0.0,21.79056587452899,25.622597624872324,26.113461192466097,55.59724310183842,4.396288671455862,0.010968989037984893,,twophase,gas,26.66396589893187,27.61794570328311,1427.3928513634964,134.79242897868278,0.45574013255696055,9.897587312934775e-06,0.03563977761132264,0.03563977760947168,1.850963826655061e-12
20300.0,374.4309773639576,0.0,21.79056587452899,25.623058320396424,26.116260465802675,55.60256415587956,4.39594238377964,0.010960696000650139,,twophase,gas,26.66438086990774,27.61927732283322,1427.3926524623857,134.79262787979349,0.455696455639563,9.945055535354185e-06,0.035838678722029726,0.03583867872017876,1.850963826655061e-12
20320.0,374.4659450131582,0.0,21.79056587452899,25.62351867031259,26.119057083073713,55.60787728732913,4.395596771867079,0.010952415194928714,,twophase,gas,26.664796333051537,27.62061058460095,1427.392452612814,134.79282772936517,0.45565285169616193,9.99247858999297e-06,0.036038528293829586,0.036038528291864935,1.964650664376677e-12
20340.0,374.5008887739221,0.0,21.79056587452899,25.623978675605183,26.12185105046167,55.613182513480844,4.395251833926711,0.010944146592277736,,twophase,gas,26.665212286555946,27.62194548268009,1427.3922518156826,134.7930285264964,0.4556093205458165,1.0039856567800598e-05,0.0362393254251856,0.03623932542310726,2.078337502098293e-12
20360.0,374.535808715763,0.0,21.79056587452899,25.62443833725577,26.124642374135554,55.61847985158473,4.394907568172822,0.01093589016423113,,twophase,gas,26.66562872861942,27.623282011181303,1427.3920500718912,134.7932302702878,0.45556586200812804,1.0087189571095223e-05,0.0364410692166075,0.03644106921450074,2.106759211528697e-12
20380.0,374.57070490800277,0.0,21.79056587452899,25.624897656243114,26.127431060250856,55.62376931885287,4.394563972825402,0.01092764588239026,,twophase,gas,26.666045657446183,27.62462016423206,1427.3918473823371,134.79343295984197,0.45552247590319284,1.0134477702194999e-05,0.0366437587706514,0.03664375876865833,1.993072373807081e-12
20400.0,374.60557741978494,0.0,21.79056587452899,25.625356633543323,26.130217114949783,55.62905093245845,4.394221046110256,0.010919413718425584,,twophase,gas,26.666463071246195,27.625959935976613,1427.3916437479156,134.7936365942635,0.45547916205160854,1.0181721074786765e-05,0.03684739319214714,0.03684739319018249,1.964650664376677e-12
20420.0,374.64042632006505,0.0,21.79056587452899,25.62581527012971,26.1330005443611,55.63432470953304,4.393878786258875,0.010911193644080787,,twophase,gas,26.666880968235148,27.627301320575953,1427.39143916952,134.793841172659,0.4554359202744957,1.022891977981999e-05,0.03705197158774354,0.03705197158569362,2.049915792667889e-12
20440.0,374.67525167761,0.0,21.79056587452899,25.626273566972834,26.135781354600113,55.63959066716772,4.3935371915084085,0.010902985631171012,,twophase,gas,26.66729934663444,27.62864431220775,1427.3912336480419,134.79404669413717,0.45539275039348776,1.0276073908244143e-05,0.03725749306590842,0.037257493063858504,2.049915792667889e-12
20460.0,374.71005356100517,0.0,21.79056587452899,25.626731525040555,26.138559551768815,55.64484882241834,4.393196260101716,0.010894789651574538,,twophase,gas,26.66771820467117,27.629988905066334,1427.3910271843704,134.7942531578086,0.4553496522306872,1.0323183573746064e-05,0.03746395673738334,0.037463956735305004,2.078337502098293e-12
20480.0,374.74483203865145,0.0,21.79056587452899,25.627189145298015,26.141335141955796,55.65009919229613,4.392855990287322,0.01088660567724754,,twophase,gas,26.668137540578115,27.631335093362633,1427.390819779393,134.79446056278599,0.45530662560874113,1.0370248867275223e-05,0.037671361714728846,0.03767136171267893,2.049915792667889e-12
20500.0,374.7795871787637,0.0,21.79056587452899,25.627646428707607,26.14410813123626,55.65534179377513,4.392516380319363,0.010878433680212244,,twophase,gas,26.6685573525937,27.632682871324146,1427.390611433995,134.79466890818395,0.45526367035078025,1.0417269902518455e-05,0.037879707112779215,0.037879707110644034,2.135180920959101e-12
20520.0,374.8143190493722,0.0,21.79056587452899,25.628103376228992,26.146878525672065,55.66057664378692,4.392177428457572,0.010870273632565396,,twophase,gas,26.668977638962012,27.634032233194898,1427.3904021490598,134.7948781931191,0.4552207862804606,1.0464246759056551e-05,0.038088992047960346,0.03808899204579674,2.163602630389505e-12
20540.0,374.8490277183322,0.0,21.79056587452899,25.628559988819266,26.14964633131178,55.66580375923106,4.391839132967405,0.010862125506461501,,twophase,gas,26.669398397932746,27.635383173235386,1427.3901919254688,134.7950884167101,0.45517797322187736,1.0511179550576343e-05,0.03829921563897187,0.03829921563677985,2.192024339819909e-12
20560.0,374.8837132533015,0.0,21.79056587452899,25.629016267432593,26.152411554190497,55.67102315695816,4.391501492119698,0.010853989274139712,,twophase,gas,26.66981962776122,27.636735685722552,1427.3899807641014,134.7952995780775,0.45513523099970293,1.0558068368027307e-05,0.03851037700633242,0.03851037700419724,2.135180920959101e-12
20580.0,374.9183757217686,0.0,21.79056587452899,25.62947221302067,26.155174200330126,55.676234853786305,4.391164504191035,0.010845864907897707,,twophase,gas,26.670241326708343,27.638089764949736,1427.389768665835,134.79551167634395,0.4550925594390511,1.0604913325096276e-05,0.038722475272834345,0.03872247527064232,2.192024339819909e-12
20600.0,374.9530151910336,0.0,21.79056587452899,25.629927826532384,26.157934275739184,55.681438866490744,4.390828167463451,0.010837752380108114,,twophase,gas,26.6706634930406,27.639445405226628,1427.389555631545,134.79572471063398,0.4550499583655611,1.065171450136404e-05,0.038935509562861625,0.0389355095606696,2.192024339819909e-12
20620.0,374.98763172821873,0.0,21.79056587452899,25.630383108914007,26.160691786412933,55.686635211810874,4.390492480224556,0.01082965166320722,,twophase,gas,26.671086125030033,27.640802600879237,1427.3893416621047,134.79593868007413,0.4550074276053393,1.0698472010517435e-05,0.039149479003071974,0.039149479000823106,2.248867758680717e-12
20640.0,375.0222254002604,0.0,21.79056587452899,25.630838061109095,26.163446738333313,55.69182390644213,4.39015744076741,0.010821562729707919,,twophase,gas,26.67150922095424,27.642161346249846,1427.3891267583858,134.7961535837929,0.45496496698502475,1.074518594350593e-05,0.03936438272194209,0.03936438271957954,2.362554596402333e-12
20660.0,375.0567962739161,0.0,21.79056587452899,25.631292684058547,26.166199137468944,55.69700496704549,4.389823047390601,0.010813485552184567,,twophase,gas,26.67193277909633,27.643521635696967,1427.388910921258,134.79636942092074,0.45492257633171107,1.0791856391278998e-05,0.03958021984976767,0.03958021984743354,2.334132886971929e-12
20680.0,375.091344415765,0.0,21.79056587452899,25.63174697870063,26.16894898977526,55.702178410239924,4.389489298398189,0.010805420103284887,,twophase,gas,26.67235679774494,27.6448834635953,1427.3886941515887,134.79658619059012,0.4548802554730064,1.0838483467523474e-05,0.03979698951911814,0.03979698951681243,2.305711177541525e-12
20700.0,375.12586989220245,0.0,21.79056587452899,25.632200945970922,26.171696301194352,55.7073442526076,4.389156192099674,0.010797366355721734,,twophase,gas,26.672781275194193,27.64624682433569,1427.3884764502434,134.79680389193538,0.4548380042369911,1.088506726318883e-05,0.04001469086438192,0.04001469086207621,2.305711177541525e-12
20720.0,375.16037276944496,0.0,21.79056587452899,25.632654586802364,26.174441077655096,55.71250251068659,4.3888237268099735,0.010789324282284584,,twophase,gas,26.673206209743697,27.6476117123251,1427.3882578180858,134.79702252409288,0.4547958224522758,1.0931607880593219e-05,0.04023332302199378,0.040233323019574385,2.419398015263141e-12
20740.0,375.19485311353395,0.0,21.79056587452899,25.633107902125317,26.17718332507317,55.717653200984266,4.38849190084948,0.010781293855818266,,twophase,gas,26.673631599698513,27.648978121986556,1427.3880382559778,134.7972420862009,0.45475370994789155,1.0978105399317428e-05,0.04045288512998013,0.040452885127589155,2.390976305832737e-12
20760.0,375.22931099032934,0.0,21.79056587452899,25.633560892867457,26.179923049350982,55.722796339962024,4.388160712543957,0.01077327504924713,,twophase,gas,26.67405744336916,27.650346047759097,1427.3878177647791,134.79746257739967,0.45471166655341355,1.1024559933048295e-05,0.0406733763286411,0.04067337632636381,2.277289468111121e-12
20780.0,375.26374646550653,0.0,21.79056587452899,25.634013559953786,26.182660256377684,55.72793194404488,4.387830160224481,0.010765267835559818,,twophase,gas,26.674483739071583,27.65171548409776,1427.3875963453474,134.79768399683135,0.454669692098882,1.1070971584103973e-05,0.04089479576032318,0.04089479575804589,2.277289468111121e-12
20800.0,375.2981596045719,0.0,21.79056587452899,25.634465904306765,26.185394952029327,55.73306002962013,4.38750024222758,0.010757272187811353,,twophase,gas,26.67491048512714,27.653086425473518,1427.3873739985388,134.79790634364005,0.45462778641481244,1.1117340432065247e-05,0.04111714256896448,0.041117142566744036,2.220446049250313e-12
20820.0,375.3325504728505,0.0,21.79056587452899,25.634917926846246,26.188127142168693,55.738180613035624,4.387170956895111,0.010749288079125818,,twophase,gas,26.67533767986259,27.654458866373247,1427.387150725207,134.7981296169718,0.45458594933220875,1.1163666590618959e-05,0.04134041590077686,0.04134041589849957,2.277289468111121e-12
20840.0,375.3669191354915,0.0,21.79056587452899,25.63536962848944,26.190856832645462,55.74329371060142,4.3868423025742525,0.010741315482693716,,twophase,gas,26.675765321610072,27.655832801299688,1427.3869265262042,134.7983538159746,0.45454418068254915,1.1209950139345893e-05,0.04156461490356378,0.04156461490128649,2.277289468111121e-12
20860.0,375.40126565746414,0.0,21.79056587452899,25.635821010150952,26.193584029296076,55.748399338586474,4.386514277617458,0.010733354371777156,,twophase,gas,26.676193408707096,27.6572082247714,1427.3867014023806,134.7985789397983,0.4545024802978124,1.1256191180564202e-05,0.04178973872717506,0.04178973872498304,2.192024339819909e-12
20880.0,375.43559010356233,0.0,21.79056587452899,25.636272072742802,26.196308737943824,55.75349751322363,4.386186880382506,0.010725404719701936,,twophase,gas,26.676621939496524,27.658585131322717,1427.3864753545843,134.7988049875947,0.45446084801043574,1.130238981659204e-05,0.042015786523506904,0.042015786521400145,2.106759211528697e-12
20900.0,375.4698925384056,0.0,21.79056587452899,25.636722817174437,26.19903096439893,55.758588250707085,4.385860109232444,0.010717466499861484,,twophase,gas,26.677050912326546,27.65996351550372,1427.3862483836615,134.79903195851756,0.45441928365333567,1.1348546138378879e-05,0.04224275744627448,0.04224275744425299,2.021494083237485e-12
20920.0,375.50417302643524,0.0,21.79056587452899,25.637173244352695,26.201750714458388,55.76367156718965,4.385533962535568,0.010709539685721248,,twophase,gas,26.677480325550675,27.661343371880186,1427.3860204904565,134.79925985172252,0.4543777870599289,1.1394660248242872e-05,0.04247065065123934,0.042470650649217845,2.021494083237485e-12
20940.0,375.5384316319183,0.0,21.79056587452899,25.637623355181866,26.20446799390617,55.76874747879049,4.385208438665409,0.010701624250806284,,twophase,gas,26.677910177527732,27.66272469503355,1427.385791675812,134.79948866636713,0.4543363580640684,1.1440732225764805e-05,0.042699465295754635,0.042699465293818406,1.936228954946273e-12
20960.0,375.5726684189503,0.0,21.79056587452899,25.63807315056369,26.207182808513117,55.77381600158907,4.384883536000769,0.010693720168710875,,twophase,gas,26.67834046662182,27.66410747956087,1427.3855619405683,134.79971840161082,0.45429499650009264,1.1486762184631516e-05,0.042929200539447265,0.042929200537511036,1.936228954946273e-12
20980.0,375.6068834514433,0.0,21.79056587452899,25.638522631397265,26.209895164036944,55.77887715162177,4.3845592529255395,0.01068582741310388,,twophase,gas,26.678771191202316,27.665491720074773,1427.3853312855642,134.79994905661493,0.45425370220285155,1.1532750204423791e-05,0.04315985554353574,0.043159855541627934,1.907807245515869e-12
21000.0,375.6410767931464,0.0,21.79056587452899,25.638971798579238,26.21260506622233,55.7839309448948,4.384235587828951,0.010677945957708192,,twophase,gas,26.67920234964386,27.66687741120343,1427.3850997116365,134.80018063054277,0.4542124750076014,1.1578696387459786e-05,0.04339142947128494,0.043391429469462395,1.822542117224657e-12
21020.0,375.67524850762754,0.0,21.79056587452899,25.63942065300364,26.215312520800893,55.78897739736868,4.38391253910529,0.010670075776325288,,twophase,gas,26.679633940326323,27.668264547590507,1427.3848672196198,134.80041312255943,0.4541713147501294,1.1624600836057652e-05,0.04362392148800609,0.043623921486126704,1.879385536085465e-12
21040.0,375.7093986582837,0.0,21.79056587452899,25.63986919556198,26.218017533491192,55.7940165249721,4.383590105154042,0.010662216842813271,,twophase,gas,26.68006596163481,27.66965312389513,1427.3846338103472,134.80064653183197,0.45413022126664127,1.1670463629798178e-05,0.043857330760602053,0.043857330758665825,1.936228954946273e-12
21060.0,375.743527308337,0.0,21.79056587452899,25.64031742714321,26.22072010999874,55.79904834359125,4.38326828437979,0.010654369131103698,,twophase,gas,26.680498411959633,27.671043134791844,1427.3843994846497,134.80088085752928,0.4540891943938464,1.1716284870999515e-05,0.044091656458022044,0.04409165645597213,2.049915792667889e-12
21080.0,375.77763452083735,0.0,21.79056587452899,25.64076534863375,26.223420256015995,55.8040728690755,4.38294707519226,0.010646532615192604,,twophase,gas,26.6809312896963,27.67243457497057,1427.384164243357,134.80111609882218,0.45404823396891125,1.1762064639242454e-05,0.04432689775080689,0.044326897748870664,1.936228954946273e-12
21100.0,375.8117203586663,0.0,21.79056587452899,25.641212960917557,26.226117977222504,55.80909011724088,4.382626476006302,0.01063870726913493,,twophase,gas,26.681364593245497,27.673827439136563,1427.3839280872958,134.8013522548833,0.45400733982943037,1.180780305958251e-05,0.04456305381199854,0.04456305381000547,1.993072373807081e-12
21120.0,375.8457848845325,0.0,21.79056587452899,25.641660264876045,26.22881327928479,55.81410010385868,4.382306485241848,0.010630893067062518,,twophase,gas,26.68179832101308,27.67522172201038,1427.3836910172918,134.80158932488726,0.45396651181351816,1.1853500200231793e-05,0.04480012381600318,0.04480012381395326,2.049915792667889e-12
21140.0,375.8798281609674,0.0,21.79056587452899,25.64210726138805,26.2315061678563,55.81910284466529,4.381987101323829,0.010623089983168472,,twophase,gas,26.68223247141005,27.676617418327844,1427.3834530341685,134.80182730801042,0.4539257497597282,1.189915616350845e-05,0.04503810693927335,0.045038106937109745,2.163602630389505e-12
21160.0,375.9138502503366,0.0,21.79056587452899,25.642553951329955,26.234196648577612,55.82409835535904,4.381668322682288,0.010615297991712222,,twophase,gas,26.682667042852543,27.678014522839984,1427.383214138748,134.80206620343108,0.4538850535070784,1.1944771028993272e-05,0.04527700235985321,0.045277002357774876,2.078337502098293e-12
21180.0,375.94785121483505,0.0,21.79056587452899,25.64300033557567,26.23688472707633,55.82908665160362,4.3813501477522925,0.010607517067014013,,twophase,gas,26.683102033761816,27.679413030313015,1427.3829743318497,134.80230601032937,0.45384442289502225,1.1990344910373097e-05,0.045516809258060675,0.0455168092560676,1.993072373807081e-12
21200.0,375.98183111648586,0.0,21.79056587452899,25.643446414996575,26.23957040896711,55.834067749019226,4.381032574973913,0.010599747183468927,,twophase,gas,26.683537442564226,27.68081293552829,1427.3827336142917,134.8025467278873,0.4538038577635196,1.203587789859739e-05,0.04575752681603262,0.04575752681398271,2.049915792667889e-12
21220.0,376.0157900171443,0.0,21.79056587452899,25.64389219046159,26.242253699851705,55.83904166319671,4.380715602792246,0.01059198831552435,,twophase,gas,26.683973267691222,27.68221423328227,1427.3824919868903,134.8027883552887,0.45376335795292205,1.2081370073246944e-05,0.04599915421749756,0.0459991542153908,2.106759211528697e-12
21240.0,376.0497279784932,0.0,21.79056587452899,25.644337662837106,26.24493460531893,55.84400840967893,4.380399229657328,0.010584240437709565,,twophase,gas,26.68440950757933,27.68361691838647,1427.3822494504598,134.8030308917193,0.4537229233041229,1.2126821525271226e-05,0.04624169064800299,0.04624169064598149,2.021494083237485e-12
21260.0,376.0836450620476,0.0,21.79056587452899,25.644782832987097,26.247613130944707,55.848968003982655,4.380083454024188,0.010576503524601016,,twophase,gas,26.684846160670123,27.685020985667432,1427.3820060058124,134.8032743363666,0.45368255365837845,1.2172232368357072e-05,0.04648513529537013,0.04648513529329179,2.078337502098293e-12
21280.0,376.11754132915456,0.0,21.79056587452899,25.64522770177303,26.250289282292087,55.853920461577,4.379768274352808,0.010568777550856402,,twophase,gas,26.685283225410235,27.686426429966676,1427.381761653759,134.80351868842004,0.45364224885748305,1.2217602670716587e-05,0.04672948734878446,0.046729487346734544,2.049915792667889e-12
21300.0,376.1514168409915,0.0,21.79056587452899,25.645672270053918,26.252963064911246,55.858865797900165,4.379453689108083,0.010561062491188142,,twophase,gas,26.685720700251316,27.687833246140674,1427.3815163951083,134.80376394707082,0.4536020087436319,1.2262932534667925e-05,0.04697474599947782,0.04697474599751317,1.964650664376677e-12
21320.0,376.1852716585732,0.0,21.79056587452899,25.646116538686396,26.255634484339588,55.86380402835308,4.3791396967598955,0.010553358320373464,,twophase,gas,26.68615858365004,27.689241429060797,1427.381270230667,134.80401011151199,0.45356183315947196,1.230822206252924e-05,0.0472209104407284,0.04722091043867849,2.049915792667889e-12
21340.0,376.219105842738,0.0,21.79056587452899,25.646560508524505,26.258303546101537,55.868735168296,4.378826295782914,0.010545665013259611,,twophase,gas,26.686596874068076,27.690650973613288,1427.3810231612406,134.80425718093844,0.45352172194812945,1.2353471322512633e-05,0.047467979867178656,0.04746797986512874,2.049915792667889e-12
21360.0,376.25291945416177,0.0,21.79056587452899,25.647004180419934,26.260970255708788,55.873659233053694,4.378513484656754,0.010537982544755761,,twophase,gas,26.68703556997208,27.692061874699213,1427.3807751876323,134.8045051545469,0.4534816749531662,1.2398680416936258e-05,0.04771595347551738,0.04771595347358115,1.936228954946273e-12
21380.0,376.2867125533562,0.0,21.79056587452899,25.64744755522196,26.263634618660255,55.878576237916214,4.378201261865918,0.010530310889831687,,twophase,gas,26.687474669833673,27.693474127234428,1427.3805263106433,134.80475403153585,0.4534416920185735,1.2443849448118271e-05,0.047964830464479746,0.04796483046254352,1.936228954946273e-12
21400.0,376.320485200662,0.0,21.79056587452899,25.647890633777347,26.266296640441993,55.8834861981335,4.377889625899728,0.010522650023526306,,twophase,gas,26.687914172129442,27.694887726149542,1427.3802765310734,134.8050038111057,0.4534017729888143,1.2488978495639457e-05,0.048214610034392535,0.04821461003239946,1.993072373807081e-12
21420.0,376.3542374562537,0.0,21.79056587452899,25.648333416930473,26.26895632652726,55.88838912891789,4.377578575252319,0.010514999920943627,,twophase,gas,26.68835407534091,27.696302666389872,1427.3800258497206,134.8052544924586,0.45336191770880313,1.2534067639080605e-05,0.04846529138717415,0.04846529138529476,1.879385536085465e-12
21440.0,376.3879693801492,0.0,21.79056587452899,25.648775905523383,26.271613682376717,55.89328504544954,4.377268108422759,0.010507360557244242,,twophase,gas,26.688794377954526,27.69771894291541,1427.3797742673808,134.8055060747985,0.4533221260238607,1.2579116992128548e-05,0.04871687372701672,0.048716873725194176,1.822542117224657e-12
21460.0,376.42168103218575,0.0,21.79056587452899,25.64921810039551,26.27426871343805,55.89817396286757,4.376958223914734,0.010499731907659078,,twophase,gas,26.689235078461653,27.69913655070079,1427.379521784848,134.8057585573312,0.4532823977797852,1.2624126634364075e-05,0.048969356259704,0.04896935625788146,1.822542117224657e-12
21480.0,376.4553724720513,0.0,21.79056587452899,25.649660002384113,26.276921425146412,55.90305589627648,4.376648920236911,0.010492113947479521,,twophase,gas,26.689676175358557,27.70055548473523,1427.379268402915,134.80601193926427,0.45324273282279975,1.2669096656736656e-05,0.04922273819283873,0.04922273819095935,1.879385536085465e-12
21500.0,376.4890437592576,0.0,21.79056587452899,25.650101612323862,26.27957182292413,55.90793086073969,4.376340195902576,0.010484506652067438,,twophase,gas,26.690117667146378,27.70197574002251,1427.3790141223722,134.8062662198071,0.4532031309996042,1.2714027138827078e-05,0.049477018735615275,0.04947701873379273,1.822542117224657e-12
21520.0,376.5226949531594,0.0,21.79056587452899,25.650542931047152,26.282219912180864,55.91279887129293,4.376032049429861,0.010476909996833894,,twophase,gas,26.690559552331134,27.703397311580943,1427.3787589440085,134.80652139817084,0.45316359215726526,1.2758918182953494e-05,0.049732197099274345,0.04973219709753707,1.737276988933445e-12
21540.0,376.5563261129445,0.0,21.79056587452899,25.650983959383925,26.28486569831361,55.91765994292664,4.375724479341599,0.01046932395726706,,twophase,gas,26.691001829423694,27.704820194443307,1427.378502868611,134.8067774735685,0.45312411614335923,1.2803769880065375e-05,0.04998827249687565,0.04998827249519522,1.680433570072637e-12
21560.0,376.5899372976367,0.0,21.79056587452899,25.651424698161755,26.287509186706643,55.92251409059818,4.375417484165341,0.01046174850891298,,twophase,gas,26.69144449693977,27.706244383656834,1427.3782458969647,134.80703444521478,0.45308470280587193,1.2848582309743506e-05,0.05024524414307052,0.050245244141475354,1.595168441781425e-12
21580.0,376.6235285661029,0.0,21.79056587452899,25.651865148205896,26.29015038273171,55.92736132922975,4.375111062433409,0.010454183627378525,,twophase,gas,26.6918875533999,27.707669874283155,1427.3779880298532,134.80729231232624,0.4530453519932149,1.2893355574306042e-05,0.05050311125455664,0.05050311125293305,1.623590151211829e-12
21600.0,376.6570999770402,0.0,21.79056587452899,25.652305310339163,26.292789291747766,55.93220167370678,4.374805212682749,0.010446629288334215,,twophase,gas,26.69233099732944,27.709096661398277,1427.3777292680584,134.8075510741212,0.45300606355423806,1.2938089741965087e-05,0.050761873049395945,0.05076187304788604,1.5099033134902129e-12
