time_s,pressure_kPa_abs,release_rate_kg_s,cum_release_kg,liquid_temperature_K,vapor_temperature_K,liquid_density_kg_m3,vapor_density_kg_m3,liquid_quality,vapor_quality,liquid_phase,vapor_phase,lower_wall_temperature_K,upper_wall_temperature_K,liquid_mass_kg,vapor_mass_kg,liquid_volume_fraction,evaporation_rate_kg_s,cum_evaporation_from_liquid_kg,cum_evaporation_from_vapor_balance_kg,phase_mass_balance_difference_kg
0.0,380.0,0.0,0.0,25.695997657899554,25.695997657899554,63.346318972072446,4.631498180305028,0.0,1.0,twophase,twophase,25.695997657899554,25.695997657899554,2141.1427367116617,104.36490338373487,0.6,0.0,0.0,0.0,0.0
20.0,380.0000969025258,0.0,0.0,25.695997983849423,25.69600202275848,63.346318622218554,4.631498218684553,,,liquid,gas,25.698669017976865,25.699560872984485,2141.1427367114006,104.3649033839959,0.6000000033136528,1.305124897044152e-11,2.610249794088304e-10,2.610249794088304e-10,0.0
40.0,380.00038721151174,0.0,0.0,25.695998960553325,25.69601509899791,63.346317573725635,4.631498333806917,,,liquid,gas,25.701334029673397,25.7031184240394,2141.142736709575,104.36490338582182,0.600000013244196,9.129053069045767e-11,2.086835593217984e-09,2.0869492800557055e-09,-1.1368683772161603e-13
60.0,380.00087009889035,0.0,0.0,25.69600058610208,25.69603684927435,63.34631582791925,4.63149852536121,,,liquid,gas,25.70399271022147,25.706670329804616,2141.1427367046244,104.36490339077221,0.600000029778638,2.475189830875024e-10,7.037215254968032e-09,7.037343152660469e-09,-1.2789769243681803e-13
80.0,380.0015447463017,0.0,0.0,25.69600285859758,25.696067235148526,63.34631338613085,4.631498793605845,,,liquid,gas,25.706645076806925,25.710216608946226,2141.1427366949965,104.36490340040008,0.6000000529039332,4.813955456484109e-10,1.666512616793625e-08,1.6665211433064542e-08,-8.526512829121202e-14
100.0,380.00241041705215,0.0,0.0,25.696005776214875,25.696106223437127,63.34631024978011,4.631499138250877,,,liquid,gas,25.709291146569388,25.713757280059962,2141.142736679144,104.36490341625237,0.6000000826062033,7.92624632595107e-10,3.251761881983839e-08,3.251750513300067e-08,1.1368683772161603e-13
120.0,380.0034663224255,0.0,0.0,25.696009337087197,25.69615377831547,63.346306420221104,4.631499559096119,,,liquid,gas,25.711930936602368,25.717292361670758,2141.1427366555267,104.36490343986988,0.6000001188721927,1.1808651834144257e-09,5.6134922488126904e-08,5.6135007753255195e-08,-8.526512829121202e-14
140.0,380.00471166636976,0.0,0.0,25.69601353935721,25.69620986261984,63.34630189876978,4.631500056310632,,,liquid,gas,25.714564463953387,25.720821872233852,2141.142736622609,104.36490347278746,0.6000001616890096,1.6458898244309239e-09,8.905271897674538e-08,8.905259107905295e-08,1.2789769243681803e-13
160.0,380.00614567637484,0.0,0.0,25.696018381142935,25.6962744409542,63.3462966868544,4.631500629812701,,,liquid,gas,25.71719174562403,25.724345830131696,2141.1427365788627,104.3649035165335,0.6000002110427001,2.187312020396348e-09,1.3279895938467234e-07,1.327986325350139e-07,3.268496584496461e-13
180.0,380.00776760547797,0.0,0.0,25.69602386065812,25.69634747971081,63.34629078579208,4.631501279296297,,,liquid,gas,25.719812798570153,25.727864253678636,2141.1427365227655,104.36490357263051,0.6000002669203656,2.8048589229001663e-09,1.8889613784267567e-07,1.8889564046276064e-07,4.973799150320701e-13
200.0,380.0095766744766,0.0,0.0,25.696029976094394,25.696428942911382,63.3462841968526,4.631502004781506,,,liquid,gas,25.722427639701994,25.7313771611189,2141.142736452801,104.36490364259508,0.6000003293095576,3.4982349461643024e-09,2.588608367659617e-07,2.5886021148835425e-07,6.252776074688882e-13
220.0,380.01157213015324,0.0,0.0,25.696036725484028,25.696518796422197,63.3462769216805,4.631502806050798,,,liquid,gas,25.725036285884205,25.734884570626516,2141.1427363674584,104.36490372793756,0.6000003981942805,4.267121767043136e-09,3.4420327210682444e-07,3.442026894617811e-07,5.826450433232822e-13
240.0,380.013753195352,0.0,0.0,25.696044107136544,25.696617003796348,63.34626896132708,4.631503683332633,,,liquid,gas,25.727638753936215,25.738386500307374,2141.1427362652335,104.36490383016259,0.6000004735641593,5.111246537126135e-09,4.4642820284934714e-07,4.4642771968028683e-07,4.831690603168681e-13
260.0,380.0161191105836,0.0,0.0,25.696052119183346,25.69672353097782,63.346260317231184,4.6315046362752055,,,liquid,gas,25.73023506063194,25.741882968197903,2141.1427361446276,104.36490395076862,0.6000005554051504,6.030290933267679e-09,5.670340215147007e-07,5.670337515084611e-07,2.7000623958883807e-13
280.0,380.0186691283132,0.0,0.0,25.69606076000389,25.69683834349871,63.346250990393635,4.631505664882061,,,liquid,gas,25.732825222700257,25.745373992265044,2141.142736004148,104.36490409124816,0.6000006437073616,7.023982107057236e-09,7.075136636558454e-07,7.075132941736229e-07,3.694822225952521e-13
300.0,380.02140250556835,0.0,0.0,25.696070027240985,25.696961407049816,63.346240983226735,4.631506769176242,,,liquid,gas,25.73540925682479,25.74885959040754,2141.1427358423084,104.36490425308784,0.6000007384475332,8.091978997981642e-09,8.693532436154783e-07,8.693529736092387e-07,2.7000623958883807e-13
320.0,380.02431845905573,0.0,0.0,25.69607991993759,25.697092686176678,63.3462302953719,4.631507948918035,,,liquid,gas,25.737987179644755,25.75233978045787,2141.1427356576273,104.3649044377687,0.6000008396286526,9.234054232365452e-09,1.0540343282627873e-06,1.0540338308828723e-06,4.973799150320701e-13
340.0,380.02741630381996,0.0,0.0,25.696090435217307,25.697232149577083,63.34621893038878,4.631509204009281,,,liquid,gas,25.740559007753767,25.7558145801772,2141.142735448631,104.36490464676523,0.6000009472165969,1.0449821274960414e-08,1.2630307537619956e-06,1.2630303558580636e-06,3.979039320256561e-13
360.0,380.03069521500106,0.0,0.0,25.69610157266985,25.69737975927877,63.34620688676494,4.631510534432465,,,liquid,gas,25.743124757701732,25.75928400726304,2141.142735213849,104.36490488154705,0.6000010612252868,1.1739098226826172e-08,1.497812718298519e-06,1.4978121782860399e-06,5.400124791776761e-13
380.0,380.03415452538167,0.0,0.0,25.6961133287488,25.697535484778307,63.346194169381405,4.6315119400973686,,,liquid,gas,25.745684445993042,25.762748079341918,2141.142734951819,104.36490514357706,0.6000011816080877,1.3101498552714474e-08,1.7598426893528085e-06,1.7598421919728935e-06,4.973799150320701e-13
400.0,380.0377934590993,0.0,0.0,25.696125703910898,25.6976992905549,63.34618077521517,4.631513420916635,,,liquid,gas,25.748238089088932,25.76620681397567,2141.142734661083,104.36490543431302,0.600001308393232,1.4536794878949877e-08,2.050578586931806e-06,2.05057814639531e-06,4.405364961712621e-13
420.0,380.04161128785745,0.0,0.0,25.696138694525214,25.697871143735867,63.34616670913842,4.631514976635917,,,liquid,gas,25.750785703404194,25.769660228657948,2141.1427343401897,104.36490575520645,0.6000014415341726,1.6044668882386758e-08,2.3714719645795412e-06,2.371471580886464e-06,3.836930773104541e-13
440.0,380.04560728586574,0.0,0.0,25.69615229834477,25.69805101035524,63.34615197340163,4.631516607446604,,,liquid,gas,25.753327305313405,25.773108340817295,2141.1427339876923,104.36490610770399,0.6000015810091966,1.7624870451982133e-08,2.723969373619184e-06,2.723969117823799e-06,2.5579538487363607e-13
460.0,380.0497807290307,0.0,0.0,25.69616651693422,25.698238857297035,63.34613656302145,4.6315183132561355,,,liquid,gas,25.755862911140618,25.776551167813434,2141.142733602151,104.36490649324503,0.600001726865111,1.9277058527222833e-08,3.1095105441636406e-06,3.1095101604705633e-06,3.836930773104541e-13
480.0,380.05413086127885,0.0,0.0,25.69618134519216,25.698434650521307,63.346120485585296,4.631520093769379,,,liquid,gas,25.75839253717127,25.779988726942676,2141.1427331821315,104.36490691326472,0.6000018790296562,2.1000982997065876e-08,3.529530204104958e-06,3.5295298488335902e-06,3.552713678800501e-13
500.0,380.0586570088434,0.0,0.0,25.696196782517532,25.698638358308546,63.34610374036216,4.631521949235121,,,liquid,gas,25.76091619964666,25.78342103543454,2141.142732726204,104.36490736919221,0.6000020375093653,2.2796371013100725e-08,3.985457624366973e-06,3.985457340149878e-06,2.8421709430404007e-13
520.0,380.06335842044706,0.0,0.0,25.696212827140535,25.69884994810075,63.34608632862598,4.631523878894521,,,liquid,gas,25.76343391476181,25.78684811045377,2141.1427322329455,104.36490786245092,0.6000022022917832,2.4662926989549305e-08,4.478716164157959e-06,4.478716050471121e-06,1.1368683772161603e-13
540.0,380.0682343304183,0.0,0.0,25.696229477282138,25.699069382840023,63.34606825162761,4.631525883402187,,,liquid,gas,25.765945698669288,25.790269969098834,2141.142731700938,104.36490839445847,0.6000023733646751,2.6600378078001085e-08,5.01072372571798e-06,5.010723597820288e-06,1.2789769243681803e-13
560.0,380.0732841275392,0.0,0.0,25.696246731295943,25.69929663615673,63.3460495107948,4.631527962099871,,,liquid,gas,25.76845156748025,25.793686628402384,2141.142731128769,104.36490896662733,0.6000025507141322,2.8608451430045535e-08,5.582892754318891e-06,5.582892455890942e-06,2.984279490192421e-13
580.0,380.0785070004845,0.0,0.0,25.696264587371736,25.69953166961561,63.34603010731164,4.631530115374579,,,liquid,gas,25.770951537254724,25.79709810533401,2141.1427305150332,104.36490958036322,0.6000027343285567,3.068678324780194e-08,6.19662841927493e-06,6.196628348220656e-06,7.105427357601002e-14
600.0,380.0839022698593,0.0,0.0,25.69628304381206,25.69977445285612,63.346010042513306,4.631532342880591,,,liquid,gas,25.77344562401706,25.800504416798177,2141.142729858329,104.36491023706758,0.6000029241949205,3.2835214369697494e-08,6.85333270666888e-06,6.85333270666888e-06,0.0
620.0,380.08946922766967,0.0,0.0,25.696302094649425,25.700024954545064,63.34598932576535,4.631534644144954,,,liquid,gas,25.77593384374903,25.80390557963378,2141.1427291572604,104.36491093813622,0.6000031202241357,3.505342647258658e-08,7.5544012361206114e-06,7.554401349807449e-06,-1.1368683772161603e-13
640.0,380.09520732423573,0.0,0.0,25.696321751048593,25.700283145026244,63.34596793433693,4.631537020766674,,,liquid,gas,25.778416212389452,25.80730161062025,2141.1427284104366,104.36491168496005,0.6000033226311272,3.7341192182793745e-08,8.301225079776486e-06,8.30122517925247e-06,-9.947598300641403e-14
660.0,380.101115615633,0.0,0.0,25.69634199835386,25.700548987261197,63.3459458934378,4.631539470367009,,,liquid,gas,25.78089274581936,25.810692526465438,2141.1427276164754,104.36491247892124,0.6000035311767379,3.969805675296811e-08,9.095186214835849e-06,9.09518637115525e-06,-1.5631940186722204e-13
680.0,380.1071935278866,0.0,0.0,25.69636283921671,25.700822450760654,63.34592319643757,4.631541994439665,,,liquid,gas,25.783363459899313,25.81407834382258,2141.1427267739955,104.364913321401,0.6000037459233956,4.212399744574213e-08,9.937666163750691e-06,9.937666135328982e-06,2.842170943040401e-14
700.0,380.1134402594022,0.0,0.0,25.696384265030016,25.701103502853755,63.34589985745473,4.631544591415678,,,liquid,gas,25.78582837043464,25.81745907927492,2141.1427258816243,104.36491421377232,0.6000039667370003,4.461855951376492e-08,1.083003735402599e-05,1.0830037453501973e-05,-9.947598300641403e-14
720.0,380.1198552242286,0.0,0.0,25.69640628704901,25.701392112690723,63.34587585348495,4.6315472627185885,,,liquid,gas,25.788287493184416,25.82083474934586,2141.1427249379935,104.3649151574033,0.6000041938350764,4.718153832072858e-08,1.1773668120440561e-05,1.1773668433079365e-05,-3.126388037344441e-13
740.0,380.1264378455777,0.0,0.0,25.696428906056703,25.70168825227022,63.34585118143828,4.631550008878717,,,liquid,gas,25.7907408438865,25.82420537049782,2141.1427239417376,104.36491615365918,0.600004427246523,4.9812797442427836e-08,1.2769924069289118e-05,1.2769924310873648e-05,-2.4158453015843406e-13
760.0,380.13318711561396,0.0,0.0,25.696452094687416,25.701991880688794,63.345825890485294,4.6315528278568285,,,liquid,gas,25.79318843821896,25.827570959128494,2141.1427228914995,104.36491720389733,0.6000046665052364,5.251190486887935e-08,1.3820162166666705e-05,1.3820162465094654e-05,-2.984279490192421e-13
780.0,380.14010276153147,0.0,0.0,25.69647588741998,25.70230298190845,63.34579991438678,4.631555720941202,,,liquid,gas,25.795630291809577,25.830931531568062,2141.142721785929,104.36491830946784,0.6000049122382634,5.527851953956997e-08,1.4925732557458105e-05,1.4925732969572891e-05,-4.121147867408581e-13
800.0,380.14718353377214,0.0,0.0,25.696500242447883,25.702621507873943,63.34577332906732,4.631558684621538,,,liquid,gas,25.79806642025301,25.834287104094162,2141.142720623678,104.36491947171862,0.6000051637260916,5.8112550505029506e-08,1.6087983567558695e-05,1.6087983752299806e-05,-1.8474111129762605e-13
820.0,380.15442924879005,0.0,0.0,25.6965251897062,25.702947437463138,63.3457460771646,4.631561723574705,,,liquid,gas,25.800496839107595,25.8376376929154,2141.142719403405,104.36492069199163,0.6000054215116902,6.10136567047448e-08,1.730825670165359e-05,1.730825675849701e-05,-5.684341886080802e-14
840.0,380.16183906838904,0.0,0.0,25.69655071700123,25.70328073741517,63.34571817950712,4.631564835829411,,,liquid,gas,25.802921563895637,25.840983314187106,2141.142718123771,104.36492197162556,0.6000056853974147,6.398170171451056e-08,1.8587890735943802e-05,1.8587890693311238e-05,4.263256414560601e-14
860.0,380.1694125954269,0.0,0.0,25.696576838092973,25.70362138081638,63.3456896088575,4.631568024567674,,,liquid,gas,25.805340610059126,25.84432398399023,2141.14271678345,104.36492331194643,0.6000059556409,6.701604888803559e-08,1.9928211713704513e-05,1.992821155738511e-05,1.5631940186722204e-13
880.0,380.1771485099859,0.0,0.0,25.696603521833296,25.70396932774682,63.345660420703595,4.63157128209017,,,liquid,gas,25.807753993042976,25.847659718357512,2141.1427153811132,104.36492471428313,0.6000062317162135,7.011683464952511e-08,2.1330548406695016e-05,2.133054826458647e-05,1.4210854715202004e-13
900.0,380.1850467160106,0.0,0.0,25.696630780919048,25.704324555725066,63.345630590663774,4.631574615060421,,,liquid,gas,25.81016172822627,25.850990533252794,2141.142713915441,104.36492617995539,0.600006513853943,7.328360425162828e-08,2.279622049172758e-05,2.279622052014929e-05,-2.842170943040401e-14
920.0,380.1931061605491,0.0,0.0,25.696658613387513,25.704687028783116,63.3456001195392,4.63157801885828,,,liquid,gas,25.81256383097636,25.854316444587386,2141.142712385113,104.36492771028323,0.600006802046147,7.651640316908015e-08,2.4326548555109184e-05,2.4326548356157218e-05,1.9895196601282805e-13
940.0,380.20132658369,0.0,0.0,25.696687017945308,25.705056722282016,63.34556900906307,4.631581498159151,,,liquid,gas,25.814960316574716,25.857637468201837,2141.142710788823,104.36492930657327,0.6000070962760603,7.981450380611932e-08,2.592283863123157e-05,2.5922838403857895e-05,2.2737367544323206e-13
960.0,380.2097069237963,0.0,0.0,25.696715992628192,25.705433599642806,63.34553726001536,4.6315850484210115,,,liquid,gas,25.817351200309673,25.86095361988894,2141.1427091252613,104.36493097013518,0.6000073965359456,8.317808806168613e-08,2.7586400392465293e-05,2.7586400307200165e-05,8.526512829121202e-14
980.0,380.21824679208504,0.0,0.0,25.696745536039188,25.70581763651174,63.3455048739676,4.631588672026314,,,liquid,gas,25.81973649740566,25.864264915376037,2141.142707393127,104.36493270226957,0.6000077028105711,8.660672392579727e-08,2.931853487098124e-05,2.9318534700450982e-05,1.7053025658242404e-13
1000.0,380.22694533180515,0.0,0.0,25.69677564639451,25.70620879808298,63.345471851926234,4.631592367259754,,,liquid,gas,25.822116223024697,25.867571370324825,2141.1427055911277,104.36493450426893,0.6000080150900603,9.009995665110182e-08,3.1120534004003275e-05,3.1120534060846694e-05,-5.684341886080802e-14
1020.0,380.23580210881397,0.0,0.0,25.696806322265296,25.706607058222254,63.34543819539732,4.631596136389235,,,liquid,gas,25.824490392306295,25.870873000342158,2141.142703717973,104.36493637742352,0.6000083333598045,9.36577407628647e-08,3.299368881926057e-05,3.299368864873031e-05,1.7053025658242404e-13
1040.0,380.2448162943494,0.0,0.0,25.69683756189542,25.70701238463182,63.3454039054124,4.631599977251838,,,liquid,gas,25.826859020349158,25.874169820975997,2141.1427017723777,104.36493832301858,0.6000086576096924,9.727975793794031e-08,3.4939283978019375e-05,3.4939283708013136e-05,2.7000623958883807e-13
1060.0,380.25398730902555,0.0,0.0,25.696869363740557,25.70742474862881,63.34536898329338,4.631603890588042,,,liquid,gas,25.82922212221127,25.87746184771537,2141.142699753062,104.36494034233435,0.6000089878268633,1.0096578080265317e-07,3.695859959407244e-05,3.69585994803856e-05,1.1368683772161603e-13
1080.0,380.26331443087065,0.0,0.0,25.696901726140005,25.70784411958966,63.34533343018718,4.631607875432183,,,liquid,gas,25.83157971291001,25.880749095990648,2141.1426976587504,104.36494243664606,0.600009324000116,1.0471558198332787e-07,3.9052911233738996e-05,3.905291119110643e-05,4.263256414560601e-14
1100.0,380.2727972071099,0.0,0.0,25.69693464766076,25.708270470785457,63.34529724755602,4.631611933955087,,,liquid,gas,25.833931807422253,25.88403158117374,2141.1426954881726,104.36494460722398,0.6000096661152643,1.0852888863155385e-07,4.122348900637007e-05,4.1223489105846056e-05,-9.947598300641403e-14
1120.0,380.28243480867184,0.0,0.0,25.696968126558183,25.708703770234106,63.345260436408324,4.631616063873394,,,liquid,gas,25.83627842068448,25.887309318578314,2141.142693240063,104.36494685533341,0.6000100141624222,1.124054733736557e-07,4.347159847384319e-05,4.347159854489746e-05,-7.105427357601002e-14
1140.0,380.29222660191334,0.0,0.0,25.69700216125434,25.709143988802193,63.34522299797915,4.631620265172974,,,liquid,gas,25.838619567592882,25.89058232346004,2141.142690913162,104.36494918223478,0.6000103681295587,1.1634506336122286e-07,4.5798499741067644e-05,4.57984999115979e-05,-1.7053025658242404e-13
1160.0,380.30217211943676,0.0,0.0,25.697036750312613,25.709591099790643,63.34518493369686,4.631624539765697,,,liquid,gas,25.84095526300348,25.893850611016823,2141.1426885062133,104.36495158918355,0.6000107280028133,1.203474312205799e-07,4.820544836547924e-05,4.8205448678118046e-05,-3.126388037344441e-13
1180.0,380.3122705571347,0.0,0.0,25.69707189201784,25.710045071807652,63.34514624458328,4.631628885575385,,,liquid,gas,25.843285521732206,25.89711419638899,2141.1426860179663,104.36495407743034,0.6000110937721782,1.2441234957805137e-07,5.069369535704027e-05,5.069369547072711e-05,-1.1368683772161603e-13
1200.0,380.3225213394395,0.0,0.0,25.697107584848972,25.710505876777862,63.34510693192652,4.631633303184644,,,liquid,gas,25.845610358555042,25.900373094659628,2141.142683447176,104.36495664822087,0.6000114654251247,1.285395228478592e-07,5.326448581399745e-05,5.3264485998738564e-05,-1.8474111129762605e-13
1220.0,380.3329238366967,0.0,0.0,25.697143827242495,25.710973485937384,63.34506699694546,4.631637792511566,,,liquid,gas,25.8479297882081,25.903627320854646,2141.1426807926005,104.36495930279604,0.6000118429497817,1.3272876913106303e-07,5.5919061196618713e-05,5.5919061168197004e-05,2.842170943040401e-14
1240.0,380.3434774216683,0.0,0.0,25.697180617639873,25.711447870634004,63.34502644085536,4.631642353474289,,,liquid,gas,25.850243825387736,25.906876889943113,2141.1426780530046,104.36496204239191,0.600012226334314,1.3697979284188477e-07,5.865865705345641e-05,5.8658657039245554e-05,1.4210854715202004e-14
1260.0,380.3541814695257,0.0,0.0,25.6972179544872,25.711929002326755,63.344985264869976,4.6316469859910265,,,liquid,gas,25.852552484750664,25.91012181683744,2141.142675227157,104.36496486823975,0.6000126155669019,1.4129238934401656e-07,6.148450484033674e-05,6.14845048829693e-05,-4.263256414560601e-14
1280.0,380.3650353578409,0.0,0.0,25.69725583623547,25.712416852585502,63.34494347019996,4.631651689980077,,,liquid,gas,25.854855780914047,25.913362116393607,2141.1426723138306,104.36496778156605,0.6000130106357575,1.4566630852641537e-07,6.439783101086505e-05,6.43978311813953e-05,-1.7053025658242404e-13
1300.0,380.3760384665809,0.0,0.0,25.69729426134056,25.712911393090522,63.34490105805395,4.631656465359883,,,liquid,gas,25.85715372845561,25.916597803411392,2141.142669311804,104.36497078359253,0.6000134115291129,1.501013230154058e-07,6.739985747117316e-05,6.739985765591427e-05,-1.8474111129762605e-13
1320.0,380.3871901780936,0.0,0.0,25.697333228263304,25.713412595632075,63.344858029637344,4.631661312048925,,,liquid,gas,25.859446341913753,25.919828892634577,2141.1426662198605,104.36497387553614,0.6000138182352327,1.5459718269994482e-07,7.049180112517206e-05,7.049180126728061e-05,-1.4210854715202004e-13
1340.0,380.3984898770979,0.0,0.0,25.697372735468793,25.713920432109788,63.34481438615379,4.631666229965796,,,liquid,gas,25.861733635787633,25.923055398751178,2141.1426630367873,104.36497705860914,0.6000142307423997,1.59153660206357e-07,7.36748743292992e-05,7.367487427245578e-05,5.684341886080802e-14
1360.0,380.40993695068096,0.0,0.0,25.697412781427552,25.714434874532465,63.34477012880366,4.631671219029202,,,liquid,gas,25.864015624537288,25.926277336393646,2141.142659761377,104.3649803340191,0.6000146490389295,1.637705054235994e-07,7.695028443777119e-05,7.695028422460837e-05,2.1316282072803006e-13
1380.0,380.42153078827715,0.0,0.0,25.69745336461449,25.714955895017326,63.34472525878498,4.631676279157893,,,liquid,gas,25.866292322583732,25.929494720139115,2141.1426563924274,104.36498370296884,0.6000150731131614,1.684474909779965e-07,8.031923425733112e-05,8.031923397311402e-05,2.8421709430404007e-13
1400.0,380.4332707816687,0.0,0.0,25.697494483509104,25.715483465789788,63.344679777294196,4.631681410270755,,,liquid,gas,25.868563744309068,25.932707564509613,2141.1426529287396,104.36498716665659,0.600015502953451,1.731843894958729e-07,8.378292204724858e-05,8.378292172039892e-05,3.268496584496461e-13
1420.0,380.4451563249718,0.0,0.0,25.697536136596085,25.716017559182927,63.3446336855237,4.631686612286745,,,liquid,gas,25.870829904056578,25.935915883972225,2141.14264936912,104.36499072627589,0.6000159385481941,1.7798097360355313e-07,8.734254151931964e-05,8.734254102193972e-05,4.973799150320701e-13
1440.0,380.4571868146282,0.0,0.0,25.697578322364244,25.71655814763716,63.34458698466486,4.631691885124882,,,liquid,gas,25.873090816130834,25.939119692939364,2141.1426457123803,104.36499438301567,0.600016379885798,1.8283699318999424e-07,9.099928138311952e-05,9.099928080047448e-05,5.826450433232822e-13
1460.0,380.4693616444251,0.0,0.0,25.697621039303606,25.71710520362918,63.34453967589921,4.631697228645905,,,liquid,gas,25.8753464947978,25.942319005768972,2141.142641957336,104.36499813806024,0.600016826954764,1.8775222088152077e-07,9.475432580074994e-05,9.47543253744243e-05,4.263256414560601e-13
1480.0,380.48168023035043,0.0,0.0,25.697664285924684,25.717658700023904,63.34449176043101,4.631702642944411,,,liquid,gas,25.877596954284932,25.945513836764704,2141.142638102807,104.36500199258936,0.6000172797433806,1.9272645204182482e-07,9.860885484158644e-05,9.860885448631507e-05,3.552713678800501e-13
1500.0,380.494141960846,0.0,0.0,25.69770806071872,25.718218609369387,63.34444323942443,4.631708127764371,,,liquid,gas,25.879842208781287,25.94870420017621,2141.142634147618,104.36500594777814,0.6000177382403167,1.9775943655986338e-07,0.0001025640435727837,0.00010256404327435575,2.984279490192421e-13
1520.0,380.50674624653914,0.0,0.0,25.69775236219717,25.718784904601133,63.34439411406733,4.631713683083635,,,liquid,gas,25.88208227243761,25.951890110199237,2141.142630090599,104.36501000479726,0.600018202434019,2.0285094706196106e-07,0.00010662106251402292,0.00010662106238612523,1.2789769243681803e-13
1540.0,380.5194924953629,0.0,0.0,25.69779718887256,25.719357558689097,63.344344385537454,4.631719308821771,,,liquid,gas,25.884317159366464,25.955071580975975,2141.1426259305836,104.36501416481275,0.600018672313031,2.080007789118099e-07,0.00011078107809225912,0.0001107810778790963,2.1316282072803006e-13
1560.0,380.53238011752313,0.0,0.0,25.69784253926229,25.71993654470802,63.34429405501003,4.631725004898387,,,liquid,gas,25.886546883642296,25.958248626595136,2141.14262166641,104.3650184289862,0.6000191478659219,2.1320868199836695e-07,0.00011504525173222646,0.00011504525133432253,3.979039320256561e-13
1580.0,380.545408525481,0.0,0.0,25.697888411887398,25.72052183583672,63.344243123659325,4.631730771233149,,,liquid,gas,25.888771459301566,25.961421261092234,2141.1426172969213,104.3650227984747,0.6000196290812717,2.1847442894795676e-07,0.0001194147403111856,0.00011941473982801654,4.831690603168681e-13
1600.0,380.5585771339614,0.0,0.0,25.697934805274713,25.721113405357976,63.344191592654845,4.631736607745943,,,liquid,gas,25.890990900342835,25.964589498449776,2141.142612820965,104.36502727443083,0.6000201159477065,2.2379781512427143e-07,0.00012389069661367103,0.0001238906959599717,6.536993168992922e-13
1620.0,380.5718853599201,0.0,0.0,25.697981717954683,25.721711226657725,63.34413946316557,4.631742514356582,,,liquid,gas,25.89320522072687,25.967753352597477,2141.1426082373932,104.36503185800275,0.6000206084538594,2.2917859041626797e-07,0.00012847426842199638,0.0001284742678819839,5.400124791776761e-13
1640.0,380.5853326225629,0.0,0.0,25.698029148462616,25.72231527322508,63.34408673635733,4.631748490985166,,,liquid,gas,25.89541443437674,25.97091283741245,2141.142603545062,104.36503655033418,0.6000211065883942,2.3461657292500603e-07,0.0001331665998804965,0.00013316659931206232,5.684341886080801e-13
1660.0,380.5989183433072,0.0,0.0,25.698077095338512,25.722925518651426,63.34403341339349,4.631754537551728,,,liquid,gas,25.897618555177925,25.974067966719428,2141.1425987428315,104.3650413525644,0.6000216103400002,2.4011151253944265e-07,0.00013796883013128536,0.00013796882953442946,5.968558980384842e-13
1680.0,380.6126419457973,0.0,0.0,25.69812555712675,25.72354193663045,63.34397949543453,4.63176065397649,,,liquid,gas,25.899817596978405,25.977218754290956,2141.1425938295674,104.36504626582831,0.6000221196973948,2.4566320462326984e-07,0.00014288209422375076,0.00014288209344215375,7.815970093361102e-13
1700.0,380.6265028558811,0.0,0.0,25.698174532376242,25.72416450095736,63.34392498363912,4.6317668401797345,,,liquid,gas,25.902011573588766,25.9803652138476,2141.1425888041395,104.3650512912564,0.6000226346493149,2.512713990654447e-07,0.00014790752220505965,0.00014790752153714948,6.679101716144942e-13
1720.0,380.6405005016085,0.0,0.0,25.69822401964045,25.724793185528807,63.343869879163144,4.631773096081838,,,liquid,gas,25.904200498782302,25.98350735905814,2141.142583665421,104.36505642997483,0.6000231551845248,2.569359139670269e-07,0.0001530462404844002,0.00015304623995859856,5.258016244624741e-13
1740.0,380.65463431321854,0.0,0.0,25.69827401747694,25.72542796434216,63.34381418316066,4.6317794216032775,,,liquid,gas,25.90638438629511,25.986645203539794,2141.1425784122907,104.36506168310538,0.6000236812918068,2.626565219543409e-07,0.000158299370923487,0.00015829937051137222,4.121147867408581e-13
1760.0,380.66890372313827,0.0,0.0,25.698324524448523,25.726068811495352,63.34375789678195,4.631785816664693,,,liquid,gas,25.908563249826184,25.989778760858393,2141.142573043631,104.36506705176552,0.6000242129599819,2.6843299565371127e-07,0.00016366803083656123,0.00016366803065182012,1.8474111129762605e-13
1780.0,380.6833081659581,0.0,0.0,25.69837553912175,25.726715701186215,63.343701021175946,4.63179228118669,,,liquid,gas,25.910737103037523,25.992908044528598,2141.1425675583278,104.3650725370684,0.600024750177884,2.742651531661977e-07,0.00016915333389988518,0.00016915333353040296,3.694822225952521e-13
1800.0,380.6978470784462,0.0,0.0,25.69842706006768,25.727368607712403,63.34364355748947,4.631798815090117,,,liquid,gas,25.91290595955423,25.99603306801409,2141.1425619552733,104.36507814012289,0.6000252929343693,2.8015272164338966e-07,0.00017475638833275298,0.00017475638802011417,3.126388037344441e-13
1820.0,380.71251989951276,0.0,0.0,25.698479085862438,25.72802750547052,63.34358550686479,4.631805418295784,,,liquid,gas,25.9150698329646,25.999153844727775,2141.1425562333625,104.36508386203357,0.6000258412183381,2.8609554192371434e-07,0.00018047829917122726,0.00018047829870226906,4.689582056016661e-13
1840.0,380.72732607023147,0.0,0.0,25.69853161508592,25.72869236895633,63.343526870444094,4.631812090724731,,,liquid,gas,25.917228736820228,26.00227038803198,2141.142550391495,104.36508970390076,0.600026395018693,2.920933638961287e-07,0.00018632016644914984,0.0001863201658949265,5.542233338928781e-13
1860.0,380.742265033804,0.0,0.0,25.698584646322153,25.729363172763797,63.343467649366914,4.63181883229799,,,liquid,gas,25.919382684636094,26.005382711238646,2141.1425444285755,104.36509566682057,0.6000269543243635,2.981459829243249e-07,0.00019228308610763634,0.00019228308569552155,4.121147867408581e-13
1880.0,380.75733623556727,0.0,0.0,25.698638178160422,25.730039891584944,63.343407844768834,4.631825642936742,,,liquid,gas,25.921531689890678,26.008490827609528,2141.142538343511,104.36510175188482,0.6000275191243173,3.042532171093626e-07,0.0001983681504498236,0.00019836814995244367,4.973799150320701e-13
1900.0,380.7725391229833,0.0,0.0,25.698692209193787,25.730722500209495,63.34334745778411,4.631832522562285,,,liquid,gas,25.923675766026044,26.011594750356387,2141.142532135215,104.36510796018119,0.6000280894075365,3.1041481634019875e-07,0.00020457644677662756,0.0002045764463218802,4.547473508864641e-13
1920.0,380.7878731456216,0.0,0.0,25.698746738019892,25.731410973524277,63.343286489544354,4.6318394710959465,,,liquid,gas,25.92581492644794,26.014694492641187,2141.142525802603,104.36511429279314,0.6000286651630293,3.1663059871789303e-07,0.00021090905875098542,0.00021090905826781636,4.831690603168681e-13
1940.0,380.80333775516596,0.0,0.0,25.698801763240404,25.7321052865131,63.34322494117907,4.631846488459249,,,liquid,gas,25.927949184525904,26.017790067576293,2141.142519344596,104.36512075079995,0.6000292463798259,3.2290033686876994e-07,0.00021736706548836082,0.00021736706507624604,4.121147867408581e-13
1960.0,380.81893240539154,0.0,0.0,25.698857283461543,25.732805414256106,63.343162813815034,4.631853574573741,,,liquid,gas,25.930078553593336,26.02088148822465,2141.142512760119,104.36512733527677,0.6000298330469829,3.2922384889388924e-07,0.0002239515424662386,0.00022395154189780442,5.684341886080801e-13
1980.0,380.8346565521636,0.0,0.0,25.698913297293952,25.733511331929527,63.34310010857647,4.631860729361068,,,liquid,gas,25.932203046947624,26.023968767599992,2141.1425060481015,104.36513404729459,0.6000304251535831,3.3560088468220784e-07,0.00023066356015988276,0.00023066355971934627,4.405364961712621e-13
2000.0,380.8505096534327,0.0,0.0,25.698969803352405,25.734223014805263,63.34303682658521,4.6318679527430575,,,liquid,gas,25.934322677850215,26.027051918667024,2141.142499207476,104.36514088792028,0.6000310226887329,3.4203128507215297e-07,0.00023750418586132582,0.00023750418540657847,4.547473508864641e-13
2020.0,380.86649116922155,0.0,0.0,25.699026800255837,25.734940438250547,63.342972968961455,4.631875244641592,,,liquid,gas,25.936437459526733,26.03013095434161,2141.1424922371793,104.36514785821662,0.6000316256415559,3.4851482269004917e-07,0.0002444744823151268,0.0002444744817466926,5.684341886080801e-13
2040.0,380.8826005616081,0.0,0.0,25.699084286627684,25.735663577727323,63.342908536822065,4.631882604978568,,,liquid,gas,25.93854740516705,26.033205887490976,2141.1424851361535,104.36515495924228,0.6000322340012082,3.550512928995886e-07,0.0002515755081731186,0.0002515755074057324,7.673861546209082e-13
2060.0,380.89883729473814,0.0,0.0,25.699142261095695,25.736392408792245,63.342843531281524,4.63189003367609,,,liquid,gas,25.940652527925405,26.036276730933878,2141.1424779033437,104.36516219205188,0.6000328477568702,3.6164049106446327e-07,0.00025880831799440784,0.00025880831701385887,9.805489753489383e-13
2080.0,380.915200834801,0.0,0.0,25.69920072229108,25.737126907095945,63.34277795345355,4.631897530656352,,,liquid,gas,25.94275284092048,26.03934349744081,2141.1424705376994,104.36516955769598,0.6000334668977308,3.6828221254836536e-07,0.00026617396224537515,0.0002661739611085068,1.1368683772161603e-12
2100.0,380.9316906500347,0.0,0.0,25.6992596688505,25.737867048382988,63.342711804447,4.631905095841698,,,liquid,gas,25.944848357235507,26.042406199734184,2141.1424630381744,104.36517705722108,0.6000340914130263,3.749762527149869e-07,0.0002736734872996749,0.0002736734862054391,1.0942358130705543e-12
2120.0,380.94830621069184,0.0,0.0,25.69931909941417,25.738612808491027,63.34264508536967,4.6319127291543865,,,liquid,gas,25.94693908991836,26.045464850488514,2141.1424554037258,104.36518469166967,0.6000347212920042,3.817224296653876e-07,0.00028130793589298264,0.00028130793479874683,1.0942358130705543e-12
2140.0,380.9650469890673,0.0,0.0,25.69937901262626,25.739364163350984,63.34257779732757,4.631920430516975,,,liquid,gas,25.949025051981636,26.048519462330603,2141.142447633315,104.36519246208024,0.6000353565239303,3.885205387632595e-07,0.00028907834666824783,0.00028907834537506005,1.2931877790833823e-12
2160.0,380.98191245945526,0.0,0.0,25.699439407135454,25.740121088986065,63.34250994142317,4.631928199851962,,,liquid,gas,25.951106256402774,26.051570047839732,2141.142439725908,104.3652003694873,0.6000359970981053,3.9537035263492725e-07,0.0002969857537209464,0.0002969857524277586,1.2931877790833823e-12
2180.0,380.99890209819114,0.0,0.0,25.699500281594695,25.740883561512295,63.34244151875726,4.6319360370822755,,,liquid,gas,25.95318271612412,26.054616619547843,2141.1424316804737,104.36520841492136,0.6000366430038471,4.0227171211881795e-07,0.00030503118796332274,0.00030503118648539385,1.4779288903810084e-12
2200.0,381.016015383551,0.0,0.0,25.699561634660707,25.741651557136613,63.34237253042811,4.631943942130294,,,liquid,gas,25.95525444405305,26.05765918993972,2141.142423495986,104.36521659940898,0.6000372942304991,4.092243898412562e-07,0.00031321567576014786,0.0003132156741116887,1.6484591469634324e-12
2220.0,381.03325179587284,0.0,0.0,25.69962346499485,25.742425052158552,63.3423029775312,4.63195191491926,,,liquid,gas,25.95732145306204,26.060697771453178,2141.1424151714223,104.36522492397279,0.6000379507674319,4.1622818116593405e-07,0.00032154023938346654,0.0003215402379197485,1.4637180356658064e-12
2240.0,381.0506108174358,0.0,0.0,25.69968577126196,25.743204022968026,63.34223286116101,4.631959955372057,,,liquid,gas,25.959383755988764,26.063732376479237,2141.1424067057637,104.36523338963147,0.600038612604027,4.232829269312788e-07,0.0003300058979220921,0.00033000589660048263,1.3216094885137863e-12
2260.0,381.06809193250825,0.0,0.0,25.699748552131688,25.743988446046004,63.34216218240795,4.631968063411766,,,liquid,gas,25.961441365636194,26.06676301736231,2141.1423980979953,104.3652419973998,0.600039279729706,4.303884225009824e-07,0.00033861366637211177,0.00033861366493681544,1.4352963262354024e-12
2280.0,381.08569462732805,0.0,0.0,25.69981180627746,25.744778297963727,63.342090942360706,4.631976238961624,,,liquid,gas,25.96349429477269,26.06978970640038,2141.1423893471065,104.3652507482887,0.600039952133908,4.3754444050136955e-07,0.00034736455518213916,0.00034736455383210796,1.3500311979441904e-12
2300.0,381.1034183900922,0.0,0.0,25.699875532376744,25.74557355538253,63.34201914210632,4.631984481944901,,,liquid,gas,25.96554255613209,26.07281245584518,2141.14238045209,104.36525964330515,0.6000406298060887,4.4475082177086734e-07,0.0003562595716175565,0.00035625957028173616,1.3358203432289883e-12
2320.0,381.12126271095246,0.0,0.0,25.699939729110795,25.74637419505344,63.3419467827289,4.631992792284987,,,liquid,gas,25.96758616241379,26.075831277902388,2141.142371411943,104.3652686834523,0.6000413127357334,4.520073616731679e-07,0.00036529971885101986,0.0003652997174299344,1.4210854715202004e-12
2340.0,381.1392270820107,0.0,0.0,25.70000439516574,25.7471801938168,63.34187386530995,4.632001169905428,,,liquid,gas,25.96962512628287,26.078846184731773,2141.1423622256657,104.36527786972944,0.6000420009123525,4.5931385557196335e-07,0.00037448599596245913,0.00037448599456979537,1.3926637620897964e-12
2360.0,381.1573109973029,0.0,0.0,25.700069529230948,25.747991528601787,63.341800390929485,4.6320096147298395,,,liquid,gas,25.971659460370148,26.081857188447405,2141.1423528922633,104.36528720313204,0.6000426943254725,4.666701215683133e-07,0.0003838193983938254,0.0003838193971716919,1.2221335055073723e-12
2380.0,381.17551395279946,0.0,0.0,25.70013513000045,25.748808176426365,63.341726360664026,4.632018126681948,,,liquid,gas,25.973689177272288,26.08486430111781,2141.1423434107437,104.36529668465175,0.6000433929646543,4.7407597776327747e-07,0.00039330091794909094,0.00039330091688327684,1.0658141036401503e-12
2400.0,381.1938354463878,0.0,0.0,25.700201196171523,25.749630114396524,63.341651775589256,4.6320267056855275,,,liquid,gas,25.97571428955189,26.08786753476617,2141.142333780119,104.3653063152764,0.6000440968194671,4.815312422579154e-07,0.00040293154279424925,0.0004029315415294832,1.2647660696529783e-12
2420.0,381.2122749778769,0.0,0.0,25.7002677264462,25.75045731970622,63.34157663677732,4.632035351664542,,,liquid,gas,25.97773480973759,26.090866901370465,2141.142323999405,104.36531609599005,0.600044805879516,4.890356876785518e-07,0.0004127122565478203,0.00041271225518357824,1.3642420526593924e-12
2440.0,381.2308320489847,0.0,0.0,25.70033471953038,25.75128976963711,63.34150094529817,4.6320440645429946,,,liquid,gas,25.97975075032413,26.093862412863682,2141.142314067622,104.365326027773,0.600045520134427,4.965891548636137e-07,0.00042264403964509256,0.0004226440381245311,1.5205614545266144e-12
2460.0,381.249506163327,0.0,0.0,25.700402174133572,25.752127441557757,63.34142470222019,4.632052844245053,,,liquid,gas,25.98176212377246,26.09685408113397,2141.142303983793,104.36533611160174,0.6000462395738434,5.041914391767932e-07,0.0004327278684286284,0.0004327278668654344,1.5631940186722204e-12
2480.0,381.26829682641306,0.0,0.0,25.70047008896938,25.752970312923694,63.34134790860887,4.632061690694925,,,liquid,gas,25.983768942509833,26.09984191802482,2141.142293746946,104.36534634844908,0.600046964187436,5.118423587191501e-07,0.00044296471560301143,0.00044296471421034767,1.3926637620897964e-12
2500.0,381.28720354564314,0.0,0.0,25.70053846275592,25.753818361277013,63.34127056552713,4.632070603816988,,,liquid,gas,25.985771218929887,26.102825935335233,2141.142283356111,104.36535673928407,0.6000476939649017,5.195417543291114e-07,0.00045335555068959366,0.0004533555491974539,1.4921397450962104e-12
2520.0,381.30622583028844,0.0,0.0,25.700607294214272,25.75467156424574,63.34119267403651,4.632079583535671,,,liquid,gas,25.987768965392736,26.105806144819905,2141.142272810323,104.36536728507204,0.6000484288959516,5.272893986330018e-07,0.0004639013386622537,0.00046390133717011395,1.4921397450962104e-12
2540.0,381.3253631915042,0.0,0.0,25.7006765820702,25.755529899543998,63.34111423519567,4.632088629775606,,,liquid,gas,25.989762194225058,26.10878255818938,2141.1422621086203,104.36537798677465,0.6000491689703255,5.350851324692484e-07,0.00047460304131163866,0.00047460303977686635,1.5347723092418164e-12
2560.0,381.344615142282,0.0,0.0,25.70074632505304,25.75639334497081,63.341035250061054,4.632097742461258,,,liquid,gas,25.991750917720193,26.111755187110234,2141.1422512500453,104.36538884534986,0.600049914177785,5.429287512015435e-07,0.00048546161633566953,0.00048546161498563833,1.3500311979441904e-12
2580.0,381.3639811975064,0.0,0.0,25.700816521896257,25.757261878410965,63.340955719686754,4.632106921517577,,,liquid,gas,25.993735148138217,26.114724043205243,2141.1422402336434,104.36539986175195,0.6000506645081154,5.50820095668314e-07,0.0004964780182490358,0.0004964780170837457,1.1652900866465643e-12
2600.0,381.3834608738849,0.0,0.0,25.70088717133679,25.75813547783359,63.340875645124946,4.632116166869328,,,liquid,gas,25.995714897706048,26.117689138053553,2141.1422290584637,104.36541103693158,0.6000514199511213,5.587589839706197e-07,0.0005076531979284482,0.0005076531967063147,1.2221335055073723e-12
2620.0,381.4030536899834,0.0,0.0,25.700958272116203,25.759014121292434,63.34079502742472,4.632125478441577,,,liquid,gas,25.997690178617514,26.120650483190843,2141.1422177235595,104.36542237183572,0.6000521804966378,5.667452114721527e-07,0.0005189881021578913,0.0005189881008504926,1.3073986337985843e-12
2640.0,381.4227591661866,0.0,0.0,25.70102982297923,25.759897786925194,63.340713867633724,4.632134856159281,,,liquid,gas,25.999661003033463,26.1236080901095,2141.1422062279876,104.36543386740776,0.6000529461345147,5.747785962739727e-07,0.0005304836740833707,0.0005304836728896589,1.1937117960769683e-12
2660.0,381.44257682472664,0.0,0.0,25.7011018226747,25.760786452953454,63.34063216679693,4.632144299947772,,,liquid,gas,26.001627383081832,26.126561970258784,2141.142194570808,104.36544552458746,0.6000537168546285,5.828589792145067e-07,0.0005421408536676608,0.0005421408525876359,1.0800249583553523e-12
2680.0,381.46250618963893,0.0,0.0,25.701174269955377,25.761680097682095,63.34054992595719,4.632153809732251,,,liquid,gas,26.00358933085775,26.129512135044994,2141.1421827510844,104.36545734431097,0.6000544926468766,5.909861783948145e-07,0.0005539605772355571,0.0005539605760986888,1.1368683772161603e-12
2700.0,381.48254678678137,0.0,0.0,25.70124716357754,25.76257869949921,63.3404671461552,4.63216338543812,,,liquid,gas,26.005546858423614,26.13245859583164,2141.1421707678846,104.3654693275109,0.6000552735011786,5.991599891785881e-07,0.0005659437770191289,0.0005659437760243691,9.947598300641403e-13
2720.0,381.5026981438158,0.0,0.0,25.701320502301858,25.763482236875497,63.34038382842895,4.632173026990908,,,liquid,gas,26.007499977809182,26.135401363939597,2141.142158620279,104.36548147511624,0.60005605940748,6.073802751416224e-07,0.0005780913825219613,0.0005780913813708821,1.1510792319313623e-12
2740.0,381.5229597902025,0.0,0.0,25.701394284892224,25.76439068836418,63.340299973814815,4.632182734316188,,,liquid,gas,26.00944870101166,26.138340450647277,2141.142146307343,104.36549378805246,0.6000568503557436,6.156468089102418e-07,0.0005904043187001662,0.0005904043175917195,1.1084466677857563e-12
2760.0,381.54333125720257,0.0,0.0,25.70146851011676,25.765304032600653,63.340215583346016,4.632192507339747,,,liquid,gas,26.011393039995788,26.1412758671908,2141.142133828154,104.36550626724147,0.6000576463359627,6.239594540602412e-07,0.000602883507781371,0.0006028835066018701,1.1795009413617663e-12
2780.0,381.56381207784824,0.0,0.0,25.701543176746874,25.766222248301915,63.340130658054704,4.632202345987318,,,liquid,gas,26.013333006693927,26.144207624764142,2141.1421211817938,104.36551891360166,0.6000584473381424,6.323180059553124e-07,0.0006155298679004773,0.0006155298667920306,1.1084466677857563e-12
2800.0,381.58440178696355,0.0,0.0,25.701618283558034,25.767145314266465,63.34004519897035,4.6322122501849154,,,liquid,gas,26.01526861300614,26.147135734519313,2141.1421083673476,104.36553172804793,0.6000592533523137,6.407223054338829e-07,0.0006283443140091549,0.0006283443130570276,9.521272659185342e-13
2820.0,381.6050999210499,0.0,0.0,25.701693829329606,25.768073209369987,63.339959207119165,4.632222219858531,,,liquid,gas,26.017199870800287,26.150060207566508,2141.142095383904,104.36554471149162,0.6000600643685398,6.491721933343797e-07,0.0006413277578758425,0.000641327756753185,1.1226575225009583e-12
2840.0,381.6259060186323,0.0,0.0,25.7017698128446,25.769005912580756,63.3398726835266,4.632232254934311,,,liquid,gas,26.019126791912107,26.152981054974276,2141.142082230555,104.36555786484067,0.6000608803768928,6.576674422831275e-07,0.0006544811067215051,0.0006544811057977995,9.237055564881302e-13
2860.0,381.6468196197404,0.0,0.0,25.70184623288959,25.76994340293582,63.33978562921538,4.632242355338509,,,liquid,gas,26.021049388145308,26.155898287769677,2141.142068906396,104.36557118899947,0.6000617013674706,6.662079385932884e-07,0.0006678052654933708,0.000667805264598087,8.952838470577262e-13
2880.0,381.6678402662369,0.0,0.0,25.70192308825513,25.770885659556228,63.339698045205395,4.632252520997479,,,liquid,gas,26.022967671271633,26.158811916938447,2141.1420554105266,104.36558468486899,0.6000625273304001,6.747934776285547e-07,0.0006813011350459419,0.0006813011341222364,9.237055564881302e-13
2900.0,381.6889675017298,0.0,0.0,25.70200037773518,25.77183266164289,63.33960993251518,4.632262751837679,,,liquid,gas,26.024881653030977,26.16172195342515,2141.142041742049,104.36559835334675,0.6000633582558218,6.834238774899859e-07,0.0006949696125957416,0.0006949696118851989,7.105427357601002e-13
2920.0,381.71020087156523,0.0,0.0,25.702078100127743,25.772784388476246,63.33952129216035,4.632273047785689,,,liquid,gas,26.026791345131446,26.164628408133343,2141.142027900069,104.36561219532685,0.6000641941339049,6.920990017533768e-07,0.0007088115926308092,0.0007088115919771099,6.536993168992922e-13
2940.0,381.73153992281715,0.0,0.0,25.70215625423412,25.773740819415874,63.339432125155106,4.632283408768172,,,liquid,gas,26.028696759249453,26.167531291925734,2141.142013883696,104.36562621169993,0.6000650349548331,7.008186457824195e-07,0.0007228279655464576,0.0007228279650632885,4.831690603168681e-13
2960.0,381.7529842042794,0.0,0.0,25.702234838859408,25.774701933900225,63.33934243251071,4.6322938347118345,,,liquid,gas,26.0305979070298,26.170430615624337,2141.1419996920426,104.36564040335328,0.6000658807088188,7.095826731529087e-07,0.0007370196190095157,0.0007370196184126598,5.968558980384842e-13
2980.0,381.77453326649,0.0,0.0,25.702313852812782,25.775667711446683,63.339252215236215,4.6323043255438145,,,liquid,gas,26.032494800085768,26.17332639001063,2141.141985324225,104.36565477117077,0.6000667313860971,7.183908792285365e-07,0.0007513874365940865,0.0007513874358977546,6.963318810448982e-13
3000.0,381.796186661655,0.0,0.0,25.702393294906393,25.77663813165026,63.339161474339264,4.632314881190876,,,liquid,gas,26.03438744999919,26.17621862582571,2141.141970779363,104.36566931603288,0.6000675869769171,7.272431048477301e-07,0.0007659322986910411,0.00076593229800892,6.821210263296962e-13
3020.0,381.8179439437116,0.0,0.0,25.70247316395648,25.777613174184413,63.33907021082444,4.63232550158017,,,liquid,gas,26.03627586832054,26.179107333770464,2141.141956056579,104.36568403881675,0.6000684474715579,7.361391908489167e-07,0.0007806550825080194,0.0007806550818827418,6.252776074688882e-13
3040.0,381.8398046682826,0.0,0.0,25.702553458782113,25.77859281879997,63.33897842569581,4.632336186638856,,,liquid,gas,26.038160066569027,26.181992524505695,2141.1419411549996,104.36569894039617,0.6000693128603044,7.450789780705236e-07,0.0007955566620694299,0.0007955566613020437,7.673861546209082e-13
3060.0,381.8617683927009,0.0,0.0,25.70263417820809,25.779577045325418,63.338886119951084,4.632346936294414,,,liquid,gas,26.04004005623266,26.184874208652303,2141.1419260737543,104.36571402164157,0.6000701831335032,7.540622618762427e-07,0.0008106379073069547,0.000810637906695888,6.110667527536862e-13
3080.0,381.88383467596543,0.0,0.0,25.70271532106033,25.78056583366605,63.33879329459065,4.632357750474213,,,liquid,gas,26.04191584876834,26.187752396791424,2141.141910811976,104.36572928342005,0.6000710582814768,7.630889285792364e-07,0.0008258996858785395,0.0008258996851822076,6.963318810448982e-13
3100.0,381.90600307874723,0.0,0.0,25.702796886169203,25.78155916380374,63.33869995061083,4.632368629105683,,,liquid,gas,26.043787455601954,26.190627099464596,2141.1418953688003,104.36574472659544,0.6000719382945864,7.721587735431968e-07,0.0008413428613494034,0.0008413428605678064,7.815970093361102e-13
3120.0,381.92827316341135,0.0,0.0,25.70287887236983,25.78255701579712,63.338606089004095,4.632379572116623,,,liquid,gas,26.045654888128436,26.193498327173895,2141.1418797433676,104.36576035202822,0.6000728231632315,7.812716376065509e-07,0.0008569682941015344,0.0008569682933483591,7.531752999057062e-13
3140.0,381.9506444939646,0.0,0.0,25.702961278498535,25.783559369780683,63.3385117107645,4.632390579434665,,,liquid,gas,26.047518157711867,26.196366090382107,2141.1418639348203,104.3657761605756,0.6000737128777973,7.904273616077262e-07,0.0008727768413336889,0.000872776840736833,5.968558980384842e-13
3160.0,381.97311663609156,0.0,0.0,25.70304410339796,25.784566205964985,63.33841681687895,4.632401650987778,,,liquid,gas,26.04937727568555,26.19923039951286,2141.1418479423046,104.36579215309153,0.6000746074287381,7.996257863851497e-07,0.0008887693570613919,0.000888769356663488,3.979039320256561e-13
3180.0,381.99568915710944,0.0,0.0,25.70312734591142,25.785577504635807,63.33832140833806,4.632412786703833,,,liquid,gas,26.051232253352097,26.20209126495079,2141.1418317649695,104.36580833042667,0.6000755068064734,8.088667527772486e-07,0.0009049466921169369,0.0009049466918042981,3.126388037344441e-13
3200.0,382.0183616259867,0.0,0.0,25.70321100488929,25.786593246154244,63.33822548612286,4.632423986510863,,,liquid,gas,26.053083101983503,26.20494869704169,2141.141815401968,104.36582469342846,0.6000764110015155,8.181500788850826e-07,0.0009213096936946386,0.0009213096935951626,9.947598300641403e-14
3220.0,382.0411336133459,0.0,0.0,25.703295079180158,25.78761341095655,63.33812905122299,4.632435250337197,,,liquid,gas,26.054929832821234,26.207802706092647,2141.1417988524554,104.36584124294109,0.6000773200042954,8.274756282844464e-07,0.0009378592062603275,0.0009378592062176949,4.263256414560601e-14
3240.0,382.0640046914284,0.0,0.0,25.703379567642166,25.788637979553393,63.3380321046138,4.632446578111097,,,liquid,gas,26.056772457076303,26.2106533023722,2141.141782115591,104.36585797980551,0.6000782338053807,8.368432190763997e-07,0.0009545960706418555,0.0009545960706418555,0.0
3260.0,382.0869744340814,0.0,0.0,25.703464469133788,25.789666932529506,63.33793464727521,4.632457969760707,,,liquid,gas,26.058610985929363,26.2135004961105,2141.141765190537,104.36587490485948,0.6000791523952969,8.462526920993696e-07,0.0009715211244838429,0.0009715211246117406,-1.2789769243681803e-13
3280.0,382.11004241681815,0.0,0.0,25.703549782515715,25.790700250544305,63.33783668018683,4.632469425214809,,,liquid,gas,26.060445430530773,26.216344297499433,2141.141748076459,104.36589201893756,0.6000800757645733,8.557039109291509e-07,0.0009886352027024259,0.000988635202688215,1.4210854715202004e-14
3300.0,382.13320821672585,0.0,0.0,25.703635506655296,25.791737914330387,63.33773820432025,4.632480944401836,,,liquid,gas,26.06227580200069,26.21918471669279,2141.1417307725255,104.3659093228711,0.6000810039038165,8.651966709294357e-07,0.0010059391361210146,0.0010059391362347014,-1.1368683772161603e-13
3320.0,382.1564714125333,0.0,0.0,25.703721640421332,25.79277990469423,63.33763922064893,4.632492527250745,,,liquid,gas,26.064102111429147,26.222021763806403,2141.1417132779084,104.3659268174883,0.6000819368036157,8.747308584133862e-07,0.0010234337532892823,0.0010234337534313909,-1.4210854715202004e-13
3340.0,382.1798315845456,0.0,0.0,25.703808182687006,25.7938262025153,63.337539730142225,4.632504173690254,,,liquid,gas,26.06592436987613,26.22485544891829,2141.1416955917825,104.36594450361419,0.6000828744546005,8.843062914820621e-07,0.0010411198791189236,0.0010411198793178755,-1.9895196601282805e-13
3360.0,382.20328831465235,0.0,0.0,25.70389513232741,25.794876788745576,63.33743973377026,4.632515883649139,,,liquid,gas,26.067742588371654,26.22768578206881,2141.1416777133263,104.36596238207063,0.6000838168473944,8.939228109738906e-07,0.0010589983353384014,0.001058998335764727,-4.263256414560601e-13
3380.0,382.2268411863668,0.0,0.0,25.703982488222085,25.795931644410295,63.337339232499396,4.632527657056636,,,liquid,gas,26.069556777915864,26.230512773260802,2141.1416596417207,104.36598045367637,0.6000847639726569,9.035802804646665e-07,0.0010770699409476947,0.001077069941501918,-5.542233338928781e-13
3400.0,382.25048978477116,0.0,0.0,25.70407024925514,25.796990750606696,63.337238227291145,4.632539493841957,,,liquid,gas,26.071366949479092,26.233336432459723,2141.14164137615,104.36599871924702,0.6000857158210949,9.132785407928168e-07,0.001095335511763551,0.0010953355121472441,-3.836930773104541e-13
3420.0,382.27423369649034,0.0,0.0,25.704158414313067,25.79805408850366,63.33713671910733,4.632551393934003,,,liquid,gas,26.073173114001946,26.2361567695938,2141.1416229158017,104.36601717959506,0.6000866723834134,9.230174100594013e-07,0.001113795859964739,0.0011137958601921127,-2.2737367544323206e-13
3440.0,382.29807250978195,0.0,0.0,25.70424698228375,25.799121639342566,63.33703470891135,4.6325633572625415,,,liquid,gas,26.07497528239539,26.238973794554184,2141.1416042598667,104.36603583552989,0.6000876336503032,9.327967518402147e-07,0.0011324517950015434,0.0011324517950157542,-1.4210854715202004e-14
3460.0,382.3220058144215,0.0,0.0,25.70433595206295,25.800193384435673,63.33693219765597,4.632575383756886,,,liquid,gas,26.076773465540818,26.241787517195068,2141.1415854075385,104.36605468785781,0.6000885996125568,9.426164069736842e-07,0.001151304123141017,0.001151304122942065,1.9895196601282805e-13
3480.0,382.346033201757,0.0,0.0,25.704425322545283,25.80126930516662,63.33682918630028,4.632587473346607,,,liquid,gas,26.078567674290145,26.244597947333844,2141.141566358014,104.36607373738205,0.6000895702609077,9.52476216298237e-07,0.0011703536474669818,0.0011703536471827647,2.8421709430404007e-13
3500.0,382.3701542646885,0.0,0.0,25.704515092630608,25.80234938298988,63.336725675797865,4.63259962596142,,,liquid,gas,26.080357919465868,26.24740509475125,2141.1415471104933,104.36609298490275,0.600090545586143,9.623760433896677e-07,0.0011896011683347751,0.0011896011678800278,4.547473508864641e-13
3520.0,382.39436859766454,0.0,0.0,25.70460526122361,25.803433599430633,63.336621667097184,4.632611841531137,,,liquid,gas,26.08214421186116,26.2502089691915,2141.141527664179,104.36611243121702,0.600091525579099,9.723157063490362e-07,0.0012090474824617559,0.001209047482149117,3.126388037344441e-13
3540.0,382.4186757966853,0.0,0.0,25.704695827231042,25.804521936084505,63.336517161147704,4.632624119985827,,,liquid,gas,26.083926562239938,26.253009580362434,2141.1415080182774,104.3661320771189,0.6000925102306031,9.822950914895046e-07,0.001228693384291546,0.0012286933840357506,2.5579538487363607e-13
3560.0,382.443075459229,0.0,0.0,25.70478678956046,25.80561437461645,63.33641215890073,4.632636461255004,,,liquid,gas,26.085704981336953,26.255806937935642,2141.141488171997,104.36615192339943,0.6000934995314666,9.923140169121325e-07,0.0012485396646297886,0.0012485396645587343,7.105427357601002e-14
3580.0,382.4675671843859,0.0,0.0,25.70487814712745,25.80671089676235,63.336306661296824,4.632648865269256,,,liquid,gas,26.087479479857855,26.258601051546623,2141.1414681245496,104.36617197084658,0.6000944934726036,1.0023723689300823e-06,0.0012685871120083902,0.0012685871117099623,2.984279490192421e-13
3600.0,382.4921505727335,0.0,0.0,25.704969898847946,25.807811484327075,63.33620066928055,4.632661331958896,,,liquid,gas,26.089250068479277,26.261391930794918,2141.141447875151,104.36619222024537,0.6000954920448909,1.0124699429070461e-06,0.0012888365108665312,0.001288836510497049,3.694822225952521e-13
3620.0,382.5168252263167,0.0,0.0,25.70506204364279,25.80891611918409,63.336094183790635,4.632673861253735,,,liquid,gas,26.091016757848916,26.26417958524424,2141.1414274230183,104.36621267237777,0.6000964952392618,1.022606625156186e-06,0.001309288643369655,0.0013092886429006967,4.689582056016661e-13
3640.0,382.54159074879846,0.0,0.0,25.705154580432065,25.81002478327732,63.33598720577197,4.632686453084959,,,liquid,gas,26.0927795585856,26.266964024422617,2141.141406767373,104.3662333280228,0.600097503046592,1.0327822565159296e-06,0.0013299442884999735,0.0013299442879315393,5.684341886080801e-13
3660.0,382.5664467452101,0.0,0.0,25.705247508146318,25.811137458617473,63.33587973615342,4.63269910738227,,,liquid,gas,26.094538481279383,26.269745257822535,2141.1413859074396,104.36625418795649,0.6000985154579102,1.0429966778247036e-06,0.0013508042220564676,0.001350804221615931,4.405364961712621e-13
3680.0,382.5913928222195,0.0,0.0,25.705340825712376,25.812254127285616,63.33577177587528,4.632711824077067,,,liquid,gas,26.096293536491597,26.272523294901067,2141.141364842444,104.36627525295188,0.6000995324641373,1.0532497753956704e-06,0.001371869217564381,0.0013718692170101576,5.542233338928781e-13
3700.0,382.6164285878924,0.0,0.0,25.70543453206296,25.81337477142963,63.33566332587068,4.6327246030997475,,,liquid,gas,26.09804473475495,26.27529814508001,2141.1413435716167,104.36629652377911,0.6001005540562635,1.06354136732989e-06,0.0013931400449109788,0.0013931400442430686,6.679101716144942e-13
3720.0,382.641553651844,0.0,0.0,25.705528626137628,25.814499373266155,63.33555438706362,4.63273744438154,,,liquid,gas,26.099792086573597,26.278069817746033,2141.1413220941904,104.36631800120534,0.600101580225366,1.0738713172031567e-06,0.001414617471255042,0.0014146174704734449,7.815970093361102e-13
3740.0,382.66676762510764,0.0,0.0,25.705623106871457,25.81562791507859,63.33544496039133,4.632750347853033,,,liquid,gas,26.10153560242321,26.28083832225079,2141.141300409401,104.36633968599482,0.6001026109623978,1.0842394658538978e-06,0.0014363022605721198,0.0014363022599468422,6.252776074688882e-13
3760.0,382.69207012024475,0.0,0.0,25.705717973211726,25.81676037921838,63.33533504677133,4.632763313445535,,,liquid,gas,26.103275292751054,26.283603667911073,2141.141278516487,104.36636157890885,0.6001036462584997,1.0946456995952758e-06,0.0014581951745640254,0.0014581951739813803,5.826450433232822e-13
3780.0,382.71746075124486,0.0,0.0,25.70581322409949,25.817896748103564,63.33522464713711,4.632776341089928,,,liquid,gas,26.10501116797608,26.28636586400894,2141.14125641469,104.36638368070585,0.6001046861046614,1.1050898592657176e-06,0.0014802969717493397,0.0014802969709819536,7.673861546209082e-13
3800.0,382.74293913362544,0.0,0.0,25.705908858488904,25.819037004219794,63.33511376240178,4.632789430717989,,,liquid,gas,26.106743238488978,26.28912491979184,2141.1412341032546,104.36640599214134,0.6001057304920675,1.1155717629662831e-06,0.0015026084070086654,0.001502608406468653,5.400124791776761e-13
3820.0,382.76850488433445,0.0,0.0,25.706004875328574,25.820181130118968,63.33500239349262,4.632802582261244,,,liquid,gas,26.10847151465227,26.291880844472765,2141.1412115814283,104.36642851396793,0.6001067794117687,1.126091319747502e-06,0.0015251302334036154,0.001525130233062555,3.410605131648481e-13
3840.0,382.7941576217248,0.0,0.0,25.7061012735752,25.82132910841859,63.33489054132559,4.632815795650749,,,liquid,gas,26.11019600680037,26.29463364723037,2141.141188848461,104.36645124693538,0.6001078328549241,1.1366483704478015e-06,0.0015478632008125714,0.0015478632005141435,2.984279490192421e-13
3860.0,382.81989696563465,0.0,0.0,25.706198052185826,25.82248092180275,63.33477820681999,4.63282907081811,,,liquid,gas,26.111916725239674,26.2973833372091,2141.1411659036057,104.36647419179057,0.6001088908126615,1.1472427559056086e-06,0.0015708080559306836,0.00157080805570331,2.2737367544323206e-13
3880.0,382.84572253741044,0.0,0.0,25.706295210126946,25.823636553022283,63.33466539088152,4.632842407695805,,,liquid,gas,26.113633680248626,26.30012992351934,2141.141142746119,104.36649734927754,0.6001099532762394,1.1578743396967184e-06,0.001593965542724618,0.0015939655426677746,5.684341886080802e-14
3900.0,382.8716339597184,0.0,0.0,25.70639274635752,25.82479598489192,63.33455209443357,4.63285580621505,,,liquid,gas,26.115346882077795,26.30287341523752,2141.141119375259,104.36652072013747,0.6001110202367486,1.1685429853969254e-06,0.0016173364024325565,0.0016173364026030868,-1.7053025658242404e-13
3920.0,382.89763085671217,0.0,0.0,25.70649065985186,25.82595920029241,63.33443831837468,4.632869266307831,,,liquid,gas,26.11705634094995,26.305613821406272,2141.141095790288,104.36654430510872,0.6001120916855167,1.1792485565820243e-06,0.001640921373564197,0.001640921373848414,-2.8421709430404007e-13
3940.0,382.9237128539941,0.0,0.0,25.706588949574744,25.827126182169913,63.33432406362549,4.632882787906498,,,liquid,gas,26.118762067060135,26.30835115103454,2141.14107199047,104.36656810492681,0.600113167613663,1.1899908940904424e-06,0.0016647211914460058,0.0016647211919433857,-4.973799150320701e-13
3960.0,382.949879578515,0.0,0.0,25.7066876145056,25.82829691353435,63.334209331082455,4.632896370942663,,,liquid,gas,26.120464070575743,26.31108541309772,2141.1410479750725,104.36659212032448,0.6001142480125359,1.200769884235342e-06,0.0016887365891307127,0.0016887365896138817,-4.831690603168681e-13
3980.0,382.9761306587652,0.0,0.0,25.7067866536203,25.829471377461935,63.334094121653216,4.632910015349497,,,liquid,gas,26.122162361636587,26.313816616537792,2141.141023743365,104.36661635203164,0.60011533287338,1.2115853678551502e-06,0.0017129682964878157,0.0017129682967720328,-2.8421709430404007e-13
4000.0,383.0024657245167,0.0,0.0,25.70688606590153,25.830649557091323,63.33397843623556,4.6329237210588,,,liquid,gas,26.12385695035497,26.31654477026343,2141.1409992946215,104.36664080077541,0.6001164221875331,1.2224371857882942e-06,0.0017374170402035816,0.001737417040544642,-3.410605131648481e-13
4020.0,383.0288844070218,0.0,0.0,25.706985850326795,25.831831435626263,63.33386227574192,4.632937488003359,,,liquid,gas,26.125547846815778,26.319269883150152,2141.1409746281165,104.36666546728016,0.6001175159461956,1.233325247085304e-06,0.0017620835451452876,0.0017620835452873962,-1.4210854715202004e-13
4040.0,383.0553863389252,0.0,0.0,25.707086005889124,25.833016996334248,63.33374564105833,4.632951316115984,,,liquid,gas,26.127235061076533,26.321991964040436,2141.140949743129,104.36669035226744,0.6001186141408187,1.244249369847239e-06,0.0017869685325422324,0.0017869685325706541,-2.842170943040401e-14
4060.0,383.08197115416317,0.0,0.0,25.707186531576276,25.834206222544797,63.333628533085175,4.632965205328416,,,liquid,gas,26.128918603167474,26.324711021743845,2141.1409246389403,104.36671545645609,0.6001197167627181,1.2552094403872616e-06,0.0018120727213499777,0.00181207272122208,1.2789769243681803e-13
4080.0,383.1086384882622,0.0,0.0,25.707287426383466,25.835399097653585,63.33351095271215,4.632979155574867,,,liquid,gas,26.130598483091628,26.32742706503716,2141.1408993148343,104.36674078056217,0.6001208238033126,1.2662052995437989e-06,0.0018373968273408536,0.001837396827298221,4.263256414560601e-14
4100.0,383.13538797790375,0.0,0.0,25.707388689300156,25.836595605116173,63.33339290084412,4.632993166786961,,,liquid,gas,26.132274710824884,26.330140102664505,2141.1408737700976,104.36676632529901,0.6001219352538772,1.2772368336300133e-06,0.001862941564013454,0.0018629415641413516,-1.2789769243681803e-13
4120.0,383.16221926135444,0.0,0.0,25.707490319334248,25.837795728453724,63.33327437835439,4.633007238898899,,,liquid,gas,26.133947296316073,26.332850143337463,2141.1408480040195,104.36679209137722,0.6001230511059872,1.2883039062216994e-06,0.0018887076421378879,0.0018887076423510507,-2.1316282072803006e-13
4140.0,383.189131978053,0.0,0.0,25.7075923154786,25.838999451247233,63.33315538614881,4.633021371842625,,,liquid,gas,26.135616249487025,26.33555719573522,2141.140822015892,104.36681807950468,0.6001241713509099,1.2994063808946521e-06,0.001914695769755781,0.0019146957698126243,-5.684341886080802e-14
4160.0,383.2161257690328,0.0,0.0,25.707694676745458,25.84020675714313,63.333035925099985,4.633035565552861,,,liquid,gas,26.13728158023265,26.338261268504667,2141.14079580501,104.36684429038657,0.6001252959802293,1.3105440984872986e-06,0.001940906651725527,0.0019409066516971052,2.842170943040401e-14
4180.0,383.243200276474,0.0,0.0,25.707797402140496,25.84141762984695,63.3329159960971,4.633049819961905,,,liquid,gas,26.138943298421005,26.340962370260538,2141.140769370671,104.36687072472535,0.6001264249853722,1.3217169453128007e-06,0.001967340990631783,0.0019673409904754635,1.5631940186722204e-13
4200.0,383.2703551439844,0.0,0.0,25.707900490677467,25.842632053126987,63.33279560001703,4.633064135003021,,,liquid,gas,26.140601413893386,26.343660509585533,2141.1407427121753,104.36689738322082,0.6001275583578835,1.332924784946954e-06,0.001993999486330722,0.001993999485947029,3.836930773104541e-13
4220.0,383.2975900166107,0.0,0.0,25.708003941365494,25.84385001081439,63.332674737750466,4.633078510610589,,,liquid,gas,26.142255936464373,26.346355695030436,2141.140715828826,104.3669242665701,0.6001286960891776,1.3441674582281848e-06,0.0020208828354952857,0.0020208828352252795,2.7000623958883807e-13
4240.0,383.324904540712,0.0,0.0,25.708107753221412,25.84507148680114,63.332553410176025,4.633092946718705,,,liquid,gas,26.14390687592192,26.34904793511424,2141.1406887199287,104.36695137546761,0.6001298381707846,1.3554448742070234e-06,0.002047991732979426,0.0020479917327378416,2.4158453015843406e-13
4260.0,383.3522983637984,0.0,0.0,25.708211925270724,25.84629646503769,63.33243161815984,4.63310744325934,,,liquid,gas,26.14555424202741,26.351737238324265,2141.140661384791,104.36697871060514,0.6001309845943531,1.366756873721897e-06,0.002075326870453864,0.002075326870269123,1.8474111129762605e-13
4280.0,383.3797711350194,0.0,0.0,25.70831645653388,25.847524929539638,63.33230936258147,4.633122000168118,,,liquid,gas,26.147198044515736,26.35442361311629,2141.1406338227243,104.36700627267183,0.6001321353514055,1.3781033430859679e-06,0.0021028889373155835,0.002102888936960312,3.552713678800501e-13
4300.0,383.40732250471063,0.0,0.0,25.708421346037,25.848756864381095,63.332186644313595,4.633136617379116,,,liquid,gas,26.14883829309538,26.35710706791466,2141.140606033042,104.36703406235418,0.6001332904335306,1.389484123137663e-06,0.0021306786197783367,0.0021306786193093785,4.689582056016661e-13
4320.0,383.4349521244276,0.0,0.0,25.708526592812053,25.849992253695188,63.332063464220965,4.633151294825232,,,liquid,gas,26.15047499744847,26.359787611112424,2141.14057801506,104.36706208033605,0.6001344498323926,1.400899100190145e-06,0.0021586966017821396,0.0021586966011852837,5.968558980384842e-13
4340.0,383.46265964714286,0.0,0.0,25.708632195881517,25.851231081676495,63.33193982319003,4.633166032440627,,,liquid,gas,26.152108167230853,26.36246525107143,2141.140549768097,104.3670903272987,0.6001356135394512,1.4123481378192082e-06,0.002186943564538524,0.002186943563827981,7.105427357601002e-13
4360.0,383.49044472727815,0.0,0.0,25.70873815428996,25.852473332581425,63.33181572206954,4.63318083016112,,,liquid,gas,26.15373781207217,26.36513999612247,2141.140521291475,104.36711880392075,0.6001367815465238,1.4238310996006477e-06,0.0022154201865305367,0.0022154201858768374,6.536993168992922e-13
4380.0,383.5183070203447,0.0,0.0,25.708844467075217,25.853718990722957,63.331691161724,4.633195687920063,,,liquid,gas,26.15536394157592,26.367811854565385,2141.1404925845177,104.36714751087824,0.6001379538452799,1.4353478718476254e-06,0.0022441271439674892,0.0022441271433706333,5.968558980384842e-13
4400.0,383.54624618334265,0.0,0.0,25.708951133271523,25.854968040476145,63.33156614302905,4.633210605653046,,,liquid,gas,26.156986565319542,26.37048083466919,2141.1404636465513,104.36717644884462,0.6001391304272835,1.4468983181359362e-06,0.002273065110330208,0.002273065109747563,5.826450433232822e-13
4420.0,383.57426187431963,0.0,0.0,25.70905815192147,25.856220466271736,63.33144066684684,4.633225583292804,,,liquid,gas,26.158605692854483,26.373146944672193,2141.1404344769053,104.36720561849076,0.6001403112842276,1.458482302041375e-06,0.0023022347563710355,0.0023022347558878664,4.831690603168681e-13
4440.0,383.602353753022,0.0,0.0,25.709165522079516,25.85747625260511,63.33131473402209,4.633240620776892,,,liquid,gas,26.160221333706236,26.375810192782097,2141.140405074911,104.36723502048496,0.6001414964079714,1.4700997098771041e-06,0.0023316367505685776,0.0023316367500854085,4.831690603168681e-13
4460.0,383.63052148000736,0.0,0.0,25.709273242791106,25.85873538402366,63.33118834541891,4.633255718037408,,,liquid,gas,26.161833497374452,26.378470587176142,2141.140375439903,104.36726465549293,0.6001426857901906,1.481750405218918e-06,0.002361271758672956,0.002361271758061889,6.110667527536862e-13
4480.0,383.65876471748106,0.0,0.0,25.709381313108658,25.859997845138516,63.33106150189261,4.6332708750107265,,,liquid,gas,26.163442193333,26.3811281360012,2141.140345571218,104.36729452417788,0.6001438794226454,1.4934342516426113e-06,0.002391140443705808,0.0023911404430094763,6.963318810448982e-13
4500.0,383.6870831287298,0.0,0.0,25.709489732087135,25.861263620616278,63.33093420429629,4.633286091631031,,,liquid,gas,26.165047431030008,26.38378284737391,2141.1403154681952,104.36732462720043,0.6001450772971176,1.5051511354613468e-06,0.002421243466415035,0.002421243465562384,8.526512829121202e-13
4520.0,383.7154763785744,0.0,0.0,25.70959849878477,25.862532695185255,63.33080645348178,4.633301367835617,,,liquid,gas,26.16664921988797,26.38643472938078,2141.140285130177,104.3673549652187,0.600146279405402,1.5169009202509187e-06,0.0024515814848200534,0.0024515814838252936,9.947598300641403e-13
4540.0,383.7439441327556,0.0,0.0,25.70970761226223,25.86380505362672,63.3306782502984,4.6333167035578,,,liquid,gas,26.16824756930379,26.389083790078306,2141.1402545565074,104.36738553888824,0.6001474857393176,1.528683469587122e-06,0.002482155154211796,0.0024821551533733555,8.384404281969182e-13
4560.0,383.77248605840776,0.0,0.0,25.70981707158763,25.865080680781407,63.33054959558513,4.633332098732478,,,liquid,gas,26.169842488648857,26.39173003749309,2141.1402237465336,104.36741634886215,0.6001486962907823,1.5404986925204867e-06,0.0025129651280622056,0.0025129651272806086,7.815970093361102e-13
4580.0,383.8011018242182,0.0,0.0,25.70992687581415,25.86635956155154,63.330420490213825,4.633347553298052,,,liquid,gas,26.171433987269122,26.394373479621954,2141.140192699605,104.36744739579098,0.6001499110514033,1.5523464298894396e-06,0.0025440120566599944,0.002544012056105771,5.542233338928781e-13
4600.0,383.8297910996829,0.0,0.0,25.71003702402939,25.86764168089031,63.33029093499308,4.633363067187811,,,liquid,gas,26.173022074485154,26.397014124432054,2141.140161415073,104.36747868032278,0.6001511300133879,1.5642265907445107e-06,0.0025752965884748846,0.0025752965879064504,5.684341886080801e-13
4620.0,383.85855355576575,0.0,0.0,25.710147515291396,25.868927023810855,63.33016093079157,4.633378640337677,,,liquid,gas,26.174606759592205,26.399651979860987,2141.140129892293,104.36751020310312,0.6001523531683749,1.5761390159241273e-06,0.002606819368793367,0.0026068193682533547,5.400124791776761e-13
4640.0,383.88738886471316,0.0,0.0,25.710258348674763,25.870215575383668,63.330030478450645,4.633394272684079,,,liquid,gas,26.176188051860287,26.402287053816917,2141.140098130621,104.36754196477511,0.6001535805082628,1.5880835917414515e-06,0.002638581040628196,0.002638581040244503,3.836930773104541e-13
4660.0,383.9162966999626,0.0,0.0,25.710369523267367,25.871507320735017,63.32989957878868,4.633409964162964,,,liquid,gas,26.17776596053424,26.404919354178677,2141.140066129417,104.36757396597939,0.6001548120251684,1.6000602045096457e-06,0.002670582244718389,0.002670582244519437,1.9895196601282805e-13
4680.0,383.9452767360567,0.0,0.0,25.710481038150064,25.87280224504567,63.32976823264155,4.6334257147088405,,,liquid,gas,26.179340494833802,26.407548888795883,2141.140033888042,104.3676062073541,0.6001560477110436,1.612068740541872e-06,0.0027028236195292266,0.0027028236192307986,2.984279490192421e-13
4700.0,383.9743286492125,0.0,0.0,25.710592892395592,25.87410033355871,63.32963644086446,4.633441524261454,,,liquid,gas,26.180911663953662,26.410175665489053,2141.1400014058613,104.36763868953497,0.6001572875576575,1.6241090406765578e-06,0.0027353058003427577,0.002735305800101173,2.4158453015843406e-13
4720.0,384.00345211625546,0.0,0.0,25.71070508508949,25.87540157156437,63.329504204290245,4.633457392753466,,,liquid,gas,26.182479477063556,26.412799692049713,2141.139968682241,104.36767141315526,0.6001585315569924,1.636181013964233e-06,0.0027680294206220424,0.0027680294203946687,2.2737367544323206e-13
4740.0,384.03264681561893,0.0,0.0,25.71081761533783,25.87670594441404,63.32937152371706,4.633473320122096,,,liquid,gas,26.18404394330829,26.415420976240508,2141.1399357165506,104.36770437884583,0.6001597797013597,1.648284523980692e-06,0.0028009951111016562,0.0028009951109595477,1.4210854715202004e-13
4760.0,384.06191242707405,0.0,0.0,25.710930482208994,25.878013437516202,63.3292384000185,4.633489306306062,,,liquid,gas,26.185605071807846,26.41803952579531,2141.1399025081614,104.36773758723508,0.6001610319823566,1.6604194570390973e-06,0.002834203500242438,0.0028342035002140165,2.842170943040401e-14
4780.0,384.091248631157,0.0,0.0,25.711043684814832,25.879324036328306,63.329104833987614,4.633505351238961,,,liquid,gas,26.187162871657428,26.420655348419338,2141.1398690564474,104.36777103894902,0.6001622883923444,1.6725856994526112e-06,0.0028676552142314904,0.0028676552141462253,8.526512829121202e-14
4800.0,384.1206551100013,0.0,0.0,25.711157222246655,25.880637726368285,63.328970826461145,4.633521454858999,,,liquid,gas,26.18871735192754,26.42326845178925,2141.139835360785,104.36780473461123,0.600163548923271,1.6847831147970282e-06,0.002901350876527431,0.0029013508763569007,1.7053025658242404e-13
4820.0,384.1501315466976,0.0,0.0,25.711271093610762,25.881954493205413,63.32883637824911,4.633537617101624,,,liquid,gas,26.190268521664045,26.425878843553278,2141.1398014205533,104.36783867484291,0.6001648135673383,1.697011589385511e-06,0.002935291108315141,0.002935291108045135,2.7000623958883807e-13
4840.0,384.17967762586335,0.0,0.0,25.71138529799677,25.883274322468196,63.328701490198746,4.633553837906174,,,liquid,gas,26.191816389888235,26.428486531331313,2141.139767235133,104.36787286026289,0.6001660823163962,1.7092710095312214e-06,0.0029694765285057656,0.0029694765280225965,4.831690603168681e-13
4860.0,384.2092930329651,0.0,0.0,25.711499834516225,25.88459719983466,63.328566163116946,4.6335701172080554,,,liquid,gas,26.1933609655969,26.431091522715025,2141.1397328039084,104.36790729148757,0.6001673551626775,1.7215612388099545e-06,0.0030039077532819647,0.0030039077526993196,5.826450433232822e-13
4880.0,384.23897745491996,0.0,0.0,25.711614702277174,25.885923111040675,63.32843039782199,4.633586454945802,,,liquid,gas,26.194902257762365,26.43369382526797,2141.139698126265,104.36794196913101,0.6001686320983083,1.7338821635348723e-06,0.003038585396552662,0.0030385853961405473,4.121147867408581e-13
4900.0,384.26873057940753,0.0,0.0,25.711729900382604,25.887252041870155,63.32829419514311,4.6336028510531255,,,liquid,gas,26.1964402753326,26.436293446525696,2141.1396632015912,104.3679768938049,0.6001699131153109,1.7462336927565048e-06,0.0030735100704077922,0.003073510070024099,3.836930773104541e-13
4920.0,384.29855209597685,0.0,0.0,25.711845427968203,25.8885839781705,63.3281575558533,4.6336193054718064,,,liquid,gas,26.19797502723126,26.438890393995848,2141.1396280292774,104.36801206611855,0.6001711982062414,1.7586156900506466e-06,0.003108682384208805,0.0031086823836830035,5.258016244624741e-13
4940.0,384.3284416946279,0.0,0.0,25.711961284119656,25.889918905832374,63.32802048082142,4.633635818135327,,,liquid,gas,26.199506522357744,26.441484675158286,2141.139592608717,104.36804748667899,0.6001724873627486,1.7710280189930926e-06,0.003144102944588667,0.003144102944119709,4.689582056016661e-13
4960.0,384.3583990672022,0.0,0.0,25.712077467978748,25.891256810809303,63.32788297081483,4.633652388984996,,,liquid,gas,26.201034769587285,26.44407629746517,2141.1395569393053,104.36808315609083,0.6001737805774436,1.7834705886343726e-06,0.0031797723563613545,0.0031797723559634505,3.979039320256561e-13
4980.0,384.3884239060158,0.0,0.0,25.712193978667017,25.892597679098188,63.327745026640834,4.633669017954183,,,liquid,gas,26.202559777771,26.446665268341093,2141.1395210204396,104.36811907495643,0.6001750778425593,1.7959432852876488e-06,0.0032156912220671074,0.0032156912215555167,5.115907697472721e-13
5000.0,384.4185159053556,0.0,0.0,25.712310815292902,25.893941496760227,63.32760664913717,4.633685704985729,,,liquid,gas,26.20408155573595,26.44925159518316,2141.13948485152,104.36815524387576,0.6001763791500413,1.808445972528716e-06,0.0032518601415176818,0.003251860140892404,6.252776074688882e-13
5020.0,384.44867475987616,0.0,0.0,25.712427976989765,25.89528824989825,63.32746783909459,4.633702450013373,,,liquid,gas,26.205600112285204,26.451835285361113,2141.1394484319494,104.36819166344652,0.6001776844922811,1.8209785366707365e-06,0.0032882797122510965,0.0032882797116542406,5.968558980384842e-13
5040.0,384.4789001658593,0.0,0.0,25.71254546287893,25.896637924674295,63.327328597332325,4.633719252976436,,,liquid,gas,26.207115456197933,26.45441634621743,2141.1394117611317,104.3682283342641,0.6001789938614007,1.83354088676424e-06,0.0033249505299863813,0.003324950529233206,7.531752999057062e-13
5060.0,384.50919182062154,0.0,0.0,25.71266327210938,25.897990507301103,63.327188924618675,4.633736113813001,,,liquid,gas,26.20862759622941,26.456994785067423,2141.1393748384744,104.36826525692159,0.600180307250006,1.8461328636476538e-06,0.0033618731872593344,0.003361873186719322,5.400124791776761e-13
5080.0,384.5395494225262,0.0,0.0,25.71278140381633,25.899345984042178,63.32704882175216,4.633753032460081,,,liquid,gas,26.210136541111147,26.459570609199346,2141.1393376633864,104.36830243200977,0.6001816246504167,1.858754399108875e-06,0.003399048275241512,0.0033990482749004514,3.410605131648481e-13
5100.0,384.5699726713384,0.0,0.0,25.712899857118344,25.90070434121661,63.32690828956585,4.633770008857819,,,liquid,gas,26.211642299550924,26.462143825874506,2141.139300235279,104.36833986011719,0.6001829460546254,1.8714053794610664e-06,0.003436476382830733,0.0034364763823191424,5.115907697472721e-13
5120.0,384.6004612679483,0.0,0.0,25.713018631154622,25.90206556519511,63.32676732885724,4.633787042946294,,,liquid,gas,26.213144880232846,26.464714442327352,2141.139262553566,104.36837754183009,0.6001842714549637,1.8840856455426546e-06,0.0034741580957415863,0.0034741580952157847,5.258016244624741e-13
5140.0,384.63101491370907,0.0,0.0,25.71313772509641,25.90342964239047,63.326625940364124,4.633804134657918,,,liquid,gas,26.2146442918174,26.46728246576559,2141.139224617664,104.36841547773244,0.6001856008443285,1.8967951064041698e-06,0.0035120939978696697,0.0035120939975712417,2.984279490192421e-13
5160.0,384.6616333120451,0.0,0.0,25.713257138048917,25.90479655928015,63.32648412495554,4.633821283936115,,,liquid,gas,26.21614054294156,26.46984790337027,2141.1391864269904,104.36845366840599,0.6001869342143741,1.909533671096142e-06,0.0035502846712915925,0.0035502846711210623,1.7053025658242404e-13
5180.0,384.6923161670213,0.0,0.0,25.713376869189936,25.906166302385856,63.326341883364115,4.633838490718835,,,liquid,gas,26.217633642218814,26.472410762295915,2141.1391479809663,104.36849211443023,0.6001882715580482,1.9223012031943653e-06,0.00358873069535548,0.00358873069535548,0.0
5200.0,384.7230631840469,0.0,0.0,25.713496917686186,25.907538858283537,63.32619921634765,4.633855754946664,,,liquid,gas,26.219123598239243,26.474971049670597,2141.139109279014,104.36853081638239,0.6001896128680602,1.9350976117493703e-06,0.0036274326475904672,0.003627432647519413,7.105427357601002e-14
5220.0,384.753874068953,0.0,0.0,25.71361728260937,25.908914213590087,63.326056124845394,4.633873076552264,,,liquid,gas,26.220610419569574,26.477528772596045,2141.139070320559,104.36856977483751,0.6001909581354011,1.947922760336951e-06,0.0036663911027972063,0.003666391102640887,1.5631940186722204e-13
5240.0,384.78474852972016,0.0,0.0,25.713737963195342,25.910292354987543,63.325912609490814,4.633890455480433,,,liquid,gas,26.222094114753233,26.48008393814775,2141.139031105028,104.36860899036837,0.6001923073539605,1.96077653527027e-06,0.0037056066335026117,0.0037056066335026117,0.0
5260.0,384.8156862749513,0.0,0.0,25.713858958586755,25.911673269201533,63.32576867109579,4.633907891670426,,,liquid,gas,26.22357469231045,26.482636553375063,2141.138991631851,104.36864846354557,0.6001936605159369,1.9736588683372247e-06,0.003745079810869356,0.003745079810698826,1.7053025658242404e-13
5280.0,384.84668701384226,0.0,0.0,25.713980267920007,25.913056943000697,63.325624310486276,4.6339253850556705,,,liquid,gas,26.22505216073828,26.485186625301296,2141.138951900459,104.36868819493748,0.600195017613397,1.9865696003762423e-06,0.003784811202876881,0.0037848112026068748,2.7000623958883807e-13
5300.0,384.8777504578173,0.0,0.0,25.714101890369893,25.914443363219544,63.32547952842086,4.633942935582792,,,liquid,gas,26.226526528510664,26.48773416092382,2141.138911910286,104.36872818511026,0.6001963786390464,1.9995086404378526e-06,0.003824801375685638,0.00382480137538721,2.984279490192421e-13
5320.0,384.90887631834124,0.0,0.0,25.714223825088474,25.915832516727548,63.32533432570209,4.63396054318629,,,liquid,gas,26.22799780407848,26.490279167214158,2141.1388716607685,104.36876843462791,0.6001977435851744,2.012475874835218e-06,0.0038650508931823424,0.003865050893040234,1.4210854715202004e-13
5340.0,384.9400643085274,0.0,0.0,25.714346071268686,25.91722439045167,63.32518870305858,4.633978207807202,,,liquid,gas,26.229465995869692,26.492821651118096,2141.138831151344,104.36880894405223,0.600199112444772,2.0254712126188678e-06,0.0039055603174347198,0.0039055603173636655,7.105427357601002e-14
5360.0,384.9713141422444,0.0,0.0,25.71446862808161,25.918618971363628,63.32504266126348,4.633995929382833,,,liquid,gas,26.230931112289337,26.495361619555784,2141.1387903814534,104.36884971394285,0.6002004852104084,2.038494540101965e-06,0.003946330208236759,0.003946330207980964,2.5579538487363607e-13
5380.0,385.002625535227,0.0,0.0,25.714591494660034,25.92001624649533,63.32489620116729,4.634013707859692,,,liquid,gas,26.232393161719557,26.497899079421813,2141.138749350539,104.36889074485724,0.6002018618739204,2.051545720860304e-06,0.003987361122653965,0.003987361122369748,2.8421709430404007e-13
5400.0,385.0339982029829,0.0,0.0,25.714714670218974,25.921416202909487,63.32474932346374,4.63403154316919,,,liquid,gas,26.233852152519717,26.50043403758533,2141.1387080580457,104.36893203735069,0.6002032424286317,2.0646246639444145e-06,0.004028653615932853,0.004028653615819167,1.1368683772161603e-13
5420.0,385.0654318634579,0.0,0.0,25.714838153923186,25.92281882773677,63.32460202894868,4.634049435258692,,,liquid,gas,26.235308093026475,26.50296650089013,2141.13866650342,104.36897359197634,0.6002046268668982,2.0777312784048265e-06,0.00407020824150095,0.004070208241472528,2.842170943040401e-14
5440.0,385.0969262346274,0.0,0.0,25.714961944952357,25.92422410814192,63.324454318390046,4.634067384063564,,,liquid,gas,26.23676099155383,26.50549647615476,2141.138624686111,104.36901540928523,0.600206015181341,2.090865450554702e-06,0.004112025550512044,0.004112025550355725,1.5631940186722204e-13
5460.0,385.12848103594223,0.0,0.0,25.715086042489176,25.925632031343902,63.32430619255372,4.634085389524029,,,liquid,gas,26.238210856393117,26.508023970172598,2141.1385826055703,104.3690574898262,0.6002074073646018,2.1040270439698363e-06,0.004154106091391441,0.004154106091334597,5.684341886080802e-14
5480.0,385.16009598783745,0.0,0.0,25.71521044573407,25.927042584608962,63.32415765217521,4.6341034515794615,,,liquid,gas,26.239657695813168,26.51054898971197,2141.1385402612505,104.36909983414601,0.6002088034096102,2.117215990438126e-06,0.004196450411200203,0.00419645041114336,5.684341886080802e-14
5500.0,385.19177081232584,0.0,0.0,25.715335153844418,25.92845575525865,63.32400869807526,4.6341215701754,,,liquid,gas,26.241101518060322,26.513071541516236,2141.1384976526074,104.36914244278928,0.600210203308489,2.1304321535353664e-06,0.0042390590542709106,0.004239059054413019,-1.4210854715202004e-13
5520.0,385.22350523163783,0.0,0.0,25.715460166008707,25.92987153065078,63.32385933101698,4.634139745247757,,,liquid,gas,26.242542331358475,26.51559163230388,2141.138454779098,104.36918531629851,0.6002116070539073,2.143675465049455e-06,0.0042819325635719,0.004281932563642954,-7.105427357601002e-14
5540.0,385.25529896991986,0.0,0.0,25.715585481468306,25.931289898203026,63.323709551667626,4.634157976742574,,,liquid,gas,26.243980143909116,26.518109268768605,2141.1384116401823,104.3692284552141,0.6002130146394441,2.156945788556186e-06,0.004325071479343023,0.0043250714792293365,1.1368683772161603e-13
5560.0,385.28715175094726,0.0,0.0,25.71571109935158,25.93271084536086,63.32355936090895,4.63417626458954,,,liquid,gas,26.245414963891534,26.520624457579448,2141.138368235322,104.36927186007436,0.6002144260566453,2.170243010368722e-06,0.004368476339550398,0.004368476339493554,5.684341886080802e-14
5580.0,385.3190633016189,0.0,0.0,25.715837018906505,25.93413435964616,63.323408759403186,4.634194608742608,,,liquid,gas,26.246846799462695,26.523137205380852,2141.138324563981,104.36931553141551,0.6002158412991385,2.1835670622749603e-06,0.004412147680795897,0.004412147680639578,1.5631940186722204e-13
5600.0,385.3510336229657,0.0,0.0,25.71596323954563,25.935560441442007,63.32325774826302,4.634213009085379,,,liquid,gas,26.24827565875846,26.52564751882099,2141.1382806256206,104.36935946977563,0.6002172603562809,2.1969180124870035e-06,0.004456086041045637,0.00445608604076142,2.8421709430404007e-13
5620.0,385.3830617365467,0.0,0.0,25.716089759879843,25.936989045351517,63.3231063273995,4.634231465689719,,,liquid,gas,26.24970154988972,26.528155404448512,2141.138236419716,104.36940367568019,0.6002186832288231,2.2102952243585603e-06,0.004500291945532808,0.0045002919453196455,2.1316282072803006e-13
5640.0,385.4151479134574,0.0,0.0,25.716216579567416,25.93842018436508,63.322954498209526,4.6342499783924,,,liquid,gas,26.251124480947617,26.530660868848727,2141.1381919457353,104.36944814966115,0.6002201099034303,2.2236990389501445e-06,0.004544765926311811,0.0045447659262833895,2.842170943040401e-14
5660.0,385.44729179642786,0.0,0.0,25.716343697761246,25.93985384210224,63.32280226130201,4.634268547151451,,,liquid,gas,26.252544460000852,26.53316391857156,2141.13814720315,104.36949289224685,0.6002215403742375,2.2371292743628145e-06,0.0045895085117990675,0.004589508511983809,-1.8474111129762605e-13
5680.0,385.47949310211845,0.0,0.0,25.71647111362092,25.94129000562205,63.32264961747911,4.634287171916237,,,liquid,gas,26.253961495096107,26.53566456014073,2141.1381021914335,104.36953790396328,0.6002229746335487,2.2505858169097336e-06,0.004634520228137262,0.004634520228407268,-2.7000623958883807e-13
5700.0,385.51175155766094,0.0,0.0,25.716598826372657,25.94272866248936,63.322496567445626,4.634305852628026,,,liquid,gas,26.25537559425809,26.538162800055467,2141.1380569100625,104.36958318533426,0.6002244126745914,2.264068552904064e-06,0.0046798015991953434,0.004679801599394295,-1.9895196601282805e-13
5720.0,385.54406689430016,0.0,0.0,25.71672683522889,25.944169800450773,63.32234311194325,4.634324589230887,,,liquid,gas,26.25678676548979,26.540658644790902,2141.138011358515,104.36962873688165,0.6002258544902441,2.277577368658967e-06,0.004725353146568523,0.004725353146781686,-2.1316282072803006e-13
5740.0,385.5764388442492,0.0,0.0,25.716855139404192,25.945613407330196,63.32218925171309,4.634343381657003,,,liquid,gas,26.25819501677234,26.543152100798242,2141.1379655362716,104.3696745591252,0.6002273000733914,2.291112173224974e-06,0.004771175390033022,0.00477117539033145,-2.984279490192421e-13
5760.0,385.60886714299494,0.0,0.0,25.71698373811806,25.947059471041555,63.32203498749563,4.634362229860413,,,liquid,gas,26.259600356065175,26.545643174504903,2141.137919442814,104.36972065258264,0.6002287494169242,2.3046728756526136e-06,0.0048172688475460745,0.004817268847773448,-2.2737367544323206e-13
5780.0,385.6413515254035,0.0,0.0,25.717112630568337,25.948507979530167,63.32188032007069,4.634381133773353,,,liquid,gas,26.26100279130606,26.54813187231462,2141.137873077627,104.36976701776969,0.600230202513361,2.3182593622550485e-06,0.0048636340347911755,0.004863634034819597,-2.842170943040401e-14
5800.0,385.67389172814495,0.0,0.0,25.717241816021442,25.949958920800647,63.32172525009314,4.634400093336553,,,liquid,gas,26.26240233041119,26.550618200607534,2141.1378264401965,104.36981365520005,0.6002316593564058,2.331871519345441e-06,0.004910271465178084,0.004910271465178084,0.0
5820.0,385.7064874898718,0.0,0.0,25.717371293682184,25.95141228291974,63.32156977833985,4.634419108501159,,,liquid,gas,26.263798981275208,26.553102165740295,2141.137779530011,104.36986056538541,0.6002331199386063,2.3455092787116883e-06,0.004957181650752318,0.004957181650539155,2.1316282072803006e-13
5840.0,385.7391385491598,0.0,0.0,25.71750106277814,25.95286805398513,63.3214139055446,4.634438179205731,,,liquid,gas,26.26519275177122,26.555583774046152,2141.137732346561,104.36990774883547,0.6002345842529192,2.3591725039295853e-06,0.00500436510083091,0.005004365100603536,2.2737367544323206e-13
5860.0,385.77184464598326,0.0,0.0,25.717631122563446,25.95432622214591,63.321257632394584,4.634457305393414,,,liquid,gas,26.26658364975103,26.558063031835058,2141.1376848893383,104.36995520605795,0.6002360522927438,2.372861126787029e-06,0.00505182232336665,0.005051822323082433,2.8421709430404007e-13
5880.0,385.80460552083196,0.0,0.0,25.71776147222326,25.955786775590152,63.32110095970944,4.6344764870017245,,,liquid,gas,26.267971683044976,26.560539945393735,2141.1376371578376,104.37000293755858,0.600237524050224,2.3865750335971825e-06,0.005099553824038594,0.005099553823711744,3.268496584496461e-13
5900.0,385.8374209159279,0.0,0.0,25.717892111015736,25.957249702561256,63.32094388817468,4.634495723976887,,,liquid,gas,26.269356859462118,26.56301452098578,2141.137589151555,104.37005094384111,0.6002389995187758,2.4003141334105747e-06,0.0051475601067068055,0.005147560106237847,4.689582056016661e-13
5920.0,385.8702905739048,0.0,0.0,25.718023038178046,25.95871499133962,63.32078641851741,4.634515016258491,,,liquid,gas,26.27073918679026,26.565486764851755,2141.1375408699887,104.37009922540732,0.6002404786914217,2.4140783125403685e-06,0.005195841672957613,0.005195841672446022,5.115907697472721e-13
5940.0,385.9032142385922,0.0,0.0,25.718154252923476,25.960182630252866,63.32062855151255,4.634534363788845,,,liquid,gas,26.27211867279604,26.567956683209268,2141.137492312639,104.37014778275703,0.6002419615607312,2.4278674800370935e-06,0.005244399022558355,0.005244399022160451,3.979039320256561e-13
5960.0,385.9361916552943,0.0,0.0,25.718285754545633,25.961652607680257,63.32047028778707,4.634553766516,,,liquid,gas,26.273495325224875,26.57042428225305,2141.137443479008,104.3701966163881,0.6002434481206771,2.4416815449512796e-06,0.00529323265345738,0.005293232653230007,2.2737367544323206e-13
5980.0,385.9692225695465,0.0,0.0,25.718417542290048,25.963124912034615,63.32031162806001,4.634573224379633,,,liquid,gas,26.274869151801152,26.572889568155073,2141.1373943686,104.37024572679644,0.6002449383643595,2.4555204163334565e-06,0.0053423430617840495,0.005342343061570887,2.1316282072803006e-13
6000.0,386.0023067285075,0.0,0.0,25.718549615321457,25.96459953178178,63.320152573208155,4.634592737327134,,,liquid,gas,26.276240160228316,26.575352547064618,2141.1373449809203,104.37029511447606,0.6002464322833845,2.4693839804967865e-06,0.005391730741393985,0.005391730741195033,1.9895196601282805e-13
6020.0,386.03544387874746,0.0,0.0,25.718681972969296,25.966076455409727,63.31999312379362,4.634612305288006,,,liquid,gas,26.277608358188715,26.57781322510836,2141.1372953154773,104.370344779919,0.6002479298723409,2.4832721464917996e-06,0.005441396184323821,0.005441396184124869,1.9895196601282805e-13
6040.0,386.06863377001304,0.0,0.0,25.71881461448678,25.96755567148089,63.319833280532634,4.634631928217554,,,liquid,gas,26.27897375334385,26.580271608390458,2141.137245371781,104.37039472361535,0.6002494311243575,2.4971848233690253e-06,0.005491339880791202,0.005491339880478563,3.126388037344441e-13
6060.0,386.101876151784,0.0,0.0,25.718947539069546,25.969037168584,63.319673044249434,4.634651606057059,,,liquid,gas,26.28033635333436,26.582727702992635,2141.137195149343,104.37044494605333,0.6002509360315397,2.511121897441626e-06,0.005541562318740034,0.005541562318455817,2.8421709430404007e-13
6080.0,386.13517077454344,0.0,0.0,25.719080746000913,25.970520935351672,63.31951241560486,4.634671338748496,,,liquid,gas,26.281696165780037,26.585181514974266,2141.137144647677,104.3704954477192,0.6002524445875423,2.5250833004974995e-06,0.005592063984749984,0.005592063984323659,4.263256414560601e-13
6100.0,386.16851738995786,0.0,0.0,25.71921423450774,25.97200696046276,63.319351395370326,4.634691126236713,,,liquid,gas,26.283053198280037,26.58763305037249,2141.1370938662985,104.37054622909734,0.6002539567849725,2.539068918849807e-06,0.00564284536312698,0.005642845362473281,6.536993168992922e-13
6120.0,386.2019157502727,0.0,0.0,25.719348003942095,25.973495232633965,63.31918998408072,4.634710968462406,,,liquid,gas,26.284407458412776,26.590082315202256,2141.1370428047258,104.37059729067026,0.6002554726186804,2.553078638811712e-06,0.005693906935903215,0.005693906935391624,5.115907697472721e-13
6140.0,386.23536560948156,0.0,0.0,25.719482053473627,25.974985740635788,63.319028182622546,4.634730865375793,,,liquid,gas,26.285758953735964,26.592529315456417,2141.1369914624775,104.37064863291852,0.600256992080183,2.567112414908479e-06,0.005745249184201384,0.005745249183647161,5.542233338928781e-13
6160.0,386.268866720593,0.0,0.0,25.719616382363423,25.976478473254538,63.318865991705586,4.63475081690491,,,liquid,gas,26.28710769178683,26.59497405710583,2141.1369398390752,104.3707002563208,0.6002585151626734,2.5811701107159022e-06,0.005796872586415702,0.005796872585932533,4.831690603168681e-13
6180.0,386.30241884024986,0.0,0.0,25.719750989977463,25.97797341935648,63.31870341185069,4.6347708230091955,,,liquid,gas,26.288453680082018,26.597416546099424,2141.136887934042,104.37075216135393,0.6002600418611361,2.59525165802188e-06,0.00584877761957614,0.005848777619064549,5.115907697472721e-13
6200.0,386.3360217058667,0.0,0.0,25.719885875469874,25.979470566957932,63.31854044392759,4.634790883634019,,,liquid,gas,26.28979692611778,26.59985678836414,2141.136835746903,104.37080434849283,0.6002615721672492,2.6093569431395734e-06,0.005900964758438931,0.005900964757955762,4.831690603168681e-13
6220.0,386.369675111445,0.0,0.0,25.72002103817502,25.980969906731076,63.31837708862112,4.634810998710057,,,liquid,gas,26.291137437369876,26.602294789804635,2141.1367832771857,104.37085681821047,0.6002631060744433,2.6234858751195135e-06,0.005953434475941322,0.005953434475600261,3.410605131648481e-13
6240.0,386.4033787966463,0.0,0.0,25.720156477350372,25.982471426776492,63.31821334661092,4.634831168189371,,,liquid,gas,26.292475221293788,26.604730556305434,2141.136730524418,104.37090957097818,0.6002646435761997,2.637638385749597e-06,0.0060061872436563135,0.006006187243315253,3.410605131648481e-13
6260.0,386.4371325202262,0.0,0.0,25.720292192270882,25.983975116106134,63.318049218596265,4.634851392013497,,,liquid,gas,26.293810285324657,26.607164093728617,2141.1366774881308,104.37096260726534,0.6002661846658132,2.6518143613429857e-06,0.006059223530883173,0.0060592235304710584,4.121147867408581e-13
6280.0,386.4709360416815,0.0,0.0,25.720428182176047,25.985480963771064,63.317884705346394,4.634871670122059,,,liquid,gas,26.295142636877387,26.609595407914753,2141.1366241678566,104.37101592753945,0.6002677293359164,2.6660137109502104e-06,0.006112543805102177,0.006112543804576376,5.258016244624741e-13
6300.0,386.50478912325104,0.0,0.0,25.720564446420102,25.98698895888915,63.31771980741969,4.634892002476019,,,liquid,gas,26.29647228334667,26.612024504682992,2141.1365705631297,104.37106953226618,0.6002692775811413,2.6802363436218e-06,0.0061661485319746134,0.006166148531306703,6.679101716144942e-13
6320.0,386.5386915249246,0.0,0.0,25.720700984285386,25.98849909057555,63.31755452550494,4.634912388999861,,,liquid,gas,26.297799232107078,26.61445138983115,2141.1365166734863,104.37112342190936,0.6002708293948843,2.6944821684082854e-06,0.006220038175342779,0.006220038174490128,8.526512829121202e-13
6340.0,386.57264301096455,0.0,0.0,25.720837794980284,25.99001134803334,63.31738886044367,4.634932829657179,,,liquid,gas,26.29912349051318,26.616876069135767,2141.1364624984644,104.37117759693103,0.6002723847690936,2.7087510943601957e-06,0.006274213197229983,0.006274213196164169,1.0658141036401503e-12
6360.0,386.606643343219,0.0,0.0,25.72097487782741,25.9915257204604,63.3172228128534,4.634953324373281,,,liquid,gas,26.300445065899368,26.619298548352205,2141.1364080376043,104.37123205779136,0.6002739436978426,2.7230430077906933e-06,0.006328674057385797,0.006328674056490513,8.952838470577262e-13
6380.0,386.64069228794534,0.0,0.0,25.721112232074073,25.993042197144124,63.31705638350677,4.634973873114258,,,liquid,gas,26.30176396558015,26.621718833214736,2141.136353290447,104.37128680494871,0.6002755061737335,2.7373578632250427e-06,0.006383421214650298,0.006383421213840279,8.100187187665142e-13
6400.0,386.67478960889855,0.0,0.0,25.7212498570915,25.9945607673653,63.31688957293428,4.6349944758069554,,,liquid,gas,26.303080196850004,26.624136929436602,2141.136298256536,104.37134183885964,0.6002770721916653,2.751695546976407e-06,0.006438455125589826,0.006438455124765596,8.242295734817162e-13
6420.0,386.70893507270944,0.0,0.0,25.7213877521743,25.99608142047275,63.31672238181949,4.6350151324013185,,,liquid,gas,26.30439376698371,26.62655284271012,2141.1362429354167,104.37139715997891,0.6002786417450863,2.766055968095316e-06,0.006493776244951732,0.0064937762440422375,9.094947017729282e-13
6440.0,386.74312844686824,0.0,0.0,25.721525916488787,25.997604145855142,63.31655481109327,4.635035842847073,,,liquid,gas,26.305704683236204,26.628966578706738,2141.136187326636,104.37145276875951,0.6002802148251005,2.780439035632298e-06,0.006549385025664378,0.006549385024641197,1.0231815394945443e-12
6460.0,386.7773694981523,0.0,0.0,25.72166434945863,25.999128932919163,63.31638686119432,4.63505660707555,,,liquid,gas,26.30701295284241,26.631378143077104,2141.136131429743,104.37150866565257,0.6002817914274786,2.794844658637885e-06,0.006605281918837136,0.0066052819177002675,1.1368683772161603e-12
6480.0,386.8116579971203,0.0,0.0,25.72180305034095,26.0006557711517,63.316218532888854,4.635077425051759,,,liquid,gas,26.308318583017886,26.6337875414512,2141.136075244288,104.37156485110751,0.6002833715448868,2.8092727461626053e-06,0.006661467373760388,0.0066614673726377305,1.1226575225009583e-12
6500.0,386.84599371340823,0.0,0.0,25.721942018482473,26.002184650054467,63.31604982676997,4.635098296719979,,,liquid,gas,26.309621580958392,26.636194779438384,2141.1360187698233,104.37162132557192,0.6002849551716327,2.823723229994357e-06,0.006717941838360275,0.0067179418370528765,1.3073986337985843e-12
6520.0,386.8803764164136,0.0,0.0,25.722081253046216,26.00371555915342,63.31588074377974,4.635119222011711,,,liquid,gas,26.31092195384005,26.638599862627455,2141.1359620059034,104.37167808949165,0.6002865422987163,2.838195996446302e-06,0.006774705758289201,0.006774705756782851,1.5063505998114124e-12
6540.0,386.9148058779909,0.0,0.0,25.72222075352393,26.005248488036038,63.315711284241445,4.635140200876925,,,liquid,gas,26.31221970881951,26.64100279658676,2141.1359049520843,104.37173514331077,0.6002881329230044,2.8526909545689705e-06,0.006831759577380581,0.006831759575902652,1.4779288903810084e-12
6560.0,386.9492818704772,0.0,0.0,25.722360519080915,26.006783426323885,63.315541449100884,4.6351612332612175,,,liquid,gas,26.313514853033862,26.643403586864256,2141.1358476079236,104.37179248747161,0.6002897270354625,2.8672080361502596e-06,0.006889103738103586,0.006889103736739344,1.3642420526593924e-12
6580.0,386.98380416736916,0.0,0.0,25.72250054902347,26.008320363681822,63.31537123903904,4.635182319113716,,,liquid,gas,26.314807393600816,26.645802238987574,2141.1357899729805,104.37185012241471,0.600291324629567,2.881747150240699e-06,0.0069467386811084,0.006946738679843634,1.2647660696529783e-12
6600.0,387.0183725425943,0.0,0.0,25.722640842761486,26.0098592898078,63.31520065454054,4.635203458378661,,,liquid,gas,26.316097337618572,26.648198758464144,2141.1357320468164,104.37190804857889,0.6002929257006567,2.8963082058908183e-06,0.007004664845226216,0.0070046648440182935,1.2079226507921703e-12
6620.0,387.0529867710697,0.0,0.0,25.72278139961078,26.011400194440547,63.315029696272056,4.63522465100193,,,liquid,gas,26.31738469216615,26.650593150781216,2141.135673828994,104.37196626640123,0.6002945302423448,2.9108911121511483e-06,0.007062882667469239,0.007062882666360792,1.1084466677857563e-12
6640.0,387.0876466285738,0.0,0.0,25.722922218783467,26.012943067357646,63.3148583651,4.635245896929583,,,liquid,gas,26.318669464303188,26.652985421405987,2141.135615319078,104.37202477631706,0.6002961382463511,2.9254958008095854e-06,0.007121392583485431,0.007121392582192243,1.2931877790833823e-12
6660.0,387.12235189093724,0.0,0.0,25.723063299593075,26.014487898364315,63.314686661697806,4.635267196098504,,,liquid,gas,26.3199516610701,26.655375575785634,2141.135556516635,104.37208357876,0.6002977497062255,2.9401221581792925e-06,0.007180195026649017,0.007180195025128455,1.5205614545266144e-12
6680.0,387.157102338048,0.0,0.0,25.723204641522454,26.016034677348706,63.31451458642799,4.635288548482822,,,liquid,gas,26.32123128948801,26.657763619347396,2141.135497421233,104.3721426741619,0.6002993646184668,2.954770093310799e-06,0.007239290428515233,0.007239290427037304,1.4779288903810084e-12
6700.0,387.1918977439906,0.0,0.0,25.7233462436714,26.017583394145106,63.31434214036594,4.635309953979878,,,liquid,gas,26.3225083565592,26.660149557498713,2141.135438032442,104.372202062953,0.6003009829728145,2.96943956072937e-06,0.00729867921972982,0.0072986792181239935,1.6058265828178264e-12
6720.0,387.2267378943673,0.0,0.0,25.7234881055333,26.019134038774123,63.31416932386996,4.6353314126105385,,,liquid,gas,26.323782869266623,26.66253339562722,2141.1353783498334,104.37226174556169,0.6003026047658081,2.9841304240108003e-06,0.007358361828210036,0.007358361826817372,1.3926637620897964e-12
6740.0,387.2616225632132,0.0,0.0,25.723630226373373,26.02068660112234,63.313996137700784,4.635352924252349,,,liquid,gas,26.325054834574146,26.66491513910082,2141.1353183729802,104.37232172241472,0.6003042299901715,2.998842660417722e-06,0.0074183386814183905,0.0074183386798551965,1.5631940186722204e-12
6760.0,387.29655153368935,0.0,0.0,25.7237726055208,26.022241071229296,63.31382258252197,4.635374488878778,,,liquid,gas,26.326324259426848,26.667294793267832,2141.1352581014576,104.37238199393717,0.6003058586395511,3.0135761335259303e-06,0.007478610204088909,0.007478610202298341,1.7905676941154525e-12
6780.0,387.3315245873032,0.0,0.0,25.723915242364825,26.023797439137716,63.31364865887919,4.6353961064346985,,,liquid,gas,26.327591150750937,26.66967236345705,2141.1351975348425,104.37244256055241,0.6003074907087107,3.028330752385955e-06,0.007539176819136628,0.0075391768175450125,1.5916157281026244e-12
6800.0,387.36654150671797,0.0,0.0,25.724058136055888,26.025355694932575,63.31347436777475,4.635417776868818,,,liquid,gas,26.32885551545359,26.672047854977773,2141.1351366727126,104.3725034226821,0.6003091261880854,3.043106494260428e-06,0.007600038949021837,0.007600038947231269,1.7905676941154525e-12
6820.0,387.40160207491635,0.0,0.0,25.72420128617034,26.02691582872928,63.31329970940217,4.635439500124095,,,liquid,gas,26.330117360423145,26.67442127311989,2141.1350755146486,104.37256458074623,0.6003107650757793,3.057903199987777e-06,0.007661197013021592,0.007661197011358922,1.6626700016786344e-12
6840.0,387.43670607603815,0.0,0.0,25.724344691859073,26.02847783068527,63.313124684767445,4.635461276147448,,,liquid,gas,26.331376692529243,26.676792623153958,2141.1350140602317,104.37262603516311,0.6003124073621935,3.0727208468306342e-06,0.007722651429958205,0.0077226514282386916,1.7195134205394424e-12
6860.0,387.4718532954072,0.0,0.0,25.724488352455957,26.03004169100021,63.31294929453181,4.635483104890095,,,liquid,gas,26.332633518622757,26.679161910331292,2141.1349523090453,104.37268778634939,0.6003140530409978,3.0875593211021624e-06,0.007784402616380248,0.007784402614518626,1.8616219676914625e-12
6880.0,387.5070435186341,0.0,0.0,25.724632267494666,26.031607399903464,63.31277353897659,4.635504986297238,,,liquid,gas,26.333887845535937,26.681529139884066,2141.1348902606746,104.37274983472003,0.6003157021094655,3.1024185318528907e-06,0.007846450987017306,0.007846450985155684,1.8616219676914625e-12
6900.0,387.5422765312867,0.0,0.0,25.724776436120777,26.033174947649513,63.312597419122405,4.635526920304271,,,liquid,gas,26.33513968008238,26.683894317025292,2141.1348279147064,104.37281218068837,0.6003173545578601,3.117298410870717e-06,0.00790879695523472,0.007908796953500996,1.7337242752546445e-12
6920.0,387.57755212402907,0.0,0.0,25.72492085767631,26.03474432458902,63.31242093562918,4.635548906896177,,,liquid,gas,26.3363890290572,26.686257446948986,2141.1347652707286,104.3728748246661,0.6003190103798655,3.1321988899435383e-06,0.007971440933033591,0.007971440931228813,1.8047785488306545e-12
6940.0,387.61287008069394,0.0,0.0,25.725065531708143,26.036315521003388,63.31224408874916,4.635570945969823,,,liquid,gas,26.337635899236822,26.68861853483018,2141.1347023283315,104.37293776706322,0.6003206695730317,3.147119855384517e-06,0.008034383330141281,0.008034383328350714,1.7905676941154525e-12
6960.0,387.64823019216476,0.0,0.0,25.72521045728822,26.037888527297174,63.31206687965677,4.635593037494292,,,liquid,gas,26.338880297379312,26.69097758582504,2141.1346390871067,104.37300100828811,0.6003223321261654,3.1620612389815506e-06,0.008097624554920912,0.008097624553244032,1.6768808563938364e-12
6980.0,387.6836322497878,0.0,0.0,25.725355633975923,26.039463333906536,63.31188930860096,4.635615181434872,,,liquid,gas,26.340122230224193,26.69333460507088,2141.1345755466473,104.37306454874751,0.6003239980368484,3.1770229725225365e-06,0.008161165014371363,0.008161165012637639,1.7337242752546445e-12
7000.0,387.7190760438149,0.0,0.0,25.725501061051947,26.041039931277712,63.31171137635783,4.635637377735052,,,liquid,gas,26.341361704492794,26.69568959768632,2141.1345117065484,104.37312838884654,0.6003256672976652,3.1920049423206363e-06,0.008225005113217776,0.008225005111668793,1.5489831639570184e-12
7020.0,387.75456136423367,0.0,0.0,25.72564673786787,26.04261830987835,63.31153308356758,4.635659626326202,,,liquid,gas,26.34259872688797,26.698042568771257,2141.1344475664064,104.37319252898868,0.6003273399024891,3.207007102901116e-06,0.008289145255275798,0.00828914525381208,1.4637180356658064e-12
7040.0,387.79008800350044,0.0,0.0,25.725792663854776,26.044198460235314,63.31135443072635,4.6356819271591245,,,liquid,gas,26.34383330409437,26.70039352340703,2141.134383125819,104.3732569695758,0.6003290158465594,3.2220293633145047e-06,0.008353585842542088,0.008353585840936262,1.6058265828178264e-12
7060.0,387.82565575457613,0.0,0.0,25.725938838217964,26.04578037290731,63.31117541876084,4.635704280181444,,,liquid,gas,26.34506544277844,26.702742466656428,2141.134318384387,104.37332171100817,0.6003306951210339,3.237071609873965e-06,0.008418327274739568,0.008418327273304271,1.4352963262354024e-12
7080.0,387.86126441392435,0.0,0.0,25.7260852603932,26.047364038526393,63.31099604816938,4.635726685372209,,,liquid,gas,26.34629514958836,26.705089403563765,2141.1342533417105,104.37338675368443,0.600332377721132,3.252133819842129e-06,0.00848336995113641,0.008483369949559005,1.5774048733874224e-12
7100.0,387.89691376980863,0.0,0.0,25.726231929735505,26.04894944763577,63.31081631958103,4.635749142606889,,,liquid,gas,26.347522431154477,26.707434339155032,2141.1341879973934,104.37345209800165,0.6003340636408346,3.267215856794792e-06,0.008548714268272306,0.008548714266780166,1.4921397450962104e-12
7120.0,387.9326036239162,0.0,0.0,25.726378845612473,26.05053659098918,63.31063623363822,4.6357716519069525,,,liquid,gas,26.348747294088536,26.709777278437794,2141.13412235104,104.37351774435524,0.600335752873996,3.2823176752572182e-06,0.00861436062177745,0.008614360620370576,1.4068746168049984e-12
7140.0,387.9683337705634,0.0,0.0,25.726526007303555,26.052125459262815,63.31045579113048,4.635794213199906,,,liquid,gas,26.349969744984712,26.712118226401444,2141.134056402256,104.37358369313908,0.6003374454130757,3.297439184279938e-06,0.00868030940546305,0.008680309404212494,1.2505552149377763e-12
7160.0,388.0041040051994,0.0,0.0,25.726673414423367,26.05371604317304,63.310274992212655,4.635816826417487,,,liquid,gas,26.35118979041897,26.714457188017153,2141.13399015065,104.37364994474545,0.6003391412565524,3.3125803156508484e-06,0.008746561011776066,0.008746561010582354,1.1937117960769683e-12
7180.0,388.0399141264105,0.0,0.0,25.726821066004362,26.055308333503888,63.310093838156476,4.6358394915188486,,,liquid,gas,26.352407436949587,26.71679416823806,2141.1339235958303,104.37371649956505,0.6003408403923142,3.327740978420479e-06,0.008813115831344476,0.008813115830179186,1.1652900866465643e-12
7200.0,388.07576393264566,0.0,0.0,25.726968961758594,26.05690232106192,63.309912328939944,4.635862208452719,,,liquid,gas,26.353622691116428,26.719129171999114,2141.133856737408,104.37378335798695,0.6003425428205175,3.342921104376728e-06,0.00887997425343201,0.008879974252081979,1.3500311979441904e-12
7220.0,388.11165322329424,0.0,0.0,25.72711710079882,26.058497996690758,63.30973046568378,4.63588497716997,,,liquid,gas,26.354835559442193,26.721462204217442,2141.1337895749966,104.37385052039875,0.6003442485304831,3.3581205798327574e-06,0.008947136665028665,0.008947136663877586,1.1510792319313623e-12
7240.0,388.14758179771945,0.0,0.0,25.72726548249415,26.060095351257825,63.30954824902111,4.635907797612433,,,liquid,gas,26.356046048431335,26.72379326979217,2141.133722108209,104.3739179871864,0.600345957516156,3.373339382051199e-06,0.00901460345266969,0.009014603451532821,1.1368683772161603e-12
7260.0,388.183549457299,0.0,0.0,25.727414106492244,26.061694375682332,63.30936567906039,4.635930669736524,,,liquid,gas,26.357254164570822,26.72612237360466,2141.133654336661,104.37398575873435,0.6003476697764569,3.388577397345216e-06,0.009082375000616594,0.009082374999479725,1.1368683772161603e-12
7280.0,388.2195560034953,0.0,0.0,25.72756297189854,26.063295060908636,63.30918275694252,4.635953593490961,,,liquid,gas,26.358459914329707,26.728449520518414,2141.13358625997,104.37405383542546,0.6003493853005166,3.403834557502705e-06,0.009150451691766648,0.009150451690587147,1.1795009413617663e-12
7300.0,388.255601238156,0.0,0.0,25.727712078181845,26.064897397910283,63.30899948311739,4.635976568820279,,,liquid,gas,26.35966330415955,26.73077471537929,2141.1335178777545,104.37412221764104,0.6003511040840186,3.4191107715741962e-06,0.009218833907198132,0.00921883390617495,1.0231815394945443e-12
7320.0,388.2916849642812,0.0,0.0,25.727861424723827,26.066501377700405,63.30881585820448,4.635999595673752,,,liquid,gas,26.360864340494242,26.73309796301552,2141.1334491896346,104.37419090576088,0.6003528261210389,3.434405994084955e-06,0.009287522027079831,0.009287522026014017,1.0658141036401503e-12
7340.0,388.32780698622435,0.0,0.0,25.728011010907522,26.068106991334545,63.30863188282403,4.636022674007696,,,liquid,gas,26.362063029750235,26.735419268237745,2141.1333801952323,104.37425990016324,0.600354551405647,3.4497201113481424e-06,0.009356516429306794,0.009356516428368877,9.379164112033322e-13
7360.0,388.36396710654327,0.0,0.0,25.728160836015448,26.0697142298669,63.308447557782934,4.636045803749237,,,liquid,gas,26.363259378326454,26.737738635839136,2141.133310894171,104.37432920122482,0.600356279930142,3.465053077889024e-06,0.009425817490864574,0.00942581748995508,9.094947017729282e-13
7380.0,388.4001651353308,0.0,0.0,25.728310899739206,26.07132308447948,63.30826288313018,4.636068984903811,,,liquid,gas,26.364453392604076,26.74005607059536,2141.1332412860747,104.37439880932077,0.6003580116940114,3.48040480275813e-06,0.009495425586919737,0.009495425585896555,1.0231815394945443e-12
7400.0,388.4364008712489,0.0,0.0,25.72846120105622,26.07293354621946,63.30807786024217,4.636092217336727,,,liquid,gas,26.365645078947324,26.7423715772648,2141.133171370571,104.37446872482478,0.6003597466841547,3.49577519500599e-06,0.009565341090819857,0.009565341089910362,9.094947017729282e-13
7420.0,388.47267412699364,0.0,0.0,25.728611739667574,26.074545606351478,63.30789248915732,4.636115501066566,,,liquid,gas,26.366834443702853,26.744685160588496,2141.1331011472867,104.374538948109,0.6003614849001603,3.5111642091578688e-06,0.009635564375003014,0.009635564374136152,8.668621376273222e-13
7440.0,388.5089847075433,0.0,0.0,25.728762514860996,26.076159256056616,63.30770677067923,4.636138836014618,,,liquid,gas,26.368021493199926,26.746996825290253,2141.1330306158516,104.37460947954405,0.6003632263343603,3.526571754264296e-06,0.0097060958100883,0.009706095809178805,9.094947017729282e-13
7460.0,388.54533242358195,0.0,0.0,25.72891352614127,26.077774486617923,63.307520705213925,4.636162222159554,,,liquid,gas,26.36920623375071,26.749306576076727,2141.132959775897,104.37468031949906,0.600364970982858,3.541997739375802e-06,0.009776935764875816,0.009776935764193695,6.821210263296962e-13
7480.0,388.58171708155413,0.0,0.0,25.72906477268555,26.079391289282988,63.30733429377967,4.636185659422873,,,liquid,gas,26.370388671650023,26.75161441763746,2141.1328886270544,104.37475146834166,0.6003667188359506,3.557442119017651e-06,0.009848084607256169,0.00984808460678721,4.689582056016661e-13
7500.0,388.61813849002215,0.0,0.0,25.729216253997556,26.081009655351558,63.30714753677868,4.636209147742188,,,liquid,gas,26.371568813175458,26.75392035464493,2141.132817168958,104.37482292643794,0.600368469889778,3.5729048249777406e-06,0.009919542703755724,0.009919542703073603,6.821210263296962e-13
7520.0,388.6545964599507,0.0,0.0,25.729367969362237,26.082629576179457,63.30696043503657,4.636232687074546,,,liquid,gas,26.37274666458785,26.756224391754696,2141.132745401243,104.37489469415262,0.6003702241364653,3.5883857435692335e-06,0.009991310418627108,0.009991310417746035,8.810729923425242e-13
7540.0,388.6910908043001,0.0,0.0,25.72951991852532,26.08425104317291,63.306772988507326,4.636256277391737,,,liquid,gas,26.373922232130262,26.75852653360531,2141.132673323547,104.37496677184875,0.6003719815764041,3.6038848065800266e-06,0.010063388114758709,0.010063388113877636,8.810729923425242e-13
7560.0,388.7276213345169,0.0,0.0,25.72967210042759,26.085874047739885,63.30658519867253,4.636279918639924,,,liquid,gas,26.37509552202956,26.760826784818622,2141.1326009355075,104.37503915988809,0.6003737421954994,3.619401968535385e-06,0.010135776154129417,0.010135776153219922,9.094947017729282e-13
7580.0,388.76418786318,0.0,0.0,25.729824514822372,26.087498581326614,63.30639706547089,4.636303610770169,,,liquid,gas,26.37626654049487,26.763125149999556,2141.1325282367648,104.37511185863077,0.6003755059942882,3.6349371384858386e-06,0.010208474896899133,0.010208474895904374,9.947598300641403e-13
7600.0,388.8007902030555,0.0,0.0,25.729977161121113,26.089124635404477,63.30620858949209,4.63632735372753,,,liquid,gas,26.37743529371885,26.765421633736413,2141.13245522696,104.37518486843555,0.6003772729671347,3.6504902482192848e-06,0.01028148470186352,0.010281484700684018,1.1795009413617663e-12
7620.0,388.83742816587136,0.0,0.0,25.73013003848766,26.09075220145297,63.306019771794254,4.636351147437028,,,liquid,gas,26.378601787877216,26.767716240600816,2141.1323819057357,104.3752581896597,0.6003790431039606,3.666061206786253e-06,0.010354805925999244,0.010354805924833954,1.1652900866465643e-12
7640.0,388.8741015690256,0.0,0.0,25.730283146328127,26.09238127105219,63.305830612989666,4.636374991880932,,,liquid,gas,26.37976602912874,26.770008975147817,2141.1323082727363,104.37533182265902,0.6003808163989167,3.6816499687120087e-06,0.010428438925373484,0.010428438924151351,1.2221335055073723e-12
7660.0,388.9108102286315,0.0,0.0,25.730436484432705,26.09401183578695,63.305641112957105,4.636398887018601,,,liquid,gas,26.38092802361502,26.772299841915835,2141.1322343276074,104.37540576778778,0.6003825928531099,3.6972564430470813e-06,0.010502384054234426,0.010502384052912817,1.3216094885137863e-12
7680.0,388.94755396133064,0.0,0.0,25.730590051837083,26.095643887271343,63.30545127301172,4.636422832807545,,,liquid,gas,26.382087777461624,26.774588845426994,2141.132160069996,104.37548002539893,0.6003843724540259,3.712880561579368e-06,0.010576641665466013,0.010576641664059139,1.4068746168049984e-12
7700.0,388.9843325784017,0.0,0.0,25.730743848075655,26.09727741706772,63.305261093505194,4.636446829135535,,,liquid,gas,26.38324529677709,26.77687599018691,2141.132085499551,104.37555459584394,0.6003861551982873,3.728522256096767e-06,0.010651212110587949,0.010651212109067387,1.5205614545266144e-12
7720.0,389.02114590053645,0.0,0.0,25.730897872435854,26.098912416890364,63.30507057528526,4.636470875990747,,,liquid,gas,26.384400587652966,26.779161280684836,2141.1320106159224,104.37562947947276,0.6003879410778136,3.744181435649807e-06,0.010726095739300945,0.01072609573789407,1.4068746168049984e-12
7740.0,389.05799374982564,0.0,0.0,25.73105212474109,26.1005488784948,63.30487971818347,4.636494973369547,,,liquid,gas,26.385553656164387,26.781444721393814,2141.1319354187613,104.37570467663394,0.6003897300941611,3.759858054763754e-06,0.01080129290039622,0.01080129289907461,1.3216094885137863e-12
7760.0,389.09487593656775,0.0,0.0,25.731206603863093,26.102186793495697,63.30468852381001,4.636519121124713,,,liquid,gas,26.386704508370297,26.783726316770696,2141.1318599077204,104.37578018767469,0.6003915222320186,3.7755520452265046e-06,0.01087680394130075,0.010876803939822821,1.4779288903810084e-12
7780.0,389.1317922869296,0.0,0.0,25.73136130963801,26.103826153748578,63.30449699198303,4.63654331928375,,,liquid,gas,26.3878531503126,26.786006071256075,2141.1317840824545,104.37585601294069,0.6003933174930708,3.7912632933512215e-06,0.010952629207167774,0.010952629205817743,1.3500311979441904e-12
7800.0,389.1687426229104,0.0,0.0,25.731516241497594,26.105466951073087,63.304305123279796,4.6365675678183935,,,liquid,gas,26.388999588016716,26.78828398927451,2141.131707942619,104.37593215277617,0.6003951158718032,3.806991776400537e-06,0.011028769042695785,0.011028769041303121,1.3926637620897964e-12
7820.0,389.20572675824366,0.0,0.0,25.731671398576978,26.107109177196538,63.30411291881826,4.636591866597486,,,liquid,gas,26.39014382749212,26.790560075234556,2141.131631487871,104.3760086075241,0.6003969173575735,3.82273740342498e-06,0.011105223790764285,0.011105223789229512,1.5347723092418164e-12
7840.0,389.24274452055175,0.0,0.0,25.731826780449133,26.108752824059316,63.30392037892205,4.636616215641912,,,liquid,gas,26.391285874731448,26.792834333528795,2141.131554717869,104.3760853775259,0.6003987219472738,3.838500083475082e-06,0.011181993792433786,0.011181993791026912,1.4068746168049984e-12
7860.0,389.27979572824387,0.0,0.0,25.731982386539208,26.11039788349628,63.3037275041704,4.636640614858807,,,liquid,gas,26.39242573571095,26.79510676853384,2141.1314776322733,104.37616246312159,0.6004005296353718,3.854279793813476e-06,0.011259079388310056,0.01125907938671844,1.5916157281026244e-12
7880.0,389.3168802033278,0.0,0.0,25.732138216276574,26.112044347413374,63.30353429514459,4.636665064189003,,,liquid,gas,26.39356341639076,26.79737738461049,2141.131400230745,104.37623986464985,0.6004023404163167,3.8700764207533215e-06,0.011336480916725122,0.011336480914977187,1.7479351299698465e-12
7900.0,389.35399777559445,0.0,0.0,25.732294268944145,26.11369220784507,63.30334075272619,4.636689563655191,,,liquid,gas,26.394698922714856,26.799646186103796,2141.131322512947,104.37631758244797,0.6004041542817093,3.885889896082517e-06,0.011414198714646773,0.01141419871309779,1.5489831639570184e-12
7920.0,389.3911482542826,0.0,0.0,25.732450544268975,26.115341456563858,63.30314687689449,4.636714113036039,,,liquid,gas,26.395832260610536,26.801913177343007,2141.131244478543,104.37639561685174,0.6004059712317092,3.901720197063696e-06,0.011492233118588047,0.011492233116868533,1.7195134205394424e-12
7940.0,389.42833149897615,0.0,0.0,25.73260704172241,26.11699208605736,63.3029526682552,4.636738712681515,,,liquid,gas,26.396963435988994,26.804178362641686,2141.1311661271993,104.37647396819561,0.6004077912605343,3.917567187272652e-06,0.0115705844623335,0.011570584460741884,1.5916157281026244e-12
7960.0,389.46554730157334,0.0,0.0,25.732763760633727,26.118644087901195,63.30275812749657,4.63676336215575,,,liquid,gas,26.398092454745836,26.80644174629793,2141.131087458582,104.37655263681273,0.6004096143616205,3.933430866709386e-06,0.011649253079667687,0.011649253077862909,1.8047785488306545e-12
7980.0,389.50279549203583,0.0,0.0,25.73292069972856,26.1202974542168,63.30256325656116,4.636788061452972,,,liquid,gas,26.39921932276045,26.808703332594245,2141.13100847236,104.37663162303484,0.6004114405165072,3.949311098949692e-06,0.011728239301646681,0.0117282392999698,1.6768808563938364e-12
8000.0,389.54007590914205,0.0,0.0,25.733077859657445,26.121952177268057,63.30236805375258,4.6368128106612,,,liquid,gas,26.40034404589529,26.810963125797446,2141.130929168203,104.37671092719216,0.6004132697412483,3.965207861256204e-06,0.011807543458871805,0.0118075434572944,1.5774048733874224e-12
8020.0,389.5773883786761,0.0,0.0,25.73323523913284,26.12360824916052,63.30217252102722,4.636837609711595,,,liquid,gas,26.401466629998094,26.81322113015921,2141.130849545781,104.37679054961379,0.6004151020172527,3.9811210854168165e-06,0.011887165880580142,0.011887165878917472,1.6626700016786344e-12
8040.0,389.6147327225828,0.0,0.0,25.73339283758534,26.12526566196769,63.301976658963945,4.636862458483701,,,liquid,gas,26.402587080899586,26.815477349915653,2141.1307696047675,104.37687049062721,0.6004169373389947,3.997050680482062e-06,0.011967106894189783,0.011967106892342372,1.8474111129762605e-12
8060.0,389.65210877151753,0.0,0.0,25.733550654801938,26.1269244079038,63.30178046748675,4.636887356949771,,,liquid,gas,26.403705404415124,26.817731789287627,2141.130689344836,104.37695075055872,0.600418775707161,4.012996578239836e-06,0.01204736682575458,0.012047366823850325,1.9042545318370685e-12
8080.0,389.68951635858866,0.0,0.0,25.733708690063466,26.128584479237496,63.301583947491274,4.636912305102793,,,liquid,gas,26.404821606344118,26.819984452480753,2141.1306087656612,104.37703132973321,0.6004206171132221,4.028958733215404e-06,0.012127946000418888,0.012127945998344103,2.0747847884194925e-12
8100.0,389.72695531877525,0.0,0.0,25.733866943263813,26.130245868283744,63.3013870987101,4.636937302949856,,,liquid,gas,26.405935692469782,26.822235343685357,2141.13052786692,104.37711222847418,0.6004224615596807,4.044937054459297e-06,0.012208844741508074,0.012208844739305391,2.2026824808563106e-12
8120.0,389.76442546181295,0.0,0.0,25.734025412692688,26.131908567030294,63.30118992385985,4.636962350200711,,,liquid,gas,26.407047668560377,26.82448446707683,2141.1304466482907,104.37719344710388,0.6004243090207361,4.0609314737594104e-06,0.012290063370983262,0.012290063369007953,1.9753088054130785e-12
8140.0,389.8019266446776,0.0,0.0,25.73418409878648,26.133572568135996,63.30099242170216,4.636987447100439,,,liquid,gas,26.408157540367423,26.82673182681522,2141.1303651094513,104.3772749859431,0.600426159508101,4.076941968378378e-06,0.01237160221035083,0.012371602208233412,2.1174173525650986e-12
8160.0,389.8394586822912,0.0,0.0,25.734343000721843,26.13523786370078,63.30079459327945,4.637012593403766,,,liquid,gas,26.40926531362729,26.828977427045754,2141.1302832500833,104.37735684531135,0.6004280130118553,4.092968401891994e-06,0.01245346157838867,0.012453461576484415,1.9042545318370685e-12
8180.0,389.87702141611334,0.0,0.0,25.734502117770823,26.13690444621028,63.30059643952673,4.637037789162963,,,liquid,gas,26.41037099406057,26.8312212718986,2141.130201069868,104.37743902552683,0.6004298695230977,4.109010774300259e-06,0.012535641793874674,0.012535641791956209,1.9184653865522705e-12
8200.0,389.914614684466,0.0,0.0,25.734661449771338,26.138572308127202,63.30039796029287,4.63706303438697,,,liquid,gas,26.411474587372155,26.833463365489003,2141.1301185684883,104.37752152690634,0.6004317290432297,4.1250689719163345e-06,0.012618143173313001,0.01261814317146559,1.8474111129762605e-12
8220.0,389.9522382928432,0.0,0.0,25.734820995970193,26.140241441482296,63.300199156460394,4.637088328700601,,,liquid,gas,26.41257609925175,26.835703711917485,2141.1300357456294,104.37760434976546,0.6004335915638489,4.141142949265486e-06,0.012700966032298311,0.012700966030593008,1.7053025658242404e-12
8240.0,389.98989212222966,0.0,0.0,25.73498075586601,26.141911839365644,63.3000000286433,4.637113672588264,,,liquid,gas,26.41367553537272,26.8379423152695,2141.1299526009766,104.37768749441834,0.6004354570790996,4.157232638135611e-06,0.012784110685061023,0.012784110683469407,1.5916157281026244e-12
8260.0,387.8933730512578,0.01680614951718703,0.33612299034374055,25.733351543899563,26.086186393138547,63.29725423134806,4.622485750204437,,,liquid,gas,26.414771154655188,26.840152312405255,2141.1298688620304,104.04164824302096,0.6004614801287507,4.1869473079714226e-06,0.012867849631220452,0.012867849629829287,1.3911649610065524e-12
8280.0,385.3944945576831,0.02005652543955712,0.7372534991348829,25.731384676585716,26.01948627455215,63.29402687827615,4.605020238255181,,,liquid,gas,26.41585949847361,26.842280488122434,2141.1297839501904,103.64060264606977,0.6004920737568283,4.24559200382646e-06,0.01295276147129698,0.012952761469779306,1.517674874662589e-12
8300.0,382.9215335272075,0.01993881808585596,1.136029860852002,25.72943915922354,25.953316273664125,63.290828888072234,4.587653546757886,,,liquid,gas,26.4169406220701,26.844327604163272,2141.1296978143264,103.24191242021642,0.6005223915578533,4.30679319833871e-06,0.013038897335263755,0.013038897333555122,1.708633234898116e-12
8320.0,382.12482970635,0.019859694145155826,1.5332237437551186,25.723629587533377,25.910646546806003,63.111825822650324,4.589575803350249,0.00023639289230992195,,twophase,gas,26.418010410570304,26.84630348039542,2141.129615765799,102.84480058584083,0.6022256205658042,4.102426373719936e-06,0.013120945862738154,0.01312094586107837,1.659783421814609e-12
8340.0,381.62617689899736,0.01984142452850084,1.9300522343251354,25.71715465441766,25.872260426603397,62.90315029362408,4.594947925908247,0.0005136402904864304,,twophase,gas,26.419062252185455,26.848223068369183,2141.1295463544243,102.44804150664564,0.604223430170648,3.4705687312452936e-06,0.01319035723736306,0.013190357235903116,1.4599432773820809e-12
8360.0,381.1299639156074,0.019825925505004692,2.3265707444252293,25.71070550729972,25.834036474432544,62.69618875057987,4.600349743404741,0.0007896032957191026,,twophase,gas,26.420095965840733,26.850087716425758,2141.129489879211,102.05157947175884,0.6062179694471561,2.823760655701335e-06,0.013246832450477086,0.013246832449201662,1.2754242106893798e-12
8380.0,380.6361733939191,0.019810662489631127,2.7227839942178518,25.704281993953057,25.79597392473285,62.49092016416684,4.605781457427881,0.001064291862843219,,twophase,gas,26.421111651094954,26.8518978729244,2141.129446278279,101.65540982289866,0.6082092464415112,2.1800466129207053e-06,0.0132904333827355,0.013290433381643929,1.091571277811454e-12
8400.0,380.1447881318003,0.019795635020433355,3.118696694626519,25.69788396332913,25.75807197878726,62.28732371646135,4.611243288185054,0.0013377160101321528,,twophase,gas,26.42210940695424,26.85365393356477,2141.1294154901084,101.25952791066031,0.6101972704586406,1.5394085266962065e-06,0.013321221553269424,0.013321221551959361,1.3100631690576847e-12
8420.0,379.6557910701936,0.01978084265062623,3.5143135476390435,25.691511265347298,25.72032984378609,62.08537891962062,4.616735460477835,0.0016098856626947135,,twophase,gas,26.42308933187544,26.855356291775635,2141.12939745354,100.86392909421606,0.6121820508657129,9.018284117701114e-07,0.013339258121504827,0.013339258120235176,1.269651050961329e-12
8440.0,379.17865673935466,0.019766330934499865,3.9096401663290408,25.68528761133915,25.68528761133915,61.888871587176794,4.621805743858449,0.0018756490963968983,0.9999253206265165,twophase,twophase,26.424051574100467,26.857005844352344,2141.129391944511,100.46860798455529,0.6141258278470793,2.7545145258045524e-07,0.013344767150556436,0.0133447671494622,1.0942358130705543e-12
8460.0,378.8159671555118,0.01975398157459498,4.30471979782094,25.68055307719519,25.68055307719519,61.73876274801823,4.621514259895163,0.0020792216943630146,0.998961746334584,twophase,twophase,26.4249983701465,26.8586244889445,2141.129391944511,100.0735283530634,0.6156189856463644,0.0,0.013344767150556436,0.013344767149465753,1.0906830993917538e-12
8480.0,378.45399482222524,0.019743253328501797,4.699584864390976,25.675824733992293,25.675824733992293,61.58930839183184,4.621239147591542,0.0022824459954283627,0.9979965927879019,twophase,twophase,26.42593147134896,26.860229302412264,2141.129391944511,99.67866328649336,0.6171128640736159,0.0,0.013344767150556436,0.013344767149467529,1.0889067425523535e-12
8500.0,378.0927386890659,0.01973256894248574,5.094236243240691,25.671102581661536,25.671102581661536,61.440504654944455,4.62098051356435,0.002485322805185455,0.9970298408370646,twophase,twophase,26.426850926208182,26.861820265333517,2141.129391944511,99.28401190764365,0.6186074595488833,0.0,0.013344767150556436,0.013344767149466641,1.0897949209720537e-12
8520.0,377.73219771276035,0.019721928588565918,5.4886748150120095,25.666386620201497,25.666386620201497,61.29234770422724,4.620738465988502,0.002687852925753713,0.9960614711256521,twophase,twophase,26.427756783092295,26.86339735781713,2141.129391944511,98.88957333587233,0.6201027684794526,0.0,0.013344767150556436,0.013344767149467529,1.0889067425523535e-12
8540.0,377.3723708576821,0.019711332441535,5.8829014638427095,25.66167684968501,25.66167684968501,61.144833736618864,4.620513114647541,0.0028900371560335973,0.9950914640825849,twophase,twophase,26.428649090237627,26.864960559365628,2141.129391944511,98.49534668704163,0.621598787261634,0.0,0.013344767150556436,0.01334476714947197,1.084465850453853e-12
8560.0,377.0132570965164,0.019700780679075214,6.276917077424214,25.65697327026813,25.65697327026813,60.99795897857327,4.620304570995017,0.003091876292070425,0.9941197999125155,twophase,twophase,26.429527895749114,26.866509848680934,2141.129391944511,98.10133107346013,0.6230955122834099,0.0,0.013344767150556436,0.013344767149474634,1.0818013151947525e-12
8580.0,376.6548554112589,0.019690273481908972,6.670722547062393,25.652275882203522,25.652275882203522,60.85171968540528,4.620112948234119,0.003293371127563111,0.9931464585830483,twophase,twophase,26.430393247600676,26.868045203377527,2141.129391944511,97.70752560382195,0.6245929399282416,0.0,0.013344767150556436,0.013344767149472858,1.0835776720341528e-12
8600.0,376.2971647947253,0.019679811034007642,7.064318767742546,25.64758468586066,25.64758468586066,60.70611214039639,4.619938361427619,0.0034945224547054273,0.9921714198065327,twophase,twophase,26.431245193635565,26.869566599534956,2141.129391944511,97.3139293831418,0.6260910665814936,0.0,0.013344767150556436,0.013344767149473746,1.0826894936144527e-12
8620.0,375.9401842531074,0.01966939352290331,7.457706638200612,25.64289968175977,25.64289968175977,60.561132653516076,4.619780927665156,0.003695331065556268,0.9911946630117117,twophase,twophase,26.432083781566647,26.871074010947815,2141.129391944511,96.92054151268373,0.6275898886410586,0.0,0.013344767150556436,0.013344767149469305,1.0871303857129533e-12
8640.0,375.58391281063194,0.019659021140206567,7.850887061004744,25.63822087063358,25.63822087063358,60.416777559276746,4.619640766349569,0.0038957977545916234,0.9902161672940776,twophase,twophase,26.432909058976612,26.872567407736994,2141.129391944511,96.52736108987959,0.6290894025373359,0.0,0.013344767150556436,0.013344767149464865,1.091571277811454e-12
8660.0,375.2283495196111,0.01964869408259635,8.24386094265667,25.633548253560168,25.633548253560168,60.27304321241718,4.619517999780566,0.004095923324200053,0.9892359113132353,twophase,twophase,26.433721073317987,26.874046753362958,2141.129391944511,96.13438720822766,0.6305896047765246,0.0,0.013344767150556436,0.013344767149465753,1.0906830993917538e-12
8680.0,374.87349348844316,0.019638412554177885,8.636629193740228,25.62888183233247,25.62888183233247,60.12992597627821,4.6194127547306945,0.004295708600032945,0.9882538730130135,twophase,twophase,26.43451987191267,26.875511996272195,2141.129391944511,95.74161895714411,0.6320904920619868,0.0,0.013344767150556436,0.013344767149471082,1.085354028873553e-12
8700.0,374.5193440867071,0.01962817677535291,9.029192729247287,25.62422161216041,25.62422161216041,59.987422138748904,4.619325173740824,0.004495154543346606,0.9872700276052658,twophase,twophase,26.43530550194972,26.876963008679567,2141.129391944511,95.34905542163705,0.6335920621840746,0.0,0.013344767150556436,0.013344767149463976,1.092459456231154e-12
8720.0,374.1659003874951,0.019617987012945103,9.421552469506189,25.619567594336594,25.619567594336594,59.845528142237036,4.619255384796445,0.004694261945980551,0.9862843529905061,twophase,twophase,26.436078010477075,26.878399753113484,2141.129391944511,94.95669568137815,0.6350943116027417,0.0,0.013344767150556436,0.013344767149469305,1.0871303857129533e-12
8740.0,373.8131603582698,0.019607843354241972,9.813709336591028,25.614919765558273,25.614919765558273,59.704240910496765,4.619203456471576,0.004893030986077982,0.9852968377703305,twophase,twophase,26.436837444439124,26.879822523892138,2141.129391944511,94.56453881429331,0.6365972319281982,0.0,0.013344767150556436,0.013344767149472858,1.0835776720341528e-12
8760.0,373.46112301229795,0.01959774595056398,10.205664255602308,25.610278126255313,25.610278126255313,59.56355696626419,4.6191695157896415,0.005091462406342997,0.9843074601919896,twophase,twophase,26.437583850664492,26.881231304818588,2141.129391944511,94.17258389528203,0.6381008192563682,0.0,0.013344767150556436,0.013344767149469305,1.0871303857129533e-12
8780.0,373.1097873691815,0.019587695008254257,10.597418155767393,25.605642676916595,25.605642676916595,59.42347285971557,4.619153691619571,0.005289556945327025,0.9833161982645918,twophase,twophase,26.43831727585589,26.88262607957071,2141.129391944511,93.78082999511695,0.6396050696620033,0.0,0.013344767150556436,0.013344767149469305,1.0871303857129533e-12
8800.0,372.7591524549739,0.019577690736818098,10.988971970503755,25.601013418091867,25.601013418091867,59.283985168200715,4.619156114712722,0.0054873153374510346,0.9823230297543895,twophase,twophase,26.439037766590573,26.88400683167687,2141.129391944511,93.38927618038059,0.6411099791986213,0.0,0.013344767150556436,0.01334476714947641,1.0800249583553523e-12
8820.0,372.4092173022937,0.01956773334898747,11.380326637483504,25.5963903503934,25.5963903503934,59.1450904959495,4.61917691774106,0.00568473831307021,0.9813279321798234,twophase,twophase,26.43974536932079,26.885373544487216,2141.129391944511,92.99792151340084,0.6426155438987695,0.0,0.013344767150556436,0.013344767149474634,1.0818013151947525e-12
8840.0,372.05998026848516,0.019557859587744898,11.771483829238402,25.591773465479445,25.591773465479445,59.00678521447419,4.61921623564171,0.005881826968785802,0.980330880807509,twophase,twophase,26.440440130374217,26.886726201139297,2141.129391944511,92.60676432164594,0.6441217626049113,0.0,0.013344767150556436,0.013344767149472858,1.0835776720341528e-12
8860.0,371.711431874663,0.01954849046307583,12.162453638499919,25.587162651264077,25.587162651264077,58.86906274918553,4.619274209421721,0.006078586655727765,0.9793318275393913,twophase,twophase,26.441122095804268,26.888064784361767,2141.129391944511,92.21579451238442,0.6456286667910706,0.0,0.013344767150556436,0.013344767149469305,1.0871303857129533e-12
8880.0,371.3635688354809,0.019539296301741692,12.553239564534753,25.58255787735389,25.58255787735389,58.73191892432364,4.619350980577085,0.006275019362563226,0.9783307418925631,twophase,twophase,26.441791311336363,26.889389276364625,2141.129391944511,91.82500858634958,0.6471362624294542,0.0,0.013344767150556436,0.013344767149465753,1.0906830993917538e-12
8900.0,371.0163902881084,0.019530148130702862,12.94384252714881,25.577959145350118,25.577959145350118,58.5953505098667,4.619446691779665,0.0064711257630028565,0.9773276001603094,twophase,twophase,26.442447822556726,26.89069965896703,2141.129391944511,91.43440562373553,0.6486445454677594,0.0,0.013344767150556436,0.013344767149469305,1.0871303857129533e-12
8920.0,370.66989537717814,0.019521046187868762,13.334263450906185,25.57336645693256,25.57336645693256,58.459354300483014,4.619561487877897,0.006666906527280092,0.9763223783532491,twophase,twophase,26.443091674931402,26.891995913534927,2141.129391944511,91.04398469997815,0.6501535118338195,0.0,0.013344767150556436,0.013344767149469305,1.0871303857129533e-12
8940.0,370.3240832551675,0.01951199071490306,13.724503265204246,25.568779813864936,25.568779813864936,58.32392711517112,4.619695515956599,0.006862362322356766,0.9753150521909107,twophase,twophase,26.44372291380667,26.893278020875194,2141.129391944511,90.6537448856801,0.6516631574369771,0.0,0.013344767150556436,0.013344767149474634,1.0818013151947525e-12
8960.0,369.978953082908,0.019502981957346233,14.114562904351171,25.564199218001907,25.564199218001907,58.18906579688784,4.619848925405057,0.0070574938121546115,0.9743055970919043,twophase,twophase,26.44434158440945,26.894545961094444,2141.129391944511,90.26368524653317,0.6531734781696618,0.0,0.013344767150556436,0.013344767149472858,1.0835776720341528e-12
8980.0,369.63450403028224,0.019494020164758475,14.50444330764634,25.559624671298693,25.559624671298693,58.05476721209778,4.6200218679971785,0.00725230165790892,0.9732939881620397,twophase,twophase,26.444947731847684,26.895799713405026,2141.129391944511,89.873804843238,0.6546844699099285,0.0,0.013344767150556436,0.01334476714947641,1.0800249583553523e-12
9000.0,369.29073527716537,0.019485105590898222,14.894145419464305,25.555056175823875,25.555056175823875,57.921028250231736,4.620214497989142,0.007446786518665215,0.9722802001793127,twophase,twophase,26.445541401110717,26.897039255848625,2141.129391944511,89.48410273142004,0.6561961285251263,0.0,0.013344767150556436,0.013344767149472858,1.0835776720341528e-12
9020.0,368.947646014859,0.019476238493953524,15.283670189343376,25.550493733778875,25.550493733778875,57.78784582298683,4.620426972246471,0.007640949052020875,0.9712642075738134,twophase,twophase,26.446122637069628,26.89826456488466,2141.129391944511,89.09457796154096,0.6577084498774983,0.0,0.013344767150556436,0.013344767149469305,1.0871303857129533e-12
9040.0,368.6052354482746,0.019467419136862053,15.673018572080617,25.54593734752747,25.54593734752747,57.65521686333394,4.620659450420299,0.007834789915313174,0.9702459843988416,twophase,twophase,26.44669148447753,26.89947561474154,2141.129391944511,88.70522957880372,0.6592214298333093,0.0,0.013344767150556436,0.013344767149471082,1.085354028873553e-12
9060.0,368.26350279965885,0.019458647787794714,16.06219152783651,25.541387019645928,25.541387019645928,57.523138323987666,4.6209120952178475,0.00802830976762364,0.9692255042853657,twophase,twophase,26.447247987969774,26.9006723763148,2141.129391944511,88.31605662304783,0.6607350642784217,0.0,0.013344767150556436,0.013344767149469305,1.0871303857129533e-12
9080.0,367.922447315559,0.01944992472096523,16.451190022255815,25.536842753016554,25.536842753016554,57.39160717467996,4.621185072873144,0.00822150927358569,0.9682027403608205,twophase,twophase,26.44779219206405,26.90185481508887,2141.129391944511,87.92705812862853,0.6622493491481227,0.0,0.013344767150556436,0.01334476714947641,1.0800249583553523e-12
9100.0,367.5820682821933,0.019441250218213392,16.840015026620083,25.532304551033683,25.532304551033683,57.260620396351996,4.621478554132021,0.008414389111817045,0.9671776650762606,twophase,twophase,26.448324141160167,26.903022886536778,2141.129391944511,87.53823312426427,0.6637642804935091,0.0,0.013344767150556436,0.013344767149479964,1.0764722446765518e-12
9120.0,367.24236507087,0.01943262457292807,17.228667518078645,25.52777241821148,25.52777241821148,57.130174964254685,4.621792717067524,0.008606949999919927,0.9661502497069987,twophase,twophase,26.448843879539133,26.904176522494097,2141.129391944511,87.14958063280571,0.6652798546788482,0.0,0.013344767150556436,0.013344767149483516,1.0729195309977513e-12
9140.0,366.90333741310775,0.019424048106784397,17.617148480214333,25.523246363861663,25.523246363861663,57.000267746023304,4.622127763829083,0.008799192845961007,0.965120461366551,twophase,twophase,26.449351451359064,26.905315548537715,2141.129391944511,86.76109967067002,0.666796069578957,0.0,0.013344767150556436,0.013344767149483516,1.0729195309977513e-12
9160.0,366.56498435513777,0.019415521177260864,18.00545890375955,25.518726388137928,25.518726388137928,56.87089589157786,4.622483857759432,0.008991118173197291,0.9640882742390445,twophase,twophase,26.44984690064979,26.90643999814619,2141.129391944511,86.3727892471248,0.6683129200295429,0.0,0.013344767150556436,0.013344767149479964,1.0764722446765518e-12
9180.0,366.2273039026931,0.019407043911934707,18.393599781998244,25.514212477256468,25.514212477256468,56.74205695865797,4.6228611009816,0.009182725923388155,0.9630536735705615,twophase,twophase,26.450330271358126,26.90755021920216,2141.129391944511,85.9846483688861,0.6698303962735909,0.0,0.013344767150556436,0.013344767149472858,1.0835776720341528e-12
9200.0,365.8902952765345,0.019398616539839077,18.781572112795025,25.509704633630765,25.509704633630765,56.61374807592957,4.623259670964743,0.009374016698550766,0.9620166312946884,twophase,twophase,26.4508016073294,26.90864619644018,2141.129391944511,85.59667603808931,0.6713484937796617,0.0,0.013344767150556436,0.013344767149469305,1.0871303857129533e-12
9220.0,365.55395770461126,0.019390239356657624,19.169376899928178,25.50520285975225,25.50520285975225,56.48596639404079,4.623679747955868,0.009564991096509757,0.9609771189956635,twophase,twophase,26.451260952295936,26.909727914410883,2141.129391944511,85.20887125095616,0.6728672079868371,0.0,0.013344767150556436,0.013344767149472858,1.0835776720341528e-12
9240.0,365.2182904221977,0.0193819126627357,19.557015153182892,25.500707158192412,25.500707158192412,56.35870908541273,4.62412151503915,0.009755649710926653,0.9599351079011461,twophase,twophase,26.451708349877517,26.910795357453747,2141.129391944511,84.82123299770144,0.6743865343046687,0.0,0.013344767150556436,0.013344767149465753,1.0906830993917538e-12
9260.0,364.88329267206115,0.01937363676317947,19.94448788844648,25.49621753160529,25.49621753160529,56.231973344017675,4.62458515819781,0.00994599313135276,0.9588905688746509,twophase,twophase,26.452143843581837,26.911848509665134,2141.129391944511,84.43376026243786,0.6759064681133056,0.0,0.013344767150556436,0.013344767149469305,1.0871303857129533e-12
9280.0,364.54896370462734,0.019365411967961953,20.33179612780572,25.491733982729997,25.491733982729997,56.10575638517233,4.625070866378502,0.0101360219432636,0.957843472407591,twophase,twophase,26.45256747680494,26.912887354860416,2141.129391944511,84.04645202307861,0.6774270047634755,0.0,0.013344767150556436,0.013344767149465753,1.0906830993917538e-12
9300.0,364.21530277819903,0.01935723859203513,20.718940899646423,25.487256514393895,25.487256514393895,55.98005544531438,4.62557883155915,0.010325736728123399,0.9567937886108577,twophase,twophase,26.452979292831678,26.91391187652853,2141.129391944511,83.65930725123792,0.6789481395766969,0.0,0.013344767150556436,0.013344767149472858,1.0835776720341528e-12
9320.0,363.8823091591778,0.019349116955447342,21.10592323875537,25.482785129515868,25.482785129515868,55.85486778176318,4.626109248820156,0.010515138063478516,0.955741487205844,twophase,twophase,26.453379334836143,26.91492205777677,2141.129391944511,83.27232491212897,0.6804698678457196,0.0,0.013344767150556436,0.013344767149465753,1.0906830993917538e-12
9340.0,363.54998212235824,0.019341047383469777,21.492744186424765,25.478319831110586,25.478319831110586,55.73019067249213,4.626662316420495,0.010704226523039054,0.9546865375147743,twophase,twophase,26.453767645882102,26.91591788126269,2141.129391944511,82.88550396445957,0.6819921848348652,0.0,0.013344767150556436,0.013344767149469305,1.0871303857129533e-12
9360.0,363.2183209512629,0.019333030206733427,21.879404790559434,25.473860622293273,25.473860622293273,55.60602141585725,4.6272382358791075,0.010893002676833343,0.9536289084501562,twophase,twophase,26.454144268923447,26.91689932910871,2141.129391944511,82.4988433603249,0.6835150857809413,0.0,0.013344767150556436,0.0133447671494622,1.0942358130705543e-12
9380.0,362.8873249385653,0.01932506576137971,22.26590610578703,25.469407506285773,25.469407506285773,55.48235733032452,4.627837212063592,0.011081467091372232,0.9525685685030872,twophase,twophase,26.454509246804594,26.91786638279299,2141.129391944511,82.11234204509731,0.6850385658942265,0.0,0.013344767150556436,0.013344767149465753,1.0906830993917538e-12
9400.0,362.55699338662004,0.01931715438922712,22.65224919357157,25.464960486423998,25.464960486423998,55.359195754152296,4.628459453288183,0.011269620329890949,0.9515054857300072,twophase,twophase,26.454862622260926,26.91881902300684,2141.129391944511,81.72599895731277,0.686562620360064,0.0,0.013344767150556436,0.013344767149469305,1.0871303857129533e-12
9420.0,362.2273256081603,0.019309296437964106,23.038435122330853,25.460519566167672,25.460519566167672,55.23653404502533,4.629105171424795,0.011457462952677066,0.9504396277372763,twophase,twophase,26.45520443791917,26.919757229463567,2141.129391944511,81.33981302855348,0.6880872443411307,0.0,0.013344767150556436,0.0133447671494622,1.0942358130705543e-12
9440.0,361.8983209272314,0.019301492261374877,23.42446496755835,25.456084749113334,25.456084749113334,55.1143695796138,4.629774582032659,0.011644995517528895,0.949370961662571,twophase,twophase,26.455534736297803,26.920680980634252,2141.129391944511,80.95378318332598,0.6896124329807287,0.0,0.013344767150556436,0.0133447671494622,1.0942358130705543e-12
9460.0,361.5699786805234,0.019293742219617726,23.810339811950705,25.451656039012747,25.451656039012747,54.992699753011976,4.630467904516504,0.0118322185804212,0.9482994541513942,twophase,twophase,26.455853559807384,26.921590253368723,2141.129391944511,80.56790833893362,0.6911381814077029,0.0,0.013344767150556436,0.013344767149455095,1.1013412404281553e-12
9480.0,361.2422982193022,0.019286046679585132,24.196060745542407,25.447233439799415,25.447233439799415,54.87152197795856,4.631185362329936,0.012019132696539684,0.947225071325624,twophase,twophase,26.456160950750892,26.922485022326267,2141.129391944511,80.18218740534192,0.6926644847442697,0.0,0.013344767150556436,0.013344767149458647,1.0977885267493548e-12
9500.0,360.91527891250723,0.01927840601540094,24.581628865850426,25.442816955631063,25.442816955631063,54.750833683717964,4.631927183258968,0.012205738421892352,0.946147778738126,twophase,twophase,26.45645695132397,26.923365259068778,2141.129391944511,79.7966192850339,0.6941913381183706,0.0,0.013344767150556436,0.013344767149455095,1.1013412404281553e-12
9520.0,360.58892015197347,0.019270820609173178,24.96704527803389,25.43840659096087,25.43840659096087,54.63063231421321,4.632693599856774,0.012392036316172927,0.9450675413005696,twophase,twophase,26.456741603615068,26.924230930498382,2141.129391944511,79.41120287285044,0.6957187366859039,0.0,0.013344767150556436,0.013344767149458647,1.0977885267493548e-12
9540.0,360.2632213624785,0.019263290852266655,25.352311095079223,25.43400235067432,25.43400235067432,54.51091532459818,4.633484850210478,0.01257802694823537,0.9439843231526023,twophase,twophase,26.457014949605412,26.925081995850093,2141.129391944511,79.0259370558051,0.6972466756735148,0.0,0.013344767150556436,0.013344767149455095,1.1013412404281553e-12
9560.0,359.99557415481337,0.01604713396152402,25.673253774309703,25.430381016460053,25.430381016460053,54.41164926381138,4.634137614021276,0.012732617884303207,0.9430940991916561,twophase,twophase,26.457277031168537,26.92591839981144,2141.129391944511,78.70499437657462,0.6985186998048774,0.0,0.013344767150556436,0.013344767149451542,1.1048939541069558e-12
9580.0,360.0151982314843,0.0,25.673253774309703,25.430646599359576,25.430646599359576,54.41244406347491,4.633980783194679,0.012731592082341437,0.9431832723848524,twophase,twophase,26.457535451973783,26.926749165455984,2141.129391944511,78.70499437657462,0.6985084965795466,0.0,0.013344767150556436,0.013344767149451542,1.1048939541069558e-12
9600.0,360.0348257873857,0.0,25.673253774309703,25.430912219180755,25.430912219180755,54.41323941118377,4.633823859476918,0.012730565293339298,0.9432724829385734,twophase,twophase,26.45779400187952,26.927578825226124,2141.129391944511,78.70499437657462,0.6984982866170745,0.0,0.013344767150556436,0.013344767149451542,1.1048939541069558e-12
9620.0,360.0544568165229,0.0,25.673253774309703,25.431177875837996,25.431177875837996,54.41403530555625,4.633666843130923,0.01272953751928236,0.9433617307884565,twophase,twophase,26.4580526804136,26.928407381492526,2141.129391944511,78.70499437657462,0.6984880699358013,0.0,0.013344767150556436,0.013344767149451542,1.1048939541069558e-12
9640.0,360.0740913133869,0.0,25.673253774309703,25.43144356925231,25.43144356925231,54.414831745384504,4.633509734425091,0.0127285087618856,0.9434510158702721,twophase,twophase,26.458311487105398,26.92923483662072,2141.129391944511,78.70499437657462,0.6984778465518339,0.0,0.013344767150556436,0.013344767149451542,1.1048939541069558e-12
9660.0,360.0937292724697,0.0,25.673253774309703,25.431709299344735,25.431709299344735,54.41562872945889,4.633352533627087,0.012727479022867385,0.9435403381199283,twophase,twophase,26.45857042148581,26.9300611929711,2141.129391944511,78.70499437657462,0.6984676164813006,0.0,0.013344767150556436,0.013344767149451542,1.1048939541069558e-12
9680.0,360.1133706882706,0.0,25.673253774309703,25.431975066036404,25.431975066036404,54.41642625656883,4.633195241003891,0.012726448303947872,0.9436296974734724,twophase,twophase,26.458829483087253,26.93088645289895,2141.129391944511,78.70499437657462,0.6984573797403404,0.0,0.013344767150556436,0.013344767149451542,1.1048939541069558e-12
9700.0,360.1330155553121,0.0,25.673253774309703,25.43224086924879,25.43224086924879,54.41722432551633,4.633037856822063,0.012725416606827905,0.9437190938670862,twophase,twophase,26.459088671443663,26.93171061875444,2141.129391944511,78.70499437657462,0.6984471363449297,0.0,0.013344767150556436,0.013344767149451542,1.1048939541069558e-12
9720.0,360.1526638681092,0.0,25.673253774309703,25.43250670890327,25.43250670890327,54.41802293509421,4.6328803813473005,0.012724383933223248,0.9438085272370911,twophase,twophase,26.459347986090478,26.93253369288265,2141.129391944511,78.70499437657462,0.6984368863111607,0.0,0.013344767150556436,0.013344767149451542,1.1048939541069558e-12
9740.0,360.17231562119895,0.0,25.673253774309703,25.43277258492153,25.43277258492153,54.41882208410753,4.632722814844852,0.012723350284830681,0.9438979975199426,twophase,twophase,26.459607426564645,26.933355677623574,2141.129391944511,78.70499437657462,0.6984266296549674,0.0,0.013344767150556436,0.013344767149451542,1.1048939541069558e-12
9760.0,360.1919708091203,0.0,25.673253774309703,25.433038497225283,25.433038497225283,54.419621771357356,4.632565157579235,0.01272231566335379,0.9439875046522334,twophase,twophase,26.459866992404613,26.934176575312126,2141.129391944511,78.70499437657462,0.6984163663923336,0.0,0.013344767150556436,0.013344767149451542,1.1048939541069558e-12
9780.0,360.21162942643133,0.0,25.673253774309703,25.433304445736532,25.433304445736532,54.42042199565421,4.632407409814482,0.012721280070481752,0.944077048570692,twophase,twophase,26.460126683150325,26.934996388278165,2141.129391944511,78.70499437657462,0.6984060965391201,0.0,0.013344767150556436,0.013344767149451542,1.1048939541069558e-12
9800.0,360.2312914676887,0.0,25.673253774309703,25.433570430377262,25.433570430377262,54.421222755806774,4.632249571813866,0.012720243507906894,0.9441666292121825,twophase,twophase,26.46038649834321,26.9358151188465,2141.129391944511,78.70499437657462,0.6983958201112104,0.0,0.013344767150556436,0.013344767149451542,1.1048939541069558e-12
9820.0,360.2509569274644,0.0,25.673253774309703,25.43383645106967,25.43383645106967,54.42202405062627,4.632091643840104,0.012719205977318144,0.9442562465137057,twophase,twophase,26.460646437526194,26.936632769336885,2141.129391944511,78.70499437657462,0.6983855371244532,0.0,0.013344767150556436,0.013344767149451542,1.1048939541069558e-12
9840.0,360.2706258003372,0.0,25.673253774309703,25.43410250773607,25.43410250773607,54.42282587892813,4.631933626155287,0.012718167480398036,0.9443459004123946,twophase,twophase,26.460906500243674,26.93744934206406,2141.129391944511,78.70499437657462,0.6983752475946421,0.0,0.013344767150556436,0.013344767149451542,1.1048939541069558e-12
9860.0,360.2902980808988,0.0,25.673253774309703,25.43436860029895,25.43436860029895,54.423628239529464,4.631775519020917,0.012717128018827089,0.9444355908455194,twophase,twophase,26.46116668604153,26.938264839337737,2141.129391944511,78.70499437657462,0.6983649515375482,0.0,0.013344767150556436,0.013344767149451542,1.1048939541069558e-12
9880.0,360.3099737637542,0.0,25.673253774309703,25.434634728680997,25.434634728680997,54.42443113125393,4.631617322697947,0.012716087594275734,0.9445253177504833,twophase,twophase,26.461426994467114,26.939079263462627,2141.129391944511,78.70499437657462,0.6983546489688562,0.0,0.013344767150556436,0.013344767149451542,1.1048939541069558e-12
9900.0,360.3296528435064,0.0,25.673253774309703,25.434900892804876,25.434900892804876,54.425234552922426,4.63145903744656,0.012715046208419298,0.944615081064825,twophase,twophase,26.461687425069247,26.939892616738433,2141.129391944511,78.70499437657462,0.6983443399042857,0.0,0.013344767150556436,0.013344767149451542,1.1048939541069558e-12
9920.0,360.34933531477316,0.0,25.673253774309703,25.43516709259346,25.43516709259346,54.42603850335952,4.631300663526403,0.01271400386292766,0.944704880726215,twophase,twophase,26.46194797739821,26.94070490145988,2141.129391944511,78.70499437657462,0.698334024359507,0.0,0.013344767150556436,0.013344767149451542,1.1048939541069558e-12
9940.0,360.3690211721909,0.0,25.673253774309703,25.435433327969914,25.435433327969914,54.42684298139758,4.6311422011966545,0.012712960559458968,0.9447947166724596,twophase,twophase,26.46220865100575,26.94151611991672,2141.129391944511,78.70499437657462,0.6983237023500894,0.0,0.013344767150556436,0.013344767149451542,1.1048939541069558e-12
9960.0,360.38871041038726,0.0,25.673253774309703,25.435699598857237,25.435699598857237,54.42764798586382,4.630983650715598,0.012711916299679625,0.9448845888414973,twophase,twophase,26.46246944544506,26.94232627439373,2141.129391944511,78.70499437657462,0.6983133738916665,0.0,0.013344767150556436,0.013344767149451542,1.1048939541069558e-12
9980.0,360.4084030240172,0.0,25.673253774309703,25.43596590517888,25.43596590517888,54.428453515596,4.630825012341214,0.012710871085240135,0.9449744971713991,twophase,twophase,26.46273036027079,26.943135367170736,2141.129391944511,78.70499437657462,0.6983030389997358,0.0,0.013344767150556436,0.013344767149451542,1.1048939541069558e-12
10000.0,360.42809900773153,0.0,25.673253774309703,25.43623224685818,25.43623224685818,54.42925956942712,4.630666286330639,0.012709824917798738,0.9450644416003698,twophase,twophase,26.462991395039033,26.943943400522627,2141.129391944511,78.70499437657462,0.6982926976898534,0.0,0.013344767150556436,0.013344767149451542,1.1048939541069558e-12
10020.0,360.44779835619755,0.0,25.673253774309703,25.436498623818764,25.436498623818764,54.43006614619795,4.630507472940548,0.012708777799001888,0.9451544220667463,twophase,twophase,26.46325254930732,26.94475037671935,2141.129391944511,78.70499437657462,0.6982823499774753,0.0,0.013344767150556436,0.013344767149451542,1.1048939541069558e-12
10040.0,360.4675010640931,0.0,25.673253774309703,25.436765035984383,25.436765035984383,54.43087324475132,4.630348572427009,0.012707729730493231,0.9452444385089964,twophase,twophase,26.463513822634624,26.94555629802594,2141.129391944511,78.70499437657462,0.6982719958780294,0.0,0.013344767150556436,0.013344767149451542,1.1048939541069558e-12
10060.0,360.4872071261002,0.0,25.673253774309703,25.437031483278854,25.437031483278854,54.431680863929145,4.630189585045412,0.012706680713918264,0.9453344908657216,twophase,twophase,26.463775214581347,26.946361166702516,2141.129391944511,78.70499437657462,0.6982616354069533,0.0,0.013344767150556436,0.013344767149451542,1.1048939541069558e-12
10080.0,360.5069165369147,0.0,25.673253774309703,25.43729796562621,25.43729796562621,54.4324890025814,4.630030511050635,0.012705630750910144,0.9454245790756537,twophase,twophase,26.46403672470932,26.947164985004292,2141.129391944511,78.70499437657462,0.6982512685795806,0.0,0.013344767150556436,0.013344767149451542,1.1048939541069558e-12
10100.0,360.5266292912416,0.0,25.673253774309703,25.437564482950606,25.437564482950606,54.433297659557994,4.629871350696938,0.01270457984310258,0.9455147030776562,twophase,twophase,26.4642983525818,26.947967755181597,2141.129391944511,78.70499437657462,0.6982408954112438,0.0,0.013344767150556436,0.013344767149451542,1.1048939541069558e-12
10120.0,360.5463453837882,0.0,25.673253774309703,25.437831035176238,25.437831035176238,54.434106833709905,4.629712104237902,0.012703527992127931,0.945604862810723,twophase,twophase,26.464560097763453,26.948769479479882,2141.129391944511,78.70499437657462,0.6982305159172604,0.0,0.013344767150556436,0.013344767149451542,1.1048939541069558e-12
10140.0,360.5660648092832,0.0,25.673253774309703,25.4380976222276,25.4380976222276,54.43491652389159,4.62955277192666,0.012702475199613693,0.9456950582139791,twophase,twophase,26.464821959820373,26.949570160139725,2141.129391944511,78.70499437657462,0.6982201301129017,0.0,0.013344767150556436,0.013344767149451542,1.1048939541069558e-12
10160.0,360.58578756245356,0.0,25.673253774309703,25.43836424402919,25.43836424402919,54.43572672896192,4.629393354015629,0.012701421467180526,0.945785289226681,twophase,twophase,26.465083938320056,26.950369799396846,2141.129391944511,78.70499437657462,0.6982097380133815,0.0,0.013344767150556436,0.013344767149451542,1.1048939541069558e-12
10180.0,360.60551363804035,0.0,25.673253774309703,25.438630900505697,25.438630900505697,54.436537447781454,4.629233850756687,0.012700366796447017,0.9458755557882127,twophase,twophase,26.465346032831402,26.951168399482118,2141.129391944511,78.70499437657462,0.6981993396338899,0.0,0.013344767150556436,0.013344767149451542,1.1048939541069558e-12
10200.0,360.62524303079687,0.0,25.673253774309703,25.438897591581977,25.438897591581977,54.43734867921141,4.62907426240115,0.012699311189031118,0.9459658578380912,twophase,twophase,26.46560824292472,26.95196596262158,2141.129391944511,78.70499437657462,0.6981889349896075,0.0,0.013344767150556436,0.013344767149451542,1.1048939541069558e-12
10220.0,360.64497573547874,0.0,25.673253774309703,25.439164317182946,25.439164317182946,54.438160422120255,4.62891458919968,0.01269825464653964,0.9460561953159597,twophase,twophase,26.46587056817171,26.952762491036438,2141.129391944511,78.70499437657462,0.6981785240956204,0.0,0.013344767150556436,0.013344767149451542,1.1048939541069558e-12
10240.0,360.66471174685574,0.0,25.673253774309703,25.439431077233714,25.439431077233714,54.43897267537371,4.6287548314023965,0.012697197170584262,0.9461465681615941,twophase,twophase,26.46613300814547,26.95355798694309,2141.129391944511,78.70499437657462,0.6981681069670483,0.0,0.013344767150556436,0.013344767149451542,1.1048939541069558e-12
10260.0,360.68445105970824,0.0,25.673253774309703,25.439697871659533,25.439697871659533,54.43978543784263,4.6285949892588505,0.012696138762768917,0.9462369763148961,twophase,twophase,26.46639556242048,26.954352452553117,2141.129391944511,78.70499437657462,0.6981576836189441,0.0,0.013344767150556436,0.013344767149451542,1.1048939541069558e-12
10280.0,360.70419366882027,0.0,25.673253774309703,25.439964700385723,25.439964700385723,54.440598708399484,4.628435063017938,0.01269507942469538,0.9463274197158983,twophase,twophase,26.466658230572612,26.955145890073315,2141.129391944511,78.70499437657462,0.6981472540663382,0.0,0.013344767150556436,0.013344767149451542,1.1048939541069558e-12
10300.0,360.72393956898674,0.0,25.673253774309703,25.440231563337786,25.440231563337786,54.44141248592225,4.628275052928024,0.0126940191579571,0.9464178983047596,twophase,twophase,26.46692101217911,26.95593830170569,2141.129391944511,78.70499437657462,0.6981368183241888,0.0,0.013344767150556436,0.013344767149451542,1.1048939541069558e-12
10320.0,360.7436887550163,0.0,25.673253774309703,25.44049846044139,25.44049846044139,54.44222676928822,4.628114959236906,0.012692957964149097,0.9465084120217707,twophase,twophase,26.467183906818597,26.956729689647474,2141.129391944511,78.70499437657462,0.6981263764074623,0.0,0.013344767150556436,0.013344767149451542,1.1048939541069558e-12
10340.0,360.76344122172264,0.0,25.673253774309703,25.440765391622286,25.440765391622286,54.44304155737753,4.627954782191767,0.012691895844862295,0.9465989608073463,twophase,twophase,26.467446914071072,26.957520056091134,2141.129391944511,78.70499437657462,0.6981159283310864,0.0,0.013344767150556436,0.013344767149451542,1.1048939541069558e-12
10360.0,360.78319696392964,0.0,25.673253774309703,25.44103235680639,25.44103235680639,54.44385684907462,4.627794522039234,0.012690832801681205,0.9466895446020309,twophase,twophase,26.467710033517893,26.958309403224387,2141.129391944511,78.70499437657462,0.6981054741099325,0.0,0.013344767150556436,0.013344767149451542,1.1048939541069558e-12
10380.0,360.8029559764701,0.0,25.673253774309703,25.44129935591973,25.44129935591973,54.44467264326512,4.62763417902534,0.012689768836188865,0.9467801633464951,twophase,twophase,26.467973264741783,26.959097733230198,2141.129391944511,78.70499437657462,0.6980950137588553,0.0,0.013344767150556436,0.013344767149451542,1.1048939541069558e-12
10400.0,360.8227182541844,0.0,25.673253774309703,25.44156638888845,25.44156638888845,54.445488938837535,4.6274737533955195,0.012688703949964115,0.9468708169815373,twophase,twophase,26.46823660732683,26.959885048286807,2141.129391944511,78.70499437657462,0.6980845472926711,0.0,0.013344767150556436,0.013344767149451542,1.1048939541069558e-12
10420.0,360.84248379192593,0.0,25.673253774309703,25.441833455638907,25.441833455638907,54.44630573468392,4.627313245394707,0.012687638144580696,0.9469615054480819,twophase,twophase,26.46850006085847,26.96067135056773,2141.129391944511,78.70499437657462,0.6980740747261497,0.0,0.013344767150556436,0.013344767149451542,1.1048939541069558e-12
10440.0,360.8622525845573,0.0,25.673253774309703,25.44210055609755,25.44210055609755,54.44712302969672,4.627152655267222,0.012686571421612081,0.9470522286871818,twophase,twophase,26.468763624923493,26.961456642241764,2141.129391944511,78.70499437657462,0.698063596074054,0.0,0.013344767150556436,0.013344767149451542,1.1048939541069558e-12
10460.0,360.88202462694346,0.0,25.673253774309703,25.4423676901909,25.4423676901909,54.447940822772374,4.6269919832567625,0.012685503782625845,0.947142986640013,twophase,twophase,26.46902729911003,26.962240925473008,2141.129391944511,78.70499437657462,0.6980531113510946,0.0,0.013344767150556436,0.013344767149451542,1.1048939541069558e-12
10480.0,360.90179991396394,0.0,25.673253774309703,25.442634857845682,25.442634857845682,54.44875911280959,4.626831229606516,0.012684435229186367,0.9472337792478794,twophase,twophase,26.469291083007562,26.96302420242087,2141.129391944511,78.70499437657462,0.6980426205719515,0.0,0.013344767150556436,0.013344767149451542,1.1048939541069558e-12
10500.0,360.92157844050604,0.0,25.673253774309703,25.442902058988732,25.442902058988732,54.44957789870843,4.626670394559076,0.012683365762856247,0.9473246064522107,twophase,twophase,26.469554976206897,26.96380647524007,2141.129391944511,78.70499437657462,0.6980321237512861,0.0,0.013344767150556436,0.013344767149451542,1.1048939541069558e-12
10520.0,360.9413602014682,0.0,25.673253774309703,25.443169293547047,25.443169293547047,54.450397179374775,4.626509478356501,0.012682295385189408,0.9474154681945611,twophase,twophase,26.469818978300186,26.96458774608066,2141.129391944511,78.70499437657462,0.6980216209036834,0.0,0.013344767150556436,0.013344767149451542,1.1048939541069558e-12
10540.0,360.96114519175495,0.0,25.673253774309703,25.44343656144771,25.44343656144771,54.451216953714116,4.626348481240241,0.012681224097740706,0.9475063644166095,twophase,twophase,26.470083088880905,26.965368017088032,2141.129391944511,78.70499437657462,0.6980111120437326,0.0,0.013344767150556436,0.013344767149451542,1.1048939541069558e-12
10560.0,360.9809334062806,0.0,25.673253774309703,25.443703862617966,25.443703862617966,54.452037220632036,4.626187403451186,0.012680151902065255,0.9475972950601625,twophase,twophase,26.470347307543857,26.966147290402922,2141.129391944511,78.70499437657462,0.6980005971860196,0.0,0.013344767150556436,0.013344767149451542,1.1048939541069558e-12
10580.0,361.0007248399736,0.0,25.673253774309703,25.443971196985242,25.443971196985242,54.45285797904536,4.6260262452297445,0.012679078799700795,0.9476882600671468,twophase,twophase,26.470611633885166,26.966925568161425,2141.129391944511,78.70499437657462,0.6979900763449857,0.0,0.013344767150556436,0.013344767149451542,1.1048939541069558e-12
10600.0,361.0205194877596,0.0,25.673253774309703,25.444238564476944,25.444238564476944,54.453679227862,4.62586500681559,0.012678004792199582,0.9477792593796165,twophase,twophase,26.470876067502275,26.967702852495005,2141.129391944511,78.70499437657462,0.6979795495351842,0.0,0.013344767150556436,0.013344767149451542,1.1048939541069558e-12
10620.0,361.0403173445832,0.0,25.673253774309703,25.444505965020753,25.444505965020753,54.454500966003174,4.625703688447973,0.01267692988109316,0.9478702929397499,twophase,twophase,26.471140607993934,26.96847914553051,2141.129391944511,78.70499437657462,0.6979690167709968,0.0,0.013344767150556436,0.013344767149451542,1.1048939541069558e-12
10640.0,361.0601184053958,0.0,25.673253774309703,25.44477339854445,25.44477339854445,54.4553231923841,4.625542290365568,0.012675854067923048,0.947961360689846,twophase,twophase,26.471405254960207,26.969254449390164,2141.129391944511,78.70499437657462,0.697958478066881,0.0,0.013344767150556436,0.013344767149451542,1.1048939541069558e-12
10660.0,361.07992266515527,0.0,25.673253774309703,25.445040864975887,25.445040864975887,54.45614590592482,4.625380812806418,0.01267477735422352,0.9480524625723314,twophase,twophase,26.471670008002462,26.9700287661916,2141.129391944511,78.70499437657462,0.6979479334372305,0.0,0.013344767150556436,0.013344767149451542,1.1048939541069558e-12
10680.0,361.0997301188335,0.0,25.673253774309703,25.44530836424316,25.44530836424316,54.45696910555337,4.625219256008119,0.012673699741516518,0.9481435985297529,twophase,twophase,26.47193486672337,26.970802098047855,2141.129391944511,78.70499437657462,0.6979373828963359,0.0,0.013344767150556436,0.013344767149451542,1.1048939541069558e-12
10700.0,361.11954076140466,0.0,25.673253774309703,25.445575896274384,25.445575896274384,54.45779279019143,4.625057620207604,0.012672621231334528,0.9482347685047815,twophase,twophase,26.472199830726893,26.971574447067386,2141.129391944511,78.70499437657462,0.6979268264585671,0.0,0.013344767150556436,0.013344767149451542,1.1048939541069558e-12
10720.0,361.13935458785215,0.0,25.673253774309703,25.44584346099779,25.44584346099779,54.45861695876716,4.624895905641241,0.012671541825200087,0.9483259724402104,twophase,twophase,26.47246489961829,26.97234581535408,2141.129391944511,78.70499437657462,0.6979162641382098,0.0,0.013344767150556436,0.013344767149451542,1.1048939541069558e-12
10740.0,361.1591715931801,0.0,25.673253774309703,25.446111058341945,25.446111058341945,54.459441610215165,4.62473411254503,0.012670461524626041,0.9484172102789558,twophase,twophase,26.47273007300411,26.973116205007255,2141.129391944511,78.70499437657462,0.6979056959494662,0.0,0.013344767150556436,0.013344767149451542,1.1048939541069558e-12
10760.0,361.1789917723871,0.0,25.673253774309703,25.446378688235296,25.446378688235296,54.46026674346585,4.624572241154192,0.012669380331132216,0.9485084819640549,twophase,twophase,26.472995350492187,26.973885618121688,2141.129391944511,78.70499437657462,0.6978951219065904,0.0,0.013344767150556436,0.013344767149451542,1.1048939541069558e-12
10780.0,361.1988151204876,0.0,25.673253774309703,25.446646350606567,25.446646350606567,54.46109235745534,4.624410291703526,0.012668298246229804,0.9485997874386676,twophase,twophase,26.47326073169163,26.974654056787603,2141.129391944511,78.70499437657462,0.6978845420237622,0.0,0.013344767150556436,0.013344767149451542,1.1048939541069558e-12
10800.0,361.2186416325031,0.0,25.673253774309703,25.446914045384556,25.446914045384556,54.461918451123935,4.624248264427229,0.012667215271423664,0.9486911266460762,twophase,twophase,26.473526216212832,26.975421523090702,2141.129391944511,78.70499437657462,0.6978739563151061,0.0,0.013344767150556436,0.013344767149451542,1.1048939541069558e-12
10820.0,361.23847130346235,0.0,25.673253774309703,25.44718177249818,25.44718177249818,54.46274502340891,4.624086159558942,0.012666131408223974,0.9487824995296827,twophase,twophase,26.473791803667453,26.976188019112154,2141.129391944511,78.70499437657462,0.6978633647947843,0.0,0.013344767150556436,0.013344767149451542,1.1048939541069558e-12
10840.0,361.25830412840867,0.0,25.673253774309703,25.44744953187655,25.44744953187655,54.46357207325454,4.623923977331819,0.0126650466581302,0.948873906033011,twophase,twophase,26.474057493668425,26.976953546928627,2141.129391944511,78.70499437657462,0.6978527674768678,0.0,0.013344767150556436,0.013344767149451542,1.1048939541069558e-12
10860.0,361.2781401023875,0.0,25.673253774309703,25.447717323448842,25.447717323448842,54.464399599606374,4.623761717978401,0.012663961022640122,0.9489653460997064,twophase,twophase,26.474323285829946,26.977718108612276,2141.129391944511,78.70499437657462,0.6978421643754101,0.0,0.013344767150556436,0.013344767149451542,1.1048939541069558e-12
10880.0,361.29797922045947,0.0,25.673253774309703,25.447985147144426,25.447985147144426,54.46522760141168,4.623599381730753,0.012662874503249297,0.9490568196735332,twophase,twophase,26.474589179767474,26.97848170623077,2141.129391944511,78.70499437657462,0.6978315555044411,0.0,0.013344767150556436,0.013344767149451542,1.1048939541069558e-12
10900.0,361.31782147768536,0.0,25.673253774309703,25.448253002892685,25.448253002892685,54.466056077620884,4.623436968820282,0.01266178710144849,0.9491483266983776,twophase,twophase,26.474855175097723,26.979244341847295,2141.129391944511,78.70499437657462,0.6978209408779489,0.0,0.013344767150556436,0.013344767149451542,1.1048939541069558e-12
10920.0,361.3376668691442,0.0,25.673253774309703,25.448520890623268,25.448520890623268,54.466885027187026,4.623274479477977,0.012660698818724905,0.9492398671182453,twophase,twophase,26.475121271438663,26.98000601752056,2141.129391944511,78.70499437657462,0.6978103205098868,0.0,0.013344767150556436,0.013344767149451542,1.1048939541069558e-12
10940.0,361.3575153899179,0.0,25.673253774309703,25.44878881026587,25.44878881026587,54.467714449064296,4.623111913934222,0.012659609656564198,0.9493314408772605,twophase,twophase,26.475387468409508,26.980766735304808,2141.129391944511,78.70499437657462,0.6977996944141919,0.0,0.013344767150556436,0.013344767149451542,1.1048939541069558e-12
10960.0,361.37736703509705,0.0,25.673253774309703,25.449056761750317,25.449056761750317,54.468544342209285,4.622949272418842,0.01265851961644863,0.9494230479196698,twophase,twophase,26.475653765630724,26.98152649724984,2141.129391944511,78.70499437657462,0.6977890626047694,0.0,0.013344767150556436,0.013344767149451542,1.1048939541069558e-12
10980.0,361.39722179978804,0.0,25.673253774309703,25.449324745006646,25.449324745006646,54.46937470558269,4.622786555161222,0.012657428699854426,0.9495146881898359,twophase,twophase,26.475920162724016,26.982285305400996,2141.129391944511,78.70499437657462,0.6977784250954703,0.0,0.013344767150556436,0.013344767149451542,1.1048939541069558e-12
11000.0,361.4170796790922,0.0,25.673253774309703,25.44959275996484,25.44959275996484,54.47020553814549,4.622623762390026,0.012656336908257588,0.9496063616322423,twophase,twophase,26.476186659312322,26.983043161799195,2141.129391944511,78.70499437657462,0.6977677819001405,0.0,0.013344767150556436,0.013344767149451542,1.1048939541069558e-12
11020.0,361.43694066813765,0.0,25.673253774309703,25.44986080655527,25.44986080655527,54.471036838864364,4.622460894333628,0.012655244243125672,0.9496980681914912,twophase,twophase,26.476453255019823,26.983800068480924,2141.129391944511,78.70499437657462,0.6977571330325522,0.0,0.013344767150556436,0.013344767149451542,1.1048939541069558e-12
11040.0,361.45680476204467,0.0,25.673253774309703,25.45012888470819,25.45012888470819,54.471868606703694,4.622297951219629,0.012654150705930074,0.949789807812303,twophase,twophase,26.47671994947192,26.984556027478256,2141.129391944511,78.70499437657462,0.6977464785065048,0.0,0.013344767150556436,0.013344767149451542,1.1048939541069558e-12
11060.0,361.4766719559526,0.0,25.673253774309703,25.450396994354136,25.450396994354136,54.47270084063453,4.6221349332752695,0.012653056298132116,0.9498815804395147,twophase,twophase,26.476986742295253,26.98531104081886,2141.129391944511,78.70499437657462,0.6977358183357114,0.0,0.013344767150556436,0.013344767149451542,1.1048939541069558e-12
11080.0,361.4965422450027,0.0,25.673253774309703,25.45066513542367,25.45066513542367,54.47353353962679,4.621971840727123,0.012651961021195281,0.9499733860180847,twophase,twophase,26.47725363311767,26.98606511052601,2141.129391944511,78.70499437657462,0.6977251525338984,0.0,0.013344767150556436,0.013344767149451542,1.1048939541069558e-12
11100.0,361.51641562435117,0.0,25.673253774309703,25.450933307847563,25.450933307847563,54.474366702654976,4.621808673801337,0.012650864876576127,0.9500652244930861,twophase,twophase,26.47752062156825,26.986818238618586,2141.129391944511,78.70499437657462,0.6977144811147317,0.0,0.013344767150556436,0.013344767149451542,1.1048939541069558e-12
11120.0,361.5362920891551,0.0,25.673253774309703,25.451201511556633,25.451201511556633,54.475200328692516,4.621645432723439,0.012649767865733375,0.9501570958097112,twophase,twophase,26.47778770727728,26.9875704271111,2141.129391944511,78.70499437657462,0.6977038040918897,0.0,0.013344767150556436,0.013344767149451542,1.1048939541069558e-12
11140.0,361.55617163459004,0.0,25.673253774309703,25.451469746481923,25.451469746481923,54.47603441672246,4.621482117718527,0.012648669990110824,0.9502489999132689,twophase,twophase,26.478054889876258,26.988321678013687,2141.129391944511,78.70499437657462,0.6976931214789267,0.0,0.013344767150556436,0.013344767149451542,1.1048939541069558e-12
11160.0,361.5760542558342,0.0,25.673253774309703,25.451738012554554,25.451738012554554,54.47686896572271,4.621318729011122,0.012647571251160814,0.9503409367491846,twophase,twophase,26.47832216899789,26.989071993332136,2141.129391944511,78.70499437657462,0.6976824332894609,0.0,0.013344767150556436,0.013344767149451542,1.1048939541069558e-12
11180.0,361.59593994807244,0.0,25.673253774309703,25.45200630970572,25.45200630970572,54.477703974676174,4.621155266825173,0.012646471650328159,0.9504329062630005,twophase,twophase,26.47858954427609,26.989821375067876,2141.129391944511,78.70499437657462,0.6976717395370452,0.0,0.013344767150556436,0.013344767149451542,1.1048939541069558e-12
11200.0,361.61582870650176,0.0,25.673253774309703,25.452274637866793,25.452274637866793,54.47853944256909,4.620991731384149,0.01264537118905271,0.9505249084003757,twophase,twophase,26.478857015345966,26.990569825218003,2141.129391944511,78.70499437657462,0.6976610402351892,0.0,0.013344767150556436,0.013344767149451542,1.1048939541069558e-12
11220.0,361.6357205263266,0.0,25.673253774309703,25.45254299696928,25.45254299696928,54.47937536838823,4.620828122910996,0.012644269868773945,0.9506169431070861,twophase,twophase,26.479124581843827,26.99131734577528,2141.129391944511,78.70499437657462,0.6976503353973932,0.0,0.013344767150556436,0.013344767149451542,1.1048939541069558e-12
11240.0,361.65561540276497,0.0,25.673253774309703,25.45281138694485,25.45281138694485,54.480211751126525,4.620664441628182,0.01264316769092187,0.9507090103290217,twophase,twophase,26.47939224340717,26.992063938728148,2141.129391944511,78.70499437657462,0.6976396250370782,0.0,0.013344767150556436,0.013344767149451542,1.1048939541069558e-12
11260.0,361.67551333102904,0.0,25.673253774309703,25.45307980772512,25.45307980772512,54.48104858977268,4.620500687757487,0.012642064656933582,0.9508011100121896,twophase,twophase,26.47965999967468,26.992809606060742,2141.129391944511,78.70499437657462,0.6976289091677176,0.0,0.013344767150556436,0.013344767149451542,1.1048939541069558e-12
11280.0,361.6954143063593,0.0,25.673253774309703,25.453348259242095,25.453348259242095,54.481885883323784,4.6203368615204035,0.012640960768233346,0.9508932421027122,twophase,twophase,26.479927850286234,26.993554349752895,2141.129391944511,78.70499437657462,0.697618187802676,0.0,0.013344767150556436,0.013344767149451542,1.1048939541069558e-12
11300.0,361.7153183239879,0.0,25.673253774309703,25.45361674142768,25.45361674142768,54.48272363077366,4.620172963137707,0.012639856026250907,0.9509854065468267,twophase,twophase,26.480195794882885,26.994298171780144,2141.129391944511,78.70499437657462,0.6976074609553586,0.0,0.013344767150556436,0.013344767149451542,1.1048939541069558e-12
11320.0,361.7352253791636,0.0,25.673253774309703,25.453885254214015,25.453885254214015,54.48356183112333,4.620008992829751,0.01263875043240497,0.9510776032908854,twophase,twophase,26.480463833106864,26.995041074113747,2141.129391944511,78.70499437657462,0.6975967286390773,0.0,0.013344767150556436,0.013344767149451542,1.1048939541069558e-12
11340.0,361.7551354671426,0.0,25.673253774309703,25.45415379753335,25.45415379753335,54.48440048337554,4.619844950816365,0.012637643988111845,0.9511698322813552,twophase,twophase,26.480731964601574,26.995783058720686,2141.129391944511,78.70499437657462,0.6975859908671203,0.0,0.013344767150556436,0.013344767149451542,1.1048939541069558e-12
11360.0,361.77504858318804,0.0,25.673253774309703,25.454422371318024,25.454422371318024,54.485239586530426,4.6196808373168174,0.012636536694792484,0.9512620934648173,twophase,twophase,26.481000189011592,26.996524127563678,2141.129391944511,78.70499437657462,0.6975752476528079,0.0,0.013344767150556436,0.013344767149451542,1.1048939541069558e-12
11380.0,361.79496472257676,0.0,25.673253774309703,25.454690975500583,25.454690975500583,54.48607913959781,4.6195166525499545,0.012635428553852718,0.9513543867879668,twophase,twophase,26.48126850598266,26.997264282601186,2141.129391944511,78.70499437657462,0.6975644990093351,0.0,0.013344767150556436,0.013344767149451542,1.1048939541069558e-12
11400.0,361.8148838805853,0.0,25.673253774309703,25.45495961001358,25.45495961001358,54.48691914158367,4.619352396733988,0.01263431956670492,0.951446712197614,twophase,twophase,26.48153691516168,26.99800352578743,2141.129391944511,78.70499437657462,0.697553744949945,0.0,0.013344767150556436,0.013344767149451542,1.1048939541069558e-12
11420.0,361.8348060525054,0.0,25.673253774309703,25.455228274789796,25.455228274789796,54.487759591500065,4.619188070086717,0.012633209734752163,0.9515390696406816,twophase,twophase,26.48180541619672,26.998741859072386,2141.129391944511,78.70499437657462,0.6975429854878012,0.0,0.013344767150556436,0.013344767149451542,1.1048939541069558e-12
11440.0,361.8547312336325,0.0,25.673253774309703,25.455496969762038,25.455496969762038,54.48860048835466,4.619023672825336,0.012632099059404866,0.9516314590642067,twophase,twophase,26.482074008737005,26.999479284401808,2141.129391944511,78.70499437657462,0.6975322206361224,0.0,0.013344767150556436,0.013344767149451542,1.1048939541069558e-12
11460.0,361.87465941927843,0.0,25.673253774309703,25.455765694863377,25.455765694863377,54.48944183116932,4.618859205166669,0.012630987542051296,0.951723880415339,twophase,twophase,26.4823426924329,27.000215803717232,2141.129391944511,78.70499437657462,0.6975214504079442,0.0,0.013344767150556436,0.013344767149451542,1.1048939541069558e-12
11480.0,361.89459060475053,0.0,25.673253774309703,25.456034450026802,25.456034450026802,54.490283618957406,4.618694667326838,0.01262987518409354,0.95181633364134,twophase,twophase,26.48261146693593,27.000951418955985,2141.129391944511,78.70499437657462,0.6975106748164096,0.0,0.013344767150556436,0.013344767149451542,1.1048939541069558e-12
11500.0,361.9145247853814,0.0,25.673253774309703,25.456303235185686,25.456303235185686,54.49112585073919,4.618530059521687,0.012628761986923228,0.9519088186895871,twophase,twophase,26.48288033189876,27.00168613205119,2141.129391944511,78.70499437657462,0.6974998938745721,0.0,0.013344767150556436,0.013344767149451542,1.1048939541069558e-12
11520.0,361.934461956491,0.0,25.673253774309703,25.456572050273216,25.456572050273216,54.49196852553607,4.618365381966284,0.012627647951930313,0.9520013355075663,twophase,twophase,26.483149286975195,27.002419944931784,2141.129391944511,78.70499437657462,0.6974891075954688,0.0,0.013344767150556436,0.013344767149451542,1.1048939541069558e-12
11540.0,361.9544021134285,0.0,25.673253774309703,25.456840895223,25.456840895223,54.49281164237081,4.618200634875456,0.012626533080503254,0.9520938840428795,twophase,twophase,26.483418331820182,27.00315285952252,2141.129391944511,78.70499437657462,0.6974783159921191,0.0,0.013344767150556436,0.013344767149451542,1.1048939541069558e-12
11560.0,361.97434525153903,0.0,25.673253774309703,25.45710976996858,25.45710976996858,54.49365520027173,4.618035818463358,0.012625417374021838,0.9521864642432376,twophase,twophase,26.483687466089805,27.003884877743975,2141.129391944511,78.70499437657462,0.6974675190774688,0.0,0.013344767150556436,0.013344767149451542,1.1048939541069558e-12
11580.0,361.9942913661788,0.0,25.673253774309703,25.45737867444367,25.45737867444367,54.49449919826571,4.61787093294369,0.01262430083386861,0.9522790760564648,twophase,twophase,26.48395668944127,27.00461600151257,2141.129391944511,78.70499437657462,0.6974567168644817,0.0,0.013344767150556436,0.013344767149451542,1.1048939541069558e-12
11600.0,362.01424045271153,0.0,25.673253774309703,25.457647608582104,25.457647608582104,54.495343635382596,4.617705978529634,0.012623183461421732,0.9523717194304966,twophase,twophase,26.484226001532917,27.005346232740568,2141.129391944511,78.70499437657462,0.6974459093660818,0.0,0.013344767150556436,0.013344767149451542,1.1048939541069558e-12
11620.0,362.0341925065127,0.0,25.673253774309703,25.457916572317874,25.457916572317874,54.49618851065702,4.617540955433925,0.01262206525805212,0.9524643943133789,twophase,twophase,26.484495402024205,27.006075573336087,2141.129391944511,78.70499437657462,0.6974350965951307,0.0,0.013344767150556436,0.013344767149451542,1.1048939541069558e-12
11640.0,362.0541475229633,0.0,25.673253774309703,25.458185565585058,25.458185565585058,54.4970338231229,4.617375863868747,0.012620946225132237,0.9525571006532704,twophase,twophase,26.48476489057572,27.006804025203106,2141.129391944511,78.70499437657462,0.6974242785644981,0.0,0.013344767150556436,0.013344767149451542,1.1048939541069558e-12
11660.0,362.07410549745225,0.0,25.673253774309703,25.45845458831784,25.45845458831784,54.497879571815695,4.617210704045782,0.012619826364032458,0.9526498383984384,twophase,twophase,26.485034466849154,27.00753159024148,2141.129391944511,78.70499437657462,0.6974134552870319,0.0,0.013344767150556436,0.013344767149451542,1.1048939541069558e-12
11680.0,362.0940664253753,0.0,25.673253774309703,25.45872364045052,25.45872364045052,54.4987257557757,4.617045476176211,0.012618705676115775,0.9527426074972619,twophase,twophase,26.485304130507327,27.008258270346943,2141.129391944511,78.70499437657462,0.6974026267755177,0.0,0.013344767150556436,0.013344767149451542,1.1048939541069558e-12
11700.0,362.11403030214365,0.0,25.673253774309703,25.458992721917607,25.458992721917607,54.49957237404615,4.616880180470796,0.012617584162740952,0.9528354078982301,twophase,twophase,26.485573881214158,27.00898406741112,2141.129391944511,78.70499437657462,0.6973917930427017,0.0,0.013344767150556436,0.013344767149451542,1.1048939541069558e-12
11720.0,362.13399712316726,0.0,25.673253774309703,25.459261832653617,25.459261832653617,54.5004194256683,4.616714817139688,0.01261646182527025,0.9529282395499432,twophase,twophase,26.485843718634673,27.009708983321538,2141.129391944511,78.70499437657462,0.6973809541013541,0.0,0.013344767150556436,0.013344767149451542,1.1048939541069558e-12
11740.0,362.15396688387113,0.0,25.673253774309703,25.459530972593267,25.459530972593267,54.50126690968945,4.616549386392648,0.012615338665056668,0.9530211024011079,twophase,twophase,26.486113642435004,27.010433019961628,2141.129391944511,78.70499437657462,0.6973701099641667,0.0,0.013344767150556436,0.013344767149451542,1.1048939541069558e-12
11760.0,362.1739395796843,0.0,25.673253774309703,25.45980014167132,25.45980014167132,54.5021148251565,4.61638388843884,0.012614214683454198,0.9531139964005448,twophase,twophase,26.486383652282385,27.011156179210744,2141.129391944511,78.70499437657462,0.697359260643835,0.0,0.013344767150556436,0.013344767149451542,1.1048939541069558e-12
11780.0,362.1939152060465,0.0,25.673253774309703,25.460069339822745,25.460069339822745,54.50296317111943,4.61621832348704,0.012613089881812282,0.9532069214971812,twophase,twophase,26.48665374784514,27.01187846294416,2141.129391944511,78.70499437657462,0.6973484061530135,0.0,0.013344767150556436,0.013344767149451542,1.1048939541069558e-12
11800.0,362.2138937584081,0.0,25.673253774309703,25.460338566982603,25.460338566982603,54.50381194663223,4.6160526917455,0.012611964261474453,0.9532998776400541,twophase,twophase,26.486923928792688,27.01259987303309,2141.129391944511,78.70499437657462,0.6973375465043047,0.0,0.013344767150556436,0.013344767149451542,1.1048939541069558e-12
11820.0,362.23387523221515,0.0,25.673253774309703,25.460607823085947,25.460607823085947,54.504661150745406,4.615886993421861,0.012610837823789986,0.9533928647783091,twophase,twophase,26.48719419479554,27.013320411344687,2141.129391944511,78.70499437657462,0.697326681710354,0.0,0.013344767150556436,0.013344767149451542,1.1048939541069558e-12
11840.0,362.2538596229439,0.0,25.673253774309703,25.460877108068225,25.460877108068225,54.50551078251989,4.615721228723536,0.012609710570092088,0.9534858828612007,twophase,twophase,26.487464545525285,27.01404007974206,2141.129391944511,78.70499437657462,0.6973158117836717,0.0,0.013344767150556436,0.013344767149451542,1.1048939541069558e-12
11860.0,362.2738469260557,0.0,25.673253774309703,25.461146421864715,25.461146421864715,54.50636084101301,4.615555397857183,0.012608582501719952,0.9535789318380916,twophase,twophase,26.487734980654604,27.01475888008428,2141.129391944511,78.70499437657462,0.697304936736814,0.0,0.013344767150556436,0.013344767149451542,1.1048939541069558e-12
11880.0,362.2938371370347,0.0,25.673253774309703,25.461415764410997,25.461415764410997,54.507211325284466,4.61538950102914,0.012607453620009477,0.953672011658453,twophase,twophase,26.488005499857255,27.015476814226385,2141.129391944511,78.70499437657462,0.6972940565823045,0.0,0.013344767150556436,0.013344767149451542,1.1048939541069558e-12
11900.0,362.31383025136745,0.0,25.673253774309703,25.461685135642682,25.461685135642682,54.50806223439833,4.615223538445175,0.012606323926289808,0.953765122271864,twophase,twophase,26.48827610280807,27.016193884019398,2141.129391944511,78.70499437657462,0.6972831713326099,0.0,0.013344767150556436,0.013344767149451542,1.1048939541069558e-12
11920.0,362.33382626455057,0.0,25.673253774309703,25.46195453549554,25.46195453549554,54.50891356741736,4.615057510310615,0.01260519342189268,0.9538582636280115,twophase,twophase,26.488546789182944,27.016910091310322,2141.129391944511,78.70499437657462,0.6972722810002125,0.0,0.013344767150556436,0.013344767149451542,1.1048939541069558e-12
11940.0,362.35382517208643,0.0,25.673253774309703,25.462223963905444,25.462223963905444,54.50976532341035,4.614891416830292,0.012604062108140498,0.9539514356766887,twophase,twophase,26.48881755865886,27.01762543794216,2141.129391944511,78.70499437657462,0.697261385597516,0.0,0.013344767150556436,0.013344767149451542,1.1048939541069558e-12
11960.0,362.37382696949123,0.0,25.673253774309703,25.462493420808435,25.462493420808435,54.51061750144898,4.6147252582086,0.012602929986351503,0.9540446383677971,twophase,twophase,26.48908841091385,27.018339925753924,2141.129391944511,78.70499437657462,0.6972504851368859,0.0,0.013344767150556436,0.013344767149451542,1.1048939541069558e-12
11980.0,362.393831652281,0.0,25.673253774309703,25.462762906140576,25.462762906140576,54.51147010060138,4.614559034649356,0.01260179705784988,0.9541378716513452,twophase,twophase,26.489359345627022,27.019053556580634,2141.129391944511,78.70499437657462,0.6972395796307322,0.0,0.013344767150556436,0.013344767149451542,1.1048939541069558e-12
12000.0,362.4138392159864,0.0,25.673253774309703,25.46303241983812,25.46303241983812,54.51232311994182,4.6143927463559775,0.012600663323950434,0.9542311354774479,twophase,twophase,26.48963036247853,27.019766332253333,2141.129391944511,78.70499437657462,0.6972286690913844,0.0,0.013344767150556436,0.013344767149451542,1.1048939541069558e-12
12020.0,362.43384965614206,0.0,25.673253774309703,25.463301961837413,25.463301961837413,54.51317655854633,4.614226393531365,0.012599528785965557,0.9543244297963267,twophase,twophase,26.48990146114959,27.020478254599098,2141.129391944511,78.70499437657462,0.6972177535311485,0.0,0.013344767150556436,0.013344767149451542,1.1048939541069558e-12
12040.0,362.4538629682893,0.0,25.673253774309703,25.46357153207487,25.46357153207487,54.514030415491455,4.614059976377913,0.012598393445207048,0.9544177545583095,twophase,twophase,26.49017264132247,27.021189325441046,2141.129391944511,78.70499437657462,0.6972068329623228,0.0,0.013344767150556436,0.013344767149451542,1.1048939541069558e-12
12060.0,362.4738791479867,0.0,25.673253774309703,25.463841130487157,25.463841130487157,54.51488468985812,4.613893495097651,0.012597257302980266,0.9545111097138306,twophase,twophase,26.49044390268049,27.02189954659834,2141.129391944511,78.70499437657462,0.6971959073971482,0.0,0.013344767150556436,0.013344767149451542,1.1048939541069558e-12
12080.0,362.4938981907903,0.0,25.673253774309703,25.464110757010936,25.464110757010936,54.51573938072865,4.613726949892032,0.012596120360588594,0.9546044952134283,twophase,twophase,26.490715244908014,27.022608919886203,2141.129391944511,78.70499437657462,0.6971849768478464,0.0,0.013344767150556436,0.013344767149451542,1.1048939541069558e-12
12100.0,362.51392009226976,0.0,25.673253774309703,25.464380411583033,25.464380411583033,54.51659448718618,4.613560340962067,0.012594982619334479,0.9546979110077494,twophase,twophase,26.490986667690443,27.023317447115918,2141.129391944511,78.70499437657462,0.6971740413266275,0.0,0.013344767150556436,0.013344767149451542,1.1048939541069558e-12
12120.0,362.53394484800083,0.0,25.673253774309703,25.464650094140385,25.464650094140385,54.517450008317105,4.613393668508298,0.012593844080515577,0.9547913570475441,twophase,twophase,26.491258170714225,27.02402513009485,2141.129391944511,78.70499437657462,0.6971631008456587,0.0,0.013344767150556436,0.013344767149451542,1.1048939541069558e-12
12140.0,362.55397245356914,0.0,25.673253774309703,25.46491980462005,25.46491980462005,54.51830594321005,4.613226932730791,0.012592704745426344,0.9548848332836686,twophase,twophase,26.491529753666843,27.02473197062644,2141.129391944511,78.70499437657462,0.6971521554170771,0.0,0.013344767150556436,0.013344767149451542,1.1048939541069558e-12
12160.0,362.57400290456076,0.0,25.673253774309703,25.465189542959116,25.465189542959116,54.5191622909523,4.61306013382907,0.012591564615363596,0.9549783396670832,twophase,twophase,26.491801416236807,27.025437970510225,2141.129391944511,78.70499437657462,0.697141205053036,0.0,0.013344767150556436,0.013344767149451542,1.1048939541069558e-12
12180.0,362.5940361965818,0.0,25.673253774309703,25.465459309094953,25.465459309094953,54.520019050638766,4.612893272002339,0.012590423691612562,0.9550718761488534,twophase,twophase,26.492073158113662,27.02614313154184,2141.129391944511,78.70499437657462,0.69713024976559,0.0,0.013344767150556436,0.013344767149451542,1.1048939541069558e-12
12200.0,362.61407232523914,0.0,25.673253774309703,25.465729102964954,25.465729102964954,54.52087622136356,4.612726347449242,0.01258928197545998,0.9551654426801492,twophase,twophase,26.492344978987976,27.026847455513025,2141.129391944511,78.70499437657462,0.6971192895668024,0.0,0.013344767150556436,0.013344767149451542,1.1048939541069558e-12
12220.0,362.63411128614825,0.0,25.673253774309703,25.465998924506614,25.465998924506614,54.521733802223004,4.612559360367955,0.012588139468189418,0.9552590392122448,twophase,twophase,26.492616878551345,27.02755094421164,2141.129391944511,78.70499437657462,0.6971083244687067,0.0,0.013344767150556436,0.013344767149451542,1.1048939541069558e-12
12240.0,362.6541530749311,0.0,25.673253774309703,25.46626877365755,25.46626877365755,54.52259179231466,4.612392310956183,0.012586996171082842,0.9553526656965182,twophase,twophase,26.492888856496382,27.02825359942167,2141.129391944511,78.70499437657462,0.6970973544833201,0.0,0.013344767150556436,0.013344767149451542,1.1048939541069558e-12
12260.0,362.6741976872185,0.0,25.673253774309703,25.466538650355496,25.466538650355496,54.52345019073919,4.612225199411165,0.012585852085417595,0.9554463220844517,twophase,twophase,26.493160912516714,27.028955422923236,2141.129391944511,78.70499437657462,0.6970863796226182,0.0,0.013344767150556436,0.013344767149451542,1.1048939541069558e-12
12280.0,362.69424511865583,0.0,25.673253774309703,25.466808554538385,25.466808554538385,54.52430899659981,4.612058025929767,0.012584707212467391,0.9555400083276309,twophase,twophase,26.493433046306986,27.029656416492593,2141.129391944511,78.70499437657462,0.6970753998985428,0.0,0.013344767150556436,0.013344767149451542,1.1048939541069558e-12
12300.0,362.71429536488137,0.0,25.673253774309703,25.46707848614407,25.46707848614407,54.52516820899922,4.611890790708199,0.012583561553506963,0.9556337243777441,twophase,twophase,26.49370525756285,27.030356581902154,2141.129391944511,78.70499437657462,0.6970644153230415,0.0,0.013344767150556436,0.013344767149451542,1.1048939541069558e-12
12320.0,362.73434842155854,0.0,25.673253774309703,25.467348445110776,25.467348445110776,54.52602782704514,4.611723493942446,0.012582415109803588,0.9557274701865844,twophase,twophase,26.493977545980975,27.03105592092049,2141.129391944511,78.70499437657462,0.6970534259079958,0.0,0.013344767150556436,0.013344767149451542,1.1048939541069558e-12
12340.0,362.75440428434274,0.0,25.673253774309703,25.467618431376575,25.467618431376575,54.52688784984544,4.611556135827797,0.01258126788262446,0.9558212457060449,twophase,twophase,26.49424991125902,27.031754435312337,2141.129391944511,78.70499437657462,0.6970424316652847,0.0,0.013344767150556436,0.013344767149451542,1.1048939541069558e-12
12360.0,362.77446294891354,0.0,25.673253774309703,25.467888444879918,25.467888444879918,54.52774827651378,4.611388716559313,0.012580119873228025,0.9559150508881249,twophase,twophase,26.49452235309565,27.032452126838603,2141.129391944511,78.70499437657462,0.6970314326067112,0.0,0.013344767150556436,0.013344767149451542,1.1048939541069558e-12
12380.0,362.7945244109401,0.0,25.673253774309703,25.46815848555911,25.46815848555911,54.528609106157774,4.611221236331354,0.012578971082882626,0.9560088856849241,twophase,twophase,26.494794871190532,27.033148997256387,2141.129391944511,78.70499437657462,0.6970204287441552,0.0,0.013344767150556436,0.013344767149451542,1.1048939541069558e-12
12400.0,362.8145886661139,0.0,25.673253774309703,25.46842855335277,25.46842855335277,54.52947033789661,4.611053695338026,0.012577821512838589,0.9561027500486441,twophase,twophase,26.495067465244325,27.033845048318973,2141.129391944511,78.70499437657462,0.6970094200893464,0.0,0.013344767150556436,0.013344767149451542,1.1048939541069558e-12
12420.0,362.8346557101276,0.0,25.673253774309703,25.46869864819953,25.46869864819953,54.530331970842376,4.610886093772867,0.012576671164357811,0.9561966439315891,twophase,twophase,26.495340134958678,27.034540281775854,2141.129391944511,78.70499437657462,0.696998406654105,0.0,0.013344767150556436,0.013344767149451542,1.1048939541069558e-12
12440.0,362.85472553868414,0.0,25.673253774309703,25.468968770038188,25.468968770038188,54.53119400411605,4.610718431829005,0.012575520038688493,0.9562905672861656,twophase,twophase,26.495612880036234,27.035234699372722,2141.129391944511,78.70499437657462,0.6969873884501354,0.0,0.013344767150556436,0.013344767149451542,1.1048939541069558e-12
12460.0,362.87479814748775,0.0,25.673253774309703,25.469238918807548,25.469238918807548,54.53205643683747,4.610550709699024,0.012574368137080764,0.9563845200648813,twophase,twophase,26.49588570018061,27.03592830285149,2141.129391944511,78.70499437657462,0.6969763654891562,0.0,0.013344767150556436,0.013344767149451542,1.1048939541069558e-12
12480.0,362.8948735322653,0.0,25.673253774309703,25.46950909444675,25.46950909444675,54.53291926813043,4.610382927575258,0.012573215460779132,0.956478502220345,twophase,twophase,26.49615859509642,27.036621093950302,2141.129391944511,78.70499437657462,0.6969653377828339,0.0,0.013344767150556436,0.013344767149451542,1.1048939541069558e-12
12500.0,362.9149516887368,0.0,25.673253774309703,25.469779296894828,25.469779296894828,54.53378249712094,4.610215085649388,0.012572062011024591,0.9565725137052666,twophase,twophase,26.49643156448925,27.037313074403524,2141.129391944511,78.70499437657462,0.6969543053428048,0.0,0.013344767150556436,0.013344767149451542,1.1048939541069558e-12
12520.0,362.93503261263334,0.0,25.673253774309703,25.470049526090992,25.470049526090992,54.53464612293097,4.610047184112694,0.012570907789065042,0.9566665544724572,twophase,twophase,26.49670460806566,27.038004245941774,2141.129391944511,78.70499437657462,0.6969432681807566,0.0,0.013344767150556436,0.013344767149451542,1.1048939541069558e-12
12540.0,362.9551162996945,0.0,25.673253774309703,25.47031978197457,25.47031978197457,54.535510144691685,4.609879223156013,0.012569752796134127,0.956760624474829,twophase,twophase,26.496977725533185,27.038694610291913,2141.129391944511,78.70499437657462,0.6969322263082575,0.0,0.013344767150556436,0.013344767149451542,1.1048939541069558e-12
12560.0,362.9752027456713,0.0,25.673253774309703,25.470590064485037,25.470590064485037,54.536374561533115,4.609711202969773,0.012568597033467561,0.9568547236653929,twophase,twophase,26.497250916600333,27.03938416917706,2141.129391944511,78.70499437657462,0.6969211797368892,0.0,0.013344767150556436,0.013344767149451542,1.1048939541069558e-12
12580.0,362.9952919463194,0.0,25.673253774309703,25.470860373561973,25.470860373561973,54.53723937258692,4.609543123743928,0.012567440502298832,0.9569488519972632,twophase,twophase,26.497524180976576,27.0400729243166,2141.129391944511,78.70499437657462,0.6969101284782117,0.0,0.013344767150556436,0.013344767149451542,1.1048939541069558e-12
12600.0,363.0153838974026,0.0,25.673253774309703,25.47113070914504,25.47113070914504,54.53810457699037,4.609374985667984,0.012566283203852823,0.95704300942365,twophase,twophase,26.49779751837235,27.040760877426198,2141.129391944511,78.70499437657462,0.6968990725437114,0.0,0.013344767150556436,0.013344767149451542,1.1048939541069558e-12
12620.0,363.0354785946888,0.0,25.673253774309703,25.471401071173993,25.471401071173993,54.53897017387582,4.609206788930953,0.012565125139362568,0.9571371958978675,twophase,twophase,26.498070928499057,27.041448030217797,2141.129391944511,78.70499437657462,0.696888011944937,0.0,0.013344767150556436,0.013344767149451542,1.1048939541069558e-12
12640.0,363.0555760339591,0.0,25.673253774309703,25.47167145958876,25.47167145958876,54.53983616238458,4.609038533721475,0.012563966310047133,0.9572314113733271,twophase,twophase,26.49834441106905,27.042134384399628,2141.129391944511,78.70499437657462,0.6968769466933209,0.0,0.013344767150556436,0.013344767149451542,1.1048939541069558e-12
12660.0,363.07567621099804,0.0,25.673253774309703,25.471941874329314,25.471941874329314,54.540702541655065,4.608870220227687,0.012562806717130634,0.9573256558035398,twophase,twophase,26.498617965795635,27.042819941676225,2141.129391944511,78.70499437657462,0.6968658768003316,0.0,0.013344767150556436,0.013344767149451542,1.1048939541069558e-12
12680.0,363.0957791216016,0.0,25.673253774309703,25.47221231533581,25.47221231533581,54.54156931083068,4.6087018486373355,0.012561646361829458,0.9574199291421163,twophase,twophase,26.498891592393083,27.043504703748425,2141.129391944511,78.70499437657462,0.6968548022773727,0.0,0.013344767150556436,0.013344767149451542,1.1048939541069558e-12
12700.0,363.115884761571,0.0,25.673253774309703,25.472482782548486,25.472482782548486,54.542436469055446,4.60853341913771,0.012560485245359488,0.9575142313427655,twophase,twophase,26.499165290576602,27.044188672313382,2141.129391944511,78.70499437657462,0.6968437231358385,0.0,0.013344767150556436,0.013344767149451542,1.1048939541069558e-12
12720.0,363.13599312671283,0.0,25.673253774309703,25.472753275907642,25.472753275907642,54.54330401547447,4.608364931915605,0.012559323368935003,0.9576085623592961,twophase,twophase,26.49943906006235,27.044871849064567,2141.129391944511,78.70499437657462,0.6968326393871083,0.0,0.013344767150556436,0.013344767149451542,1.1048939541069558e-12
12740.0,363.1561042128451,0.0,25.673253774309703,25.47302379535374,25.47302379535374,54.54417194923519,4.608196387157422,0.012558160733767055,0.9577029221456153,twophase,twophase,26.499712900567427,27.04555423569179,2141.129391944511,78.70499437657462,0.6968215510425301,0.0,0.013344767150556436,0.013344767149451542,1.1048939541069558e-12
12760.0,363.1762180157949,0.0,25.673253774309703,25.47329434082739,25.47329434082739,54.545040269490784,4.60802778504917,0.012556997341057877,0.9577973106557268,twophase,twophase,26.499986811809876,27.04623583388119,2141.129391944511,78.70499437657462,0.6968104581133782,0.0,0.013344767150556436,0.013344767149451542,1.1048939541069558e-12
12780.0,363.19633453138863,0.0,25.673253774309703,25.473564912269186,25.473564912269186,54.54590897538981,4.607859125776285,0.012555833192017318,0.9578917278437346,twophase,twophase,26.500260793508676,27.046916645315264,2141.129391944511,78.70499437657462,0.6967993606109837,0.0,0.013344767150556436,0.013344767149451542,1.1048939541069558e-12
12800.0,363.21645375547155,0.0,25.673253774309703,25.47383550962,25.47383550962,54.54677806608774,4.607690409523931,0.012554668287844567,0.9579861736638401,twophase,twophase,26.50053484538374,27.047596671672853,2141.129391944511,78.70499437657462,0.6967882585465885,0.0,0.013344767150556436,0.013344767149451542,1.1048939541069558e-12
12820.0,363.23657568388404,0.0,25.673253774309703,25.474106132820637,25.474106132820637,54.54764754073901,4.6075216364766725,0.012553502629740787,0.9580806480703413,twophase,twophase,26.500808967155912,27.048275914629166,2141.129391944511,78.70499437657462,0.6967771519314472,0.0,0.013344767150556436,0.013344767149451542,1.1048939541069558e-12
12840.0,363.25670031248325,0.0,25.673253774309703,25.474376781812136,25.474376781812136,54.5485173985027,4.607352806818749,0.012552336218900104,0.9581751510176346,twophase,twophase,26.50108315854696,27.04895437585578,2141.129391944511,78.70499437657462,0.6967660407767526,0.0,0.013344767150556436,0.013344767149451542,1.1048939541069558e-12
12860.0,363.2768276371347,0.0,25.673253774309703,25.474647456535656,25.474647456535656,54.54938763853645,4.607183920733982,0.012551169056519257,0.9582696824602133,twophase,twophase,26.50135741927959,27.04963205702065,2141.129391944511,78.70499437657462,0.6967549250937158,0.0,0.013344767150556436,0.013344767149451542,1.1048939541069558e-12
12880.0,363.2969576537004,0.0,25.673253774309703,25.474918156932333,25.474918156932333,54.55025826000337,4.6070149784056245,0.012550001143786538,0.9583642423526685,twophase,twophase,26.501631749077415,27.05030895978812,2141.129391944511,78.70499437657462,0.6967438048934763,0.0,0.013344767150556436,0.013344767149451542,1.1048939541069558e-12
12900.0,363.3170903580575,0.0,25.673253774309703,25.47518888294348,25.47518888294348,54.551129262063654,4.606845980016572,0.012548832481895226,0.9584588306496875,twophase,twophase,26.50190614766498,27.050985085818922,2141.129391944511,78.70499437657462,0.6967326801872097,0.0,0.013344767150556436,0.013344767149451542,1.1048939541069558e-12
12920.0,363.33722574609936,0.0,25.673253774309703,25.47545963451069,25.47545963451069,54.55200064388789,4.606676925749438,0.012547663072022498,0.958553447306054,twophase,twophase,26.50218061476774,27.0516604367702,2141.129391944511,78.70499437657462,0.6967215509859578,0.0,0.013344767150556436,0.013344767149451542,1.1048939541069558e-12
12940.0,363.3573638137105,0.0,25.673253774309703,25.47573041157538,25.47573041157538,54.55287240463728,4.606507815786155,0.012546492915360615,0.9586480922766485,twophase,twophase,26.50245515011207,27.05233501429549,2141.129391944511,78.70499437657462,0.6967104173008807,0.0,0.013344767150556436,0.013344767149451542,1.1048939541069558e-12
12960.0,363.37750455678827,0.0,25.673253774309703,25.476001214079215,25.476001214079215,54.55374454348467,4.606338650308338,0.012545322013083678,0.9587427655164475,twophase,twophase,26.502729753425246,27.053008820044766,2141.129391944511,78.70499437657462,0.6966992791429889,0.0,0.013344767150556436,0.013344767149451542,1.1048939541069558e-12
12980.0,363.39764797124326,0.0,25.673253774309703,25.476272041964002,25.476272041964002,54.55461705959933,4.606169429497215,0.01254415036637187,0.9588374669805244,twophase,twophase,26.503004424435463,27.053681855664415,2141.129391944511,78.70499437657462,0.6966881365233374,0.0,0.013344767150556436,0.013344767149451542,1.1048939541069558e-12
13000.0,363.41779405298905,0.0,25.673253774309703,25.476542895171615,25.476542895171615,54.55548995215507,4.606000153533548,0.01254297797639836,0.9589321966240465,twophase,twophase,26.503279162871813,27.05435412279726,2141.129391944511,78.70499437657462,0.696676989452922,0.0,0.013344767150556436,0.013344767149451542,1.1048939541069558e-12
13020.0,363.4379427979422,0.0,25.673253774309703,25.47681377364396,25.47681377364396,54.55636322032492,4.605830822597599,0.012541804844337966,0.9590269544022793,twophase,twophase,26.503553968464296,27.055025623082564,2141.129391944511,78.70499437657462,0.6966658379427472,0.0,0.013344767150556436,0.013344767149451542,1.1048939541069558e-12
13040.0,363.4580942020373,0.0,25.673253774309703,25.477084677323223,25.477084677323223,54.55723686328513,4.605661436869359,0.012540630971360645,0.9591217402705816,twophase,twophase,26.50382884094381,27.055696358156037,2141.129391944511,78.70499437657462,0.696654682003775,0.0,0.013344767150556436,0.013344767149451542,1.1048939541069558e-12
13060.0,363.4782482612069,0.0,25.673253774309703,25.47735560615154,25.47735560615154,54.55811088021577,4.605491996528263,0.012539456358630617,0.9592165541844074,twophase,twophase,26.50410378004215,27.056366329649848,2141.129391944511,78.70499437657462,0.6966435216469178,0.0,0.013344767150556436,0.013344767149451542,1.1048939541069558e-12
13080.0,363.49840497139365,0.0,25.673253774309703,25.47762656007122,25.47762656007122,54.5589852702955,4.605322501753367,0.012538281007314609,0.9593113960993078,twophase,twophase,26.504378785492005,27.05703553919263,2141.129391944511,78.70499437657462,0.6966323568831043,0.0,0.013344767150556436,0.013344767149451542,1.1048939541069558e-12
13100.0,363.5185643285532,0.0,25.673253774309703,25.477897539024724,25.477897539024724,54.559860032706894,4.605152952723359,0.012537104918573556,0.9594062659709259,twophase,twophase,26.504653857026955,27.057703988409486,2141.129391944511,78.70499437657462,0.6966211877232129,0.0,0.013344767150556436,0.013344767149451542,1.1048939541069558e-12
13120.0,363.538726328638,0.0,25.673253774309703,25.478168542954503,25.478168542954503,54.56073516663378,4.604983349616386,0.012535928093566497,0.9595011637550017,twophase,twophase,26.50492899438147,27.058371678921997,2141.129391944511,78.70499437657462,0.6966100141781039,0.0,0.013344767150556436,0.013344767149451542,1.1048939541069558e-12
13140.0,363.55889096761615,0.0,25.673253774309703,25.478439571803232,25.478439571803232,54.56161067126085,4.604813692610292,0.01253475053345166,0.9595960894073675,twophase,twophase,26.5052041972909,27.059038612348235,2141.129391944511,78.70499437657462,0.6965988362586258,0.0,0.013344767150556436,0.013344767149451542,1.1048939541069558e-12
13160.0,363.5790582414603,0.0,25.673253774309703,25.47871062551362,25.47871062551362,54.56248654577685,4.604643981882421,0.012533572239380978,0.9596910428839523,twophase,twophase,26.505479465491486,27.059704790302767,2141.129391944511,78.70499437657462,0.6965876539755743,0.0,0.013344767150556436,0.013344767149451542,1.1048939541069558e-12
13180.0,363.599228146149,0.0,25.673253774309703,25.478981704028502,25.478981704028502,54.56336278937109,4.604474217609732,0.012532393212505728,0.9597860241407762,twophase,twophase,26.505754798720343,27.060370214396656,2141.129391944511,78.70499437657462,0.6965764673397362,0.0,0.013344767150556436,0.013344767149451542,1.1048939541069558e-12
13200.0,363.6194006776707,0.0,25.673253774309703,25.479252807290827,25.479252807290827,54.564239401233166,4.604304399968762,0.012531213453977248,0.9598810331339549,twophase,twophase,26.506030196715464,27.06103488623748,2141.129391944511,78.70499437657462,0.696565276361894,0.0,0.013344767150556436,0.013344767149451542,1.1048939541069558e-12
13220.0,363.6395758320192,0.0,25.673253774309703,25.479523935243652,25.479523935243652,54.56511638055731,4.604134529135638,0.012530032964939675,0.9599760698196977,twophase,twophase,26.506305659215723,27.061698807429334,2141.129391944511,78.70499437657462,0.6965540810527697,0.0,0.013344767150556436,0.013344767149451542,1.1048939541069558e-12
13240.0,363.65975360519695,0.0,25.673253774309703,25.479795087830137,25.479795087830137,54.56599372653889,4.603964605286065,0.012528851746535655,0.9600711341543062,twophase,twophase,26.506581185960858,27.062361979572838,2141.129391944511,78.70499437657462,0.6965428814230695,0.0,0.013344767150556436,0.013344767149451542,1.1048939541069558e-12
13260.0,363.6799339932114,0.0,25.673253774309703,25.480066264993518,25.480066264993518,54.56687143837221,4.603794628595307,0.012527669799909862,0.9601662260941758,twophase,twophase,26.506856776691478,27.063024404265143,2141.129391944511,78.70499437657462,0.696531677483512,0.0,0.013344767150556436,0.013344767149451542,1.1048939541069558e-12
13280.0,363.70011699208203,0.0,25.673253774309703,25.480337466677216,25.480337466677216,54.567749515259095,4.603624599238291,0.012526487126195304,0.9602613455957953,twophase,twophase,26.50713243114906,27.063686083099938,2141.129391944511,78.70499437657462,0.6965204692447186,0.0,0.013344767150556436,0.013344767149451542,1.1048939541069558e-12
13300.0,363.7203025978296,0.0,25.673253774309703,25.480608692824664,25.480608692824664,54.5686279563968,4.603454517389434,0.01252530372653254,0.9603564926157454,twophase,twophase,26.507408149075943,27.064347017667465,2141.129391944511,78.70499437657462,0.6965092567173681,0.0,0.013344767150556436,0.013344767149451542,1.1048939541069558e-12
13320.0,363.7404908064841,0.0,25.673253774309703,25.48087994337944,25.48087994337944,54.56950676098866,4.603284383222789,0.012524119602052783,0.9604516671106994,twophase,twophase,26.50768393021533,27.065007209554523,2141.129391944511,78.70499437657462,0.6964980399120605,0.0,0.013344767150556436,0.013344767149451542,1.1048939541069558e-12
13340.0,363.7606816140866,0.0,25.673253774309703,25.481151218285262,25.481151218285262,54.570385928239126,4.60311419691203,0.012522934753885762,0.960546869037423,twophase,twophase,26.507959774311278,27.065666660344466,2141.129391944511,78.70499437657462,0.69648681883938,0.0,0.013344767150556436,0.013344767149451542,1.1048939541069558e-12
13360.0,363.7808750166778,0.0,25.673253774309703,25.481422517485864,25.481422517485864,54.57126545735164,4.602943958630326,0.012521749183163157,0.9606420983527755,twophase,twophase,26.5082356811087,27.06632537161722,2141.129391944511,78.70499437657462,0.6964755935099228,0.0,0.013344767150556436,0.013344767149451542,1.1048939541069558e-12
13380.0,363.80107101031604,0.0,25.673253774309703,25.48169384092522,25.48169384092522,54.572145347536114,4.602773668550574,0.01252056289100662,0.9607373550137055,twophase,twophase,26.50851165035337,27.066983344949293,2141.129391944511,78.70499437657462,0.6964643639342014,0.0,0.013344767150556436,0.013344767149451542,1.1048939541069558e-12
13400.0,363.8212695910539,0.0,25.673253774309703,25.48196518854724,25.48196518854724,54.57302559800018,4.6026033268451005,0.012519375878541652,0.9608326389772559,twophase,twophase,26.5087876817919,27.067640581913775,2141.129391944511,78.70499437657462,0.6964531301227563,0.0,0.013344767150556436,0.013344767149451542,1.1048939541069558e-12
13420.0,363.841470754963,0.0,25.673253774309703,25.482236560296098,25.482236560296098,54.573906207954344,4.602432933685978,0.01251818814688967,0.9609279502005592,twophase,twophase,26.509063775171757,27.06829708408035,2141.129391944511,78.70499437657462,0.69644189208609,0.0,0.013344767150556436,0.013344767149451542,1.1048939541069558e-12
13440.0,363.8616744981147,0.0,25.673253774309703,25.48250795611596,25.48250795611596,54.57478717661328,4.602262489244762,0.012516999697165602,0.961023288640841,twophase,twophase,26.50933993024125,27.0689528530153,2141.129391944511,78.70499437657462,0.6964306498346504,0.0,0.013344767150556436,0.013344767149451542,1.1048939541069558e-12
13460.0,363.8818808165903,0.0,25.673253774309703,25.482779375951164,25.482779375951164,54.5756685031908,4.60209199369267,0.012515810530486107,0.9611186542554165,twophase,twophase,26.50961614674953,27.069607890281517,2141.129391944511,78.70499437657462,0.6964194033788959,0.0,0.013344767150556436,0.013344767149451542,1.1048939541069558e-12
13480.0,363.902089706475,0.0,25.673253774309703,25.48305081974607,25.48305081974607,54.57655018690275,4.601921447200438,0.012514620647964868,0.9612140470016927,twophase,twophase,26.50989242444659,27.070262197438506,2141.129391944511,78.70499437657462,0.6964081527292569,0.0,0.013344767150556436,0.013344767149451542,1.1048939541069558e-12
13500.0,363.92230116387117,0.0,25.673253774309703,25.483322287445308,25.483322287445308,54.57743222696825,4.601750849938552,0.012513430050710775,0.961309466837167,twophase,twophase,26.510168763083257,27.070915776042394,2141.129391944511,78.70499437657462,0.6963968978961221,0.0,0.013344767150556436,0.013344767149451542,1.1048939541069558e-12
13520.0,363.94251518487135,0.0,25.673253774309703,25.48359377899336,25.48359377899336,54.578314622604616,4.601580202076863,0.012512238739835714,0.961404913719428,twophase,twophase,26.510445162411195,27.071568627645938,2141.129391944511,78.70499437657462,0.6963856388899009,0.0,0.013344767150556436,0.013344767149451542,1.1048939541069558e-12
13540.0,363.96273176559504,0.0,25.673253774309703,25.4838652943351,25.4838652943351,54.57919737303749,4.601409503785084,0.012511046716438746,0.9615003876061543,twophase,twophase,26.510721622182896,27.072220753798533,2141.129391944511,78.70499437657462,0.6963743757208957,0.0,0.013344767150556436,0.013344767149451542,1.1048939541069558e-12
13560.0,363.9829509021517,0.0,25.673253774309703,25.48413683341526,25.48413683341526,54.58008047748597,4.601238755232307,0.012509853981629588,0.9615958884551143,twophase,twophase,26.510998142151685,27.072872156046216,2141.129391944511,78.70499437657462,0.6963631083994914,0.0,0.013344767150556436,0.013344767149451542,1.1048939541069558e-12
13580.0,364.00317259066566,0.0,25.673253774309703,25.48440839617879,25.48440839617879,54.580963935178104,4.601067956587325,0.012508660536503997,0.9616914162241669,twophase,twophase,26.51127472207171,27.073522835931676,2141.129391944511,78.70499437657462,0.6963518369359577,0.0,0.013344767150556436,0.013344767149451542,1.1048939541069558e-12
13600.0,364.0233968272663,0.0,25.673253774309703,25.484679982570704,25.484679982570704,54.5818477453391,4.600897108018497,0.012507466382162607,0.9617869708712605,twophase,twophase,26.511551361697947,27.07417279499426,2141.129391944511,78.70499437657462,0.696340561340599,0.0,0.013344767150556436,0.013344767149451542,1.1048939541069558e-12
13620.0,364.0436236080947,0.0,25.673253774309703,25.4849515925362,25.4849515925362,54.582731907198756,4.6007262096938595,0.012506271519698993,0.9618825523544342,twophase,twophase,26.511828060786186,27.074822034769987,2141.129391944511,78.70499437657462,0.6963292816236599,0.0,0.013344767150556436,0.013344767149451542,1.1048939541069558e-12
13640.0,364.0638529292903,0.0,25.673253774309703,25.485223226020448,25.485223226020448,54.58361641998623,4.600555261780937,0.012505075950208024,0.9619781606318137,twophase,twophase,26.512104819093043,27.07547055679154,2141.129391944511,78.70499437657462,0.6963179977953927,0.0,0.013344767150556436,0.013344767149451542,1.1048939541069558e-12
13660.0,364.08408478701045,0.0,25.673253774309703,25.485494882968865,25.485494882968865,54.58450128293498,4.600384264446983,0.012503879674778125,0.9620737956616171,twophase,twophase,26.512381636375945,27.07611836258829,2141.129391944511,78.70499437657462,0.6963067098659931,0.0,0.013344767150556436,0.013344767149451542,1.1048939541069558e-12
13680.0,364.1043191774082,0.0,25.673253774309703,25.485766563326827,25.485766563326827,54.58538649527656,4.6002132178587205,0.012502682694500868,0.9621694574021505,twophase,twophase,26.512658512393138,27.07676545368629,2141.129391944511,78.70499437657462,0.69629541784568,0.0,0.013344767150556436,0.013344767149451542,1.1048939541069558e-12
13700.0,364.12455609665335,0.0,25.673253774309703,25.486038267039934,25.486038267039934,54.58627205624949,4.600042122182605,0.01250148501045721,0.9622651458118076,twophase,twophase,26.512935446903672,27.077411831608288,2141.129391944511,78.70499437657462,0.6962841217445827,0.0,0.013344767150556436,0.013344767149451542,1.1048939541069558e-12
13720.0,364.14479554091383,0.0,25.673253774309703,25.486309994053784,25.486309994053784,54.587157965088764,4.599870977584593,0.01250028662373388,0.9623608608490718,twophase,twophase,26.51321243966741,27.078057497873743,2141.129391944511,78.70499437657462,0.696272821572874,0.0,0.013344767150556436,0.013344767149451542,1.1048939541069558e-12
13740.0,364.16503750637565,0.0,25.673253774309703,25.48658174431421,25.48658174431421,54.58804422103569,4.599699784230376,0.012499087535407951,0.9624566024725149,twophase,twophase,26.513489490445018,27.078702453998815,2141.129391944511,78.70499437657462,0.696261517340645,0.0,0.013344767150556436,0.013344767149451542,1.1048939541069558e-12
13760.0,364.1852819892154,0.0,25.673253774309703,25.486853517766935,25.486853517766935,54.588930823327026,4.599528542285045,0.012497887746563902,0.9625523706407978,twophase,twophase,26.513766598997965,27.079346701496384,2141.129391944511,78.70499437657462,0.6962502090580438,0.0,0.013344767150556436,0.013344767149451542,1.1048939541069558e-12
13780.0,364.20552898563386,0.0,25.673253774309703,25.48712531435801,25.48712531435801,54.58981777120897,4.599357251913532,0.012496687258271586,0.962648165312667,twophase,twophase,26.514043765088523,27.07999024187605,2141.129391944511,78.70499437657462,0.6962388967350972,0.0,0.013344767150556436,0.013344767149451542,1.1048939541069558e-12
13800.0,364.2257784918301,0.0,25.673253774309703,25.487397134033476,25.487397134033476,54.59070506392389,4.599185913280258,0.012495486071607222,0.96274398644696,twophase,twophase,26.514320988479763,27.08063307664415,2141.129391944511,78.70499437657462,0.6962275803818793,0.0,0.013344767150556436,0.013344767149451542,1.1048939541069558e-12
13820.0,364.2460305040096,0.0,25.673253774309703,25.487668976739467,25.487668976739467,54.59159270071733,4.599014526549261,0.01249428418764228,0.9628398340025992,twophase,twophase,26.51459826893555,27.081275207303754,2141.129391944511,78.70499437657462,0.6962162600084228,0.0,0.013344767150556436,0.013344767149451542,1.1048939541069558e-12
13840.0,364.2662850183865,0.0,25.673253774309703,25.487940842422233,25.487940842422233,54.59248068083661,4.598843091884192,0.01249308160744554,0.9629357079385965,twophase,twophase,26.514875606220542,27.081916635354677,2141.129391944511,78.70499437657462,0.6962049356247367,0.0,0.013344767150556436,0.013344767149451542,1.1048939541069558e-12
13860.0,364.2865420311835,0.0,25.673253774309703,25.488212731028167,25.488212731028167,54.593369003533056,4.598671609448364,0.012491878332079905,0.9630316082140501,twophase,twophase,26.515153000100188,27.082557362293485,2141.129391944511,78.70499437657462,0.6961936072407775,0.0,0.013344767150556436,0.013344767149451542,1.1048939541069558e-12
13880.0,364.3068015386245,0.0,25.673253774309703,25.48848464250366,25.48848464250366,54.59425766805425,4.5985000794046105,0.012490674362614342,0.963127534788145,twophase,twophase,26.515430450340723,27.08319738961351,2141.129391944511,78.70499437657462,0.6961822748665488,0.0,0.013344767150556436,0.013344767149451542,1.1048939541069558e-12
13900.0,364.3270635369492,0.0,25.673253774309703,25.488756576795343,25.488756576795343,54.595146673656636,4.598328501915497,0.012489469700104167,0.9632234876201545,twophase,twophase,26.51570795670917,27.083836718804843,2141.129391944511,78.70499437657462,0.6961709385119395,0.0,0.013344767150556436,0.013344767149451542,1.1048939541069558e-12
13920.0,364.3473280223957,0.0,25.673253774309703,25.489028533849826,25.489028533849826,54.59603601959139,4.5981568771431,0.012488264345613235,0.9633194666694379,twophase,twophase,26.51598551897334,27.08447535135435,2141.129391944511,78.70499437657462,0.6961595981869049,0.0,0.013344767150556436,0.013344767149451542,1.1048939541069558e-12
13940.0,364.3675949912102,0.0,25.673253774309703,25.48930051361384,25.48930051361384,54.59692570511461,4.597985205249139,0.01248705830019789,0.9634154718954403,twophase,twophase,26.516263136901816,27.08511328874568,2141.129391944511,78.70499437657462,0.6961482539013365,0.0,0.013344767150556436,0.013344767149451542,1.1048939541069558e-12
13960.0,364.3878644396544,0.0,25.673253774309703,25.48957251603433,25.48957251603433,54.597815729486165,4.597813486395038,0.012485851564908768,0.9635115032576949,twophase,twophase,26.51654081026396,27.08575053245927,2141.129391944511,78.70499437657462,0.6961369056650764,0.0,0.013344767150556436,0.013344767149451542,1.1048939541069558e-12
13980.0,364.40813636398633,0.0,25.673253774309703,25.489844541058186,25.489844541058186,54.59870609196264,4.597641720741719,0.012484644140802042,0.9636075607158197,twophase,twophase,26.516818538829916,27.086387083972344,2141.129391944511,78.70499437657462,0.6961255534880074,0.0,0.013344767150556436,0.013344767149451542,1.1048939541069558e-12
14000.0,364.42841076047324,0.0,25.673253774309703,25.49011658863245,25.49011658863245,54.59959679180699,4.597469908449751,0.012483436028923918,0.9637036442295187,twophase,twophase,26.517096322370595,27.087022944758935,2141.129391944511,78.70499437657462,0.6961141973799302,0.0,0.013344767150556436,0.013344767149451542,1.1048939541069558e-12
14020.0,364.4486876253924,0.0,25.673253774309703,25.490388658704298,25.490388658704298,54.600487828280194,4.597298049679371,0.012482227230324154,0.9637997537585822,twophase,twophase,26.517374160657685,27.087658116289884,2141.129391944511,78.70499437657462,0.6961028373506694,0.0,0.013344767150556436,0.013344767149451542,1.1048939541069558e-12
14040.0,364.4689669550282,0.0,25.673253774309703,25.490660751221,25.490660751221,54.6013792006467,4.597126144590424,0.012481017746047231,0.9638958892628863,twophase,twophase,26.517652053463635,27.08829260003284,2141.129391944511,78.70499437657462,0.6960914734100044,0.0,0.013344767150556436,0.013344767149451542,1.1048939541069558e-12
14060.0,364.48924874566825,0.0,25.673253774309703,25.490932866129906,25.490932866129906,54.60227090817529,4.5969541933423566,0.012479807577130946,0.9639920507023927,twophase,twophase,26.51793000056167,27.088926397452283,2141.129391944511,78.70499437657462,0.6960801055676582,0.0,0.013344767150556436,0.013344767149451542,1.1048939541069558e-12
14080.0,364.50953299360754,0.0,25.673253774309703,25.491205003378447,25.491205003378447,54.60316295012989,4.596782196094228,0.012478596724621193,0.9640882380371475,twophase,twophase,26.518208001725768,27.089559510009515,2141.129391944511,78.70499437657462,0.6960687338334147,0.0,0.013344767150556436,0.013344767149451542,1.1048939541069558e-12
14100.0,364.5298196951485,0.0,25.673253774309703,25.491477162914165,25.491477162914165,54.60405532578075,4.596610153004734,0.012477385189554038,0.9641844512272818,twophase,twophase,26.518486056730676,27.09019193916268,2141.129391944511,78.70499437657462,0.6960573582169757,0.0,0.013344767150556436,0.013344767149451542,1.1048939541069558e-12
14120.0,364.55010884660373,0.0,25.673253774309703,25.49174934468475,25.49174934468475,54.60494803439993,4.596438064232231,0.012476172972962949,0.9642806902330132,twophase,twophase,26.518764165351897,27.090823686366758,2141.129391944511,78.70499437657462,0.6960459787280193,0.0,0.013344767150556436,0.013344767149451542,1.1048939541069558e-12
14140.0,364.5704004442821,0.0,25.673253774309703,25.49202154863784,25.49202154863784,54.605841075257295,4.596265929934569,0.01247496007588511,0.9643769550146426,twophase,twophase,26.51904232736569,27.091454753073585,2141.129391944511,78.70499437657462,0.6960345953762502,0.0,0.013344767150556436,0.013344767149451542,1.1048939541069558e-12
14160.0,364.59069448451777,0.0,25.673253774309703,25.492293774721443,25.492293774721443,54.606734447630856,4.596093750269474,0.012473746499345163,0.9644732455325562,twophase,twophase,26.519320542549067,27.09208514073185,2141.129391944511,78.70499437657462,0.6960232081712681,0.0,0.013344767150556436,0.013344767149451542,1.1048939541069558e-12
14180.0,364.6109909636278,0.0,25.673253774309703,25.492566022883327,25.492566022883327,54.60762815079147,4.595921525393988,0.012472532244379213,0.9645695617472236,twophase,twophase,26.519598810679796,27.092714850787107,2141.129391944511,78.70499437657462,0.6960118171227633,0.0,0.013344767150556436,0.013344767149451542,1.1048939541069558e-12
14200.0,364.6312898779598,0.0,25.673253774309703,25.492838293071696,25.492838293071696,54.608522184022604,4.5957492554650905,0.012471317312003752,0.9646659036191991,twophase,twophase,26.519877131536386,27.093343884681783,2141.129391944511,78.70499437657462,0.6960004222402635,0.0,0.013344767150556436,0.013344767149451542,1.1048939541069558e-12
14220.0,364.65159122384773,0.0,25.673253774309703,25.49311058523454,25.49311058523454,54.60941654659678,4.595576940639104,0.012470101703252846,0.9647622711091214,twophase,twophase,26.520155504898103,27.093972243855173,2141.129391944511,78.70499437657462,0.6959890235334356,0.0,0.013344767150556436,0.013344767149451542,1.1048939541069558e-12
14240.0,364.6718949976491,0.0,25.673253774309703,25.493382899320213,25.493382899320213,54.610311237799785,4.595404581072223,0.012468885419139798,0.9648586641777136,twophase,twophase,26.520433930544954,27.094599929743467,2141.129391944511,78.70499437657462,0.6959776210117756,0.0,0.013344767150556436,0.013344767149451542,1.1048939541069558e-12
14260.0,364.6922011957121,0.0,25.673253774309703,25.493655235276936,25.493655235276936,54.611206256912354,4.595232176920069,0.012467668460686124,0.964955082785779,twophase,twophase,26.520712408257683,27.09522694377974,2141.129391944511,78.70499437657462,0.6959662146848434,0.0,0.013344767150556436,0.013344767149451542,1.1048939541069558e-12
14280.0,364.7125098144065,0.0,25.673253774309703,25.493927593053233,25.493927593053233,54.61210160321741,4.5950597283380725,0.012466450828910318,0.9650515268942091,twophase,twophase,26.520990937817782,27.09585328739396,2141.129391944511,78.70499437657462,0.6959548045621697,0.0,0.013344767150556436,0.013344767149451542,1.1048939541069558e-12
14300.0,364.7328208500967,0.0,25.673253774309703,25.494199972597546,25.494199972597546,54.612997275999646,4.59488723548114,0.012465232524828073,0.9651479964639754,twophase,twophase,26.521269519007472,27.096478962013013,2141.129391944511,78.70499437657462,0.6959433906532616,0.0,0.013344767150556436,0.013344767149451542,1.1048939541069558e-12
14320.0,364.75313429916406,0.0,25.673253774309703,25.494472373858574,25.494472373858574,54.61389327454943,4.594714698503956,0.012464013549446519,0.9652444914561341,twophase,twophase,26.521548151609714,27.09710396906068,2141.129391944511,78.70499437657462,0.6959319729675525,0.0,0.013344767150556436,0.013344767149451542,1.1048939541069558e-12
14340.0,364.7734501579891,0.0,25.673253774309703,25.494744796784996,25.494744796784996,54.614789598152605,4.594542117560731,0.01246279390378023,0.9653410118318234,twophase,twophase,26.521826835408206,27.09772830995767,2141.129391944511,78.70499437657462,0.6959205515145329,0.0,0.013344767150556436,0.013344767149451542,1.1048939541069558e-12
14360.0,364.79376842296,0.0,25.673253774309703,25.49501724132562,25.49501724132562,54.61568624609993,4.594369492805338,0.012461573588836114,0.9654375575522642,twophase,twophase,26.522105570187367,27.098351986121614,2141.129391944511,78.70499437657462,0.695909126303629,0.0,0.013344767150556436,0.013344767149451542,1.1048939541069558e-12
14380.0,364.81408909047093,0.0,25.673253774309703,25.49528970742932,25.49528970742932,54.61658321768365,4.594196824391265,0.012460352605619087,0.9655341285787608,twophase,twophase,26.522384355732353,27.09897499896707,2141.129391944511,78.70499437657462,0.6958976973442477,0.0,0.013344767150556436,0.013344767149451542,1.1048939541069558e-12
14400.0,364.83441215692955,0.0,25.673253774309703,25.495562195045174,25.495562195045174,54.617480512197154,4.594024112471726,0.012459130955132507,0.9656307248726996,twophase,twophase,26.52266319182904,27.09959734990554,2141.129391944511,78.70499437657462,0.6958862646457794,0.0,0.013344767150556436,0.013344767149451542,1.1048939541069558e-12
14420.0,364.8547376187416,0.0,25.673253774309703,25.495834704122238,25.495834704122238,54.61837812893588,4.593851357199474,0.012457908638376704,0.9657273463955482,twophase,twophase,26.522942078264027,27.10021904034547,2141.129391944511,78.70499437657462,0.6958748282175882,0.0,0.013344767150556436,0.013344767149451542,1.1048939541069558e-12
14440.0,364.8750654723255,0.0,25.673253774309703,25.496107234609735,25.496107234609735,54.61927606719498,4.593678558726954,0.012456685656352724,0.9658239931088576,twophase,twophase,26.523221014824642,27.100840071692247,2141.129391944511,78.70499437657462,0.6958633880690401,0.0,0.013344767150556436,0.013344767149451542,1.1048939541069558e-12
14460.0,364.89539571410097,0.0,25.673253774309703,25.496379786456934,25.496379786456934,54.620174326275915,4.593505717206216,0.01245546201005188,0.96592066497426,twophase,twophase,26.523500001298924,27.10146044534823,2141.129391944511,78.70499437657462,0.6958519442094199,0.0,0.013344767150556436,0.013344767149451542,1.1048939541069558e-12
14480.0,364.91572834050027,0.0,25.673253774309703,25.49665235961327,25.49665235961327,54.621072905475835,4.593332832789003,0.01245423770047257,0.9660173619534694,twophase,twophase,26.523779037475634,27.102080162712735,2141.129391944511,78.70499437657462,0.6958404966480661,0.0,0.013344767150556436,0.013344767149451542,1.1048939541069558e-12
14500.0,364.93606334795345,0.0,25.673253774309703,25.496924954028152,25.496924954028152,54.62197180409601,4.593159905626599,0.012453012728606926,0.966114084008281,twophase,twophase,26.524058123144243,27.102699225182047,2141.129391944511,78.70499437657462,0.6958290453942639,0.0,0.013344767150556436,0.013344767149451542,1.1048939541069558e-12
14520.0,364.95640073290616,0.0,25.673253774309703,25.4971975696512,25.4971975696512,54.62287102144041,4.592986935870023,0.01245178709544303,0.9662108311005719,twophase,twophase,26.52433725809494,27.103317634149434,2141.129391944511,78.70499437657462,0.6958175904572632,0.0,0.013344767150556436,0.013344767149451542,1.1048939541069558e-12
14540.0,364.97674049180466,0.0,25.673253774309703,25.497470206432062,25.497470206432062,54.6237705568122,4.5928139236698895,0.012450560801970562,0.9663076031922999,twophase,twophase,26.524616442118614,27.103935391005145,2141.129391944511,78.70499437657462,0.6958061318463223,0.0,0.013344767150556436,0.013344767149451542,1.1048939541069558e-12
14560.0,364.99708262110636,0.0,25.673253774309703,25.497742864320553,25.497742864320553,54.62467040951916,4.59264086917651,0.012449333849172005,0.9664044002455037,twophase,twophase,26.524895675006874,27.10455249713642,2141.129391944511,78.70499437657462,0.6957946695706406,0.0,0.013344767150556436,0.013344767149451542,1.1048939541069558e-12
14580.0,365.0174271172706,0.0,25.673253774309703,25.49801554326648,25.49801554326648,54.625570578869166,4.59246777253975,0.012448106238030058,0.966501222222303,twophase,twophase,26.52517495655203,27.1051689539275,2141.129391944511,78.70499437657462,0.6957832036394144,0.0,0.013344767150556436,0.013344767149451542,1.1048939541069558e-12
14600.0,365.03777397676856,0.0,25.673253774309703,25.498288243219868,25.498288243219868,54.626471064168804,4.592294633909238,0.012446877969529745,0.9665980690848981,twophase,twophase,26.525454286547088,27.105784762759622,2141.129391944511,78.70499437657462,0.695771734061856,0.0,0.013344767150556436,0.013344767149451542,1.1048939541069558e-12
14620.0,365.0581231960699,0.0,25.673253774309703,25.498560964130693,25.498560964130693,54.62737186473191,4.592121453434103,0.012445649044644699,0.9666949407955704,twophase,twophase,26.525733664785765,27.10639992501104,2141.129391944511,78.70499437657462,0.695760260847084,0.0,0.013344767150556436,0.013344767149451542,1.1048939541069558e-12
14640.0,365.078474771656,0.0,25.673253774309703,25.49883370594911,25.49883370594911,54.628272979868,4.591948231263215,0.012444419464355769,0.9667918373166802,twophase,twophase,26.526013091062474,27.10701444205702,2141.129391944511,78.70499437657462,0.695748784004271,0.0,0.013344767150556436,0.013344767149451542,1.1048939541069558e-12
14660.0,365.0988287000197,0.0,25.673253774309703,25.49910646862544,25.49910646862544,54.62917440889344,4.591774967545144,0.012443189229633209,0.966888758610669,twophase,twophase,26.52629256517232,27.10762831526986,2141.129391944511,78.70499437657462,0.6957373035425012,0.0,0.013344767150556436,0.013344767149451542,1.1048939541069558e-12
14680.0,365.11918497764725,0.0,25.673253774309703,25.49937925210991,25.49937925210991,54.63007615112143,4.591601662427947,0.012441958341452442,0.966985704640058,twophase,twophase,26.52657208691111,27.108241546018878,2141.129391944511,78.70499437657462,0.6957258194708983,0.0,0.013344767150556436,0.013344767149451542,1.1048939541069558e-12
14700.0,365.13954360104105,0.0,25.673253774309703,25.49965205635296,25.49965205635296,54.63097820587011,4.591428316059425,0.012440726800781381,0.9670826753674477,twophase,twophase,26.526851656075333,27.10885413567043,2141.129391944511,78.70499437657462,0.6957143317985219,0.0,0.013344767150556436,0.013344767149451542,1.1048939541069558e-12
14720.0,365.1599045667105,0.0,25.673253774309703,25.499924881305173,25.499924881305173,54.6318805724582,4.59125492858709,0.012439494608587268,0.9671796707555185,twophase,twophase,26.52713127246218,27.10946608558792,2141.129391944511,78.70499437657462,0.695702840534423,0.0,0.013344767150556436,0.013344767149451542,1.1048939541069558e-12
14740.0,365.18026787116804,0.0,25.673253774309703,25.500197726917154,25.500197726917154,54.632783250204845,4.591081500158025,0.012438261765836928,0.967276690767031,twophase,twophase,26.527410935869526,27.110077397131796,2141.129391944511,78.70499437657462,0.6956913456876468,0.0,0.013344767150556436,0.013344767149451542,1.1048939541069558e-12
14760.0,365.200633510926,0.0,25.673253774309703,25.500470593139493,25.500470593139493,54.63368623843101,4.590908030918878,0.012437028273494473,0.9673737353648232,twophase,twophase,26.527690646095923,27.110688071659567,2141.129391944511,78.70499437657462,0.6956798472672131,0.0,0.013344767150556436,0.013344767149451542,1.1048939541069558e-12
14780.0,365.2210014825182,0.0,25.673253774309703,25.500743479923113,25.500743479923113,54.63458953646081,4.590734521016156,0.01243579413251935,0.9674708045118144,twophase,twophase,26.527970402940614,27.111298110525798,2141.129391944511,78.70499437657462,0.6956683452821019,0.0,0.013344767150556436,0.013344767149451542,1.1048939541069558e-12
14800.0,365.24137178247366,0.0,25.673253774309703,25.50101638721887,25.50101638721887,54.635493143617936,4.590560970595883,0.012434559343871929,0.9675678981710006,twophase,twophase,26.528250206203523,27.111907515082127,2141.129391944511,78.70499437657462,0.6956568397412966,0.0,0.013344767150556436,0.013344767149451542,1.1048939541069558e-12
14820.0,365.26174440732905,0.0,25.673253774309703,25.501289314977704,25.501289314977704,54.63639705922908,4.5903873798037225,0.012433323908507937,0.9676650163054589,twophase,twophase,26.528530055685255,27.112516286677266,2141.129391944511,78.70499437657462,0.6956453306537417,0.0,0.013344767150556436,0.013344767149451542,1.1048939541069558e-12
14840.0,365.2821193536304,0.0,25.673253774309703,25.501562263150728,25.501562263150728,54.63730128262251,4.590213748785068,0.012432087827381014,0.9677621588783426,twophase,twophase,26.52880995118709,27.113124426657006,2141.129391944511,78.70499437657462,0.6956338180283606,0.0,0.013344767150556436,0.013344767149451542,1.1048939541069558e-12
14860.0,365.30249661793226,0.0,25.673253774309703,25.50183523168915,25.50183523168915,54.63820581312515,4.590040077684973,0.012430851101447158,0.967859325852885,twophase,twophase,26.529089892510978,27.113731936364225,2141.129391944511,78.70499437657462,0.6956223018740924,0.0,0.013344767150556436,0.013344767149451542,1.1048939541069558e-12
14880.0,365.32287619678635,0.0,25.673253774309703,25.502108220544145,25.502108220544145,54.639110650071004,4.589866366648027,0.012429613731651187,0.9679565171923973,twophase,twophase,26.529369879459548,27.1143388171389,2141.129391944511,78.70499437657462,0.6956107821997858,0.0,0.013344767150556436,0.013344767149451542,1.1048939541069558e-12
14900.0,365.3432580867574,0.0,25.673253774309703,25.50238122966709,25.50238122966709,54.64001579278824,4.589692615818583,0.012428375718947686,0.9680537328602682,twophase,twophase,26.5296499118361,27.114945070318104,2141.129391944511,78.70499437657462,0.6955992590143619,0.0,0.013344767150556436,0.013344767149451542,1.1048939541069558e-12
14920.0,365.3636422844178,0.0,25.673253774309703,25.502654259009464,25.502654259009464,54.640921240612045,4.589518825340655,0.012427137064280228,0.9681509728199653,twophase,twophase,26.529929989444597,27.115550697236017,2141.129391944511,78.70499437657462,0.6955877323266522,0.0,0.013344767150556436,0.013344767149451542,1.1048939541069558e-12
14940.0,365.38402878634395,0.0,25.673253774309703,25.502927308522786,25.502927308522786,54.64182699287904,4.589344995357873,0.012425897768590296,0.9682482370350332,twophase,twophase,26.53021011208967,27.116155699223935,2141.129391944511,78.70499437657462,0.6955762021454681,0.0,0.013344767150556436,0.013344767149451542,1.1048939541069558e-12
14960.0,365.40441758911413,0.0,25.673253774309703,25.503200378158645,25.503200378158645,54.64273304892413,4.589171126013506,0.01242465783282242,0.9683455254690937,twophase,twophase,26.530490279576618,27.11676007761027,2141.129391944511,78.70499437657462,0.6955646684796427,0.0,0.013344767150556436,0.013344767149451542,1.1048939541069558e-12
14980.0,365.4248086893217,0.0,25.673253774309703,25.503473467868805,25.503473467868805,54.64363940808548,4.588997217450556,0.012423417257916188,0.9684428380858467,twophase,twophase,26.5307704917114,27.117363833720557,2141.129391944511,78.70499437657462,0.695553131337966,0.0,0.013344767150556436,0.013344767149451542,1.1048939541069558e-12
15000.0,365.445202083557,0.0,25.673253774309703,25.503746577605014,25.503746577605014,54.6445460697026,4.588823269811593,0.012422176044809271,0.9685401748490692,twophase,twophase,26.531050748300633,27.117966968877468,2141.129391944511,78.70499437657462,0.6955415907292097,0.0,0.013344767150556436,0.013344767149451542,1.1048939541069558e-12
15020.0,365.46559776842344,0.0,25.673253774309703,25.50401970731921,25.50401970731921,54.64545303311527,4.588649283238928,0.012420934194439227,0.9686375357226161,twophase,twophase,26.531331049151593,27.118569484400812,2141.129391944511,78.70499437657462,0.6955300466621417,0.0,0.013344767150556436,0.013344767149451542,1.1048939541069558e-12
15040.0,365.4859957405327,0.0,25.673253774309703,25.504292856963424,25.504292856963424,54.64636029766924,4.588475257874555,0.01241969170773428,0.9687349206704172,twophase,twophase,26.531611394072215,27.11917138160754,2141.129391944511,78.70499437657462,0.695518499145452,0.0,0.013344767150556436,0.013344767149451542,1.1048939541069558e-12
15060.0,365.5063959964925,0.0,25.673253774309703,25.504566026489666,25.504566026489666,54.64726786270648,4.588301193860014,0.012418448585628928,0.9688323296564798,twophase,twophase,26.53189178287108,27.119772661811755,2141.129391944511,78.70499437657462,0.6955069481878788,0.0,0.013344767150556436,0.013344767149451542,1.1048939541069558e-12
15080.0,365.52679853292256,0.0,25.673253774309703,25.504839215850097,25.504839215850097,54.64817572757121,4.588127091336565,0.01241720482905433,0.9689297626448893,twophase,twophase,26.53217221535743,27.120373326324714,2141.129391944511,78.70499437657462,0.6954953937981297,0.0,0.013344767150556436,0.013344767149451542,1.1048939541069558e-12
15100.0,365.54720334645526,0.0,25.673253774309703,25.505112424997066,25.505112424997066,54.64908389161297,4.587952950445231,0.012415960438933569,0.9690272195998052,twophase,twophase,26.532452691341152,27.120973376454838,2141.129391944511,78.70499437657462,0.695483835984844,0.0,0.013344767150556436,0.013344767149451542,1.1048939541069558e-12
15120.0,365.56761043371756,0.0,25.673253774309703,25.505385653882843,25.505385653882843,54.64999235417846,4.587778771326537,0.012414715416194275,0.9691247004854653,twophase,twophase,26.53273321063278,27.12157281350772,2141.129391944511,78.70499437657462,0.6954722747566959,0.0,0.013344767150556436,0.013344767149451542,1.1048939541069558e-12
15140.0,365.5880197913512,0.0,25.673253774309703,25.505658902459924,25.505658902459924,54.65090111461967,4.587604554120801,0.01241346976175601,0.9692222052661819,twophase,twophase,26.533013773043493,27.122171638786124,2141.129391944511,78.70499437657462,0.6954607101222916,0.0,0.013344767150556436,0.013344767149451542,1.1048939541069558e-12
15160.0,365.60843141599804,0.0,25.673253774309703,25.505932170680804,25.505932170680804,54.651810172285145,4.587430298967925,0.01241222347654411,0.9693197339063443,twophase,twophase,26.533294378385115,27.122769853589997,2141.129391944511,78.70499437657462,0.6954491420902799,0.0,0.013344767150556436,0.013344767149451542,1.1048939541069558e-12
15180.0,365.62884530430796,0.0,25.673253774309703,25.50620545849807,25.50620545849807,54.65271952652704,4.5872560060074825,0.01241097656147833,0.969417286370417,twophase,twophase,26.53357502647011,27.123367459216475,2141.129391944511,78.70499437657462,0.6954375706692625,0.0,0.013344767150556436,0.013344767149451542,1.1048939541069558e-12
15200.0,365.6492614529424,0.0,25.673253774309703,25.506478765864514,25.506478765864514,54.653629176702076,4.58708167537882,0.012409729017471413,0.9695148626229401,twophase,twophase,26.533855717111585,27.123964456959886,2141.129391944511,78.70499437657462,0.6954259958677824,0.0,0.013344767150556436,0.013344767149451542,1.1048939541069558e-12
15220.0,365.66967985856144,0.0,25.673253774309703,25.506752092732878,25.506752092732878,54.65453912216576,4.586907307220827,0.012408480845438295,0.9696124626285282,twophase,twophase,26.534136450123277,27.124560848111756,2141.129391944511,78.70499437657462,0.6954144176943968,0.0,0.013344767150556436,0.013344767149451542,1.1048939541069558e-12
15240.0,365.69010051783215,0.0,25.673253774309703,25.507025439056036,25.507025439056036,54.6554493622739,4.586732901672095,0.012407232046293692,0.9697100863518744,twophase,twophase,26.534417225319565,27.12515663396082,2141.129391944511,78.70499437657462,0.695402836157658,0.0,0.013344767150556436,0.013344767149451542,1.1048939541069558e-12
15260.0,365.7105234274385,0.0,25.673253774309703,25.50729880478707,25.50729880478707,54.65635989638653,4.586558458871004,0.012405982620945857,0.9698077337577429,twophase,twophase,26.53469804251546,27.125751815793024,2141.129391944511,78.70499437657462,0.6953912512660636,0.0,0.013344767150556436,0.013344767149451542,1.1048939541069558e-12
15280.0,365.7309485840522,0.0,25.673253774309703,25.507572189878914,25.507572189878914,54.65727072386279,4.586383978955389,0.012404732570304609,0.9699054048109749,twophase,twophase,26.5349789015266,27.126346394891527,2141.129391944511,78.70499437657462,0.6953796630281218,0.0,0.013344767150556436,0.013344767149451542,1.1048939541069558e-12
15300.0,365.75137598436464,0.0,25.673253774309703,25.507845594284774,25.507845594284774,54.65818184406097,4.586209462062915,0.012403481895281449,0.9700030994764867,twophase,twophase,26.53525980216926,27.126940372536723,2141.129391944511,78.70499437657462,0.6953680714523501,0.0,0.013344767150556436,0.013344767149451542,1.1048939541069558e-12
15320.0,365.771805625068,0.0,25.673253774309703,25.508119017957885,25.508119017957885,54.65909325634889,4.586034908330877,0.012402230596772892,0.9701008177192683,twophase,twophase,26.535540744260334,27.127533750006222,2141.129391944511,78.70499437657462,0.6953564765471443,0.0,0.013344767150556436,0.013344767149451542,1.1048939541069558e-12
15340.0,365.7922375028653,0.0,25.673253774309703,25.508392460851617,25.508392460851617,54.66000496008885,4.585860317896279,0.012400978675684564,0.9701985595043845,twophase,twophase,26.535821727617346,27.12812652857488,2141.129391944511,78.70499437657462,0.6953448783209688,0.0,0.013344767150556436,0.013344767149451542,1.1048939541069558e-12
15360.0,365.8126716144602,0.0,25.673253774309703,25.50866592291934,25.50866592291934,54.66091695464679,4.585685690895725,0.012399726132916419,0.9702963247969735,twophase,twophase,26.536102752058444,27.128718709514796,2141.129391944511,78.70499437657462,0.6953332767822415,0.0,0.013344767150556436,0.013344767149451542,1.1048939541069558e-12
15380.0,365.8331079565671,0.0,25.673253774309703,25.508939404114628,25.508939404114628,54.661829239389924,4.585511027465587,0.012398472969366742,0.9703941135622506,twophase,twophase,26.536383817402392,27.129310294095312,2141.129391944511,78.70499437657462,0.6953216719393625,0.0,0.013344767150556436,0.013344767149451542,1.1048939541069558e-12
15400.0,365.8535465259008,0.0,25.673253774309703,25.509212904391024,25.509212904391024,54.66274181368542,4.585336327741822,0.012397219185934076,0.9704919257655013,twophase,twophase,26.536664923468578,27.129901283583024,2141.129391944511,78.70499437657462,0.6953100638007316,0.0,0.013344767150556436,0.013344767149451542,1.1048939541069558e-12
15420.0,365.87398731918364,0.0,25.673253774309703,25.50948642370218,25.50948642370218,54.66365467690376,4.585161591860075,0.012395964783511874,0.9705897613720871,twophase,twophase,26.536946070077008,27.13049167924179,2141.129391944511,78.70499437657462,0.6952984523747058,0.0,0.013344767150556436,0.013344767149451542,1.1048939541069558e-12
15440.0,365.89443033314853,0.0,25.673253774309703,25.50975996200192,25.50975996200192,54.664567828417226,4.584986819955737,0.01239470976299102,0.9706876203474429,twophase,twophase,26.537227257048297,27.131081482332732,2141.129391944511,78.70499437657462,0.6952868376696176,0.0,0.013344767150556436,0.013344767149451542,1.1048939541069558e-12
15460.0,365.91487556453075,0.0,25.673253774309703,25.510033519244082,25.510033519244082,54.665481267596995,4.584812012163829,0.012393454125264389,0.9707855026570766,twophase,twophase,26.53750848420368,27.13167069411425,2141.129391944511,78.70499437657462,0.6952752196938132,0.0,0.013344767150556436,0.013344767149451542,1.1048939541069558e-12
15480.0,365.93532301007286,0.0,25.673253774309703,25.510307095382636,25.510307095382636,54.66639499381977,4.584637168619078,0.01239219787121632,0.9708834082665697,twophase,twophase,26.537789751365,27.13225931584201,2141.129391944511,78.70499437657462,0.6952635984555671,0.0,0.013344767150556436,0.013344767149451542,1.1048939541069558e-12
15500.0,365.9557726665232,0.0,25.673253774309703,25.510580690371597,25.510580690371597,54.66730900645948,4.584462289455853,0.012390941001735708,0.9709813371415774,twophase,twophase,26.538071058354713,27.132847348768976,2141.129391944511,78.70499437657462,0.6952519739631883,0.0,0.013344767150556436,0.013344767149451542,1.1048939541069558e-12
15520.0,365.9762245306324,0.0,25.673253774309703,25.510854304165065,25.510854304165065,54.66822330489204,4.584287374808205,0.012389683517708685,0.9710792892478276,twophase,twophase,26.538352404995877,27.133434794145394,2141.129391944511,78.70499437657462,0.6952403462249593,0.0,0.013344767150556436,0.013344767149451542,1.1048939541069558e-12
15540.0,365.996678599164,0.0,25.673253774309703,25.511127936717276,25.511127936717276,54.66913788849758,4.584112424809914,0.012388425420014742,0.9711772645511201,twophase,twophase,26.538633791112158,27.134021653218806,2141.129391944511,78.70499437657462,0.6952287152491086,0.0,0.013344767150556436,0.013344767149451542,1.1048939541069558e-12
15560.0,366.01713486888457,0.0,25.673253774309703,25.51140158798254,25.51140158798254,54.67005275665654,4.5839374395944255,0.012387166709533146,0.9712752630173286,twophase,twophase,26.53891521652783,27.134607927234057,2141.129391944511,78.70499437657462,0.6952170810438589,0.0,0.013344767150556436,0.013344767149451542,1.1048939541069558e-12
15580.0,366.03759333656296,0.0,25.673253774309703,25.511675257915204,25.511675257915204,54.67096790874794,4.583762419294823,0.012385907387145774,0.9713732846123994,twophase,twophase,26.539196681067764,27.1351936174333,2141.129391944511,78.70499437657462,0.6952054436174508,0.0,0.013344767150556436,0.013344767149451542,1.1048939541069558e-12
15600.0,366.05805399897486,0.0,25.673253774309703,25.51194894646969,25.51194894646969,54.67188334415488,4.583587364043862,0.012384647453728066,0.9714713293023507,twophase,twophase,26.53947818455743,27.135778725055996,2141.129391944511,78.70499437657462,0.6951938029780719,0.0,0.013344767150556436,0.013344767149451542,1.1048939541069558e-12
15620.0,366.0785168529089,0.0,25.673253774309703,25.512222653600627,25.512222653600627,54.6727990622612,4.5834122739741,0.012383386910154703,0.9715693970532728,twophase,twophase,26.5397597268229,27.136363251338935,2141.129391944511,78.70499437657462,0.6951821591338987,0.0,0.013344767150556436,0.013344767149451542,1.1048939541069558e-12
15640.0,366.0989818951519,0.0,25.673253774309703,25.512496379262625,25.512496379262625,54.67371506245139,4.583237149217672,0.012382125757299408,0.9716674878313291,twophase,twophase,26.54004130769084,27.13694719751622,2141.129391944511,78.70499437657462,0.6951705120930993,0.0,0.013344767150556436,0.013344767149451542,1.1048939541069558e-12
15660.0,366.1194491225005,0.0,25.673253774309703,25.512770123410416,25.512770123410416,54.67463134411528,4.583061989906441,0.012380863996027705,0.9717656016027535,twophase,twophase,26.540322926988505,27.1375305648193,2141.129391944511,78.70499437657462,0.6951588618637727,0.0,0.013344767150556436,0.013344767149451542,1.1048939541069558e-12
15680.0,366.139918531757,0.0,25.673253774309703,25.513043885998812,25.513043885998812,54.675547906637114,4.5828867961719455,0.012379601627214252,0.971863738333853,twophase,twophase,26.54060458454375,27.138113354476946,2141.129391944511,78.70499437657462,0.6951472084540878,0.0,0.013344767150556436,0.013344767149451542,1.1048939541069558e-12
15700.0,366.16039011972566,0.0,25.673253774309703,25.51331766698268,25.51331766698268,54.67646474941002,4.582711568145384,0.012378338651719712,0.9719618979910057,twophase,twophase,26.54088628018502,27.138695567715278,2141.129391944511,78.70499437657462,0.6951355518720995,0.0,0.013344767150556436,0.013344767149451542,1.1048939541069558e-12
15720.0,366.1808638832226,0.0,25.673253774309703,25.513591466317042,25.513591466317042,54.677381871822085,4.582536305957713,0.012377075070413112,0.9720600805406608,twophase,twophase,26.54116801374134,27.139277205757764,2141.129391944511,78.70499437657462,0.6951238921259263,0.0,0.013344767150556436,0.013344767149451542,1.1048939541069558e-12
15740.0,366.20133981906605,0.0,25.673253774309703,25.513865283956942,25.513865283956942,54.6782992732654,4.582361009739509,0.012375810884157285,0.9721582859493394,twophase,twophase,26.541449785042335,27.139858269825226,2141.129391944511,78.70499437657462,0.6951122292236342,0.0,0.013344767150556436,0.013344767149451542,1.1048939541069558e-12
15760.0,366.22181792408014,0.0,25.673253774309703,25.514139119857532,25.514139119857532,54.67921695313482,4.582185679621068,0.012374546093810872,0.9722565141836332,twophase,twophase,26.5417315939182,27.140438761135844,2141.129391944511,78.70499437657462,0.6951005631732536,0.0,0.013344767150556436,0.013344767149451542,1.1048939541069558e-12
15780.0,366.2422981950975,0.0,25.673253774309703,25.514412973974068,25.514412973974068,54.68013491082436,4.5820103157323855,0.01237328070023411,0.9723547652102057,twophase,twophase,26.542013440199725,27.141018680905166,2141.129391944511,78.70499437657462,0.6950888939828246,0.0,0.013344767150556436,0.013344767149451542,1.1048939541069558e-12
15800.0,366.26278062895074,0.0,25.673253774309703,25.51468684626182,25.51468684626182,54.68105314573064,4.581834918203087,0.012372014704283264,0.9724530389957913,twophase,twophase,26.542295323718275,27.14159803034611,2141.129391944511,78.70499437657462,0.6950772216603526,0.0,0.013344767150556436,0.013344767149451542,1.1048939541069558e-12
15820.0,366.2832652224851,0.0,25.673253774309703,25.51496073667623,25.51496073667623,54.68197165725021,4.581659487162568,0.012370748106815046,0.9725513355071939,twophase,twophase,26.542577244305793,27.14217681066897,2141.129391944511,78.70499437657462,0.6950655462138436,0.0,0.013344767150556436,0.013344767149451542,1.1048939541069558e-12
15840.0,366.30375197254773,0.0,25.673253774309703,25.515234645172775,25.515234645172775,54.68289044478309,4.5814840227398745,0.012369480908680763,0.9726496547112892,twophase,twophase,26.542859201794805,27.142755023081428,2141.129391944511,78.70499437657462,0.6950538676512584,0.0,0.013344767150556436,0.013344767149451542,1.1048939541069558e-12
15860.0,366.32424087599657,0.0,25.673253774309703,25.515508571707088,25.515508571707088,54.68380950772908,4.581308525063805,0.012368213110732348,0.9727479965750231,twophase,twophase,26.543141196018404,27.143332668788545,2141.129391944511,78.70499437657462,0.6950421859805596,0.0,0.013344767150556436,0.013344767149451542,1.1048939541069558e-12
15880.0,366.3447319296858,0.0,25.673253774309703,25.515782516234744,25.515782516234744,54.68472884548986,4.5811329942627275,0.01236694471381896,0.9728463610654108,twophase,twophase,26.543423226810265,27.143909748992787,2141.129391944511,78.70499437657462,0.695030501209685,0.0,0.013344767150556436,0.013344767149451542,1.1048939541069558e-12
15900.0,366.3652251304864,0.0,25.673253774309703,25.516056478711565,25.516056478711565,54.68564845747047,4.580957430464848,0.012365675718784589,0.972944748149539,twophase,twophase,26.54370529400463,27.14448626489401,2141.129391944511,78.70499437657462,0.6950188133465283,0.0,0.013344767150556436,0.013344767149451542,1.1048939541069558e-12
15920.0,366.3857204752619,0.0,25.673253774309703,25.516330459093272,25.516330459093272,54.68656834306909,4.580781833797899,0.012364406126484444,0.9730431577945636,twophase,twophase,26.543987397436315,27.145062217689482,2141.129391944511,78.70499437657462,0.69500712239907,0.0,0.013344767150556436,0.013344767149451542,1.1048939541069558e-12
15940.0,366.40621796089863,0.0,25.673253774309703,25.516604457335895,25.516604457335895,54.68748850169718,4.58060620438952,0.012363135937752819,0.9731415899677104,twophase,twophase,26.544269536940693,27.145637608573878,2141.129391944511,78.70499437657462,0.694995428375121,0.0,0.013344767150556436,0.013344767149451542,1.1048939541069558e-12
15960.0,366.42671758427747,0.0,25.673253774309703,25.5168784733954,25.5168784733954,54.688408932761604,4.580430542366907,0.012361865153431444,0.9732400446362747,twophase,twophase,26.54455171235372,27.14621243873929,2141.129391944511,78.70499437657462,0.6949837312825489,0.0,0.013344767150556436,0.013344767149451542,1.1048939541069558e-12
15980.0,366.4472193422798,0.0,25.673253774309703,25.517152507227774,25.517152507227774,54.68932963566614,4.580254847856889,0.012360593774367273,0.9733385217676224,twophase,twophase,26.544833923511902,27.146786709375238,2141.129391944511,78.70499437657462,0.69497203112926,0.0,0.013344767150556436,0.013344767149451542,1.1048939541069558e-12
16000.0,366.4677232318078,0.0,25.673253774309703,25.517426558789275,25.517426558789275,54.69025060982396,4.580079120986183,0.012359321801392525,0.9734370213291867,twophase,twophase,26.545116170252317,27.14736042166866,2141.129391944511,78.70499437657462,0.6949603279230406,0.0,0.013344767150556436,0.013344767149451542,1.1048939541069558e-12
16020.0,366.48822924975997,0.0,25.673253774309703,25.51770062803613,25.51770062803613,54.691171854645155,4.579903361881085,0.012358049235344518,0.973535543288472,twophase,twophase,26.545398452412602,27.14793357680394,2141.129391944511,78.70499437657462,0.6949486216717148,0.0,0.013344767150556436,0.013344767149451542,1.1048939541069558e-12
16040.0,366.5087373930391,0.0,25.673253774309703,25.517974714924634,25.517974714924634,54.69209336954131,4.579727570667577,0.012356776077058373,0.9736340876130506,twophase,twophase,26.54568076983095,27.148506175962886,2141.129391944511,78.70499437657462,0.6949369123830869,0.0,0.013344767150556436,0.013344767149451542,1.1048939541069558e-12
16060.0,366.5292476585626,0.0,25.673253774309703,25.51824881941126,25.51824881941126,54.69301515392697,4.579551747471435,0.012355502327364876,0.9737326542705647,twophase,twophase,26.54596312234611,27.149078220324768,2141.129391944511,78.70499437657462,0.6949252000649224,0.0,0.013344767150556436,0.013344767149451542,1.1048939541069558e-12
16080.0,366.5497600432419,0.0,25.673253774309703,25.51852294145243,25.51852294145243,54.693937207215846,4.579375892418014,0.012354227987096142,0.9738312432287239,twophase,twophase,26.54624550979739,27.149649711066292,2141.129391944511,78.70499437657462,0.6949134847249969,0.0,0.013344767150556436,0.013344767149451542,1.1048939541069558e-12
16100.0,366.5702745440048,0.0,25.673253774309703,25.518797081004795,25.518797081004795,54.69485952882631,4.579200005632489,0.01235295305707722,0.973929854455308,twophase,twophase,26.546527932024656,27.150220649361625,2141.129391944511,78.70499437657462,0.6949017663710256,0.0,0.013344767150556436,0.013344767149451542,1.1048939541069558e-12
16120.0,366.59079115777365,0.0,25.673253774309703,25.519071238024917,25.519071238024917,54.69578211817254,4.5790240872396,0.012351677538140052,0.9740284879181641,twophase,twophase,26.54681038886832,27.150791036382397,2141.129391944511,78.70499437657462,0.6948900450107763,0.0,0.013344767150556436,0.013344767149451542,1.1048939541069558e-12
16140.0,366.61130988148733,0.0,25.673253774309703,25.519345412469605,25.519345412469605,54.69670497467456,4.578848137363927,0.012350401431107494,0.9741271435852078,twophase,twophase,26.54709288016934,27.151360873297705,2141.129391944511,78.70499437657462,0.6948783206519411,0.0,0.013344767150556436,0.013344767149451542,1.1048939541069558e-12
16160.0,366.631830712087,0.0,25.673253774309703,25.519619604295695,25.519619604295695,54.69762809775465,4.578672156129708,0.012349124736798922,0.9742258214244239,twophase,twophase,26.547375405769237,27.151930161274116,2141.129391944511,78.70499437657462,0.6948665933021829,0.0,0.013344767150556436,0.013344767149451542,1.1048939541069558e-12
16180.0,366.6523536465149,0.0,25.673253774309703,25.51989381346004,25.51989381346004,54.69855148683074,4.578496143660826,0.012347847456040981,0.9743245214038636,twophase,twophase,26.547657965510062,27.152498901475678,2141.129391944511,78.70499437657462,0.6948548629692188,0.0,0.013344767150556436,0.013344767149451542,1.1048939541069558e-12
16200.0,366.6728786817223,0.0,25.673253774309703,25.520168039919646,25.520168039919646,54.69947514132672,4.578320100080927,0.012346569589651007,0.9744232434916481,twophase,twophase,26.547940559234423,27.153067095063918,2141.129391944511,78.70499437657462,0.6948431296606892,0.0,0.013344767150556436,0.013344767149451542,1.1048939541069558e-12
16220.0,366.6934058146687,0.0,25.673253774309703,25.520442283631603,25.520442283631603,54.7003990606667,4.578144025513377,0.012345291138446204,0.9745219876559638,twophase,twophase,26.548223186785464,27.153634743197852,2141.129391944511,78.70499437657462,0.6948313933842313,0.0,0.013344767150556436,0.013344767149451542,1.1048939541069558e-12
16240.0,366.71393504231924,0.0,25.673253774309703,25.5207165445531,25.5207165445531,54.70132324427865,4.577967920081255,0.012344012103237809,0.9746207538650663,twophase,twophase,26.548505848006872,27.154201847033995,2141.129391944511,78.70499437657462,0.6948196541474313,0.0,0.013344767150556436,0.013344767149451542,1.1048939541069558e-12
16260.0,366.7344663616336,0.0,25.673253774309703,25.520990822641256,25.520990822641256,54.702247691583025,4.577791783907205,0.012342732484849262,0.974719542087279,twophase,twophase,26.54878854274288,27.154768407726362,2141.129391944511,78.70499437657462,0.6948079119579709,0.0,0.013344767150556436,0.013344767149451542,1.1048939541069558e-12
16280.0,366.7549997695925,0.0,25.673253774309703,25.52126511785348,25.52126511785348,54.703172402013095,4.577615617113779,0.012341452284083843,0.974818352290992,twophase,twophase,26.54907127083825,27.155334426426467,2141.129391944511,78.70499437657462,0.6947961668233676,0.0,0.013344767150556436,0.013344767149451542,1.1048939541069558e-12
16300.0,366.77553526317223,0.0,25.673253774309703,25.521539430147133,25.521539430147133,54.704097374995364,4.577439419823114,0.01234017150175576,0.9749171844446618,twophase,twophase,26.54935403213829,27.15589990428334,2141.129391944511,78.70499437657462,0.6947844187512243,0.0,0.013344767150556436,0.013344767149451542,1.1048939541069558e-12
16320.0,366.79607283935763,0.0,25.673253774309703,25.521813759479674,25.521813759479674,54.70502260996053,4.577263192157072,0.01233889013867281,0.975016038516813,twophase,twophase,26.54963682648883,27.15646484244353,2141.129391944511,78.70499437657462,0.6947726677490895,0.0,0.013344767150556436,0.013344767149451542,1.1048939541069558e-12
16340.0,366.816612495139,0.0,25.673253774309703,25.52208810580866,25.52208810580866,54.705948106339804,4.577086934237237,0.012337608195642152,0.9751149144760373,twophase,twophase,26.54991965373624,27.1570292420511,2141.129391944511,78.70499437657462,0.694760913824504,0.0,0.013344767150556436,0.013344767149451542,1.1048939541069558e-12
16360.0,366.8371542275143,0.0,25.673253774309703,25.52236246909176,25.52236246909176,54.706873863566706,4.576910646184939,0.012336325673467537,0.9752138122909919,twophase,twophase,26.550202513727424,27.157593104247642,2141.129391944511,78.70499437657462,0.6947491569849787,0.0,0.013344767150556436,0.013344767149451542,1.1048939541069558e-12
16380.0,366.8576980334847,0.0,25.673253774309703,25.522636849286695,25.522636849286695,54.707799881076184,4.576734328121182,0.012335042572950584,0.9753127319304027,twophase,twophase,26.550485406309814,27.158156430172284,2141.129391944511,78.70499437657462,0.6947373972380054,0.0,0.013344767150556436,0.013344767149451542,1.1048939541069558e-12
16400.0,366.8782439100572,0.0,25.673253774309703,25.52291124635125,25.52291124635125,54.70872615830126,4.57655798016668,0.012333758894896253,0.9754116733630585,twophase,twophase,26.550768331331366,27.158719220961686,2141.129391944511,78.70499437657462,0.6947256345910996,0.0,0.013344767150556436,0.013344767149451542,1.1048939541069558e-12
16420.0,366.8987918542413,0.0,25.673253774309703,25.523185660243257,25.523185660243257,54.709652694680486,4.576381602441818,0.0123324746401008,0.9755106365578186,twophase,twophase,26.55105128864056,27.159281477750056,2141.129391944511,78.70499437657462,0.6947138690517053,0.0,0.013344767150556436,0.013344767149451542,1.1048939541069558e-12
16440.0,366.91934186306025,0.0,25.673253774309703,25.523460090920754,25.523460090920754,54.71057948965134,4.576205195066809,0.012331189809362582,0.975609621483606,twophase,twophase,26.551334278086415,27.15984320166915,2141.129391944511,78.70499437657462,0.6947021006272794,0.0,0.013344767150556436,0.013344767149451542,1.1048939541069558e-12
16460.0,366.93989393353314,0.0,25.673253774309703,25.523734538341714,25.523734538341714,54.71150654265383,4.576028758161455,0.01232990440347596,0.9757086281094092,twophase,twophase,26.551617299518455,27.160404393848278,2141.129391944511,78.70499437657462,0.6946903293252459,0.0,0.013344767150556436,0.013344767149451542,1.1048939541069558e-12
16480.0,366.9604480626919,0.0,25.673253774309703,25.524009002464286,25.524009002464286,54.71243385312567,4.575852291845353,0.0123286184232393,0.9758076564042852,twophase,twophase,26.55190035278673,27.160965055414305,2141.129391944511,78.70499437657462,0.6946785551530568,0.0,0.013344767150556436,0.013344767149451542,1.1048939541069558e-12
16500.0,366.9810042475733,0.0,25.673253774309703,25.52428348324671,25.52428348324671,54.713361420512506,4.575675796237828,0.012327331869438407,0.975906706337354,twophase,twophase,26.552183437741817,27.161525187491662,2141.129391944511,78.70499437657462,0.6946667781180627,0.0,0.013344767150556436,0.013344767149451542,1.1048939541069558e-12
16520.0,367.0015624852135,0.0,25.673253774309703,25.524557980647202,25.524557980647202,54.71428924425348,4.575499271457828,0.012326044742869816,0.9760057778778026,twophase,twophase,26.552466554234805,27.162084791202354,2141.129391944511,78.70499437657462,0.6946549982276957,0.0,0.013344767150556436,0.013344767149451542,1.1048939541069558e-12
16540.0,367.0221227726576,0.0,25.673253774309703,25.524832494624114,25.524832494624114,54.71521732379488,4.5753227176240605,0.012324757044318705,0.9761048709948836,twophase,twophase,26.552749702117296,27.162643867665956,2141.129391944511,78.70499437657462,0.6946432154892965,0.0,0.013344767150556436,0.013344767149451542,1.1048939541069558e-12
16560.0,367.0426851069603,0.0,25.673253774309703,25.525107025135924,25.525107025135924,54.71614565858255,4.575146134855004,0.012323468774571354,0.9762039856579139,twophase,twophase,26.553032881241414,27.163202417999624,2141.129391944511,78.70499437657462,0.6946314299102102,0.0,0.013344767150556436,0.013344767149451542,1.1048939541069558e-12
16580.0,367.063249485175,0.0,25.673253774309703,25.525381572141118,25.525381572141118,54.7170742480622,4.574969523268779,0.012322179934414274,0.9763031218362771,twophase,twophase,26.553316091459788,27.163760443318104,2141.129391944511,78.70499437657462,0.6946196414977829,0.0,0.013344767150556436,0.013344767149451542,1.1048939541069558e-12
16600.0,367.0838159043657,0.0,25.673253774309703,25.525656135598304,25.525656135598304,54.71800309167991,4.574792882983268,0.01232089052463379,0.9764022794994204,twophase,twophase,26.553599332625563,27.164317944733725,2141.129391944511,78.70499437657462,0.6946078502593552,0.0,0.013344767150556436,0.013344767149451542,1.1048939541069558e-12
16620.0,367.1043843616003,0.0,25.673253774309703,25.525930715466174,25.525930715466174,54.71893218888864,4.574616214116079,0.012319600546005338,0.9765014586168566,twophase,twophase,26.553882604592392,27.164874923356418,2141.129391944511,78.70499437657462,0.6945960562021793,0.0,0.013344767150556436,0.013344767149451542,1.1048939541069558e-12
16640.0,367.12495485395056,0.0,25.673253774309703,25.526205311703457,25.526205311703457,54.71986153913696,4.574439516784499,0.01231830999931157,0.9766006591581633,twophase,twophase,26.554165907214436,27.165431380293718,2141.129391944511,78.70499437657462,0.6945842593335625,0.0,0.013344767150556436,0.013344767149451542,1.1048939541069558e-12
16660.0,367.1455273784963,0.0,25.673253774309703,25.526479924269015,25.526479924269015,54.72079114187591,4.574262791105583,0.012317018885331522,0.9766998810929827,twophase,twophase,26.55444924034636,27.16598731665076,2141.129391944511,78.70499437657462,0.6945724596607793,0.0,0.013344767150556436,0.013344767149451542,1.1048939541069558e-12
16680.0,367.16610193231674,0.0,25.673253774309703,25.52675455312168,25.52675455312168,54.7217209965574,4.574086037196011,0.01231572720484284,0.9767991243910211,twophase,twophase,26.55473260384334,27.166542733530292,2141.129391944511,78.70499437657462,0.6945606571910928,0.0,0.013344767150556436,0.013344767149451542,1.1048939541069558e-12
16700.0,367.1866785125064,0.0,25.673253774309703,25.527029198220536,25.527029198220536,54.72265110263796,4.5739092551723415,0.012314434958616201,0.9768983890220497,twophase,twophase,26.55501599756105,27.16709763203268,2141.129391944511,78.70499437657462,0.6945488519317066,0.0,0.013344767150556436,0.013344767149451542,1.1048939541069558e-12
16720.0,367.2072571161555,0.0,25.673253774309703,25.527303859524565,25.527303859524565,54.723581459571314,4.573732445150692,0.012313142147426886,0.9769976749559034,twophase,twophase,26.555299421355663,27.16765201325591,2141.129391944511,78.70499437657462,0.6945370438898586,0.0,0.013344767150556436,0.013344767149451542,1.1048939541069558e-12
16740.0,367.22783774036793,0.0,25.673253774309703,25.527578536992987,25.527578536992987,54.72451206681492,4.573555607247043,0.0123118487720445,0.9770969821624821,twophase,twophase,26.555582875083857,27.168205878295606,2141.129391944511,78.70499437657462,0.6945252330727387,0.0,0.013344767150556436,0.013344767149451542,1.1048939541069558e-12
16760.0,367.24842038224745,0.0,25.673253774309703,25.527853230585,25.527853230585,54.72544292382476,4.573378741577014,0.012310554833241056,0.9771963106117483,twophase,twophase,26.555866358602803,27.16875922824501,2141.129391944511,78.70499437657462,0.6945134194875546,0.0,0.013344767150556436,0.013344767149451542,1.1048939541069558e-12
16780.0,367.2690050389002,0.0,25.673253774309703,25.52812794025984,25.52812794025984,54.726374030060036,4.573201848255911,0.012309260331783789,0.9772956602737294,twophase,twophase,26.556149871770174,27.169312064195005,2141.129391944511,78.70499437657462,0.6945016031414724,0.0,0.013344767150556436,0.013344767149451542,1.1048939541069558e-12
16800.0,367.2895917074476,0.0,25.673253774309703,25.528402665976948,25.528402665976948,54.72730538498197,4.573024927398876,0.012307965268436789,0.977395031118516,twophase,twophase,26.556433414444133,27.169864387234124,2141.129391944511,78.70499437657462,0.6944897840416312,0.0,0.013344767150556436,0.013344767149451542,1.1048939541069558e-12
16820.0,367.3101803850102,0.0,25.673253774309703,25.52867740769579,25.52867740769579,54.72823698805273,4.572847979120737,0.012306669643962952,0.9774944231162619,twophase,twophase,26.556716986483337,27.170416198448542,2141.129391944511,78.70499437657462,0.6944779621951581,0.0,0.013344767150556436,0.013344767149451542,1.1048939541069558e-12
16840.0,367.3307710687148,0.0,25.673253774309703,25.528952165375888,25.528952165375888,54.72916883873142,4.572671003536019,0.012305373459130277,0.9775938362371855,twophase,twophase,26.55700058774694,27.17096749892209,2141.129391944511,78.70499437657462,0.694466137609217,0.0,0.013344767150556436,0.013344767149451542,1.1048939541069558e-12
16860.0,367.35136375569033,0.0,25.673253774309703,25.529226938976812,25.529226938976812,54.73010093648377,4.572494000758951,0.012304076714696232,0.9776932704515674,twophase,twophase,26.557284218094583,27.171518289736248,2141.129391944511,78.70499437657462,0.6944543102908882,0.0,0.013344767150556436,0.013344767149451542,1.1048939541069558e-12
16880.0,367.3719584430782,0.0,25.673253774309703,25.529501728458296,25.529501728458296,54.731033280776266,4.572316970903573,0.012302779411417455,0.9777927257297505,twophase,twophase,26.557567877386393,27.172068571970176,2141.129391944511,78.70499437657462,0.6944424802472404,0.0,0.013344767150556436,0.013344767149451542,1.1048939541069558e-12
16900.0,367.3925551280169,0.0,25.673253774309703,25.52977653378007,25.52977653378007,54.73196587107187,4.5721399140835635,0.01230148155005636,0.9778922020421442,twophase,twophase,26.557851565482988,27.172618346700688,2141.129391944511,78.70499437657462,0.6944306474853869,0.0,0.013344767150556436,0.013344767149451542,1.1048939541069558e-12
16920.0,367.413153807657,0.0,25.673253774309703,25.53005135490199,25.53005135490199,54.732898706838995,4.571962830412398,0.012300183131366828,0.9779916993592161,twophase,twophase,26.558135282245466,27.173167615002278,2141.129391944511,78.70499437657462,0.6944188120123703,0.0,0.013344767150556436,0.013344767149451542,1.1048939541069558e-12
16940.0,367.4337544791531,0.0,25.673253774309703,25.530326191784006,25.530326191784006,54.7338317875478,4.571785720003279,0.012298884156100205,0.9780912176514999,twophase,twophase,26.558419027535415,27.173716377947116,2141.129391944511,78.70499437657462,0.6944069738352108,0.0,0.013344767150556436,0.013344767149451542,1.1048939541069558e-12
16960.0,367.45435713965725,0.0,25.673253774309703,25.530601044386025,25.530601044386025,54.73476511266487,4.571608582969033,0.012297584625013685,0.97819075688959,twophase,twophase,26.5587028012149,27.17426463660506,2141.129391944511,78.70499437657462,0.6943951329609727,0.0,0.013344767150556436,0.013344767149451542,1.1048939541069558e-12
16980.0,367.47496178634003,0.0,25.673253774309703,25.530875912668193,25.530875912668193,54.73569868166341,4.571431419422368,0.01229628453885419,0.9782903170441452,twophase,twophase,26.55898660314647,27.17481239204365,2141.129391944511,78.70499437657462,0.6943832893966357,0.0,0.013344767150556436,0.013344767149451542,1.1048939541069558e-12
17000.0,367.49556841636854,0.0,25.673253774309703,25.531150796590644,25.531150796590644,54.73663249401522,4.5712542294756435,0.01229498389837096,0.9783898980858843,twophase,twophase,26.559270433193152,27.175359645328122,2141.129391944511,78.70499437657462,0.6943714431491962,0.0,0.013344767150556436,0.013344767149451542,1.1048939541069558e-12
17020.0,367.5161770269139,0.0,25.673253774309703,25.53142569611357,25.53142569611357,54.73756654919249,4.571077013240929,0.012293682704312916,0.9784894999855895,twophase,twophase,26.559554291218458,27.175906397521413,2141.129391944511,78.70499437657462,0.6943595942256449,0.0,0.013344767150556436,0.013344767149451542,1.1048939541069558e-12
17040.0,367.5367876151581,0.0,25.673253774309703,25.531700611197284,25.531700611197284,54.738500846670114,4.57089977083007,0.012292380957424878,0.9785891227141063,twophase,twophase,26.559838177086363,27.17645264968416,2141.129391944511,78.70499437657462,0.6943477426329374,0.0,0.013344767150556436,0.013344767149451542,1.1048939541069558e-12
17060.0,367.5574001782891,0.0,25.673253774309703,25.531975541802204,25.531975541802204,54.739435385924,4.570722502354674,0.01229107865845015,0.9786887662423395,twophase,twophase,26.560122090661324,27.17699840287471,2141.129391944511,78.70499437657462,0.6943358883780159,0.0,0.013344767150556436,0.013344767149451542,1.1048939541069558e-12
17080.0,367.57801471348847,0.0,25.673253774309703,25.532250487888682,25.532250487888682,54.74037016642945,4.570545207925949,0.012289775808133225,0.9787884305412571,twophase,twophase,26.56040603180827,27.177543658149126,2141.129391944511,78.70499437657462,0.6943240314678284,0.0,0.013344767150556436,0.013344767149451542,1.1048939541069558e-12
17100.0,367.5986312179583,0.0,25.673253774309703,25.532525449417335,25.532525449417335,54.74130518766512,4.5703678876550144,0.012288472407213591,0.9788881155818888,twophase,twophase,26.560690000392604,27.17808841656119,2141.129391944511,78.70499437657462,0.6943121719092804,0.0,0.013344767150556436,0.013344767149451542,1.1048939541069558e-12
17120.0,367.6192496888977,0.0,25.673253774309703,25.53280042634874,25.53280042634874,54.74224044911125,4.57019054165261,0.012287168456428153,0.9789878213353261,twophase,twophase,26.560973996280197,27.178632679162405,2141.129391944511,78.70499437657462,0.6943003097092565,0.0,0.013344767150556436,0.013344767149451542,1.1048939541069558e-12
17140.0,367.6398701235083,0.0,25.673253774309703,25.533075418643516,25.533075418643516,54.74317595024491,4.570013170029188,0.012285863956519304,0.9790875477727214,twophase,twophase,26.561258019337387,27.179176447002,2141.129391944511,78.70499437657462,0.6942884448746802,0.0,0.013344767150556436,0.013344767149451542,1.1048939541069558e-12
17160.0,367.66049251900597,0.0,25.673253774309703,25.533350426262494,25.533350426262494,54.74411169055172,4.569835772895059,0.012284558908215826,0.9791872948652881,twophase,twophase,26.56154206943098,27.17971972112694,2141.129391944511,78.70499437657462,0.6942765774123659,0.0,0.013344767150556436,0.013344767149451542,1.1048939541069558e-12
17180.0,367.6811168726042,0.0,25.673253774309703,25.53362544916646,25.53362544916646,54.74504766951024,4.569658350360163,0.012283253312258085,0.9792870625843018,twophase,twophase,26.561826146428253,27.18026250258193,2141.129391944511,78.70499437657462,0.6942647073292165,0.0,0.013344767150556436,0.013344767149451542,1.1048939541069558e-12
17200.0,367.70174318152425,0.0,25.673253774309703,25.53390048731633,25.53390048731633,54.74598388660624,4.569480902534222,0.012281947169375064,0.9793868509010974,twophase,twophase,26.562110250196934,27.18080479240942,2141.129391944511,78.70499437657462,0.694252834632043,0.0,0.013344767150556436,0.013344767149451542,1.1048939541069558e-12
17220.0,367.72237144299197,0.0,25.673253774309703,25.534175540673072,25.534175540673072,54.746920341324206,4.569303429526683,0.012280640480298036,0.9794866597870723,twophase,twophase,26.562394380605227,27.1813465916496,2141.129391944511,78.70499437657462,0.6942409593276716,0.0,0.013344767150556436,0.013344767149451542,1.1048939541069558e-12
17240.0,367.7430016542404,0.0,25.673253774309703,25.534450609197748,25.534450609197748,54.7478570331507,4.569125931446743,0.012279333245755097,0.9795864892136833,twophase,twophase,26.56267853752179,27.18188790134042,2141.129391944511,78.70499437657462,0.6942290814229013,0.0,0.013344767150556436,0.013344767149451542,1.1048939541069558e-12
17260.0,367.76363381250184,0.0,25.673253774309703,25.53472569285144,25.53472569285144,54.748793961571046,4.568948408403288,0.012278025466476522,0.9796863391524494,twophase,twophase,26.562962720815744,27.182428722517592,2141.129391944511,78.70499437657462,0.694217200924546,0.0,0.013344767150556436,0.013344767149451542,1.1048939541069558e-12
17280.0,367.78426791502255,0.0,25.673253774309703,25.535000791595394,25.535000791595394,54.7497311260751,4.568770860505031,0.012276717143185685,0.9797862095749484,twophase,twophase,26.563246930356662,27.18296905621458,2141.129391944511,78.70499437657462,0.6942053178393613,0.0,0.013344767150556436,0.013344767149451542,1.1048939541069558e-12
17300.0,367.80490395904616,0.0,25.673253774309703,25.535275905390854,25.535275905390854,54.750668526150754,4.568593287860344,0.012275408276609064,0.9798861004528204,twophase,twophase,26.56353116601458,27.183508903462624,2141.129391944511,78.70499437657462,0.6941934321741268,0.0,0.013344767150556436,0.013344767149451542,1.1048939541069558e-12
17320.0,367.8255419418284,0.0,25.673253774309703,25.535551034199226,25.535551034199226,54.75160616129037,4.568415690577435,0.012274098867466417,0.9799860117577637,twophase,twophase,26.56381542765999,27.18404826529073,2141.129391944511,78.70499437657462,0.6941815439355649,0.0,0.013344767150556436,0.013344767149451542,1.1048939541069558e-12
17340.0,367.8461818606208,0.0,25.673253774309703,25.535826177981843,25.535826177981843,54.75254403098493,4.568238068764108,0.012272788916479656,0.9800859434615374,twophase,twophase,26.56409971516383,27.18458714272569,2141.129391944511,78.70499437657462,0.694169653130414,0.0,0.013344767150556436,0.013344767149451542,1.1048939541069558e-12
17360.0,367.86682371269086,0.0,25.673253774309703,25.53610133670028,25.53610133670028,54.75348213472708,4.568060422528067,0.012271478424368515,0.9801858955359615,twophase,twophase,26.5643840283975,27.18512553679207,2141.129391944511,78.70499437657462,0.6941577597653915,0.0,0.013344767150556436,0.013344767149451542,1.1048939541069558e-12
17380.0,367.88746749529986,0.0,25.673253774309703,25.536376510316025,25.536376510316025,54.75442047200866,4.5678827519766125,0.012270167391853982,0.9802858679529141,twophase,twophase,26.564668367232844,27.185663448512233,2141.129391944511,78.70499437657462,0.6941458638472231,0.0,0.013344767150556436,0.013344767149451542,1.1048939541069558e-12
17400.0,367.90811320572556,0.0,25.673253774309703,25.5366516987908,25.5366516987908,54.75535904232799,4.5677050572169335,0.012268855819646986,0.9803858606843348,twophase,twophase,26.564952731542153,27.186200878906323,2141.129391944511,78.70499437657462,0.6941339653825526,0.0,0.013344767150556436,0.013344767149451542,1.1048939541069558e-12
17420.0,367.9287608412429,0.0,25.673253774309703,25.536926902086286,25.536926902086286,54.75629784518024,4.567527338355856,0.012267543708463662,0.9804858737022221,twophase,twophase,26.565237121198173,27.18673782899229,2141.129391944511,78.70499437657462,0.6941220643780619,0.0,0.013344767150556436,0.013344767149451542,1.1048939541069558e-12
17440.0,367.9494103991315,0.0,25.673253774309703,25.53720212016423,25.53720212016423,54.757236880060596,4.567349595499951,0.012266231059020298,0.9805859069786328,twophase,twophase,26.565521536074094,27.187274299785877,2141.129391944511,78.70499437657462,0.6941101608404326,0.0,0.013344767150556436,0.013344767149451542,1.1048939541069558e-12
17460.0,367.970061876684,0.0,25.673253774309703,25.537477352986578,25.537477352986578,54.75817614647099,4.567171828755636,0.012264917872022666,0.9806859604856851,twophase,twophase,26.56580597604355,27.18781029230064,2141.129391944511,78.70499437657462,0.6940982547762599,0.0,0.013344767150556436,0.013344767149451542,1.1048939541069558e-12
17480.0,367.99071527118986,0.0,25.673253774309703,25.53775260051522,25.53775260051522,54.759115643907606,4.5669940382289695,0.012263604148185826,0.9807860341955549,twophase,twophase,26.566090440980616,27.188345807547943,2141.129391944511,78.70499437657462,0.6940863461922102,0.0,0.013344767150556436,0.013344767149451542,1.1048939541069558e-12
17500.0,368.0113705799467,0.0,25.673253774309703,25.538027862712166,25.538027862712166,54.76005537187292,4.566816224025798,0.01226228988821499,0.9808861280804774,twophase,twophase,26.566374930759814,27.18888084653697,2141.129391944511,78.70499437657462,0.6940744350948707,0.0,0.013344767150556436,0.013344767149451542,1.1048939541069558e-12
17520.0,368.0320278002587,0.0,25.673253774309703,25.538303139539515,25.538303139539515,54.760995329869466,4.566638386251716,0.01226097509281553,0.980986242112748,twophase,twophase,26.566659445256104,27.189415410274723,2141.129391944511,78.70499437657462,0.6940625214908257,0.0,0.013344767150556436,0.013344767149451542,1.1048939541069558e-12
17540.0,368.0526869294315,0.0,25.673253774309703,25.538578430959404,25.538578430959404,54.76193551739806,4.566460525012053,0.01225965976269571,0.981086376264719,twophase,twophase,26.566943984344885,27.189949499766026,2141.129391944511,78.70499437657462,0.6940506053866814,0.0,0.013344767150556436,0.013344767149451542,1.1048939541069558e-12
17560.0,368.0733479647755,0.0,25.673253774309703,25.53885373693402,25.53885373693402,54.76287593396404,4.566282640411849,0.012258343898556673,0.9811865305088021,twophase,twophase,26.567228547901994,27.190483116013535,2141.129391944511,78.70499437657462,0.6940386867889854,0.0,0.013344767150556436,0.013344767149451542,1.1048939541069558e-12
17580.0,368.09401090361234,0.0,25.673253774309703,25.539129057425722,25.539129057425722,54.763816579071104,4.566104732555993,0.012257027501102614,0.9812867048174693,twophase,twophase,26.567513135803708,27.191016260017747,2141.129391944511,78.70499437657462,0.6940267657043053,0.0,0.013344767150556436,0.013344767149451542,1.1048939541069558e-12
17600.0,368.11467574326633,0.0,25.673253774309703,25.53940439239691,25.53940439239691,54.76475745222845,4.565926801549095,0.012255710571028861,0.9813868991632477,twophase,twophase,26.567797747926733,27.19154893277699,2141.129391944511,78.70499437657462,0.6940148421391383,0.0,0.013344767150556436,0.013344767149451542,1.1048939541069558e-12
17620.0,368.13534248105987,0.0,25.673253774309703,25.53967974180996,25.53967974180996,54.76569855294063,4.5657488474954215,0.012254393109038565,0.9814871135187253,twophase,twophase,26.568082384148212,27.19208113528744,2141.129391944511,78.70499437657462,0.69400291610004,0.0,0.013344767150556436,0.013344767149451542,1.1048939541069558e-12
17640.0,368.1560111143239,0.0,25.673253774309703,25.53995510562736,25.53995510562736,54.7666398807151,4.5655708704990285,0.012253075115830236,0.9815873478565481,twophase,twophase,26.56836704434572,27.192612868543126,2141.129391944511,78.70499437657462,0.6939909875935274,0.0,0.013344767150556436,0.013344767149451542,1.1048939541069558e-12
17660.0,368.1766816404021,0.0,25.673253774309703,25.540230483811772,25.540230483811772,54.767581435063455,4.565392870663815,0.012251756592096114,0.9816876021494194,twophase,twophase,26.568651728397263,27.193144133535924,2141.129391944511,78.70499437657462,0.6939790566260651,0.0,0.013344767150556436,0.013344767149451542,1.1048939541069558e-12
17680.0,368.1973540566329,0.0,25.673253774309703,25.540505876325824,25.540505876325824,54.768523215495634,4.56521484809334,0.012250437538531195,0.9817878763700999,twophase,twophase,26.568936436181275,27.19367493125557,2141.129391944511,78.70499437657462,0.6939671232041377,0.0,0.013344767150556436,0.013344767149451542,1.1048939541069558e-12
17700.0,368.2180283603631,0.0,25.673253774309703,25.54078128313222,25.54078128313222,54.769465221522175,4.56503680289091,0.01224911795582975,0.9818881704914096,twophase,twophase,26.56922116757662,27.194205262689664,2141.129391944511,78.70499437657462,0.6939551873342212,0.0,0.013344767150556436,0.013344767149451542,1.1048939541069558e-12
17720.0,368.23870454894774,0.0,25.673253774309703,25.541056704193817,25.541056704193817,54.77040745265722,4.564858735159665,0.012247797844680436,0.9819884844862259,twophase,twophase,26.56950592246259,27.194735128823677,2141.129391944511,78.70499437657462,0.6939432490227453,0.0,0.013344767150556436,0.013344767149451542,1.1048939541069558e-12
17740.0,368.2593826197436,0.0,25.673253774309703,25.541332139473464,25.541332139473464,54.77134990841649,4.564680645002424,0.012246477205769574,0.9820888183274828,twophase,twophase,26.569790700718894,27.195264530640948,2141.129391944511,78.70499437657462,0.6939313082761188,0.0,0.013344767150556436,0.013344767149451542,1.1048939541069558e-12
17760.0,368.2800625701114,0.0,25.673253774309703,25.5416075889341,25.5416075889341,54.772292588311146,4.564502532521774,0.012245156039790967,0.9821891719881719,twophase,twophase,26.570075502225674,27.195793469122695,2141.129391944511,78.70499437657462,0.6939193651008075,0.0,0.013344767150556436,0.013344767149451542,1.1048939541069558e-12
17780.0,368.3007443974155,0.0,25.673253774309703,25.54188305253869,25.54188305253869,54.77323549185715,4.564324397820022,0.012243834347430977,0.9822895454413438,twophase,twophase,26.57036032686349,27.196321945248012,2141.129391944511,78.70499437657462,0.6939074195032154,0.0,0.013344767150556436,0.013344767149451542,1.1048939541069558e-12
17800.0,368.3214280990343,0.0,25.673253774309703,25.542158530250425,25.542158530250425,54.77417861857507,4.564146240999362,0.012242512129368706,0.9823899386601047,twophase,twophase,26.570645174513324,27.196849959993887,2141.129391944511,78.70499437657462,0.693895471489688,0.0,0.013344767150556436,0.013344767149451542,1.1048939541069558e-12
17820.0,368.3421136723394,0.0,25.673253774309703,25.54243402203238,25.54243402203238,54.775121967979636,4.56396806216158,0.012241189386292883,0.9824903516176183,twophase,twophase,26.570930045056578,27.197377514335198,2141.129391944511,78.70499437657462,0.6938835210666429,0.0,0.013344767150556436,0.013344767149451542,1.1048939541069558e-12
17840.0,368.3628011147144,0.0,25.673253774309703,25.542709527847823,25.542709527847823,54.77606553959242,4.563789861408328,0.012239866118881308,0.9825907842871046,twophase,twophase,26.57121493837507,27.197904609244713,2141.129391944511,78.70499437657462,0.6938715682404111,0.0,0.013344767150556436,0.013344767149451542,1.1048939541069558e-12
17860.0,368.3834904235469,0.0,25.673253774309703,25.542985047660036,25.542985047660036,54.77700933293112,4.563611638840964,0.012238542327818411,0.9826912366418418,twophase,twophase,26.571499854351046,27.198431245693104,2141.129391944511,78.70499437657462,0.6938596130173715,0.0,0.013344767150556436,0.013344767149451542,1.1048939541069558e-12
17880.0,368.40418159622646,0.0,25.673253774309703,25.543260581432392,25.543260581432392,54.777953347520054,4.563433394560615,0.012237218013777983,0.9827917086551643,twophase,twophase,26.571784792867152,27.198957424648945,2141.129391944511,78.70499437657462,0.6938476554038184,0.0,0.013344767150556436,0.013344767149451542,1.1048939541069558e-12
17900.0,368.42487463014874,0.0,25.673253774309703,25.543536129128313,25.543536129128313,54.778897582879694,4.563255128668158,0.012235893177440286,0.9828922003004623,twophase,twophase,26.572069753806456,27.199483147078723,2141.129391944511,78.70499437657462,0.6938356954060939,0.0,0.013344767150556436,0.013344767149451542,1.1048939541069558e-12
17920.0,368.4455695227147,0.0,25.673253774309703,25.543811690711305,25.543811690711305,54.77984203853237,4.56307684126423,0.012234567819482713,0.9829927115511838,twophase,twophase,26.572354737052443,27.200008413946836,2141.129391944511,78.70499437657462,0.6938237330305163,0.0,0.013344767150556436,0.013344767149451542,1.1048939541069558e-12
17940.0,368.46626627133463,0.0,25.673253774309703,25.544087266145006,25.544087266145006,54.780786714007085,4.562898532449288,0.012233241940572265,0.9830932423808323,twophase,twophase,26.572639742489002,27.2005332262156,2141.129391944511,78.70499437657462,0.6938117682833177,0.0,0.013344767150556436,0.013344767149451542,1.1048939541069558e-12
17960.0,368.48696487341635,0.0,25.673253774309703,25.54436285539302,25.54436285539302,54.78173160882483,4.562720202323459,0.012231915541388857,0.9831937927629675,twophase,twophase,26.572924770000437,27.201057584845255,2141.129391944511,78.70499437657462,0.6937998011708317,0.0,0.013344767150556436,0.013344767149451542,1.1048939541069558e-12
17980.0,368.5076653263748,0.0,25.673253774309703,25.544638458419062,25.544638458419062,54.78267672251434,4.56254185098665,0.012230588622600251,0.983294362671206,twophase,twophase,26.573209819471458,27.201581490793966,2141.129391944511,78.70499437657462,0.6937878316992926,0.0,0.013344767150556436,0.013344767149451542,1.1048939541069558e-12
18000.0,368.52836762762644,0.0,25.673253774309703,25.544914075186863,25.544914075186863,54.78362205460119,4.562363478538504,0.012229261184879365,0.9833949520792189,twophase,twophase,26.573494890787185,27.20210494501783,2141.129391944511,78.70499437657462,0.693775859874974,0.0,0.013344767150556436,0.013344767149451542,1.1048939541069558e-12
18020.0,368.54907177460854,0.0,25.673253774309703,25.545189705660437,25.545189705660437,54.784567604618026,4.562185085078601,0.01222793322888812,0.9834955609607353,twophase,twophase,26.573779983833145,27.202627948470884,2141.129391944511,78.70499437657462,0.6937638857040593,0.0,0.013344767150556436,0.013344767149451542,1.1048939541069558e-12
18040.0,368.5697777647369,0.0,25.673253774309703,25.54546534980354,25.54546534980354,54.78551337209052,4.562006670705989,0.012226604755299644,0.9835961892895383,twophase,twophase,26.574065098495268,27.2031505021051,2141.129391944511,78.70499437657462,0.6937519091928194,0.0,0.013344767150556436,0.013344767149451542,1.1048939541069558e-12
18060.0,368.59048559545766,0.0,25.673253774309703,25.545741007580304,25.545741007580304,54.786459356551056,4.561828235519762,0.012225275764776644,0.9836968370394676,twophase,twophase,26.57435023465989,27.203672606870402,2141.129391944511,78.70499437657462,0.6937399303474391,0.0,0.013344767150556436,0.013344767149451542,1.1048939541069558e-12
18080.0,368.61119526420526,0.0,25.673253774309703,25.546016678954725,25.546016678954725,54.787405557533944,4.561649779618587,0.01222394625797877,0.9837975041844179,twophase,twophase,26.574635392213747,27.20419426371466,2141.129391944511,78.70499437657462,0.6937279491740784,0.0,0.013344767150556436,0.013344767149451542,1.1048939541069558e-12
18100.0,368.6319067684229,0.0,25.673253774309703,25.546292363890938,25.546292363890938,54.788351974568855,4.561471303100953,0.012222616235573426,0.9838981906983395,twophase,twophase,26.574920571043975,27.204715473583693,2141.129391944511,78.70499437657462,0.6937159656789553,0.0,0.013344767150556436,0.013344767149451542,1.1048939541069558e-12
18120.0,368.65262010556194,0.0,25.673253774309703,25.546568062353156,25.546568062353156,54.789298607189664,4.561292806065132,0.012221285698221345,0.9839988965552382,twophase,twophase,26.575205771038117,27.20523623742129,2141.129391944511,78.70499437657462,0.6937039798682335,0.0,0.013344767150556436,0.013344767149451542,1.1048939541069558e-12
18140.0,368.6733352730774,0.0,25.673253774309703,25.546843774305675,25.546843774305675,54.79024545493252,4.561114288609161,0.012219954646579897,0.9840996217291744,twophase,twophase,26.575490992084106,27.20575655616919,2141.129391944511,78.70499437657462,0.6936919917480472,0.0,0.013344767150556436,0.013344767149451542,1.1048939541069558e-12
18160.0,368.69405226842343,0.0,25.673253774309703,25.547119499712778,25.547119499712778,54.79119251733295,4.560935750830778,0.012218623081307506,0.9842003661942643,twophase,twophase,26.575776234070275,27.206276430767115,2141.129391944511,78.70499437657462,0.6936800013245379,0.0,0.013344767150556436,0.013344767149451542,1.1048939541069558e-12
18180.0,368.7147710890685,0.0,25.673253774309703,25.547395238538943,25.547395238538943,54.792139793930005,4.560757192827595,0.012217291003057313,0.9843011299246787,twophase,twophase,26.57606149688536,27.206795862152745,2141.129391944511,78.70499437657462,0.6936680086038014,0.0,0.013344767150556436,0.013344767149451542,1.1048939541069558e-12
18200.0,368.7354917324759,0.0,25.673253774309703,25.547670990748582,25.547670990748582,54.79308728425831,4.560578614696869,0.012215958412489562,0.984401912894643,twophase,twophase,26.576346780418476,27.207314851261742,2141.129391944511,78.70499437657462,0.6936560135919891,0.0,0.013344767150556436,0.013344767149451542,1.1048939541069558e-12
18220.0,368.7562141961268,0.0,25.673253774309703,25.54794675630635,25.54794675630635,54.794034987860705,4.560400016535784,0.012214625310251647,0.9845027150784379,twophase,twophase,26.576632084559147,27.207833399027752,2141.129391944511,78.70499437657462,0.6936440162951475,0.0,0.013344767150556436,0.013344767149451542,1.1048939541069558e-12
18240.0,368.7769384774874,0.0,25.673253774309703,25.548222535176713,25.548222535176713,54.79498290427389,4.560221398441064,0.012213291697000847,0.9846035364503969,twophase,twophase,26.576917409197282,27.2083515063824,2141.129391944511,78.70499437657462,0.6936320167193998,0.0,0.013344767150556436,0.013344767149451542,1.1048939541069558e-12
18260.0,368.7976645740469,0.0,25.673253774309703,25.548498327324445,25.548498327324445,54.795931033039956,4.5600427605094,0.012211957573386079,0.9847043769849112,twophase,twophase,26.577202754223183,27.2088691742553,2141.129391944511,78.70499437657462,0.6936200148708005,0.0,0.013344767150556436,0.013344767149451542,1.1048939541069558e-12
18280.0,368.8183924832934,0.0,25.673253774309703,25.548774132714314,25.548774132714314,54.79687937370224,4.559864102837199,0.0122106229400544,0.9848052366564237,twophase,twophase,26.57748811952754,27.20938640357407,2141.129391944511,78.70499437657462,0.6936080107553875,0.0,0.013344767150556436,0.013344767149451542,1.1048939541069558e-12
18300.0,368.839122202713,0.0,25.673253774309703,25.549049951311066,25.549049951311066,54.79782792580426,4.559685425520552,0.012209287797652792,0.9849061154394322,twophase,twophase,26.57777350500143,27.20990319526431,2141.129391944511,78.70499437657462,0.6935960043791954,0.0,0.013344767150556436,0.013344767149451542,1.1048939541069558e-12
18320.0,368.85985372980736,0.0,25.673253774309703,25.549325783079652,25.549325783079652,54.79877668888827,4.559506728655444,0.012207952146830438,0.9850070133084893,twophase,twophase,26.57805891053632,27.21041955024964,2141.129391944511,78.70499437657462,0.6935839957482747,0.0,0.013344767150556436,0.013344767149451542,1.1048939541069558e-12
18340.0,368.88058706207244,0.0,25.673253774309703,25.549601627984966,25.549601627984966,54.79972566250105,4.559328012337517,0.012206615988229376,0.9851079302382004,twophase,twophase,26.578344336024063,27.210935469451673,2141.129391944511,78.70499437657462,0.6935719848686168,0.0,0.013344767150556436,0.013344767149451542,1.1048939541069558e-12
18360.0,368.9013221970195,0.0,25.673253774309703,25.549877485992095,25.549877485992095,54.80067484618717,4.559149276662294,0.012205279322495441,0.985208866203226,twophase,twophase,26.57862978135689,27.211450953790045,2141.129391944511,78.70499437657462,0.6935599717462413,0.0,0.013344767150556436,0.013344767149451542,1.1048939541069558e-12
18380.0,368.92205913215355,0.0,25.673253774309703,25.550153357066065,25.550153357066065,54.80162423949518,4.558970521724956,0.012203942150268253,0.9853098211782798,twophase,twophase,26.578915246427428,27.211966004182397,2141.129391944511,78.70499437657462,0.6935479563871162,0.0,0.013344767150556436,0.013344767149451542,1.1048939541069558e-12
18400.0,368.94279786499095,0.0,25.673253774309703,25.550429241172047,25.550429241172047,54.80257384197237,4.558791747620527,0.012202604472189611,0.9854107951381288,twophase,twophase,26.579200731128672,27.212480621544398,2141.129391944511,78.70499437657462,0.6935359387972247,0.0,0.013344767150556436,0.013344767149451542,1.1048939541069558e-12
18420.0,368.9635383930556,0.0,25.673253774309703,25.550705138275315,25.550705138275315,54.80352365316884,4.558612954443827,0.012201266288896988,0.9855117880575949,twophase,twophase,26.579486235354008,27.212994806789734,2141.129391944511,78.70499437657462,0.6935239189825135,0.0,0.013344767150556436,0.013344767149451542,1.1048939541069558e-12
18440.0,368.9842807138685,0.0,25.673253774309703,25.55098104834113,25.55098104834113,54.80447367263609,4.558434142289388,0.012199927601025782,0.9856127999115514,twophase,twophase,26.579771758997193,27.213508560830128,2141.129391944511,78.70499437657462,0.6935118969489114,0.0,0.013344767150556436,0.013344767149451542,1.1048939541069558e-12
18460.0,369.0050248249537,0.0,25.673253774309703,25.55125697133476,25.55125697133476,54.805423899920584,4.558255311251456,0.012198588409219687,0.9857138306749266,twophase,twophase,26.580057301952372,27.214021884575327,2141.129391944511,78.70499437657462,0.6934998727024098,0.0,0.013344767150556436,0.013344767149451542,1.1048939541069558e-12
18480.0,369.0257707238533,0.0,25.673253774309703,25.55153290722177,25.55153290722177,54.8063743345803,4.558076461424253,0.012197248714104023,0.9858148803227017,twophase,twophase,26.580342864114062,27.214534778933125,2141.129391944511,78.70499437657462,0.6934878462488535,0.0,0.013344767150556436,0.013344767149451542,1.1048939541069558e-12
18500.0,369.0465184080987,0.0,25.673253774309703,25.55180885596755,25.55180885596755,54.80732497616521,4.557897592901567,0.012195908516317206,0.9859159488299101,twophase,twophase,26.580628445377155,27.215047244809345,2141.129391944511,78.70499437657462,0.693475817594188,0.0,0.013344767150556436,0.013344767149451542,1.1048939541069558e-12
18520.0,369.06726787523604,0.0,25.673253774309703,25.552084817537697,25.552084817537697,54.80827582423002,4.557718705777078,0.012194567816490242,0.9860170361716393,twophase,twophase,26.580914045636916,27.21555928310787,2141.129391944511,78.70499437657462,0.6934637867442983,0.0,0.013344767150556436,0.013344767149451542,1.1048939541069558e-12
18540.0,369.08801912281245,0.0,25.673253774309703,25.552360791897836,25.552360791897836,54.809226878329895,4.557539800144212,0.01219322661525351,0.9861181423230292,twophase,twophase,26.581199664788993,27.216070894730617,2141.129391944511,78.70499437657462,0.6934517537050628,0.0,0.013344767150556436,0.013344767149451542,1.1048939541069558e-12
18560.0,369.1087721483793,0.0,25.673253774309703,25.552636779013643,25.552636779013643,54.810178138021584,4.557360876096156,0.012191884913235054,0.9862192672592717,twophase,twophase,26.581485302729394,27.216582080577574,2141.129391944511,78.70499437657462,0.6934397184823389,0.0,0.013344767150556436,0.013344767149451542,1.1048939541069558e-12
18580.0,369.12952694949047,0.0,25.673253774309703,25.552912778850857,25.552912778850857,54.81112960286144,4.557181933725872,0.012190542711063729,0.9863204109556127,twophase,twophase,26.581770959354504,27.217092841546773,2141.129391944511,78.70499437657462,0.6934276810819884,0.0,0.013344767150556436,0.013344767149451542,1.1048939541069558e-12
18600.0,369.1502835237099,0.0,25.673253774309703,25.55318879137532,25.55318879137532,54.81208127240864,4.5570029731261235,0.012189200009364003,0.9864215733873505,twophase,twophase,26.582056634561077,27.21760317853432,2141.129391944511,78.70499437657462,0.6934156415098365,0.0,0.013344767150556436,0.013344767149451542,1.1048939541069558e-12
18620.0,369.1710418686029,0.0,25.673253774309703,25.553464816552918,25.553464816552918,54.813033146220114,4.556823994389446,0.01218785680876424,0.9865227545298344,twophase,twophase,26.582342328246238,27.218113092434375,2141.129391944511,78.70499437657462,0.6934035997717364,0.0,0.013344767150556436,0.013344767149451542,1.1048939541069558e-12
18640.0,369.19180198173854,0.0,25.673253774309703,25.5537408543496,25.5537408543496,54.81398522385892,4.556644997608136,0.012186513109882975,0.9866239543584677,twophase,twophase,26.582628040307476,27.218622584139183,2141.129391944511,78.70499437657462,0.6933915558734627,0.0,0.013344767150556436,0.013344767149451542,1.1048939541069558e-12
18660.0,369.21256386069325,0.0,25.673253774309703,25.55401690473139,25.55401690473139,54.814937504885755,4.556465982874289,0.01218516891334285,0.9867251728487044,twophase,twophase,26.582913770642648,27.219131654539055,2141.129391944511,78.70499437657462,0.6933795098208194,0.0,0.013344767150556436,0.013344767149451542,1.1048939541069558e-12
18680.0,369.2333275030422,0.0,25.673253774309703,25.554292967664345,25.554292967664345,54.81588998885968,4.5562869502797385,0.0121838242197692,0.9868264099760516,twophase,twophase,26.583199519149975,27.219640304522386,2141.129391944511,78.70499437657462,0.6933674616196301,0.0,0.013344767150556436,0.013344767149451542,1.1048939541069558e-12
18700.0,369.25409290637214,0.0,25.673253774309703,25.554569043114626,25.554569043114626,54.81684267534683,4.556107899916139,0.012182479029776238,0.9869276657160682,twophase,twophase,26.583485285728045,27.220148534975653,2141.129391944511,78.70499437657462,0.6933554112756287,0.0,0.013344767150556436,0.013344767149451542,1.1048939541069558e-12
18720.0,369.27486006827337,0.0,25.673253774309703,25.55484513104849,25.55484513104849,54.81779556390955,4.55592883187495,0.012181133343984431,0.9870289400443657,twophase,twophase,26.5837710702758,27.220656346783418,2141.129391944511,78.70499437657462,0.6933433587945956,0.0,0.013344767150556436,0.013344767149451542,1.1048939541069558e-12
18740.0,369.2956289863324,0.0,25.673253774309703,25.555121231432132,25.555121231432132,54.818748654114444,4.5557497462473,0.012179787163007542,0.9871302329366044,twophase,twophase,26.584056872692557,27.22116374082834,2141.129391944511,78.70499437657462,0.6933313041822573,0.0,0.013344767150556436,0.013344767149451542,1.1048939541069558e-12
18760.0,369.31639965814924,0.0,25.673253774309703,25.555397344231935,25.555397344231935,54.81970194552498,4.555570643124201,0.012178440487464604,0.9872315443685006,twophase,twophase,26.58434269287798,27.221670717991174,2141.129391944511,78.70499437657462,0.6933192474443789,0.0,0.013344767150556436,0.013344767149451542,1.1048939541069558e-12
18780.0,369.3371720813294,0.0,25.673253774309703,25.55567346941436,25.55567346941436,54.820655437711295,4.555391522596471,0.012177093317964054,0.9873328743158185,twophase,twophase,26.584628530732097,27.222177279150767,2141.129391944511,78.70499437657462,0.6933071885866403,0.0,0.013344767150556436,0.013344767149451542,1.1048939541069558e-12
18800.0,369.35794625347387,0.0,25.673253774309703,25.555949606945802,25.555949606945802,54.82160913023774,4.555212384754581,0.012175745655123837,0.987434222754376,twophase,twophase,26.584914386155297,27.22268342518408,2141.129391944511,78.70499437657462,0.6932951276147941,0.0,0.013344767150556436,0.013344767149451542,1.1048939541069558e-12
18820.0,369.3787221721962,0.0,25.673253774309703,25.556225756792845,25.556225756792845,54.82256302267543,4.555033229688903,0.01217439749955118,0.9875355896600401,twophase,twophase,26.585200259048325,27.22318915696618,2141.129391944511,78.70499437657462,0.6932830645345064,0.0,0.013344767150556436,0.013344767149451542,1.1048939541069558e-12
18840.0,369.3994998351092,0.0,25.673253774309703,25.55650191892206,25.55650191892206,54.823517114594004,4.554854057489516,0.012173048851855852,0.9876369750087315,twophase,twophase,26.585486149312278,27.223694475370237,2141.129391944511,78.70499437657462,0.6932709993514614,0.0,0.013344767150556436,0.013344767149451542,1.1048939541069558e-12
18860.0,369.4202792398344,0.0,25.673253774309703,25.556778093300146,25.556778093300146,54.82447140556385,4.554674868246344,0.012171699712646596,0.9877383787764205,twophase,twophase,26.58577205684861,27.224199381267557,2141.129391944511,78.70499437657462,0.693258932071333,0.0,0.013344767150556436,0.013344767149451542,1.1048939541069558e-12
18880.0,369.4410603839951,0.0,25.673253774309703,25.557054279893805,25.557054279893805,54.82542589515532,4.5544956620490336,0.01217035008253235,0.9878398009391292,twophase,twophase,26.58605798155913,27.22470387552755,2141.129391944511,78.70499437657462,0.6932468626997952,0.0,0.013344767150556436,0.013344767149451542,1.1048939541069558e-12
18900.0,369.4618432652212,0.0,25.673253774309703,25.557330478669883,25.557330478669883,54.82638058294376,4.5543164389871,0.012168999962114315,0.987941241472929,twophase,twophase,26.586343923345993,27.22520795901776,2141.129391944511,78.70499437657462,0.6932347912424572,0.0,0.013344767150556436,0.013344767149451542,1.1048939541069558e-12
18920.0,369.482627881142,0.0,25.673253774309703,25.557606689595158,25.557606689595158,54.82733546849979,4.554137199149711,0.01216764935200132,0.9880427003539438,twophase,twophase,26.58662988211171,27.225711632603854,2141.129391944511,78.70499437657462,0.6932227177049886,0.0,0.013344767150556436,0.013344767149451542,1.1048939541069558e-12
18940.0,369.5034142293959,0.0,25.673253774309703,25.557882912636597,25.557882912636597,54.82829055139875,4.553957942625938,0.012166298252794824,0.9881441775583479,twophase,twophase,26.58691585775914,27.226214897149635,2141.129391944511,78.70499437657462,0.6932106420929971,0.0,0.013344767150556436,0.013344767149451542,1.1048939541069558e-12
18960.0,369.5242023076293,0.0,25.673253774309703,25.55815914776123,25.55815914776123,54.82924583121901,4.553778669504642,0.012164946665091618,0.9882456730623652,twophase,twophase,26.587201850191494,27.226717753517047,2141.129391944511,78.70499437657462,0.6931985644120524,0.0,0.013344767150556436,0.013344767149451542,1.1048939541069558e-12
18980.0,369.5449921134803,0.0,25.673253774309703,25.558435394936012,25.558435394936012,54.83020130753305,4.553599379874336,0.012163594589498075,0.9883471868422706,twophase,twophase,26.587487859312326,27.227220202566166,2141.129391944511,78.70499437657462,0.6931864846677979,0.0,0.013344767150556436,0.013344767149451542,1.1048939541069558e-12
19000.0,369.56578364460626,0.0,25.673253774309703,25.55871165412814,25.55871165412814,54.83115697991959,4.553420073823486,0.01216224202661077,0.9884487188743895,twophase,twophase,26.58777388502554,27.22772224515522,2141.129391944511,78.70499437657462,0.6931744028657968,0.0,0.013344767150556436,0.013344767149451542,1.1048939541069558e-12
19020.0,369.5865768986621,0.0,25.673253774309703,25.558987925304788,25.558987925304788,54.83211284795882,4.553240751440272,0.01216088897702406,0.9885502691350971,twophase,twophase,26.588059927235385,27.228223882140586,2141.129391944511,78.70499437657462,0.6931623190115936,0.0,0.013344767150556436,0.013344767149451542,1.1048939541069558e-12
19040.0,369.6073718733011,0.0,25.673253774309703,25.559264208433138,25.559264208433138,54.833068911226356,4.553061412812598,0.012159535441339766,0.9886518376008202,twophase,twophase,26.58834598584645,27.228725114376793,2141.129391944511,78.70499437657462,0.6931502331107895,0.0,0.013344767150556436,0.013344767149451542,1.1048939541069558e-12
19060.0,369.6281685661931,0.0,25.673253774309703,25.55954050348055,25.55954050348055,54.834025169305114,4.552882058028278,0.01215818142014825,0.9887534242480329,twophase,twophase,26.58863206076367,27.22922594271653,2141.129391944511,78.70499437657462,0.6931381451688928,0.0,0.013344767150556436,0.013344767149451542,1.1048939541069558e-12
19080.0,369.64896697500245,0.0,25.673253774309703,25.559816810414365,25.559816810414365,54.83498162177587,4.552702687174819,0.012156826914043383,0.9888550290532614,twophase,twophase,26.58891815189232,27.22972636801064,2141.129391944511,78.70499437657462,0.6931260551914384,0.0,0.013344767150556436,0.013344767149451542,1.1048939541069558e-12
19100.0,369.6697670974012,0.0,25.673253774309703,25.560093129201995,25.560093129201995,54.83593826821776,4.552523300339547,0.012155471923621864,0.9889566519930812,twophase,twophase,26.58920425913802,27.230226391108136,2141.129391944511,78.70499437657462,0.6931139631839809,0.0,0.013344767150556436,0.013344767149451542,1.1048939541069558e-12
19120.0,369.69056893107165,0.0,25.673253774309703,25.560369459811,25.560369459811,54.83689510821885,4.552343897609639,0.012154116449466278,0.9890582930441173,twophase,twophase,26.58949038240673,27.230726012856202,2141.129391944511,78.70499437657462,0.6931018691519614,0.0,0.013344767150556436,0.013344767149451542,1.1048939541069558e-12
19140.0,369.7113724736886,0.0,25.673253774309703,25.560645802208867,25.560645802208867,54.837852141357786,4.552164479071947,0.012152760492174406,0.989159952183044,twophase,twophase,26.589776521604744,27.231225234100194,2141.129391944511,78.70499437657462,0.6930897731009394,0.0,0.013344767150556436,0.013344767149451542,1.1048939541069558e-12
19160.0,369.7321777229406,0.0,25.673253774309703,25.56092215636325,25.56092215636325,54.83880936722371,4.551985044813206,0.012151404052327404,0.9892616293865858,twophase,twophase,26.59006267663869,27.231724055683642,2141.129391944511,78.70499437657462,0.6930776750363411,0.0,0.013344767150556436,0.013344767149451542,1.1048939541069558e-12
19180.0,369.75298467651635,0.0,25.673253774309703,25.561198522241813,25.561198522241813,54.839766785398794,4.551805594919892,0.012150047130517743,0.989363324631516,twophase,twophase,26.590348847415548,27.23222247844826,2141.129391944511,78.70499437657462,0.6930655749636799,0.0,0.013344767150556436,0.013344767149451542,1.1048939541069558e-12
19200.0,369.7737933321099,0.0,25.673253774309703,25.561474899812303,25.561474899812303,54.84072439547165,4.551626129478295,0.01214868972732776,0.9894650378946576,twophase,twophase,26.590635033842617,27.232720503233953,2141.129391944511,78.70499437657462,0.6930534728883873,0.0,0.013344767150556436,0.013344767149451542,1.1048939541069558e-12
19220.0,369.79460368742104,0.0,25.673253774309703,25.561751289042547,25.561751289042547,54.84168219702918,4.551446648574516,0.012147331843342666,0.9895667691528821,twophase,twophase,26.590921235827533,27.233218130878804,2141.129391944511,78.70499437657462,0.6930413688159156,0.0,0.013344767150556436,0.013344767149451542,1.1048939541069558e-12
19240.0,369.81541574015597,0.0,25.673253774309703,25.562027689900447,25.562027689900447,54.84264018966176,4.55126715229445,0.012145973479142301,0.9896685183831112,twophase,twophase,26.591207453278276,27.233715362219094,2141.129391944511,78.70499437657462,0.6930292627516725,0.0,0.013344767150556436,0.013344767149451542,1.1048939541069558e-12
19260.0,369.83622948801303,0.0,25.673253774309703,25.562304102353817,25.562304102353817,54.84359837295529,4.551087640723661,0.012144614635313765,0.9897702855623144,twophase,twophase,26.591493686103146,27.234212198089303,2141.129391944511,78.70499437657462,0.6930171547011215,0.0,0.013344767150556436,0.013344767149451542,1.1048939541069558e-12
19280.0,369.8570449287117,0.0,25.673253774309703,25.56258052637078,25.56258052637078,54.844556746502214,4.550908113947724,0.012143255312433918,0.9898720706675103,twophase,twophase,26.591779934210777,27.234708639322108,2141.129391944511,78.70499437657462,0.693005044669643,0.0,0.013344767150556436,0.013344767149451542,1.1048939541069558e-12
19300.0,369.8778620599581,0.0,25.673253774309703,25.562856961919238,25.562856961919238,54.84551530989164,4.550728572051748,0.012141895511085056,0.9899738736757673,twophase,twophase,26.592066197510135,27.235204686748396,2141.129391944511,78.70499437657462,0.6929929326626584,0.0,0.013344767150556436,0.013344767149451542,1.1048939541069558e-12
19320.0,369.898680879485,0.0,25.673253774309703,25.563133408967484,25.563133408967484,54.84647406272025,4.55054901512095,0.012140535231837528,0.9900756945642007,twophase,twophase,26.592352475910516,27.23570034119726,2141.129391944511,78.70499437657462,0.6929808186854929,0.0,0.013344767150556436,0.013344767149451542,1.1048939541069558e-12
19340.0,369.9195013850077,0.0,25.673253774309703,25.563409867483593,25.563409867483593,54.847433004575414,4.550369443240066,0.0121391744752768,0.9901775333099767,twophase,twophase,26.59263876932154,27.236195603496004,2141.129391944511,78.70499437657462,0.6929687027435889,0.0,0.013344767150556436,0.013344767149451542,1.1048939541069558e-12
19360.0,369.9403235742581,0.0,25.673253774309703,25.563686337435826,25.563686337435826,54.848392135055285,4.550189856493763,0.012137813241971081,0.9902793898903074,twophase,twophase,26.592925077653152,27.236690474470148,2141.129391944511,78.70499437657462,0.6929565848422518,0.0,0.013344767150556436,0.013344767149451542,1.1048939541069558e-12
19380.0,369.96114744496543,0.0,25.673253774309703,25.563962818792447,25.563962818792447,54.84935145375067,4.550010254966439,0.012136451532500704,0.9903812642824542,twophase,twophase,26.59321140081563,27.237184954943437,2141.129391944511,78.70499437657462,0.6929444649868786,0.0,0.013344767150556436,0.013344767149451542,1.1048939541069558e-12
19400.0,369.98197299487055,0.0,25.673253774309703,25.564239311521884,25.564239311521884,54.85031096026131,4.54983063874238,0.012135089347431693,0.9904831564637281,twophase,twophase,26.59349773871957,27.23767904573784,2141.129391944511,78.70499437657462,0.6929323431827534,0.0,0.013344767150556436,0.013344767149451542,1.1048939541069558e-12
19420.0,370.002800221714,0.0,25.673253774309703,25.564515815592525,25.564515815592525,54.851270654182194,4.5496510079055845,0.012133726687337872,0.9905850664114861,twophase,twophase,26.593784091275893,27.23817274767355,2141.129391944511,78.70499437657462,0.6929202194352193,0.0,0.013344767150556436,0.013344767149451542,1.1048939541069558e-12
19440.0,370.0236291232389,0.0,25.673253774309703,25.564792330972846,25.564792330972846,54.85223053511038,4.549471362539868,0.012132363552789951,0.9906869941031345,twophase,twophase,26.59407045839584,27.23866606156899,2141.129391944511,78.70499437657462,0.6929080937495926,0.0,0.013344767150556436,0.013344767149451542,1.1048939541069558e-12
19460.0,370.04445969719785,0.0,25.673253774309703,25.56506885763142,25.56506885763142,54.853190602644844,4.549291702728881,0.012130999944355708,0.9907889395161269,twophase,twophase,26.594356839990983,27.239158988240824,2141.129391944511,78.70499437657462,0.6928959661311649,0.0,0.013344767150556436,0.013344767149451542,1.1048939541069558e-12
19480.0,370.0652919413412,0.0,25.673253774309703,25.565345395536806,25.565345395536806,54.85415085638248,4.549112028555995,0.012129635862606382,0.990890902627966,twophase,twophase,26.5946432359732,27.23965152850396,2141.129391944511,78.70499437657462,0.692883836585253,0.0,0.013344767150556436,0.013344767149451542,1.1048939541069558e-12
19500.0,370.0861258534318,0.0,25.673253774309703,25.56562194465773,25.56562194465773,54.85511129592661,4.548932340104492,0.012128271308103074,0.9909928834162001,twophase,twophase,26.594929646254702,27.24014368317154,2141.129391944511,78.70499437657462,0.6928717051170921,0.0,0.013344767150556436,0.013344767149451542,1.1048939541069558e-12
19520.0,370.1069614312256,0.0,25.673253774309703,25.565898504962853,25.565898504962853,54.85607192087624,4.54875263745732,0.012126906281413963,0.9910948818584272,twophase,twophase,26.595216070748005,27.240635453054956,2141.129391944511,78.70499437657462,0.6928595717319714,0.0,0.013344767150556436,0.013344767149451542,1.1048939541069558e-12
19540.0,370.1277986724981,0.0,25.673253774309703,25.566175076421057,25.566175076421057,54.857032730835755,4.548572920697394,0.012125540783098788,0.9911968979322918,twophase,twophase,26.595502509365954,27.241126838963854,2141.129391944511,78.70499437657462,0.692847436435111,0.0,0.013344767150556436,0.013344767149451542,1.1048939541069558e-12
19560.0,370.1486375750122,0.0,25.673253774309703,25.566451659001103,25.566451659001103,54.85799372540434,4.54839318990725,0.01212417481372576,0.9912989316154852,twophase,twophase,26.595788962021704,27.241617841706134,2141.129391944511,78.70499437657462,0.6928352992317965,0.0,0.013344767150556436,0.013344767149451542,1.1048939541069558e-12
19580.0,370.16947813654593,0.0,25.673253774309703,25.566728252671947,25.566728252671947,54.85895490418913,4.548213445169349,0.012122808373850463,0.9914009828857477,twophase,twophase,26.596075428628723,27.242108462087952,2141.129391944511,78.70499437657462,0.692823160127212,0.0,0.013344767150556436,0.013344767149451542,1.1048939541069558e-12
19600.0,370.1903203548777,0.0,25.673253774309703,25.567004857402527,25.567004857402527,54.85991626679197,4.5480336865658835,0.012121441464037163,0.991503051720866,twophase,twophase,26.596361909100796,27.242598700913728,2141.129391944511,78.70499437657462,0.6928110191266081,0.0,0.013344767150556436,0.013344767149451542,1.1048939541069558e-12
19620.0,370.21116422778937,0.0,25.673253774309703,25.567281473161877,25.567281473161877,54.86087781281996,4.5478539141788845,0.01212007408484181,0.9916051380986728,twophase,twophase,26.596648403352024,27.243088558986152,2141.129391944511,78.70499437657462,0.692798876235168,0.0,0.013344767150556436,0.013344767149451542,1.1048939541069558e-12
19640.0,370.2320097530737,0.0,25.673253774309703,25.56755809991914,25.56755809991914,54.861839541878986,4.547674128090223,0.012118706236822518,0.9917072419970501,twophase,twophase,26.596934911296813,27.243578037106175,2141.129391944511,78.70499437657462,0.6927867314580898,0.0,0.013344767150556436,0.013344767149451542,1.1048939541069558e-12
19660.0,370.2528569285178,0.0,25.673253774309703,25.56783473764341,25.56783473764341,54.8628014535766,4.547494328381478,0.012117337920534847,0.9918093633939246,twophase,twophase,26.597221432849885,27.244067136073035,2141.129391944511,78.70499437657462,0.6927745848005499,0.0,0.013344767150556436,0.013344767149451542,1.1048939541069558e-12
19680.0,370.2737057519127,0.0,25.673253774309703,25.568111386303844,25.568111386303844,54.863763547517344,4.547314515134033,0.012115969136539298,0.9919115022672715,twophase,twophase,26.59750796792627,27.244555856684237,2141.129391944511,78.70499437657462,0.6927624362677618,0.0,0.013344767150556436,0.013344767149451542,1.1048939541069558e-12
19700.0,370.29455622106957,0.0,25.673253774309703,25.56838804586986,25.56838804586986,54.86472582331645,4.547134688429262,0.012114599885379433,0.992013658595111,twophase,twophase,26.597794516441304,27.24504419973557,2141.129391944511,78.70499437657462,0.6927502858648035,0.0,0.013344767150556436,0.013344767149451542,1.1048939541069558e-12
19720.0,370.31540833378233,0.0,25.673253774309703,25.568664716310636,25.568664716310636,54.86568828057803,4.5469548483480615,0.012113230167616784,0.9921158323555125,twophase,twophase,26.59808107831064,27.24553216602111,2141.129391944511,78.70499437657462,0.6927381335968927,0.0,0.013344767150556436,0.013344767149451542,1.1048939541069558e-12
19740.0,370.33626208786524,0.0,25.673253774309703,25.568941397595655,25.568941397595655,54.86665091891577,4.546774994971365,0.012111859983797678,0.992218023526589,twophase,twophase,26.598367653450225,27.24601975633322,2141.129391944511,78.70499437657462,0.6927259794691257,0.0,0.013344767150556436,0.013344767149451542,1.1048939541069558e-12
19760.0,370.35711748112607,0.0,25.673253774309703,25.5692180896943,25.5692180896943,54.86761373794058,4.546595128379761,0.012110489334473043,0.9923202320865018,twophase,twophase,26.598654241776323,27.246506971462555,2141.129391944511,78.70499437657462,0.6927138234866331,0.0,0.013344767150556436,0.013344767149451542,1.1048939541069558e-12
19780.0,370.3779745113868,0.0,25.673253774309703,25.569494792576165,25.569494792576165,54.86857673726374,4.5464152486537825,0.0121091182201934,0.9924224580134584,twophase,twophase,26.598940843205497,27.246993812198067,2141.129391944511,78.70499437657462,0.6927016656545399,0.0,0.013344767150556436,0.013344767149451542,1.1048939541069558e-12
19800.0,370.39883317646166,0.0,25.673253774309703,25.569771506210717,25.569771506210717,54.869539916500386,4.546235355873601,0.01210774664150313,0.9925247012857117,twophase,twophase,26.599227457654617,27.24748027932701,2141.129391944511,78.70499437657462,0.6926895059779221,0.0,0.013344767150556436,0.013344767149451542,1.1048939541069558e-12
19820.0,370.41969347417665,0.0,25.673253774309703,25.570048230567604,25.570048230567604,54.87050327526272,4.546055450119303,0.012106374598951595,0.9926269618815613,twophase,twophase,26.599514085040852,27.24796637363494,2141.129391944511,78.70499437657462,0.692677344461892,0.0,0.013344767150556436,0.013344767149451542,1.1048939541069558e-12
19840.0,370.44055540236445,0.0,25.673253774309703,25.570324965616567,25.570324965616567,54.87146681316601,4.54587553147081,0.012105002093083383,0.992729239779353,twophase,twophase,26.599800725281675,27.248452095905723,2141.129391944511,78.70499437657462,0.6926651811115225,0.0,0.013344767150556436,0.013344767149451542,1.1048939541069558e-12
19860.0,370.4614189588519,0.0,25.673253774309703,25.570601711327264,25.570601711327264,54.87243052982677,4.545695600007729,0.012103629124441089,0.9928315349574778,twophase,twophase,26.600087378294862,27.248937446921527,2141.129391944511,78.70499437657462,0.6926530159318699,0.0,0.013344767150556436,0.013344767149451542,1.1048939541069558e-12
19880.0,370.48228414148036,0.0,25.673253774309703,25.57087846766957,25.57087846766957,54.873394424862326,4.545515655809615,0.012102255693566322,0.9929338473943728,twophase,twophase,26.600374043998485,27.249422427462843,2141.129391944511,78.70499437657462,0.6926408489279801,0.0,0.013344767150556436,0.013344767149451542,1.1048939541069558e-12
19900.0,370.503150948085,0.0,25.673253774309703,25.571155234613247,25.571155234613247,54.87435849788674,4.5453356989556735,0.012100881801005983,0.9930361770685215,twophase,twophase,26.600660722310916,27.249907038308482,2141.129391944511,78.70499437657462,0.6926286801049388,0.0,0.013344767150556436,0.013344767149451542,1.1048939541069558e-12
19920.0,370.52401937652047,0.0,25.673253774309703,25.571432012128362,25.571432012128362,54.87532274852297,4.545155729525145,0.0120995074472929,0.9931385239584526,twophase,twophase,26.600947413150827,27.25039128023557,2141.129391944511,78.70499437657462,0.6926165094677197,0.0,0.013344767150556436,0.013344767149451542,1.1048939541069558e-12
19940.0,370.54488942462507,0.0,25.673253774309703,25.571708800184748,25.571708800184748,54.87628717638674,4.544975747596808,0.012098132632971565,0.9932408880427405,twophase,twophase,26.601234116437183,27.25087515401956,2141.129391944511,78.70499437657462,0.6926043370213862,0.0,0.013344767150556436,0.013344767149451542,1.1048939541069558e-12
19960.0,370.5657610902563,0.0,25.673253774309703,25.57198559875249,25.57198559875249,54.877251781097236,4.544795753249432,0.012096757358581236,0.9933432693000047,twophase,twophase,26.601520832089246,27.251358660434242,2141.129391944511,78.70499437657462,0.6925921627709578,0.0,0.013344767150556436,0.013344767149451542,1.1048939541069558e-12
19980.0,370.58663437127217,0.0,25.673253774309703,25.5722624078017,25.5722624078017,54.87821656228015,4.544615746561571,0.012095381624650658,0.9934456677089093,twophase,twophase,26.60180756002658,27.25184180025173,2141.129391944511,78.70499437657462,0.6925799867213714,0.0,0.013344767150556436,0.013344767149451542,1.1048939541069558e-12
20000.0,370.6075092655312,0.0,25.673253774309703,25.5725392273025,25.5725392273025,54.87918151955231,4.544435727611541,0.012094005431723138,0.9935480832481659,twophase,twophase,26.60209430016903,27.252324574242476,2141.129391944511,78.70499437657462,0.6925678088776748,0.0,0.013344767150556436,0.013344767149451542,1.1048939541069558e-12
20020.0,370.62838577090264,0.0,25.673253774309703,25.572816057225143,25.572816057225143,54.88014665253984,4.544255696477532,0.01209262878032712,0.9936505158965294,twophase,twophase,26.602381052436744,27.252806983175276,2141.129391944511,78.70499437657462,0.6925556292447981,0.0,0.013344767150556436,0.013344767149451542,1.1048939541069558e-12
20040.0,370.6492638852487,0.0,25.673253774309703,25.573092897539805,25.573092897539805,54.88111196086238,4.544075653237428,0.0120912516710016,0.9937529656328,twophase,twophase,26.60266781675016,27.253289027817267,2141.129391944511,78.70499437657462,0.6925434478277525,0.0,0.013344767150556436,0.013344767149451542,1.1048939541069558e-12
20060.0,370.67014360644794,0.0,25.673253774309703,25.573369748216894,25.573369748216894,54.88207744414742,4.5438955979690805,0.012089874104273151,0.9938554324358235,twophase,twophase,26.602954593030006,27.253770708933935,2141.129391944511,78.70499437657462,0.6925312646314489,0.0,0.013344767150556436,0.013344767149451542,1.1048939541069558e-12
20080.0,370.691024932374,0.0,25.673253774309703,25.573646609226742,25.573646609226742,54.88304310201746,4.543715530750032,0.012088496080676461,0.9939579162844899,twophase,twophase,26.6032413811973,27.254252027289116,2141.129391944511,78.70499437657462,0.6925190796608617,0.0,0.013344767150556436,0.013344767149451542,1.1048939541069558e-12
20100.0,370.71190786091165,0.0,25.673253774309703,25.573923480539825,25.573923480539825,54.88400893410008,4.54353545165772,0.012087117600738327,0.9940604171577349,twophase,twophase,26.60352818117335,27.254732983645,2141.129391944511,78.70499437657462,0.6925068929208995,0.0,0.013344767150556436,0.013344767149451542,1.1048939541069558e-12
20120.0,370.73279238994206,0.0,25.673253774309703,25.57420036212661,25.57420036212661,54.88497494002112,4.5433553607693264,0.012085738664988304,0.9941629350345383,twophase,twophase,26.603814992879748,27.255213578762135,2141.129391944511,78.70499437657462,0.6924947044164927,0.0,0.013344767150556436,0.013344767149451542,1.1048939541069558e-12
20140.0,370.75367851735615,0.0,25.673253774309703,25.574477253957657,25.574477253957657,54.88594111940767,4.543175258161887,0.012084359273954197,0.9942654698939237,twophase,twophase,26.60410181623838,27.255693813399436,2141.129391944511,78.70499437657462,0.6924825141525552,0.0,0.013344767150556436,0.013344767149451542,1.1048939541069558e-12
20160.0,370.77456624104724,0.0,25.673253774309703,25.574754156003586,25.574754156003586,54.88690747189032,4.542995143912249,0.012082979428158325,0.9943680217149606,twophase,twophase,26.604388651171416,27.256173688314174,2141.129391944511,78.70499437657462,0.6924703221339561,0.0,0.013344767150556436,0.013344767149451542,1.1048939541069558e-12
20180.0,370.79545555890877,0.0,25.673253774309703,25.57503106823502,25.57503106823502,54.8878739970947,4.542815018097028,0.012081599128131126,0.9944705904767619,twophase,twophase,26.604675497601306,27.256653204261994,2141.129391944511,78.70499437657462,0.6924581283656265,0.0,0.013344767150556436,0.013344767149451542,1.1048939541069558e-12
20200.0,370.8163464688455,0.0,25.673253774309703,25.575307990622736,25.575307990622736,54.88884069465257,4.542634880792738,0.012080218374393327,0.9945731761584858,twophase,twophase,26.604962355450795,27.257132361996916,2141.129391944511,78.70499437657462,0.6924459328524193,0.0,0.013344767150556436,0.013344767149451542,1.1048939541069558e-12
20220.0,370.837238968761,0.0,25.673253774309703,25.575584923137505,25.575584923137505,54.889807564196516,4.542454732075658,0.012078837167464444,0.9946757787393331,twophase,twophase,26.6052492246429,27.25761116227133,2141.129391944511,78.70499437657462,0.6924337355991765,0.0,0.013344767150556436,0.013344767149451542,1.1048939541069558e-12
20240.0,370.85813305656285,0.0,25.673253774309703,25.57586186575013,25.57586186575013,54.89077460535449,4.542274572021852,0.01207745550787164,0.9947783981985506,twophase,twophase,26.605536105100928,27.258089605836012,2141.129391944511,78.70499437657462,0.6924215366107982,0.0,0.013344767150556436,0.013344767149451542,1.1048939541069558e-12
20260.0,370.8790287301633,0.0,25.673253774309703,25.57613881843152,25.57613881843152,54.89174181775992,4.542094400707249,0.012076073396133348,0.9948810345154279,twophase,twophase,26.60582299674847,27.258567693440114,2141.129391944511,78.70499437657462,0.6924093358921141,0.0,0.013344767150556436,0.013344767149451542,1.1048939541069558e-12
20280.0,370.89992598748313,0.0,25.673253774309703,25.576415781152676,25.576415781152676,54.89270920104957,4.54191421820763,0.012074690832762849,0.9949836876692986,twophase,twophase,26.606109899509384,27.259045425831175,2141.129391944511,78.70499437657462,0.6923971334479118,0.0,0.013344767150556436,0.013344767149451542,1.1048939541069558e-12
20300.0,370.9208248264376,0.0,25.673253774309703,25.57669275388453,25.57669275388453,54.89367675485263,4.54173402459847,0.01207330781828573,0.9950863576395411,twophase,twophase,26.606396813307825,27.259522803755132,2141.129391944511,78.70499437657462,0.6923849292830735,0.0,0.013344767150556436,0.013344767149451542,1.1048939541069558e-12
20320.0,370.94172524495644,0.0,25.673253774309703,25.576969736598212,25.576969736598212,54.89464447880698,4.541553819955201,0.012071924353213756,0.9951890444055762,twophase,twophase,26.606683738068217,27.25999982795631,2141.129391944511,78.70499437657462,0.6923727234023712,0.0,0.013344767150556436,0.013344767149451542,1.1048939541069558e-12
20340.0,370.96262724096323,0.0,25.673253774309703,25.5772467292648,25.5772467292648,54.8956123725468,4.541373604352966,0.012070540438064757,0.9952917479468686,twophase,twophase,26.606970673715264,27.26047649917743,2141.129391944511,78.70499437657462,0.6923605158106233,0.0,0.013344767150556436,0.013344767149451542,1.1048939541069558e-12
20360.0,370.98353081239,0.0,25.673253774309703,25.577523731855447,25.577523731855447,54.89658043570811,4.5411933778667395,0.01206915607335375,0.9953944682429283,twophase,twophase,26.607257620173943,27.260952818159613,2141.129391944511,78.70499437657462,0.6923483065126236,0.0,0.013344767150556436,0.013344767149451542,1.1048939541069558e-12
20380.0,371.0044359571767,0.0,25.673253774309703,25.577800744341445,25.577800744341445,54.89754866793034,4.5410131405714065,0.012067771259590448,0.9954972052733061,twophase,twophase,26.607544577369517,27.261428785642387,2141.129391944511,78.70499437657462,0.6923360955131229,0.0,0.013344767150556436,0.013344767149451542,1.1048939541069558e-12
20400.0,371.0253426732585,0.0,25.673253774309703,25.578077766694012,25.578077766694012,54.89851706884829,4.540832892541533,0.01206638599729213,0.9955999590175982,twophase,twophase,26.607831545227512,27.261904402363687,2141.129391944511,78.70499437657462,0.6923238828169296,0.0,0.013344767150556436,0.013344767149451542,1.1048939541069558e-12
20420.0,371.04625095858404,0.0,25.673253774309703,25.57835479888456,25.57835479888456,54.89948563810434,4.54065263385165,0.012065000286964014,0.9957027294554425,twophase,twophase,26.60811852367374,27.262379669059857,2141.129391944511,78.70499437657462,0.6923116684287559,0.0,0.013344767150556436,0.013344767149451542,1.1048939541069558e-12
20440.0,371.0671608111014,0.0,25.673253774309703,25.57863184088449,25.57863184088449,54.90045437533584,4.540472364576027,0.012063614129119589,0.9958055165665225,twophase,twophase,26.608405512634278,27.262854586465657,2141.129391944511,78.70499437657462,0.6922994523533765,0.0,0.013344767150556436,0.013344767149451542,1.1048939541069558e-12
20460.0,371.08807222875834,0.0,25.673253774309703,25.578908892665204,25.578908892665204,54.90142328018446,4.54029208478872,0.012062227524265518,0.9959083203305615,twophase,twophase,26.60869251203548,27.263329155314263,2141.129391944511,78.70499437657462,0.6922872345955114,0.0,0.013344767150556436,0.013344767149451542,1.1048939541069558e-12
20480.0,371.1089852095104,0.0,25.673253774309703,25.57918595419822,25.57918595419822,54.902392352289546,4.540111794563656,0.012060840472912277,0.9960111407273281,twophase,twophase,26.608979521803963,27.263803376337275,2141.129391944511,78.70499437657462,0.6922750151599093,0.0,0.013344767150556436,0.013344767149451542,1.1048939541069558e-12
20500.0,371.1298997513174,0.0,25.673253774309703,25.579463025455116,25.579463025455116,54.90336159129579,4.53993149397458,0.01205945297556205,0.9961139777366341,twophase,twophase,26.60926654186663,27.264277250264715,2141.129391944511,78.70499437657462,0.6922627940512505,0.0,0.013344767150556436,0.013344767149451542,1.1048939541069558e-12
20520.0,371.1508158521455,0.0,25.673253774309703,25.57974010640753,25.57974010640753,54.904330996843356,4.539751183095075,0.01205806503272429,0.9962168313383324,twophase,twophase,26.60955357215064,27.264750777825036,2141.129391944511,78.70499437657462,0.692250571274272,0.0,0.013344767150556436,0.013344767149451542,1.1048939541069558e-12
20540.0,371.1717335099573,0.0,25.673253774309703,25.580017197027097,25.580017197027097,54.90530056857792,4.539570861998484,0.012056676644899756,0.9963197015123194,twophase,twophase,26.60984061258343,27.265223959745118,2141.129391944511,78.70499437657462,0.6922383468336406,0.0,0.013344767150556436,0.013344767149451542,1.1048939541069558e-12
20560.0,371.192652722725,0.0,25.673253774309703,25.580294297285576,25.580294297285576,54.906270306141856,4.539390530758037,0.012055287812594715,0.996422588238535,twophase,twophase,26.610127663092698,27.265696796750277,2141.129391944511,78.70499437657462,0.6922261207340645,0.0,0.013344767150556436,0.013344767149451542,1.1048939541069558e-12
20580.0,371.21357348842326,0.0,25.673253774309703,25.58057140715473,25.58057140715473,54.90724020918111,4.539210189446741,0.0120538985363098,0.9965254914969602,twophase,twophase,26.61041472360641,27.26616928956427,2141.129391944511,78.70499437657462,0.6922138929802055,0.0,0.013344767150556436,0.013344767149451542,1.1048939541069558e-12
20600.0,371.23449580503353,0.0,25.673253774309703,25.58084852660646,25.58084852660646,54.9082102773451,4.539029838137505,0.012052508816540254,0.9966284112676197,twophase,twophase,26.610701794052808,27.2666414389093,2141.129391944511,78.70499437657462,0.6922016635766818,0.0,0.013344767150556436,0.013344767149451542,1.1048939541069558e-12
20620.0,371.2554196705342,0.0,25.673253774309703,25.5811256556126,25.5811256556126,54.90918051027527,4.538849476902946,0.012051118653794119,0.9967313475305797,twophase,twophase,26.610988874360384,27.267113245506003,2141.129391944511,78.70499437657462,0.6921894325282107,0.0,0.013344767150556436,0.013344767149451542,1.1048939541069558e-12
20640.0,371.2763450829111,0.0,25.673253774309703,25.581402794145095,25.581402794145095,54.91015090762027,4.53866910581556,0.012049728048568142,0.9968343002659483,twophase,twophase,26.611275964457906,27.26758471007347,2141.129391944511,78.70499437657462,0.6921771998394189,0.0,0.013344767150556436,0.013344767149451542,1.1048939541069558e-12
20660.0,371.2972720401586,0.0,25.673253774309703,25.581679942176027,25.581679942176027,54.911121469032004,4.538488724947733,0.012048337001353963,0.9969372694538783,twophase,twophase,26.6115630642744,27.26805583332925,2141.129391944511,78.70499437657462,0.6921649655148912,0.0,0.013344767150556436,0.013344767149451542,1.1048939541069558e-12
20680.0,371.31820054026394,0.0,25.673253774309703,25.58195709967736,25.58195709967736,54.9120921941546,4.538308334371535,0.012046945512655807,0.997040255074561,twophase,twophase,26.611850173739157,27.268526615989334,2141.129391944511,78.70499437657462,0.692152729559309,0.0,0.013344767150556436,0.013344767149451542,1.1048939541069558e-12
20700.0,371.3391305812315,0.0,25.673253774309703,25.582234266621295,25.582234266621295,54.913063082641486,4.53812793415901,0.01204555358296314,0.9971432571082329,twophase,twophase,26.61213729278173,27.268997058768182,2141.129391944511,78.70499437657462,0.692140491977237,0.0,0.013344767150556436,0.013344767149451542,1.1048939541069558e-12
20720.0,371.36006216105346,0.0,25.673253774309703,25.58251144297989,25.58251144297989,54.9140341341414,4.5379475243818606,0.012044161212772983,0.9972462755351699,twophase,twophase,26.61242442133193,27.26946716237871,2141.129391944511,78.70499437657462,0.6921282527732979,0.0,0.013344767150556436,0.013344767149451542,1.1048939541069558e-12
20740.0,371.3809952777422,0.0,25.673253774309703,25.582788628725456,25.582788628725456,54.91500534830692,4.5377671051117945,0.012042768402576527,0.9973493103356916,twophase,twophase,26.61271155931983,27.269936927532306,2141.129391944511,78.70499437657462,0.6921160119520655,0.0,0.013344767150556436,0.013344767149451542,1.1048939541069558e-12
20760.0,371.4019299293038,0.0,25.673253774309703,25.583065823830257,25.583065823830257,54.91597672478946,4.537586676420248,0.012041375152866771,0.997452361490158,twophase,twophase,26.612998706675768,27.27040635493882,2141.129391944511,78.70499437657462,0.6921037695181274,0.0,0.013344767150556436,0.013344767149451542,1.1048939541069558e-12
20780.0,371.422866113752,0.0,25.673253774309703,25.583343028266615,25.583343028266615,54.916948263241515,4.537406238378492,0.012039981464135286,0.997555428978972,twophase,twophase,26.61328586333033,27.270875445306576,2141.129391944511,78.70499437657462,0.6920915254760572,0.0,0.013344767150556436,0.013344767149451542,1.1048939541069558e-12
20800.0,371.44380382909907,0.0,25.673253774309703,25.583620242006877,25.583620242006877,54.917919963317736,4.537225791057595,0.012038587336870138,0.9976585127825771,twophase,twophase,26.613573029214365,27.271344199342373,2141.129391944511,78.70499437657462,0.6920792798304009,0.0,0.013344767150556436,0.013344767149451542,1.1048939541069558e-12
20820.0,371.46474307336985,0.0,25.673253774309703,25.583897465023536,25.583897465023536,54.91889182467227,4.537045334528547,0.012037192771560463,0.9977616128814586,twophase,twophase,26.613860204258977,27.271812617751493,2141.129391944511,78.70499437657462,0.6920670325857097,0.0,0.013344767150556436,0.013344767149451542,1.1048939541069558e-12
20840.0,371.4856838445849,0.0,25.673253774309703,25.584174697289058,25.584174697289058,54.91986384696024,4.536864868862078,0.012035797768693953,0.9978647292561432,twophase,twophase,26.614147388395526,27.27228070123769,2141.129391944511,78.70499437657462,0.6920547837465226,0.0,0.013344767150556436,0.013344767149451542,1.1048939541069558e-12
20860.0,371.5066261407724,0.0,25.673253774309703,25.584451938775985,25.584451938775985,54.92083602983823,4.536684394128779,0.012034402328756038,0.9979678618871989,twophase,twophase,26.61443458155563,27.272748450503215,2141.129391944511,78.70499437657462,0.692042533317359,0.0,0.013344767150556436,0.013344767149451542,1.1048939541069558e-12
20880.0,371.5275699599646,0.0,25.673253774309703,25.584729189456937,25.584729189456937,54.921808372962374,4.536503910399084,0.012033006452233035,0.9980710107552349,twophase,twophase,26.61472178367116,27.273215866248798,2141.129391944511,78.70499437657462,0.6920302813027437,0.0,0.013344767150556436,0.013344767149451542,1.1048939541069558e-12
20900.0,371.5485153001938,0.0,25.673253774309703,25.58500644930454,25.58500644930454,54.92278087598985,4.5363234177432155,0.012031610139609699,0.9981741758409022,twophase,twophase,26.61500899467424,27.273682949173665,2141.129391944511,78.70499437657462,0.6920180277071876,0.0,0.013344767150556436,0.013344767149451542,1.1048939541069558e-12
20920.0,371.56946215949984,0.0,25.673253774309703,25.585283718291493,25.585283718291493,54.923753538578666,4.536142916231246,0.012030213391369608,0.9982773571248912,twophase,twophase,26.615296214497246,27.274149699975535,2141.129391944511,78.70499437657462,0.6920057725351905,0.0,0.013344767150556436,0.013344767149451542,1.1048939541069558e-12
20940.0,371.5904105359251,0.0,25.673253774309703,25.585560996390583,25.585560996390583,54.92472636038922,4.535962405933111,0.012028816207992617,0.998380554587935,twophase,twophase,26.6155834430728,27.27461611935063,2141.129391944511,78.70499437657462,0.6919935157912218,0.0,0.013344767150556436,0.013344767149451542,1.1048939541069558e-12
20960.0,371.61136042751315,0.0,25.673253774309703,25.585838283574578,25.585838283574578,54.925699341078435,4.535781886918502,0.012027418589964346,0.998483768210806,twophase,twophase,26.615870680333785,27.275082207993666,2141.129391944511,78.70499437657462,0.6919812574797937,0.0,0.013344767150556436,0.013344767149451542,1.1048939541069558e-12
20980.0,371.6323118323174,0.0,25.673253774309703,25.586115579816397,25.586115579816397,54.926672480310586,4.53560135925704,0.012026020537758633,0.9985869979743192,twophase,twophase,26.616157926213326,27.275547966597873,2141.129391944511,78.70499437657462,0.6919689976053254,0.0,0.013344767150556436,0.013344767149451542,1.1048939541069558e-12
21000.0,371.6532647483877,0.0,25.673253774309703,25.586392885088912,25.586392885088912,54.92764577774514,4.535420823018084,0.012024622051857241,0.9986902438593284,twophase,twophase,26.6164451806448,27.27601339585498,2141.129391944511,78.70499437657462,0.6919567361722962,0.0,0.013344767150556436,0.013344767149451542,1.1048939541069558e-12
21020.0,371.6742191737852,0.0,25.673253774309703,25.586670199365155,25.586670199365155,54.928619233044316,4.535240278270917,0.012023223132737695,0.9987935058467293,twophase,twophase,26.616732443561833,27.276478496455233,2141.129391944511,78.70499437657462,0.6919444731851497,0.0,0.013344767150556436,0.013344767149451542,1.1048939541069558e-12
21040.0,371.6951751065655,0.0,25.673253774309703,25.586947522618075,25.586947522618075,54.92959284586984,4.535059725084536,0.012021823780878302,0.9988967839174581,twophase,twophase,26.6170197148983,27.27694326908739,2141.129391944511,78.70499437657462,0.6919322086483355,0.0,0.013344767150556436,0.013344767149451542,1.1048939541069558e-12
21060.0,371.71613254479433,0.0,25.673253774309703,25.587224854820754,25.587224854820754,54.930566615885404,4.534879163527845,0.012020423996754471,0.9990000780524899,twophase,twophase,26.61730699458832,27.277407714438727,2141.129391944511,78.70499437657462,0.6919199425662779,0.0,0.013344767150556436,0.013344767149451542,1.1048939541069558e-12
21080.0,371.73709148654035,0.0,25.673253774309703,25.58750219594636,25.58750219594636,54.93154054275566,4.534698593669599,0.012019023780840143,0.999103388232843,twophase,twophase,26.617594282566255,27.277871833195043,2141.129391944511,78.70499437657462,0.6919076749433881,0.0,0.013344767150556436,0.013344767149451542,1.1048939541069558e-12
21100.0,371.7580519298751,0.0,25.673253774309703,25.587779545968054,25.587779545968054,54.932514626146954,4.534518015578353,0.012017623133606686,0.9992067144395727,twophase,twophase,26.617881578766717,27.278335626040658,2141.129391944511,78.70499437657462,0.691895405784056,0.0,0.013344767150556436,0.013344767149451542,1.1048939541069558e-12
21120.0,371.77901387287494,0.0,25.673253774309703,25.588056904859087,25.588056904859087,54.93348886572353,4.534337429322511,0.012016222055528943,0.9993100566537767,twophase,twophase,26.61816888312456,27.278799093658424,2141.129391944511,78.70499437657462,0.6918831350926965,0.0,0.013344767150556436,0.013344767149451542,1.1048939541069558e-12
21140.0,371.7999773136157,0.0,25.673253774309703,25.588334272592707,25.588334272592707,54.93446326115227,4.534156834970269,0.012014820547077695,0.9994134148565922,twophase,twophase,26.618456195574886,27.27926223672972,2141.129391944511,78.70499437657462,0.6918708628736917,0.0,0.013344767150556436,0.013344767149451542,1.1048939541069558e-12
21160.0,371.82094225017846,0.0,25.673253774309703,25.58861164914223,25.58861164914223,54.93543781209779,4.533976232589669,0.012013418608727455,0.9995167890291964,twophase,twophase,26.61874351605303,27.27972505593446,2141.129391944511,78.70499437657462,0.6918585891314508,0.0,0.013344767150556436,0.013344767149451542,1.1048939541069558e-12
21180.0,371.841908680658,0.0,25.673253774309703,25.588889034481156,25.588889034481156,54.93641251823335,4.533795622248713,0.012012016240939028,0.9996201791528063,twophase,twophase,26.619030844494574,27.28018755195109,2141.129391944511,78.70499437657462,0.6918463138702743,0.0,0.013344767150556436,0.013344767149451542,1.1048939541069558e-12
21200.0,371.86287660313303,0.0,25.673253774309703,25.589166428582796,25.589166428582796,54.937387379222415,4.533615004015012,0.012010613444188996,0.999723585208679,twophase,twophase,26.619318180835343,27.280649725456605,2141.129391944511,78.70499437657462,0.6918340370945848,0.0,0.013344767150556436,0.013344767149451542,1.1048939541069558e-12
21220.0,371.88384601570436,0.0,25.673253774309703,25.589443831420734,25.589443831420734,54.93836239473706,4.533434377956218,0.012009210218940301,0.9998270071781106,twophase,twophase,26.6196055250114,27.281111577126538,2141.129391944511,78.70499437657462,0.6918217588086963,0.0,0.013344767150556436,0.013344767149451542,1.1048939541069558e-12
21240.0,371.9048169164615,0.0,25.673253774309703,25.589721242968405,25.589721242968405,54.93933756444539,4.533253744139638,0.012007806565662428,0.9999304450424377,twophase,twophase,26.61989287695905,27.28157310763497,2141.129391944511,78.70499437657462,0.6918094790169722,0.0,0.013344767150556436,0.013344767149451542,1.1048939541069558e-12
21260.0,371.92918627146645,0.0,25.673253774309703,25.59004359685289,25.591154301588713,54.94146331263615,4.532860061145383,0.012004570026640168,,twophase,gas,26.62018025487445,27.28203452898743,2141.129391869746,78.70499445133943,0.6917827120911048,3.738250597962178e-09,0.013344841915568395,0.013344841914264549,1.3038459201197838e-12
21280.0,371.9605049658313,0.0,25.673253774309703,25.590457853710816,25.594954561064544,54.94594287527289,4.5320308325299905,0.01199758395920666,,twophase,gas,26.620467898428526,27.282498616303393,2141.129390737595,78.70499558349069,0.691726312948153,5.660756414727075e-08,0.01334597406685134,0.013345974065519073,1.3322676295501878e-12
21300.0,371.9917907994023,0.0,25.673253774309703,25.590871651477226,25.598748502192734,54.95041199020271,4.531204047323416,0.011990614254078151,,twophase,gas,26.620755882264337,27.282966234916216,2141.1293882395416,78.70499808154379,0.6916700540663002,1.2490265817177714e-07,0.013348472120014776,0.013348472118625665,1.3891110484109959e-12
21320.0,372.02304387371555,0.0,25.673253774309703,25.591284991575446,25.602536138107585,54.954870682777454,4.53037969711887,0.011983660869897408,,twophase,gas,26.621044205070866,27.283437371125032,2141.1293843779063,78.70500194317903,0.6916139350609333,1.9308176888443995e-07,0.013352333755392465,0.013352333753861245,1.531219595563016e-12
21340.0,372.0542642884447,0.0,25.673253774309703,25.59169787540371,25.606317481087437,54.95931897775354,4.52955777381866,0.01197672376626633,,twophase,gas,26.621332865541298,27.283912011269496,2141.1293791550042,78.70500716608103,0.6915579555553175,2.611451009215671e-07,0.013357556657410896,0.013357556655865466,1.545430450278218e-12
21360.0,372.0854521427902,0.0,25.673253774309703,25.592110304353604,25.610092543412545,54.96375689976981,4.52873826935081,0.011969802902984484,,twophase,gas,26.621621862372944,27.28439014172927,2141.1293725731466,78.70501374793864,0.6915021151745778,3.2909288165683393e-07,0.013364138515044033,0.01336413851347018,1.573852159708622e-12
21380.0,372.1166075357284,0.0,25.673253774309703,25.592522279813345,25.613861337368483,54.968184473427016,4.527921175671873,0.011962898239922512,,twophase,gas,26.62191119426722,27.284871748923923,2141.1293646346403,78.70502168644492,0.6914464135446957,3.9692531572654843e-07,0.013372077021358564,0.01337207701975629,1.602273869139026e-12
21400.0,372.1477305660232,0.0,25.673253774309703,25.592933803167927,25.617623875245773,54.97260172329006,4.527106484767017,0.011956009737018618,,twophase,gas,26.622200859929645,27.285356819312874,2141.129355341788,78.70503097929716,0.6913908502924794,4.646426077670185e-07,0.013381369873513904,0.013381369871996895,1.5170087408478139e-12
21420.0,372.17882133222065,0.0,25.673253774309703,25.593344875799048,25.62138016933968,54.97700867389619,4.526294188649842,0.011949137354265152,,twophase,gas,26.622490858069824,27.28584533939529,2141.1293446968884,78.7050416241969,0.6913354250454588,5.322449851519196e-07,0.013392014773216943,0.013392014771728356,1.4885870314174099e-12
21440.0,372.20987993264623,0.0,25.673253774309703,25.593755499085095,25.62513023194976,54.98140534973973,4.525484279362274,0.011942281051733242,,twophase,gas,26.62278118740144,27.286337295710027,2141.1293327022354,78.70505361884987,0.6912801374320758,5.997326525175595e-07,0.013404009426267294,0.013404009424707652,1.55964130499342e-12
21460.0,372.24090646539787,0.0,25.673253774309703,25.594165674401054,25.628874075379464,54.985791775278585,4.524676748974398,0.011935440789562208,,twophase,gas,26.623071846642237,27.28683267483553,2141.129319360119,78.70506696096609,0.6912249870816013,6.671058145002462e-07,0.013417351542557299,0.013417351540926603,1.63069557856943e-12
21480.0,372.2719010283696,0.0,25.673253774309703,25.594575403118778,25.632611711936324,54.99016797494066,4.523871589584579,0.01192861652794915,,twophase,gas,26.623362834514015,27.28733146338977,2141.1293046728256,78.70508164825978,0.6911699736240515,7.343646757362876e-07,0.013432038836072024,0.013432038834611859,1.4601653219870059e-12
21500.0,372.30286371921284,0.0,25.673253774309703,25.594984686606537,25.636343153927513,54.99453397310897,4.523068793320208,0.01192180822717281,,twophase,gas,26.623654149742624,27.287833648030155,2141.129288642636,78.70509767844942,0.6911150966903739,8.015094863367267e-07,0.013448069025798759,0.013448069024253329,1.545430450278218e-12
21520.0,372.33379463540155,0.0,25.673253774309703,25.595393526229856,25.64006841367309,54.99888979414456,4.522268352333876,0.011915015847556878,,twophase,gas,26.62394579105794,27.28833921545346,2141.1292712718277,78.70511504925774,0.6910603559121575,8.685404054631363e-07,0.013465439833908022,0.013465439832575754,1.3322676295501878e-12
21540.0,372.3646938741446,0.0,25.673253774309703,25.59580192335035,25.643787503486987,55.00323546235669,4.521470258808489,0.011908239349517546,,twophase,gas,26.624237757193864,27.288848152395737,2141.1292525626736,78.70513375841172,0.6910057509220056,9.354577059639269e-07,0.0134841489880273,0.013484148986552924,1.4743761767022079e-12
21560.0,372.3955615324627,0.0,25.673253774309703,25.596209879326764,25.64750043568869,55.00757100203068,4.5206745049541786,0.011901478693518873,,twophase,gas,26.62453004688831,27.28936044563224,2141.1292325174427,78.70515380364259,0.690951281353184,1.0022615470006714e-06,0.013504194218967314,0.013504194217421883,1.545430450278218e-12
21580.0,372.4263977071391,0.0,25.673253774309703,25.596617395514293,25.65120722259976,55.011896437404104,4.51988108300855,0.011894733840110909,,twophase,gas,26.62482265888319,27.289876081977347,2141.1292111383996,78.70517518268584,0.6908969468399184,1.068952155947045e-06,0.013525573262086255,0.013525573260668722,1.4175327578413999e-12
21600.0,372.45720249474596,0.0,25.673253774309703,25.59702447326496,25.654907876543813,55.01621179268433,4.519089985236922,0.011888004749901563,,twophase,gas,26.625115591924406,27.290395048284477,2141.1291884278044,78.70519789328121,0.6908427470171727,1.1355297601767234e-06,0.013548283857289789,0.013548283856042787,1.2470025012589758e-12
