time_s,pressure_kPa_abs,release_rate_kg_s,cum_release_kg,liquid_temperature_K,vapor_temperature_K,liquid_density_kg_m3,vapor_density_kg_m3,liquid_quality,vapor_quality,liquid_phase,vapor_phase,lower_wall_temperature_K,upper_wall_temperature_K,liquid_mass_kg,vapor_mass_kg,liquid_volume_fraction,evaporation_rate_kg_s,cum_evaporation_from_liquid_kg,cum_evaporation_from_vapor_balance_kg,phase_mass_balance_difference_kg
0.0,380.0,0.0,0.0,25.695997657899554,25.695997657899554,63.346318972072446,4.631498180305028,0.0,1.0,twophase,twophase,25.695997657899554,25.695997657899554,2141.1427367116617,104.36490338373487,0.6,0.0,0.0,0.0,0.0
20.0,380.0002908052598,0.0,0.0,25.69599863582577,25.696010757105565,63.34631792263664,4.631498295398063,,,liquid,gas,25.70401165802072,25.706687160669407,2141.142736710878,104.36490338451827,0.600000009939766,3.9176484278868886e-11,7.835296855773777e-10,7.834017878849409e-10,1.2789769243681803e-13
40.0,380.001161692991,0.0,0.0,25.696001565867647,25.69604998404892,63.34631477718137,4.631498640754663,,,liquid,gas,25.71200645327836,25.717359386996453,2141.1427367054,104.36490338999671,0.6000000397311746,2.7391706680646167e-10,6.261871021706611e-09,6.2618425999971805e-09,2.842170943040401e-14
60.0,380.0026102651067,0.0,0.0,25.696006442342906,25.69611523014553,63.34630953983637,4.631499215640665,,,liquid,gas,25.719982096117594,25.72801439401973,2141.1427366905486,104.36490340484798,0.6000000893338051,7.425569492625073e-10,2.1113010006956756e-08,2.1113109482939763e-08,-9.947598300641403e-14
80.0,380.00463416164143,0.0,0.0,25.69601325960663,25.69620638633904,63.34630221476635,4.631500020148668,,,liquid,gas,25.727938638841522,25.73865223865991,2141.1427366616654,104.36490343373123,0.6000001587069145,1.4441638995776884e-09,4.9996287998510525e-08,4.99963590527841e-08,-7.105427357601002e-14
100.0,380.0072310179248,0.0,0.0,25.696022011995073,25.696323344487087,63.346292806157976,4.63150105395932,,,liquid,gas,25.735876133611537,25.74927297761948,2141.1427366141093,104.36490348128719,0.6000002478095611,2.377805685682688e-09,9.755240171216428e-08,9.755231644703599e-08,8.526512829121202e-14
120.0,380.01039849236713,0.0,0.0,25.696032693985046,25.696465997096382,63.34628131799525,4.631502316911016,,,liquid,gas,25.743794632447724,25.759876667383377,2141.1427365432583,104.36490355213796,0.6000003566027318,3.5425500755081883e-09,1.6840340322232805e-07,1.6840309058352432e-07,3.126388037344441e-13
140.0,380.01413421362685,0.0,0.0,25.696045299870647,25.69663423656782,63.34626775452609,4.631503808380202,,,liquid,gas,25.751694187229223,25.77046336421955,2141.142736444509,104.36490365088724,0.6000004850449226,4.937464836984873e-09,2.671526999620255e-07,2.6715237311236706e-07,3.268496584496461e-13
160.0,380.01843588004465,0.0,0.0,25.696059823944584,25.69682795660383,63.34625212019393,4.63150552845239,,,liquid,gas,25.759574849694733,25.781033124181306,2141.1427363132757,104.36490378212065,0.6000006330927868,6.561663212778512e-09,3.9838596421759576e-07,3.9838577947648446e-07,1.8474111129762605e-13
180.0,380.023301161137,0.0,0.0,25.696076261183794,25.697047050810497,63.346234418063325,4.631507476763231,,,liquid,gas,25.7674366714428,25.79158600310756,2141.1427361449905,104.36490395040565,0.6000008007160468,8.41425844555488e-09,5.666711331286933e-07,5.666707778573254e-07,3.552713678800501e-13
200.0,380.0287277411685,0.0,0.0,25.696094605497862,25.69729141331671,63.346214653265704,4.631509653010743,,,liquid,gas,25.7752797039315,25.80212205662189,2141.1427359351046,104.36490416029139,0.6000009878648566,1.049429556587711e-08,7.765570444462355e-07,7.765565186446111e-07,5.258016244624741e-13
220.0,380.0347133441094,0.0,0.0,25.6961148515661,25.697560939785568,63.34619282958134,4.6315120570066375,,,liquid,gas,25.783103998480332,25.812641340136718,2141.1427356790864,104.36490441630946,0.600001194502177,1.2800910553778522e-08,1.032575255521806e-06,1.0325745876116343e-06,6.679101716144942e-13
240.0,380.04125559266015,0.0,0.0,25.696136992902986,25.697855522098237,63.34616895272055,4.631514688239497,,,liquid,gas,25.790909606269654,25.82314390885127,2141.1427353724225,104.36490472297338,0.6000014205726971,1.5333193914557343e-08,1.3392391338129528e-06,1.3392385085353453e-06,6.252776074688882e-13
260.0,380.0483523329821,0.0,0.0,25.696161026852938,25.698175060257626,63.34614302174092,4.631517547006653,,,liquid,gas,25.798696578340838,25.8336298177537,2141.142735010617,104.36490508477898,0.6000016660841268,1.8090281628246883e-08,1.7010447663778905e-06,1.7010441126785736e-06,6.536993168992922e-13
280.0,380.0560011546767,0.0,0.0,25.696186945105744,25.698519445220306,63.34611504572566,4.631520632583097,,,liquid,gas,25.806464965595584,25.844099121623895,2141.142734589191,104.36490550620462,0.6000019309492247,2.1071286937512923e-08,2.122470505128149e-06,2.122469751952849e-06,7.531752999057062e-13
300.0,380.0641998538384,0.0,0.0,25.69621474096944,25.698888576901865,63.34608503125858,4.631523944455745,,,liquid,gas,25.81421481880151,25.85455187502918,2141.1427341036847,104.36490599171105,0.6000022151044315,2.4275323085021228e-08,2.6079769668285735e-06,2.607976185231564e-06,7.815970093361102e-13
320.0,380.0729461943074,0.0,0.0,25.696244412780715,25.69928235210765,63.34605297528286,4.631527482713163,,,liquid,gas,25.821946188584107,25.86498813233039,2141.142733549654,104.36490654574145,0.6000025185775107,2.7701526050805116e-08,3.1620074878446758e-06,3.162006578349974e-06,9.094947017729282e-13
340.0,380.08223794647193,0.0,0.0,25.69627595705139,25.699700666269827,63.34601887822582,4.631531248064709,,,liquid,gas,25.82965912543173,25.875407947679623,2141.1427329226744,104.36490717272139,0.6000028413632333,3.134898634016281e-08,3.788987214647932e-06,3.788986518316051e-06,6.963318810448982e-13
360.0,380.09207282804266,0.0,0.0,25.69630936203025,25.700143418467057,63.345982756060266,4.6315352389854,,,liquid,gas,25.837353679706382,25.88581137502417,2141.142732218335,104.3649078770611,0.6000031833091338,3.5216976357332895e-08,4.49332674179459e-06,4.49332623020382e-06,5.115907697472721e-13
380.0,380.1024484930131,0.0,0.0,25.69634461948158,25.700610504443908,63.34594461790583,4.631539454099772,,,liquid,gas,25.84502990161795,25.896198468101094,2141.142731432245,104.36490866315086,0.6000035443276677,3.9304495658143423e-08,5.279416654957458e-06,5.279415987047287e-06,6.679101716144942e-13
400.0,380.113363007013,0.0,0.0,25.696381741046526,25.70110182675366,63.34590443627605,4.631543896520462,,,liquid,gas,25.852687841248823,25.90656928044744,2141.14273056003,104.36490953536591,0.600003924678026,4.361074843473034e-08,6.151631623652065e-06,6.151631041007022e-06,5.826450433232822e-13
420.0,380.1248139259451,0.0,0.0,25.696420696117308,25.701617283675837,63.34586226250497,4.6315485622793,,,liquid,gas,25.860327548549705,25.916923865394494,2141.1427295973313,104.36491049806487,0.600004323872831,4.8134938879229597e-08,7.114330401236657e-06,7.114330003332725e-06,3.979039320256561e-13
440.0,380.136799101199,0.0,0.0,25.69646150987299,25.702156767349386,63.34581804280048,4.631553454692048,,,liquid,gas,25.867949073314985,25.927262276064685,2141.1427285398104,104.36491155558582,0.6000047424204554,5.287604381010169e-08,8.171851277438691e-06,8.171850950589032e-06,3.268496584496461e-13
460.0,380.1493163077213,0.0,0.0,25.69650414023185,25.702720188569888,63.34577185089497,4.631558568908965,,,liquid,gas,25.875552465241256,25.93758456538787,2141.1427273831396,104.36491271225674,0.6000051796213813,5.7833540267893115e-08,9.328522082796553e-06,9.328521869633732e-06,2.1316282072803006e-13
480.0,380.16236343065134,0.0,0.0,25.696548611808797,25.703307438682046,63.34572363416033,4.6315639091178635,,,liquid,gas,25.883137773842282,25.947890786079217,2141.1427261230156,104.36491397238062,0.6000056359729737,6.300620043475647e-08,1.0588646091491682e-05,1.058864575043117e-05,3.410605131648481e-13
500.0,380.1759383293941,0.0,0.0,25.696594909369388,25.703918423796623,63.345673415576606,4.631569473635161,,,liquid,gas,25.8907050485434,25.958180990664758,2141.1427247551446,104.36491534025177,0.6000061112564513,6.839354682597332e-08,1.1956517028011149e-05,1.1956516900113456e-05,1.2789769243681803e-13
520.0,380.19003885815783,0.0,0.0,25.696643046839874,25.704553043259967,63.34562116272854,4.631575263182892,,,liquid,gas,25.898254338602445,25.968455231460755,2141.142723275254,104.36491682014261,0.6000066057777427,7.399453352263663e-08,1.3436407698463881e-05,1.3436407741096446e-05,-4.263256414560601e-14
540.0,380.2046627845045,0.0,0.0,25.696692983556446,25.705211198083415,63.34556694663472,4.63158127640181,,,liquid,gas,25.90578569316454,25.978713560593402,2141.142721679085,104.36491841631151,0.6000071188630639,7.980845566635253e-08,1.5032576811790932e-05,1.5032576641260675e-05,1.7053025658242404e-13
560.0,380.2198078398778,0.0,0.0,25.696744730644504,25.70589278840612,63.34551073985767,4.631587511643753,,,liquid,gas,25.913299161233926,25.988956029982443,2141.142719962395,104.36492013300123,0.6000076507712087,8.583449471188941e-08,1.674926670602872e-05,1.6749266364968207e-05,3.410605131648481e-13
580.0,380.2354719910271,0.0,0.0,25.696798282975383,25.706597717972052,63.34545254648186,4.631593969931767,,,liquid,gas,25.920794791727705,25.999182691365224,2141.1427181209515,104.36492197444466,0.6000082014624032,9.207217317452887e-08,1.8590710169519298e-05,1.859070978582622e-05,3.836930773104541e-13
600.0,380.2516531049617,0.0,0.0,25.696853635352355,25.70732588940659,63.34539237044394,4.631600651010004,,,liquid,gas,25.928272633346214,26.009393596259937,2141.142716150551,104.36492394484488,0.6000087708982851,9.85200131253805e-08,2.0561110432026908e-05,2.0561110005701266e-05,4.263256414560601e-13
620.0,380.2683490570194,0.0,0.0,25.696910782591914,25.708077205726653,63.345330215678096,4.631607554622667,,,liquid,gas,25.935732734697076,26.019588795998445,2141.1427140470005,104.36492604839556,0.6000093590405213,1.0517753707972588e-07,2.2664661173621425e-05,2.2664660690452365e-05,4.831690603168681e-13
640.0,380.28555765581166,0.0,0.0,25.696969719464278,25.708851569281478,63.345266086021205,4.63161467962982,,,liquid,gas,25.943175144256124,26.029768341717418,2141.1427118061215,104.36492828927443,0.6000099658517084,1.1204394922970096e-07,2.4905540158215445e-05,2.4905539561359546e-05,5.968558980384842e-13
660.0,380.30327701924824,0.0,0.0,25.697030441007858,25.709648887080135,63.34519998565925,4.631622028429306,,,liquid,gas,25.950599910367693,26.039932284358667,2141.1427094237524,104.36493067164346,0.6000105912911431,1.1911845376744168e-07,2.7287909233564278e-05,2.7287908594075816e-05,6.394884621840902e-13
680.0,380.3215048224201,0.0,0.0,25.697092941898774,25.71046906013197,63.34513191823594,4.631629598113198,,,liquid,gas,25.95800708124503,26.05008067467026,2141.142706895747,104.36493319964887,0.6000112353232671,1.2640027762245155e-07,2.981591478601331e-05,2.98159140044163e-05,7.815970093361102e-13
700.0,380.3402390496186,0.0,0.0,25.697157217084886,25.711311994101756,63.34506188773785,4.631637389311177,,,liquid,gas,25.96539670497061,26.060213563207192,2141.1427042179744,104.36493587742125,0.6000118979092812,1.338886249868665e-07,3.249368728575064e-05,3.249368637625594e-05,9.094947017729282e-13
720.0,380.3594776182834,0.0,0.0,25.697223261461467,25.712177593979273,63.344989898065144,4.631645401769078,,,liquid,gas,25.972768829496513,26.070331000332263,2141.14270138632,104.36493870907557,0.6000125790112126,1.4158272279019002e-07,3.532534174155444e-05,3.5325340704162045e-05,1.0373923942097463e-12
740.0,380.3792184541472,0.0,0.0,25.697291069944413,25.71306576514307,63.34491595310176,4.631653635232841,,,liquid,gas,25.98012350264475,26.080433036216707,2141.142698396684,104.36494169871142,0.6000132785912496,1.4948179796192563e-07,3.831497770079295e-05,3.831497654971372e-05,1.1510792319313623e-12
760.0,380.39945949122426,0.0,0.0,25.69736063746361,25.713976413358715,63.34484005672775,4.631662089448903,,,liquid,gas,25.987460772107617,26.09051972084106,2141.1426952449824,104.36494485041295,0.6000139966116247,1.575850774315768e-07,4.146667924942449e-05,4.14666780841344e-05,1.1652900866465643e-12
780.0,380.4201986717529,0.0,0.0,25.697431958966227,25.714909444776694,63.34476221281268,4.63167076416392,,,liquid,gas,25.994780685448042,26.100591103995896,2141.142691927146,104.36494816824903,0.6000147330346765,1.6589181086601457e-07,4.478451546674478e-05,4.4784514159346145e-05,1.3073986337985843e-12
800.0,380.4414339461715,0.0,0.0,25.697505029414693,25.71586476593069,63.344682425219986,4.631679659124949,,,liquid,gas,26.002083290099932,26.11064723528262,2141.142688439122,104.3649516562733,0.60001548782281,1.744012024573749e-07,4.8272539515892277e-05,4.827253843586732e-05,1.0800249583553523e-12
820.0,380.4631632730738,0.0,0.0,25.697579843787445,25.71684228373564,63.344600697804665,4.631688774079326,,,liquid,gas,26.009368633368517,26.1206881641142,2141.142684776871,104.36495531852428,0.6000162609385168,1.831125473472639e-07,5.1934790462837555e-05,5.1934789411234306e-05,1.0516032489249483e-12
840.0,380.48538461917485,0.0,0.0,25.69765639707905,25.7178419054858,63.34451703441413,4.631698108774768,,,liquid,gas,26.016636762430693,26.13071393971593,2141.14268093637,104.36495915902543,0.6000170523443671,1.9202504972781753e-07,5.5775291457393905e-05,5.577529056211006e-05,8.952838470577262e-13
860.0,380.5080959592729,0.0,0.0,25.69773468429954,25.718863538853043,63.3444314388876,4.631707662959242,,,liquid,gas,26.023887724335363,26.1407246111262,2141.1426769136106,104.36496318178526,0.6000178620030169,2.0113798200327436e-07,5.979805109745939e-05,5.979805038691666e-05,7.105427357601002e-13
880.0,380.531295276216,0.0,0.0,25.697814700474925,25.719907091884878,63.34434391505646,4.631717436381124,,,liquid,gas,26.031121566003787,26.15072022719723,2141.1426727045987,104.36496739079736,0.6000186898772026,2.1045059384050546e-07,6.40070629742695e-05,6.400706249110044e-05,4.831690603168681e-13
900.0,380.5549805608693,0.0,0.0,25.69789644064672,25.72097247300284,63.34425446674501,4.631727428789161,,,liquid,gas,26.038338334229913,26.16070083659583,2141.1426683053555,104.36497179004054,0.6000195359297356,2.199621576437494e-07,6.840630612714449e-05,6.840630567239714e-05,4.547473508864641e-13
920.0,380.5791498122371,0.0,0.0,25.69797989987253,25.72205959100279,63.34416309776885,4.631737639934338,,,liquid,gas,26.045538075680724,26.170666487804134,2141.142663711917,104.36497638347888,0.6000204001235157,2.2967192307987717e-07,7.299974458874203e-05,7.299974400609699e-05,5.826450433232822e-13
940.0,380.6038010365815,0.0,0.0,25.69806507322469,25.72316835504114,63.3440698119356,4.631748069559991,,,liquid,gas,26.052720836896576,26.180617229120347,2141.1426589203343,104.3649811750618,0.6000212824215265,2.3957913981575983e-07,7.779132738505723e-05,7.779132693030988e-05,4.547473508864641e-13
960.0,380.6289322491057,0.0,0.0,25.698151955792124,25.724298674657433,63.343974613046015,4.631758717421951,,,liquid,gas,26.05988666429153,26.190553108659486,2141.1426539266718,104.36498616872416,0.6000221827868225,2.496831257303711e-07,8.278498989966465e-05,8.27849892885979e-05,6.110667527536862e-13
980.0,380.6545414721843,0.0,0.0,25.698240542678608,25.725450459747982,63.34387750489211,4.6317695832682135,,,liquid,gas,26.067035604153702,26.2004741743541,2141.1426487270096,104.36499136838634,0.6000231011825486,2.5998310775321444e-07,8.798465205472894e-05,8.79846514720839e-05,5.826450433232822e-13
1000.0,380.68062673621046,0.0,0.0,25.698330829003282,25.72662362057661,63.34377849125892,4.63178066684925,,,liquid,gas,26.07416770264559,26.210380473955013,2141.1426433174415,104.36499677795429,0.6000240375719225,2.704784037632635e-07,9.339422012999421e-05,9.339421941945147e-05,7.105427357601002e-13
1020.0,380.7071860793679,0.0,0.0,25.698422809900954,25.7278180677701,63.34367757592316,4.631791967915803,,,liquid,gas,26.08128300580441,26.220272055032055,2141.1426376940763,104.36500240131964,0.6000249919182473,2.8116826342738934e-07,9.9017585398542e-05,9.901758477326439e-05,6.252776074688882e-13
1040.0,380.73421754760744,0.0,0.0,25.698516480521647,25.729033712316596,63.343574762653645,4.631803486218996,,,liquid,gas,26.088381559542434,26.23014896497477,2141.142631853036,104.36500824235975,0.600025964184908,2.920520046245656e-07,0.00010485862549103331,0.00010485862487996656,6.110667527536862e-13
1060.0,380.7617191946125,0.0,0.0,25.698611836030707,25.730270465563997,63.343470055211405,4.6318152215102995,,,liquid,gas,26.09546340964733,26.24001125099315,2141.142625790458,104.3650143049378,0.6000269543353697,3.031288997590309e-07,0.00011092120348621393,0.00011092120293199059,5.542233338928781e-13
1080.0,380.7896890817646,0.0,0.0,25.698708871608307,25.731528239217905,63.34336345735052,4.631827173541632,,,liquid,gas,26.10252860178248,26.249858960118345,2141.1426195024933,104.36502059290288,0.6000279623331706,3.143982439723914e-07,0.00011720916836566175,0.00011720916801039039,3.552713678800501e-13
1100.0,380.81812527809296,0.0,0.0,25.6988075824501,25.73280694534005,63.34325497281658,4.631839342065053,,,liquid,gas,26.109577181487328,26.25969213920339,2141.142612985306,104.36502711009003,0.6000289881419353,3.2585935514362065e-07,0.00012372635546853417,0.00012372635515589536,3.126388037344441e-13
1120.0,380.8470258602653,0.0,0.0,25.698907963766978,25.734106496346662,63.343144605347206,4.631851726833132,,,liquid,gas,26.1166091941777,26.2695108349239,2141.142606235076,104.36503386032032,0.6000300317253712,3.375115056769573e-07,0.0001304765855820733,0.00013047658545417562,1.2789769243681803e-13
1140.0,380.8763889125484,0.0,0.0,25.699010010784868,25.735426805006732,63.343032358672005,4.63186432759889,,,liquid,gas,26.123624685146137,26.279315093778784,2141.1425992479953,104.36504084740098,0.6000310930472674,3.493540361887426e-07,0.00013746366630584816,0.0001374636661068962,1.9895196601282805e-13
1160.0,380.90621252675834,0.0,0.0,25.699113718743874,25.73676778444023,63.34291823651487,4.631877144115535,,,liquid,gas,26.13062369956223,26.289104962090956,2141.142592020271,104.36504807512537,0.6000321720714743,3.613862190832151e-07,0.00014469139068751247,0.00014469139050277136,1.8474111129762605e-13
1180.0,380.9364948022407,0.0,0.0,25.699219082900434,25.73812934811636,63.34280224258898,4.631890176136728,,,liquid,gas,26.137606282472944,26.298880486008024,2141.142584548123,104.36505554727316,0.60003326876195,3.73607394976716e-07,0.0001521635385870468,0.00015216353828861884,2.984279490192421e-13
1200.0,380.96723384583476,0.0,0.0,25.69932609852492,25.7395114098521,63.34268438060154,4.631903423416488,,,liquid,gas,26.14457247880295,26.308641711503,2141.142576827786,104.36506326761032,0.6000343830827157,3.860168590108515e-07,0.00015988387576726382,0.000159883875454625,3.126388037344441e-13
1220.0,380.9984277718316,0.0,0.0,25.699434760902076,25.740913883810222,63.342564654253174,4.631916885709115,,,liquid,gas,26.151522333354944,26.31838868437499,2141.142568855507,104.36507123988926,0.6000355149978612,3.986139518019627e-07,0.00016785615480330307,0.00016785615439118828,4.121147867408581e-13
1240.0,381.03007470196064,0.0,0.0,25.69954506533294,25.74233668449799,63.3424430672338,4.631930562769425,,,liquid,gas,26.158455890809982,26.32812145024989,2141.1425606275475,104.36507946784884,0.6000366644715844,4.1139796849165575e-07,0.00017608411417313619,0.00017608411397418422,1.9895196601282805e-13
1260.0,381.06217276534204,0.0,0.0,25.699657007132174,25.743779726765315,63.34231962322746,4.6319444543525545,,,liquid,gas,26.1653731957278,26.33784005458106,2141.142552140182,104.36508795521448,0.6000378314681449,4.243682724336395e-07,0.00018457147962180898,0.00018457147960759812,1.4210854715202004e-14
1280.0,381.09472009845365,0.0,0.0,25.699770581629274,25.745242925803097,63.342194325910626,4.631958560213981,,,liquid,gas,26.17227429254714,26.347544542650038,2141.1425433896984,104.36509670569818,0.6000390159518804,4.3752418150688753e-07,0.00019332196325194673,0.00019332196330879015,-5.684341886080802e-14
1300.0,381.12771484510034,0.0,0.0,25.699885784168842,25.74672619714154,63.3420671789509,4.631972880109553,,,liquid,gas,26.179159225586076,26.35723495956719,2141.1425343723977,104.36510572299868,0.6000402178872188,4.508650363277411e-07,0.00020233926397850155,0.0002023392638079713,1.7053025658242404e-13
1320.0,381.1611551563938,0.0,0.0,25.700002610109188,25.748229456648897,63.34193818600993,4.631987413795594,,,liquid,gas,26.186028039042334,26.366911350272417,2141.142525084595,104.36511501080145,0.6000414372386507,4.643901320378063e-07,0.00021162706661925768,0.0002116270665766251,4.263256414560601e-14
1340.0,381.19503919068313,0.0,0.0,25.700121054823885,25.749752620529037,63.34180735074004,4.632002161028522,,,liquid,gas,26.192880776993615,26.376573759535813,2141.142515522618,104.36512457277877,0.6000426739707613,4.780988547281595e-07,0.00022118904371382087,0.00022118904389856198,-1.8474111129762605e-13
1360.0,381.22936511358034,0.0,0.0,25.70024111370088,25.751295605320912,63.3416746767866,4.632017121565497,,,liquid,gas,26.199717483397915,26.38622223195835,2141.142505682807,104.36513441258982,0.6000439280482075,4.919905450151418e-07,0.0002310288546141237,0.00023102885495518422,-3.410605131648481e-13
1380.0,381.26413109788507,0.0,0.0,25.700362782142374,25.752858327896327,63.34154016778719,4.632032295163863,,,liquid,gas,26.206538202093846,26.395856811972543,2141.142495561516,104.36514453388075,0.6000451994357264,5.060645435150945e-07,0.0002411501454844256,0.00024115014588232953,-3.979039320256561e-13
1400.0,381.2993353235615,0.0,0.0,25.70048605556479,25.754440705458258,63.341403827372226,4.632047681581374,,,liquid,gas,26.213342976800952,26.40547754384312,2141.1424851551124,104.36515494028473,0.6000464880981289,5.203201908443589e-07,0.00025155654930131277,0.0002515565498555361,-5.542233338928781e-13
1420.0,381.3349759777209,0.0,0.0,25.700610929399197,25.75604265553968,63.34126565916369,4.632063280576251,,,liquid,gas,26.220131851120037,26.415084471667683,2141.142474459975,104.36516563542199,0.6000477940003117,5.347568730940111e-07,0.000262251686763193,0.00026225168711846436,-3.552713678800501e-13
1440.0,381.371051254565,0.0,0.0,25.70073739909099,25.757664096001662,63.341125666776016,4.632079091906899,,,liquid,gas,26.226904868533474,26.424677639377375,2141.1424634724967,104.36517662289997,0.6000491171072492,5.493739081430249e-07,0.0002732391649260535,0.00027323916509658375,-1.7053025658242404e-13
1460.0,381.4075593553848,0.0,0.0,25.70086546009948,25.759304945032,63.34098385381636,4.632095115332342,,,liquid,gas,26.233662072405522,26.43425709073754,2141.1424521890835,104.36518790631328,0.6000504573839904,5.64170659345109e-07,0.00028452257811295567,0.0002845225784113836,-2.984279490192421e-13
1480.0,381.44449848850184,0.0,0.0,25.700995107898123,25.760965121143585,63.340840223884555,4.632111350611781,,,liquid,gas,26.240403505982652,26.443822869348363,2141.142440606153,104.36519948924386,0.6000518147956602,5.791465355287073e-07,0.0002961055088235298,0.0002961055089940601,-1.7053025658242404e-13
1500.0,381.4818668692595,0.0,0.0,25.701126337974742,25.762644543172925,63.340694780572335,4.632127797504957,,,liquid,gas,26.247129212393844,26.453375018645545,2141.1424287201357,104.36521137526098,0.6000531893074653,5.943008545727934e-07,0.0003079915259149857,0.00030799152611393765,-1.9895196601282805e-13
1520.0,381.51966271997856,0.0,0.0,25.701259145831337,25.76434313027849,63.3405475274634,4.632144455771942,,,liquid,gas,26.253839234650922,26.462913581900935,2141.1424165274752,104.36522356792133,0.6000545808846949,6.096330253058113e-07,0.0003201841864211019,0.0003201841864637345,-4.263256414560601e-14
1540.0,381.55788426993377,0.0,0.0,25.70139352698382,25.76606080193948,63.34039846813427,4.632161325173193,,,liquid,gas,26.260533615648853,26.472438602223193,2141.1424040246275,104.36523607076907,0.6000559894927118,6.25142388344102e-07,0.00033268703418798395,0.0003326870342021948,-1.4210854715202004e-14
1560.0,381.5965297552335,0.0,0.0,25.701529476961518,25.76779747794989,63.34024760615458,4.63217840546962,,,liquid,gas,26.267212398166066,26.481950122558416,2141.1423912080604,104.36524888733591,0.6000574150969499,6.408283525161096e-07,0.00034550360123830615,0.0003455036010393542,1.9895196601282805e-13
1580.0,381.63559741912513,0.0,0.0,25.701666991308826,25.769553078432985,63.340094945085326,4.632195696422404,,,liquid,gas,26.27387562486476,26.491448185690793,2141.1423780742552,104.36526202114116,0.6000588576629304,6.56690258438175e-07,0.00035863740640706965,0.0003586374062933828,1.1368683772161603e-13
1600.0,381.6750855114751,0.0,0.0,25.701806065583124,25.77132752381662,63.33994048848018,4.632213197793233,,,liquid,gas,26.280523338291225,26.500932834243237,2141.1423646197045,104.36527547569182,0.60006031715625,6.727275376761099e-07,0.00037209195716059185,0.000372091956947429,2.1316282072803006e-13
1620.0,381.7149922890618,0.0,0.0,25.70194669535603,25.773120734846966,63.339784239885404,4.632230909344175,,,liquid,gas,26.287155580876135,26.51040411067803,2141.142350840914,104.36528925448256,0.6000617935425812,6.889395308462554e-07,0.00038587074777751695,0.0003858707476922518,8.526512829121202e-14
1640.0,381.75531601545924,0.0,0.0,25.702088876212486,25.774932632583134,63.339626202840165,4.632248830837633,,,liquid,gas,26.293772394934877,26.519862057297445,2141.1423367344005,104.3653033609959,0.6000632867876687,7.053256695144228e-07,0.0003999772611678054,0.00039997726102569686,1.4210854715202004e-13
1660.0,381.7960549610158,0.0,0.0,25.702232603751874,25.776763138395815,63.33946638087506,4.6322669620364705,,,liquid,gas,26.30037382266784,26.52930671624437,2141.142322296694,104.36531779870216,0.6000647968573448,7.21885317034321e-07,0.00041441496750849183,0.000414414967295329,2.1316282072803006e-13
1680.0,381.83720740281944,0.0,0.0,25.702377873586478,25.778612173965847,63.33930477751451,4.632285302703884,,,liquid,gas,26.30695990616074,26.53873812950296,2141.1423075243365,104.36533257105962,0.6000663237175055,7.386178822343936e-07,0.0004291873251531797,0.00042918732475527577,3.979039320256561e-13
1700.0,381.87877162466367,0.0,0.0,25.7025246813428,25.780479661282563,63.33914139627422,4.632303852603412,,,liquid,gas,26.313530687384915,26.548156338899233,2141.1422924138815,104.36534768151449,0.6000678673341349,7.555227512057173e-07,0.00044429778017729404,0.0004442977796230707,5.542233338928781e-13
1720.0,381.92074591705864,0.0,0.0,25.702673022661244,25.78236552264296,63.33897624066176,4.632322611499392,,,liquid,gas,26.320086208197644,26.557561386101714,2141.142276961895,104.36536313350103,0.6000694276732996,7.725993327767355e-07,0.00045974976683282875,0.0004597497661649186,6.679101716144942e-13
1740.0,381.96312857712235,0.0,0.0,25.70282289319535,25.784269680649224,63.33880931417822,4.632341579155981,,,liquid,gas,26.32662651034244,26.56695331262204,2141.142261164954,104.36537893044157,0.6000710047011334,7.898470357758924e-07,0.0004755467075483466,0.0004755467066956953,8.526512829121202e-13
1760.0,382.00591790863444,0.0,0.0,25.702974288611454,25.786192058208304,63.338640620318394,4.632360755338194,,,liquid,gas,26.333151635449354,26.57633215981558,2141.142245019649,104.36539507574658,0.6000725983838346,8.072652462942642e-07,0.0004916920124742319,0.0004916920117068457,7.673861546209082e-13
1780.0,382.0491122219402,0.0,0.0,25.70312720459031,25.788132578529645,63.33847016256777,4.632380139811086,,,liquid,gas,26.339661625035294,26.585697968882048,2141.142228522581,104.36541157281475,0.6000742086876955,8.248534186350299e-07,0.0005081890808469325,0.0005081890798805944,9.663381206337363e-13
1800.0,382.09270983399625,0.0,0.0,25.70328163682533,25.790091165124842,63.33829794440572,4.6323997323405885,,,liquid,gas,26.34615652050431,26.595050780866124,2141.1422116703625,104.36542842503304,0.6000758355790716,8.42610916151898e-07,0.0005250412991699704,0.0005250412981752106,9.947598300641403e-13
1820.0,382.1367090682499,0.0,0.0,25.703437581025213,25.79206774180483,63.33812396930037,4.632419532692497,,,liquid,gas,26.352636363147905,26.604390636658042,2141.1421944596186,104.36544563577672,0.6000774790244301,8.605371931480477e-07,0.0005422520430329314,0.0005422520418534305,1.1795009413617663e-12
1840.0,382.18110825468534,0.0,0.0,25.703595032908545,25.79406223267967,63.33794824071957,4.632439540633281,,,liquid,gas,26.359101194145342,26.613717576994212,2141.142176886986,104.36546320840942,0.6000791389902463,8.786316357145551e-07,0.0005598246757472225,0.0005598246745535107,1.1937117960769683e-12
1860.0,382.2259057297765,0.0,0.0,25.703753988211233,25.796074562156775,63.33777076211484,4.632459755929902,,,liquid,gas,26.365551054563934,26.623031642457818,2141.142158949112,104.36548114628322,0.6000808154431552,8.968936981545994e-07,0.0005777625497103145,0.0005777625483460724,1.3642420526593924e-12
1880.0,382.27109983645823,0.0,0.0,25.703914442678077,25.798104654939564,63.33759153693981,4.6324801783497955,,,liquid,gas,26.371985985359345,26.632332873479413,2141.1421406426566,104.36549945273866,0.6000825083497776,9.153227665592567e-07,0.0005960690050414996,0.0005960690037909444,1.2505552149377763e-12
1900.0,382.3166889240439,0.0,0.0,25.704076392071958,25.80015243602534,63.33741056863016,4.632500807660212,,,liquid,gas,26.3784060273759,26.641621310337523,2141.1421219642903,104.36551813110485,0.6000842176769089,9.339183179690736e-07,0.0006147473714008811,0.0006147473699797956,1.4210854715202004e-12
1920.0,382.3626713483254,0.0,0.0,25.70423983216318,25.80221783070568,63.33722786062604,4.632521643629747,,,liquid,gas,26.384811221346865,26.650896993159243,2141.1421029106955,104.36553718469949,0.6000859433913075,9.526797384751262e-07,0.0006338009661703836,0.0006338009646214005,1.5489831639570184e-12
1940.0,382.4090454713784,0.0,0.0,25.7044047587415,25.804300764562726,63.33704341634717,4.632542686026371,,,liquid,gas,26.391201607894764,26.66015996192082,2141.142083478566,104.36555661682894,0.6000876854599307,9.716064823805937e-07,0.0006532330958179955,0.0006532330940700604,1.7479351299698465e-12
1960.0,382.45580966171644,0.0,0.0,25.70457116760406,25.806401163470493,63.33685723921733,4.63256393461951,,,liquid,gas,26.397577227531666,26.66941025644825,2141.1420636646067,104.36557643078825,0.6000894438497026,9.906979585139198e-07,0.0006730470549882739,0.0006730470533824473,1.6058265828178264e-12
1980.0,382.50296229408156,0.0,0.0,25.704739054563156,25.80851895359081,63.336669332648334,4.632585389177989,,,liquid,gas,26.40393812065948,26.678647916417866,2141.142043465534,104.36559662986124,0.6000912185276651,1.0099536439156508e-06,0.0006932461278665869,0.0006932461263744472,1.4921397450962104e-12
2000.0,382.55050174959905,0.0,0.0,25.70490841544619,25.810654061374574,63.336479700041096,4.6326070494721305,,,liquid,gas,26.410284327570242,26.687872981356918,2141.1420228780744,104.36561721732055,0.6000930094609688,1.0293729701515986e-06,0.0007138335872696189,0.0007138335856780031,1.5916157281026244e-12
2020.0,382.5984264155681,0.0,0.0,25.705079246090666,25.812806413557986,63.336288344793644,4.6326289152715985,,,liquid,gas,26.416615888446433,26.69708549064416,2141.1420018989675,104.36563819642767,0.6000948166167968,1.0489553460502067e-06,0.000734812694190623,0.0007348126927979592,1.3926637620897964e-12
2040.0,382.64673468556725,0.0,0.0,25.705251542347778,25.814975937162927,63.33609527029603,4.63265098634698,,,liquid,gas,26.422932843361252,26.70628548351042,2141.141980524962,104.36565957043301,0.6000966399624121,1.068700271389389e-06,0.0007561866996184108,0.0007561866981404819,1.4779288903810084e-12
2060.0,382.6954249594222,0.0,0.0,25.705425300082986,25.817162559495728,63.335900479927446,4.632673262469673,,,liquid,gas,26.429235232278916,26.715472999039193,2141.141958752819,104.36568134257598,0.6000984794651865,1.0886071549975896e-06,0.0007779588427183626,0.000777958841112536,1.6058265828178264e-12
2080.0,382.74449564305274,0.0,0.0,25.70560051517088,25.81936620814391,63.33570397706711,4.632695743410487,,,liquid,gas,26.435523095054954,26.724648076167195,2141.14193657931,104.36570351608499,0.6001003350924956,1.1086754511779873e-06,0.0008001323517419223,0.0008001323501218849,1.6200374375330284e-12
2100.0,382.79394514864305,0.0,0.0,25.705777183501635,25.821586810977816,63.335505765081145,4.632718428941865,,,liquid,gas,26.44179647143649,26.733810753684953,2141.141914001217,104.36572609417752,0.6001022068118442,1.1289046369711286e-06,0.0008227104444813449,0.0008227104426481446,1.8332002582610585e-12
2120.0,382.8437718944136,0.0,0.0,25.705955300978264,25.823824296146405,63.33530584732841,4.632741318835555,,,liquid,gas,26.448055401062547,26.742961070237367,2141.1418910153343,104.36574908006018,0.6001040945908115,1.149294143942825e-06,0.0008456963273602014,0.0008456963253138383,2.0463630789890885e-12
2140.0,382.8939743047334,0.0,0.0,25.706134863515572,25.826078592077845,63.33510422716187,4.632764412864267,,,liquid,gas,26.454299923464323,26.752099064324273,2141.1418676184658,104.36577247692878,0.6001059983970363,1.1698434263962553e-06,0.0008690931958881265,0.0008690931939128177,1.9753088054130785e-12
2160.0,382.9445508100383,0.0,0.0,25.706315867039045,25.82834962747765,63.33490090793086,4.632787710800943,,,liquid,gas,26.460530078065485,26.761224774301017,2141.141843807426,104.36579628796834,0.6001079181981969,1.1905519841093337e-06,0.0008929042355703132,0.0008929042334671067,2.1032064978498966e-12
2180.0,382.9954998468794,0.0,0.0,25.706498307492673,25.830637331328276,63.3346958929666,4.632811212419682,,,liquid,gas,26.466745904182464,26.770338238379004,2141.141819579041,104.36582051635314,0.6001098539621484,1.2114192486478715e-06,0.0009171326205432706,0.0009171326182695339,2.2737367544323206e-12
2200.0,383.0468198577044,0.0,0.0,25.706682180829326,25.832941632885237,63.33448918559893,4.632834917493484,,,liquid,gas,26.47294744102473,26.77943949462627,2141.1417949301476,104.36584516524682,0.6001118056567635,1.2324446743150475e-06,0.0009417815140295716,0.0009417815119547868,2.0747847884194925e-12
2220.0,383.0985092911335,0.0,0.0,25.70686748300804,25.835262461680045,63.334280789163444,4.6328588257977446,,,liquid,gas,26.479134727695087,26.788528580968038,2141.141769857592,104.3658702378024,0.6001137732498649,1.2536277836261433e-06,0.0009668540697020944,0.0009668540675278336,2.1742607714259066e-12
2240.0,383.15056660157626,0.0,0.0,25.707054210012522,25.837599747513956,63.33407070696448,4.6328829371061255,,,liquid,gas,26.485307803189958,26.797605535187262,2141.1417443582322,104.36589573716228,0.6001157567095764,1.274967985409603e-06,0.0009923534294102865,0.000992353427406556,2.0037305148434825e-12
2260.0,383.20299024953556,0.0,0.0,25.707242357833287,25.839953420461427,63.33385894231029,4.63290725119432,,,liquid,gas,26.491466706399677,26.80667039492519,2141.141718428936,104.36592166645836,0.6001177560039891,1.296464802180708e-06,0.0010182827254539006,0.0010182827234928027,1.9610979506978765e-12
2280.0,383.2557787013449,0.0,0.0,25.707431922467862,25.842323410865404,63.333645498511444,4.632931767837379,,,liquid,gas,26.49761147610875,26.815723197681915,2141.1416920665824,104.36594802881208,0.600119771101177,1.3181176882426372e-06,0.0010446450792187534,0.0010446450772150229,2.0037305148434825e-12
2300.0,383.3089304294086,0.0,0.0,25.707622899933156,25.84470964933996,63.333430378858786,4.632956486812726,,,liquid,gas,26.503742150996175,26.824763980816908,2141.14166526806,104.36597482733444,0.6001218019694055,1.339926120635937e-06,0.0010714436016314721,0.0010714435995708982,2.0605739337042905e-12
2320.0,383.36244391174995,0.0,0.0,25.707815286256146,25.847112066762975,63.333213586638834,4.63298140789524,,,liquid,gas,26.50985876963568,26.833792781549583,2141.1416380302685,104.36600206512605,0.6001238485769853,1.361889576401154e-06,0.0010986813931594952,0.0010986813911841864,1.9753088054130785e-12
2340.0,383.41631763249103,0.0,0.0,25.70800907747287,25.849530594282093,63.3329951251381,4.633006530863087,,,liquid,gas,26.51596137049605,26.842809636959824,2141.1416103501174,104.36602974527719,0.6001259108922323,1.3840075553162023e-06,0.0011263615442658192,0.0011263615423189322,1.9468870959826745e-12
2360.0,383.47055008120344,0.0,0.0,25.708204269644217,25.85196516330476,63.33277499761067,4.63303185549046,,,liquid,gas,26.522049991941373,26.85181458398854,2141.1415822245267,104.36605787086785,0.6001279888837737,1.4062795344216283e-06,0.0011544871349542518,0.001154487132978943,1.9753088054130785e-12
2380.0,383.52513975384227,0.0,0.0,25.70840085882032,25.85441570551036,63.332553207348184,4.63305738155879,,,liquid,gas,26.52812467223134,26.860807659438183,2141.141553650427,104.36608644496778,0.6001300825198854,1.4287049907579785e-06,0.0011830612347694114,0.0011830612329077894,1.8616219676914625e-12
2400.0,383.58008515169325,0.0,0.0,25.70859884109128,25.856882152834704,63.33232975758151,4.633083108844692,,,liquid,gas,26.534185449521527,26.869788899973308,2141.141524624758,104.36611547063653,0.6001321917694236,1.4512834468405344e-06,0.001212086903706222,0.001212086901659859,2.0463630789890885e-12
2420.0,383.63538478199814,0.0,0.0,25.7087982125335,25.85936443747793,63.3321046515834,4.633109037127603,,,liquid,gas,26.54023236186367,26.878758342121092,2141.141495144471,104.36614495092351,0.6001343166008521,1.4740143569724751e-06,0.0012415671908456716,0.001241567188642989,2.2026824808563106e-12
2440.0,383.69103715750595,0.0,0.0,25.708998969250494,25.8618624918974,63.33187789259018,4.633135166184763,,,liquid,gas,26.546265447205926,26.887716022271867,2141.1414652065264,104.36617488886803,0.6001364569829845,1.4968972209317143e-06,0.0012715051352643059,0.0012715051331610994,2.1032064978498966e-12
2460.0,383.7470407968861,0.0,0.0,25.709201107353934,25.86437624881261,63.33164948383939,4.6331614957963865,,,liquid,gas,26.552284743393184,26.89666197667965,2141.141434807895,104.36620528749933,0.6001386128846268,1.519931561233534e-06,0.0013019037664889765,0.0013019037644568243,2.0321522242738865e-12
2480.0,383.80339422432723,0.0,0.0,25.709404622967316,25.86690564119873,63.331419428560565,4.633188025741231,,,liquid,gas,26.5582902881673,26.905596241462668,2141.141403945558,104.36623614983664,0.6001407842746657,1.5431168549184804e-06,0.0013327661035873462,0.0013327661017683567,1.8189894035458565e-12
2500.0,383.8600959700325,0.0,0.0,25.709609512226457,25.869450602292837,63.33118772997688,4.633214755802606,,,liquid,gas,26.564282119167427,26.914518852603894,2141.1413726165056,104.36626747888923,0.6001429711220518,1.566452624501835e-06,0.0013640951560773829,0.0013640951543578694,1.7195134205394424e-12
2520.0,383.9171445692046,0.0,0.0,25.709815771272915,25.872011065578686,63.33095439131358,4.63324168575692,,,liquid,gas,26.57026027393024,26.923429845951553,2141.141340817738,104.36629927765642,0.600145173395721,1.5899383697615122e-06,0.001395893923472613,0.0013958939215541477,1.9184653865522705e-12
2540.0,383.97453856340974,0.0,0.0,25.7100233962829,25.87458696480521,63.3307194157483,4.633268815389754,,,liquid,gas,26.576224789890244,26.93232925721965,2141.141308546267,104.3663315491277,0.6001473910650647,1.613573567738058e-06,0.0014281653948273743,0.0014281653928236437,2.0037305148434825e-12
2560.0,384.03227649902516,0.0,0.0,25.710232383410478,25.87717823396379,63.330482806513245,4.633296144478102,,,liquid,gas,26.582175704380028,26.94121712198849,2141.141275799112,104.36636429628265,0.6001496240989609,1.6373577409467543e-06,0.0014609125496463093,0.0014609125477846874,1.8616219676914625e-12
2580.0,384.0903569287186,0.0,0.0,25.710442728844107,25.87978480730829,63.3302445667929,4.63332367280786,,,liquid,gas,26.58811305463054,26.95009347570519,2141.1412425733033,104.36639752209113,0.6001518724667441,1.66129043464025e-06,0.0014941383583391143,0.0014941383562643296,2.0747847884194925e-12
2600.0,384.1487784100635,0.0,0.0,25.710654428778177,25.882406619334823,63.33000469977358,4.633351400157964,,,liquid,gas,26.594036877771384,26.958958353684196,2141.1412088658813,104.36643122951321,0.6001541361377362,1.6853711031217244e-06,0.0015278457804015488,0.001527845778340975,2.0605739337042905e-12
2620.0,384.20753950674595,0.0,0.0,25.710867479419015,25.885043604797836,63.32976320863618,4.633379326314728,,,liquid,gas,26.59994721083107,26.96781179110779,2141.1411746738954,104.36646542149926,0.600156415081314,1.7095992916438263e-06,0.0015620377662344254,0.0015620377643870142,1.8474111129762605e-12
2640.0,384.26663878737423,0.0,0.0,25.711081876984135,25.88769569869268,63.329520096553345,4.6334074510582415,,,liquid,gas,26.605844090737264,26.976653823026595,2141.1411399944045,104.36650010098997,0.600158709266937,1.7339745454592049e-06,0.0015967172571436095,0.0015967172550972464,2.0463630789890885e-12
2660.0,384.3260748264438,0.0,0.0,25.711297617703124,25.89036283626838,63.32927536669076,4.63343577417386,,,liquid,gas,26.611727554317117,26.9854844843601,2141.141104824478,104.36653527091643,0.6001610186641347,1.7584963188710389e-06,0.0016318871835210302,0.0016318871815599323,1.9610979506978765e-12
2680.0,384.3858462036402,0.0,0.0,25.71151469781655,25.89304495301696,63.32902902220819,4.633464295444388,,,liquid,gas,26.61759763829749,26.994303809897147,2141.1410691611945,104.36657093420014,0.6001633432424966,1.7831641798693454e-06,0.0016675504671184171,0.001667550465271006,1.8474111129762605e-12
2700.0,384.44595150430814,0.0,0.0,25.71173311356803,25.89574198467937,63.32878106627426,4.633493014655776,,,liquid,gas,26.62345437930522,27.00311183429644,2141.1410330016415,104.36660709375306,0.6001656829715325,1.8079776509694056e-06,0.0017037100201378053,0.0017037100181909182,1.9468870959826745e-12
2720.0,384.5063893188379,0.0,0.0,25.71195286124872,25.89845386723605,63.328531501981665,4.6335219315902485,,,liquid,gas,26.62929781386742,27.01190859208705,2141.140996342917,104.36664375247766,0.6001680378214758,1.8329362319491338e-06,0.001740368744776788,0.0017403687427872683,1.9895196601282805e-12
2740.0,384.56715824349163,0.0,0.0,25.712173937096324,25.90118053691779,63.32828033254024,4.633551046036172,,,liquid,gas,26.63512797841172,27.020694117668903,2141.1409591821275,104.36668091326693,0.6001704077614535,1.858039468061179e-06,0.0017775295341380115,0.0017775295320632267,2.0747847884194925e-12
2760.0,384.62825687960753,0.0,0.0,25.712396337426707,25.903921930193754,63.328027561025735,4.633580357779071,,,liquid,gas,26.64094490926655,27.02946844531328,2141.14092151639,104.36671857900447,0.6001727927618679,1.8832868818208226e-06,0.001815195271774428,0.0018151952696001672,2.1742607714259066e-12
2780.0,384.6896838338912,0.0,0.0,25.712620058528238,25.90667798377486,63.32777319058056,4.633609866605267,,,liquid,gas,26.6467486426614,27.038231609163326,2141.14088334283,104.36675675256447,0.600175192792493,1.9086779957433463e-06,0.001853368831689295,0.0018533688296002993,2.0889956431346945e-12
2800.0,384.7514377180223,0.0,0.0,25.71284509672213,25.90944863460746,63.3275172242982,4.633639572297574,,,liquid,gas,26.65253921472708,27.04698364323452,2141.1408446585824,104.36679543681181,0.6001776078235707,1.934212377818767e-06,0.0018920530792456702,0.0018920530769435118,2.3021584638627246e-12
2820.0,384.8135171497955,0.0,0.0,25.71307144830586,25.91223381988864,63.32725966533421,4.6336694746488,,,liquid,gas,26.658316661495995,27.055724581415173,2141.1408054607923,104.36683463460209,0.6001800378247582,1.9598895050876307e-06,0.0019312508693474228,0.0019312508672157946,2.1316282072803006e-12
2840.0,384.8759207514504,0.0,0.0,25.713299109609466,25.91503347704203,63.32700051679433,4.633699573442601,,,liquid,gas,26.664081018902404,27.064454457466926,2141.140765746613,104.36687434878161,0.6001824827661892,1.9857089682773222e-06,0.0019709650487129693,0.0019709650467376605,1.9753088054130785e-12
2860.0,384.9386471507828,0.0,0.0,25.71352807700187,25.91784754373268,63.32673978172559,4.633729868466629,,,liquid,gas,26.669832322782668,27.07317330502523,2141.140725513207,104.36691458218746,0.6001849426185574,2.0116702899031225e-06,0.0020111984545110317,0.0020111984525925664,1.9184653865522705e-12
2880.0,385.0016949810299,0.0,0.0,25.713758346839604,25.92067595786467,63.32647746321366,4.63376035951148,,,liquid,gas,26.675570608875542,27.081881157599813,2141.140684757747,104.3669553376476,0.6001874173521943,2.037773015217681e-06,0.0020519539148153854,0.0020519539127263897,2.0889956431346945e-12
2900.0,385.0650628802875,0.0,0.0,25.713989915443953,25.923518657572203,63.32621356442427,4.633791046364167,,,liquid,gas,26.68129591282243,27.090578048575193,2141.1406434774135,104.36699661798077,0.600189906936676,2.0640166667362793e-06,0.002093234248150111,0.002093234245904796,2.2453150450019166e-12
2920.0,385.1287494917485,0.0,0.0,25.71422277925148,25.926375581222267,63.325948088318235,4.633821928811122,,,liquid,gas,26.687008270167645,27.099264011211137,2141.1406016693977,104.3670384259967,0.6001924113435253,2.0904007897115663e-06,0.0021350422639443423,0.002135042261826925,2.1174173525650986e-12
2940.0,385.1927534648689,0.0,0.0,25.714456934604343,25.929246667430203,63.325681038052636,4.633853006651993,,,liquid,gas,26.69270771635867,27.107939078643142,2141.140559330898,104.36708076449598,0.6001949305424077,2.1169249748709262e-06,0.002177380763441761,0.0021773807611111806,2.3305801732931286e-12
2960.0,385.257073452452,0.0,0.0,25.714692377897904,25.932131855018238,63.32541241669278,4.633884279666032,,,liquid,gas,26.698394286746332,27.11660328388291,2141.140516459124,104.36712363627021,0.6001974645038631,2.1435887219922734e-06,0.0022202525378816063,0.0022202525353378633,2.5437429940211587e-12
2980.0,385.32170840261153,0.0,0.0,25.714929105818687,25.935031096530764,63.325142227571845,4.633915747603386,,,liquid,gas,26.704068016585342,27.125256659821456,2141.140473051292,104.36716704410235,0.6002000131958958,2.170391599065624e-06,0.0022636603698629187,0.002263660367475495,2.3874235921539366e-12
3000.0,385.38665618665783,0.0,0.0,25.715167114126473,25.9379442942883,63.32487047278862,4.63394741038062,,,liquid,gas,26.7097289410343,27.13389923922671,2141.140429104628,104.3672109907664,0.6002025765982133,2.197333196818363e-06,0.002307607033799286,0.0023076070315255492,2.2737367544323206e-12
3020.0,385.4519161569691,0.0,0.0,25.715406399765868,25.940871419716125,63.324597156309906,4.633979267672406,,,liquid,gas,26.715377095155592,27.142531054732064,2141.1403846163685,104.36725547902574,0.6002051546728221,2.2244129695536683e-06,0.0023520952931903594,0.00235209529087399,2.3163693185779266e-12
3040.0,385.51748682931685,0.0,0.0,25.7156469591056,25.94381240513971,63.32432228086956,4.634011319310845,,,liquid,gas,26.72101251391647,27.151152138862315,2141.1403395837574,104.36730051163673,0.6002077473934179,2.2516305534736603e-06,0.0023971279042598326,0.002397127901858198,2.4016344468691386e-12
3060.0,385.58336686771554,0.0,0.0,25.71588878858928,25.94676718986755,63.32404584947079,4.634043565078506,,,liquid,gas,26.726635232188883,27.15976252401793,2141.1402940040475,104.36734609134648,0.6002103547311474,2.278985493830987e-06,0.0024427076141364523,0.00244270761160692,2.5295321393059567e-12
3080.0,385.64955495265144,0.0,0.0,25.716131884633466,25.949735713936317,63.32376786521495,4.634076004768159,,,liquid,gas,26.732245284749677,27.168362242477976,2141.140247874501,104.36739222089324,0.6002129766562306,2.3064773358782985e-06,0.0024888371608540183,0.0024888371583671187,2.4868995751603507e-12
3100.0,385.7160497725611,0.0,0.0,25.716376243734306,25.952717917722453,63.32348833107287,4.6341086381808285,,,liquid,gas,26.737842706280972,27.176951326400893,2141.1402011923874,104.3674389030065,0.6002156131401277,2.3341056703429787e-06,0.002535519274260878,0.0025355192716318697,2.6290081223123707e-12
3120.0,385.7828500208731,0.0,0.0,25.716621862350536,25.95571374185087,63.32320725010057,4.634141465109458,,,liquid,gas,26.743427531370347,27.185529807825016,2141.140153954987,104.367486140407,0.6002182641534961,2.3618700197403085e-06,0.002582756674655684,0.002582756672126152,2.5295321393059567e-12
3140.0,385.84995439549294,0.0,0.0,25.716868737028236,25.95872312717247,63.32292462520051,4.63417448533842,,,liquid,gas,26.74899979451103,27.194097718669045,2141.140106159587,104.36753393580673,0.6002209296684514,2.3897699975350405e-06,0.002630552074606385,0.00263055207186369,2.7426949600339867e-12
3160.0,385.91736160145706,0.0,0.0,25.717116864278857,25.96174601479555,63.322640459360066,4.634207698676321,,,liquid,gas,26.754559530102334,27.202655090732538,2141.1400578034845,104.36758229190909,0.6002236096563078,2.417805126242456e-06,0.002678908177131234,0.0026789081742180088,2.9132252166164108e-12
3180.0,385.9850703464879,0.0,0.0,25.717366240563315,25.964782346020748,63.3223547556707,4.634241104905535,,,liquid,gas,26.7601067724498,27.211201955696353,2141.1400088839846,104.36763121140882,0.6002263040873972,2.4459749965899393e-06,0.0027278276770630328,0.0027278276739508556,3.112177182629239e-12
3200.0,386.053079344592,0.0,0.0,25.717616862405976,25.967832062389704,63.32206751711976,4.634274703824457,,,liquid,gas,26.76564155576544,27.219738345123112,2141.1399593984015,104.36768069699208,0.6002290129330412,2.474279153830139e-06,0.0027773132601396355,0.0027773132572121995,2.9274360713316128e-12
3220.0,386.12138731425324,0.0,0.0,25.717868726438663,25.97089510565836,63.3217787465029,4.634308495227101,,,liquid,gas,26.771163914168046,27.22826429045765,2141.1399093440573,104.36773075133648,0.600231736166382,2.502717211427807e-06,0.0028273676043681917,0.002827367601611286,2.7569058147491887e-12
3240.0,386.1899929800234,0.0,0.0,25.718121829084208,25.973971417818483,63.321488447029985,4.634342478921731,,,liquid,gas,26.776673881683312,27.23677982302746,2141.1398587182825,104.36778137711107,0.6002344737566392,2.531288737372961e-06,0.002877993379115651,0.0028779933762024257,2.9132252166164108e-12
3260.0,386.2588950684613,0.0,0.0,25.718376166998237,25.97706094103996,63.321196621473305,4.634376654684239,,,liquid,gas,26.782171492244306,27.24528497404317,2141.139807518417,104.36783257697647,0.6002372256771833,2.5599932769182487e-06,0.002929193244654016,0.002929193241598682,3.055333763768431e-12
3280.0,386.328092295956,0.0,0.0,25.718631736704385,25.980163616893066,63.32090327282769,4.634411022335182,,,liquid,gas,26.78765677969138,27.25377977459808,2141.1397557418086,104.36788435358467,0.6002399918992791,2.588830420791055e-06,0.002980969853069837,0.0029809698498013404,3.268496584496461e-12
3300.0,386.39758343675527,0.0,0.0,25.71888853481368,25.98327938973219,63.320608404082776,4.634445581654006,,,liquid,gas,26.793129777772894,27.26226425567107,2141.139703385814,104.36793670957951,0.6002427723942438,2.6177997369813966e-06,0.003033325847809465,0.0030333258446404443,3.169020601490047e-12
3320.0,386.46736721470836,0.0,0.0,25.719146557901148,25.986408201520135,63.32031201815596,4.634480332440602,,,liquid,gas,26.798590520144977,27.270738448124895,2141.139650447797,104.36798964759632,0.6002455671340827,2.646900838954025e-06,0.0030862638645885454,0.0030862638614479465,3.140598892059643e-12
3340.0,386.53744237727443,0.0,0.0,25.71940580261017,25.989549995312384,63.32001411790013,4.634515274492585,,,liquid,gas,26.80403904037218,27.27920238270706,2141.139596925131,104.36804317026211,0.6002483760914161,2.6761332946989567e-06,0.0031397865304825245,0.0031397865272424497,3.240074875066057e-12
3360.0,386.60780767744217,0.0,0.0,25.719666265426856,25.992704714388136,63.31971470648256,4.634550407617158,,,liquid,gas,26.809475371927356,27.287656090050366,2141.1395428151977,104.36809728019553,0.6002511992358871,2.705496672206209e-06,0.0031938964639266487,0.003193896460658152,3.268496584496461e-12
3380.0,386.67846187156783,0.0,0.0,25.719927943098806,25.995872302219702,63.319413786582736,4.6345857316063155,,,liquid,gas,26.8148995481922,27.296099600673394,2141.1394881153865,104.36815198000694,0.6002540365417667,2.7349905622031654e-06,0.003248596275170712,0.0032485962720727457,3.097966327914037e-12
3400.0,386.7494037218221,0.0,0.0,25.720190832264194,25.99905270250582,63.31911136110346,4.634621246265385,,,liquid,gas,26.820311602457412,27.304532944980913,2141.139432823095,104.36820727229849,0.6002568879812117,2.7646145781545783e-06,0.0033038885667338036,0.0033038885636216264,3.112177182629239e-12
3420.0,386.82063199403643,0.0,0.0,25.72045492947172,26.00224585914112,63.31880743312856,4.634656951388322,,,liquid,gas,26.825711567922827,27.312956153264306,2141.139376935729,104.36826315966407,0.600259753524666,2.7943682880504637e-06,0.003359775932494813,0.0033597759291978946,3.296918293926865e-12
3440.0,386.89214545938256,0.0,0.0,25.720720231419843,26.005451716238834,63.3185020054708,4.6346928467773525,,,liquid,gas,26.831099477697666,27.321369255702,2141.139320450704,104.36831964468936,0.6002626331451473,2.824251259880839e-06,0.0034162609576924297,0.0034162609544949873,3.197442310920451e-12
3460.0,386.96394289407823,0.0,0.0,25.720986734717684,26.008670218126056,63.318195081127584,4.634728932239812,,,liquid,gas,26.83647536480108,27.329772282359936,2141.1392633654414,104.36837672995198,0.6002655268139249,2.8542631298478227e-06,0.003473346220289386,0.0034733462171061547,3.183231456205249e-12
3480.0,387.03602307645633,0.0,0.0,25.72125443614234,26.011901309302505,63.31788666278182,4.6347652075544,,,liquid,gas,26.841839262161887,27.338165263191932,2141.139205677372,104.36843441802128,0.6002684345052537,2.884403465941432e-06,0.0035310342896082147,0.0035310342864107724,3.197442310920451e-12
3500.0,387.1083847943669,0.0,0.0,25.72152333238588,26.015144934542505,63.31757675330505,4.6348016725571055,,,liquid,gas,26.847191202619317,27.34654822804017,2141.139147383935,104.36849271145864,0.600271356191603,2.914671858889051e-06,0.0035893277267859958,0.0035893277237732946,3.0127011996228248e-12
3520.0,387.18102683397,0.0,0.0,25.721793419963078,26.018401038739007,63.317265355900616,4.6348383270117015,,,liquid,gas,26.85253121892301,27.35492120663559,2141.139088482576,104.36855161281733,0.6002742918422997,2.9450679448927987e-06,0.0036482290856838517,0.0036482290824579877,3.225864020350855e-12
3540.0,387.25394799273334,0.0,0.0,25.722064695755293,26.021669567083215,63.31695247310604,4.6348751707603295,,,liquid,gas,26.857859343733235,27.363284228598307,2141.1390289707506,104.3686111246426,0.6002772414329867,2.9755912692053245e-06,0.0037077409110679582,0.0037077409077284074,3.339550858072471e-12
3560.0,387.3271470656519,0.0,0.0,25.722337156414046,26.024950464872845,63.316638107888885,4.63491220356437,,,liquid,gas,26.863175609621152,27.37163732343806,2141.1389688459217,104.36867124947167,0.6002802049352324,3.0062414452913798e-06,0.003767865739973786,0.0037678657368047652,3.169020601490047e-12
3580.0,387.4006228605651,0.0,0.0,25.722610798734777,26.028243677723992,63.31632226297893,4.634949425281674,,,liquid,gas,26.86848004906904,27.379980520554554,2141.1389081055595,104.36873198983383,0.6002831823228628,3.0370181093530847e-06,0.0038286061021608475,0.003828606098963405,3.197442310920451e-12
3600.0,387.4743741792519,0.0,0.0,25.72288561931117,26.03154915130831,63.31600494147196,4.634986835648343,,,liquid,gas,26.873772694470674,27.388313849237992,2141.138846747143,104.3687933482504,0.600286173566237,3.067920829380455e-06,0.0038899645187484566,0.0038899645155368034,3.211653165635653e-12
3620.0,387.54839983742767,0.0,0.0,25.72316161495491,26.034866831629735,63.315686146088396,4.635024434509982,,,liquid,gas,26.87905357813141,27.396637338669407,2141.1387847681585,104.36885532723483,0.600289178639276,3.098949218838243e-06,0.0039519435031252215,0.003951943499956201,3.169020601490047e-12
3640.0,387.62269865200795,0.0,0.0,25.723438782341947,26.038196664847277,63.31536587980951,4.635062221674738,,,liquid,gas,26.88432273226847,27.404951017921107,2141.1387221661007,104.36891792929264,0.6002921975134307,3.1301028911912e-06,0.0040145455609490455,0.004014545557765814,3.183231456205249e-12
3660.0,387.6972694424804,0.0,0.0,25.723717118464315,26.04153859729351,63.31504414502241,4.63510019692936,,,liquid,gas,26.88958018901131,27.413254915957086,2141.138658938472,104.36898115692158,0.6002952301657883,3.1613814371667103e-06,0.00407777318969238,0.0040777731867081,2.9842794901924208e-12
3680.0,387.77211103495074,0.0,0.0,25.72399661986387,26.044892575529964,63.31472094498877,4.63513836008618,,,liquid,gas,26.894825980401503,27.421549061633414,2141.138595082782,104.3690450126115,0.6002982765651472,3.1927844929668934e-06,0.0041416288795517175,0.0041416288766242815,2.9274360713316128e-12
3700.0,387.84722225978584,0.0,0.0,25.724277283399974,26.048258546313996,63.31439628237838,4.6351767109560384,,,liquid,gas,26.90006013839323,27.42983348369864,2141.138530596549,104.36910949884448,0.6003013366859206,3.2243116493191336e-06,0.0042061151125381,0.004206115109610664,2.9274360713316128e-12
3720.0,387.9226019487239,0.0,0.0,25.724559105772713,26.05163645655808,63.314070160166644,4.635215249315179,,,liquid,gas,26.905282694853543,27.438108210794258,2141.1384654772987,104.36917461809485,0.600304410499627,3.2559625196881824e-06,0.004271234362931864,0.004271234359976006,2.9558577807620168e-12
3740.0,387.9982489439476,0.0,0.0,25.724842083962095,26.055026253454983,63.313742580826606,4.635253975010116,,,liquid,gas,26.910493681562645,27.446373271455037,2141.1383997225644,104.36924037282924,0.6003074979825508,3.2877367175387917e-06,0.00433698909728264,0.0043369890943694145,2.9132252166164108e-12
3760.0,388.0741620893091,0.0,0.0,25.725126214790144,26.058427884355545,63.31341354713543,4.635292887856608,,,liquid,gas,26.915693130213775,27.454628694109477,2141.1383333298872,104.36930676550652,0.6003105991080961,3.319633856335713e-06,0.004403381774409354,0.004403381771652448,2.7569058147491887e-12
3780.0,388.1503402290955,0.0,0.0,25.725411494885655,26.061841296751187,63.313083062239244,4.635331987625613,,,liquid,gas,26.920881072413817,27.462874507080176,2141.138266296816,104.36937379857793,0.6003137138461718,3.351653572281066e-06,0.004470414845854975,0.004470414843055437,2.7995383788947947e-12
3800.0,388.2267822150311,0.0,0.0,25.725697921171907,26.06526643837012,63.31275112874436,4.635371274124296,,,liquid,gas,26.926057539683573,27.47111073858431,2141.1381986209067,104.36944147448705,0.6003168421718073,3.3837954561022345e-06,0.00453809075497702,0.004538090752177482,2.7995383788947947e-12
3820.0,388.303486903017,0.0,0.0,25.725985490488647,26.068703257131816,63.31241774942736,4.635410747158552,,,liquid,gas,26.931222563457663,27.479337416733916,2141.138130299724,104.36950979566987,0.600319984058421,3.4160591440013377e-06,0.004606411937857047,0.004606411935000665,2.8563817977556027e-12
3840.0,388.38045315868027,0.0,0.0,25.72627419968972,26.072151701223014,63.31208292706536,4.63545040659723,,,liquid,gas,26.936376175084693,27.487554569536307,2141.138061330839,104.36957876455475,0.6003231394794291,3.4484442494431276e-06,0.004675380822845909,0.004675380819875841,2.9700686354772188e-12
3860.0,388.45767983928965,0.0,0.0,25.726564045627992,26.07561171884718,63.31174666441319,4.635490252163846,,,liquid,gas,26.941518405827974,27.495762224894587,2141.137991711831,104.36964838356248,0.6003263084084617,3.480950385892356e-06,0.004744999830563756,0.004744999827607899,2.9558577807620168e-12
3880.0,388.5351658202359,0.0,0.0,25.726855025177287,26.079083258590167,63.31140896423658,4.635530283741954,,,liquid,gas,26.946649286865522,27.50396041060789,2141.1379214402873,104.3697186551064,0.6003294908190487,3.5135771895511426e-06,0.004815271374354779,0.004815271371526819,2.8279600883251987e-12
3900.0,388.612909970618,0.0,0.0,25.72714713521213,26.082566269081923,63.31106982928222,4.6355705010940875,,,liquid,gas,26.95176884929018,27.512149154371905,2141.1378505138014,104.36978958159229,0.6003326866849032,3.5463242966216056e-06,0.004886197860287211,0.004886197857416619,2.8705926524708048e-12
3920.0,388.6909111697471,0.0,0.0,25.72744037262141,26.086060699224305,63.31072926229744,4.635610904052013,,,liquid,gas,26.95687712411006,27.520328483779195,2141.137778929975,104.36986116541848,0.6003358959797348,3.579191320568498e-06,0.004957781686698581,0.004957781683614826,3.083755473198835e-12
3940.0,388.7691682960294,0.0,0.0,25.727734734165765,26.08956649803678,63.31038726627103,4.635651492388912,,,liquid,gas,26.96197414224834,27.528498426319548,2141.1377066864175,104.36993340897583,0.6003391186749667,3.6121778748565704e-06,0.005030025244195713,0.005030025240955638,3.240074875066057e-12
3960.0,388.8476802392236,0.0,0.0,25.72803021701668,26.093083614825265,63.31004384344189,4.63569226596074,,,liquid,gas,26.967059934543705,27.536659009380426,2141.1376337807455,104.3700063146477,0.6003423547491357,3.6452835956879427e-06,0.005102930916109472,0.005102930912826764,3.282707439211663e-12
3980.0,388.9264458896519,0.0,0.0,25.728326818103884,26.09661199903242,63.30969899650957,4.635733224582149,,,liquid,gas,26.972134531751372,27.544810260247424,2141.137560210583,104.37007988481025,0.6003456041764128,3.678508119264734e-06,0.005176501078494766,0.005176501075382589,3.112177182629239e-12
4000.0,389.0054641413623,0.0,0.0,25.728624533923124,26.100151600281073,63.309352729010094,4.635774368063068,,,liquid,gas,26.9771979645417,27.552952206104415,2141.1374859735615,104.37015412183212,0.6003488669230401,3.7118510817890636e-06,0.0052507381001305475,0.005250738097245744,2.8848035071860068e-12
4020.0,389.08473388724417,0.0,0.0,25.72892336198597,26.103702368306003,63.309005042542935,4.635815696152771,,,liquid,gas,26.982250263501644,27.56108487403421,2141.137411067319,104.37022902807458,0.6003521429736259,3.7453121194630513e-06,0.0053256443425198086,0.005325644339706059,2.8137492336099967e-12
4040.0,389.16425403775736,0.0,0.0,25.729223298798203,26.10726425321201,63.30865594067048,4.635857208755516,,,liquid,gas,26.98729145913527,27.56920829101883,2141.1373354895018,104.37030460589179,0.6003554322941679,3.7788908684888158e-06,0.005401222159889585,0.005401222156919516,2.9700686354772188e-12
4060.0,389.2440234941038,0.0,0.0,25.729524341455868,26.110837205103245,63.30830542580556,4.635898905622021,,,liquid,gas,26.992321581862175,27.577322483939707,2141.1372592377634,104.37038085763037,0.600358734861567,3.812586919593741e-06,0.00547747389828146,0.005477473895496132,2.7853275241795927e-12
4080.0,389.3240411689574,0.0,0.0,25.72982648692217,26.114421174368402,63.307953500645986,4.635940786588258,,,liquid,gas,26.99734066201971,27.585427479578417,2141.137182309764,104.37045778562981,0.6003620506500242,3.84639997719205e-06,0.005554401897825301,0.005554401894940497,2.8848035071860068e-12
4100.0,389.4043059762716,0.0,0.0,25.730129732167374,26.118016111540033,63.30760016787919,4.635982851458224,,,liquid,gas,27.002348729862476,27.593523304616784,2141.137104703171,104.37053539222242,0.6003653796338424,3.880329632011126e-06,0.005632008490465523,0.005632008487552298,2.9132252166164108e-12
4120.0,389.4848168327318,0.0,0.0,25.730434073987723,26.12162196731375,63.30724543053111,4.636025100020987,,,liquid,gas,27.00734581556176,27.60160998563729,2141.1370264156603,104.37061367973315,0.600368721784116,3.914375542990456e-06,0.005710296001325332,0.005710295998284209,3.0411229090532288e-12
4140.0,389.5655726682245,0.0,0.0,25.730739509735088,26.125238692692015,63.30688929060764,4.636067532171147,,,liquid,gas,27.01233194920725,27.609687549123635,2141.1369474449134,104.37069265047991,0.6003720770816161,3.948537346332159e-06,0.0057892667482519755,0.005789266745040322,3.211653165635653e-12
4160.0,389.6465724068651,0.0,0.0,25.731046036424832,26.12886623872231,63.30653175073805,4.6361101476909,,,liquid,gas,27.017307160806023,27.61775602146085,2141.13686778862,104.37077230677338,0.6003754455012047,3.982814678238355e-06,0.005868923041816743,0.0058689230385056135,3.311129148642067e-12
4180.0,389.7278149757902,0.0,0.0,25.73135365047525,26.132504556617718,63.30617281469638,4.636152946351369,,,liquid,gas,27.022271480283163,27.62581542893584,2141.1367874444763,104.37085265091707,0.6003788270068898,4.017207174911164e-06,0.005949267185314966,0.005949267182202789,3.112177182629239e-12
4200.0,389.8092993135779,0.0,0.0,25.73166234969787,26.136153597872358,63.305812483637034,4.636195928009512,,,liquid,gas,27.02722493748231,27.633865797737712,2141.136706410186,104.37093368520748,0.6003822215875255,4.051714518027438e-06,0.006030301475675515,0.00603030147260597,3.069544618483633e-12
4220.0,389.8910243570202,0.0,0.0,25.731972130300036,26.13981331407891,63.30545076176169,4.636239092456242,,,liquid,gas,27.03216756216512,27.641907153958044,2141.1366246834596,104.3710154119339,0.6003856292030689,4.086336321051931e-06,0.006112028202096553,0.006112028199027009,3.069544618483633e-12
4240.0,389.9729890470938,0.0,0.0,25.732282989934824,26.143483657009952,63.305087650533096,4.636282439485359,,,liquid,gas,27.037099384012365,27.649939523591474,2141.1365422620147,104.37109783337864,0.6003890498394554,4.121072242924128e-06,0.006194449646955036,0.006194449643771804,3.183231456205249e-12
4260.0,387.9208023190102,0.016805896571441017,0.33611793142882035,25.73080620320847,26.08975865106473,63.302177317499556,4.6216743749866,,,liquid,gas,27.04201868638783,27.65793604264475,2141.136458872215,104.03506329174952,0.6004166294882461,4.169489989180874e-06,0.006277839446738653,0.006277839443473987,3.264666315061504e-12
4280.0,385.46591498939165,0.02005786753106858,0.737275282050192,25.728992245425736,26.025060915334485,63.29878379911281,4.6042276797848185,,,liquid,gas,27.04692203495497,27.665843470405626,2141.1363739361464,103.63399087719678,0.6004487946742888,4.246803428031853e-06,0.00636277551529929,0.006362775512102292,3.1969982217106008e-12
4300.0,383.03659074588734,0.019941971727325238,1.1361147165966967,25.72719998137145,25.96089621779273,63.29541784932069,4.586878266133169,,,liquid,gas,27.051809507595785,27.673662584879228,2141.136287402698,103.23523797609853,0.6004807013192591,4.326672410570609e-06,0.006449308963510703,0.006449308960358557,3.1521452115157444e-12
4320.0,382.0131573958748,0.019853496770123047,1.5331846519991577,25.72218005440285,25.916475698535404,63.144933039481664,4.585664869762799,0.00019763865563672737,,twophase,gas,27.056678248621097,27.68139957033418,2141.136202992117,102.83825245127719,0.601911722327815,4.220529058329703e-06,0.006533719544677297,0.006533719541473193,3.2041036490682018e-12
4340.0,381.531491209882,0.01983352053923464,1.9298550627838504,25.71592450427824,25.87973090025903,62.938785369799845,4.590714865457653,0.0004709290322212173,,twophase,gas,27.061520818517135,27.68906875023044,2141.1361303423714,102.44165469023798,0.6038831840992,3.632487278082408e-06,0.006606369290238945,0.006606369286962899,3.276046101063912e-12
4360.0,381.0522657062439,0.01981839046958178,2.326222872175486,25.709695151185898,25.843145818070578,62.73431464108091,4.595790732330404,0.0007429773344566799,,twophase,gas,27.06633682575356,27.696671682120563,2141.136070052152,102.04534717106598,0.6058514109810637,3.014510980392515e-06,0.006666659509846795,0.006666659506600503,3.2462921240039577e-12
4380.0,380.5754636833628,0.01980348288471918,2.7222925298698697,25.70349184334705,25.806719783175236,62.531500934220276,4.600892576882755,0.0010137927014758005,,twophase,gas,27.071126391478856,27.704208994198197,2141.1360220612182,101.64932550430528,0.6078164064911152,2.3995466790438514e-06,0.006714650443427672,0.0067146504402813,3.1463720517876936e-12
4400.0,380.10106806055586,0.019788797184171168,3.118068473553293,25.697314429665518,25.770451898156722,62.33032390865394,4.606020592153882,0.0012833851237069077,,twophase,gas,27.075889636238713,27.711681042394172,2141.135986309697,101.25358531214307,0.6097781813456167,1.7875760704555433e-06,0.006750401964836783,0.006750401961496788,3.339994947282321e-12
4420.0,379.629061903147,0.019774332805649997,3.513555129666293,25.6911627600649,25.73434127098637,62.130763545409934,4.611174975479324,0.0015517644985932673,,twophase,gas,27.080626679962197,27.719088180115783,2141.135962738108,100.85812222761872,0.611736746314086,1.17857944132993e-06,0.006773973553663382,0.006773973550145307,3.518074720432196e-12
4440.0,379.1594284180362,0.01976008920197081,3.908756913705709,25.685036685442054,25.69838701433479,61.93280013919089,4.616355928760264,0.001818940633879353,,twophase,gas,27.085337641965285,27.72643075814042,2141.135951287363,100.46293189432465,0.6136921122344607,5.72537260268291e-07,0.006785424298868747,0.0067854242954941135,3.374633905650626e-12
4460.0,378.7560795811126,0.01974648723947412,4.303686658495192,25.679771001495435,25.679771001495435,61.761996312055615,4.618499177807851,0.0020501585862746164,0.9994947672986666,twophase,twophase,27.090023105978545,27.733713915024563,2141.135950385709,100.06800305118902,0.61538928770977,4.508269739744719e-08,0.006786325952816696,0.006786325949345695,3.4710012641880894e-12
4480.0,378.4059307225554,0.01973571656239237,4.698400989743039,25.67519664751937,25.67519664751937,61.61289056750919,4.618163877387784,0.002252528163319537,0.9985766838812776,twophase,twophase,27.094686125793324,27.740968277704486,2141.135950385709,99.67328871994117,0.6168785552491547,0.0,0.006786325952816696,0.00678632594933859,3.4781066915456904e-12
4500.0,378.0565479035595,0.0197252466746066,5.092905923235171,25.670629340106352,25.670629340106352,61.46443334826304,4.617844182783304,0.002454562876742039,0.9976573025927825,twophase,twophase,27.099327050186822,27.74819666585668,2141.135950385709,99.27878378644904,0.6183685238364509,0.0,0.006786325952816696,0.006786325949341254,3.47544215628659e-12
4520.0,377.70792992188905,0.019714821182122623,5.487202346877623,25.666069078317744,25.666069078317744,61.31662079787798,4.61754019540376,0.0026562636681781715,0.9967366040414185,twophase,twophase,27.10394594995846,27.755399038915595,2141.135950385709,98.88448736280658,0.6198591902723495,0.0,0.006786325952816696,0.006786325949335037,3.481659405224491e-12
4540.0,377.36007558524295,0.019704440250084287,5.881291151879309,25.661515861311244,25.661515861311244,61.16944908960429,4.617252018273881,0.0028576314766622863,0.9958145686065897,twophase,twophase,27.108542895708737,27.762575355279235,2141.135950385709,98.4903985578049,0.6213505513566695,0.0,0.006786325952816696,0.006786325949334149,3.482547583644191e-12
4560.0,377.01298371233247,0.019694104046689233,6.275173232813094,25.656969688355396,25.656969688355396,61.02291442566855,4.616979756117333,0.0030586672392154002,0.9948911764250296,twophase,twophase,27.113117957839766,27.769725571991135,2141.135950385709,98.09651647687112,0.6228426038927743,0.0,0.006786325952816696,0.006786325949340366,3.47633033470629e-12
4580.0,376.6666531344689,0.019683812743407893,6.668849487681252,25.652430558850806,25.652430558850806,60.87701303636647,4.6167235154686175,0.003259371891704477,0.9939664073719607,twophase,twophase,27.11767120655579,27.776849644275096,2141.135950385709,97.70284022200296,0.6243353446941372,0.0,0.006786325952816696,0.006786325949343919,3.4727776210274897e-12
4600.0,376.32108269798766,0.019673566515292683,7.062320817987105,25.647898472362428,25.647898472362428,60.73174117882504,4.616483404832513,0.0034597463701600277,0.993040241033756,twophase,twophase,27.12220271186364,27.783947524818025,2141.135950385709,97.3093688916971,0.6258287705945313,0.0,0.006786325952816696,0.006786325949340366,3.47633033470629e-12
4620.0,375.9762712682312,0.01966336554144794,7.455588128816064,25.643373428672387,25.643373428672387,60.587095135123334,4.616259534930958,0.0036597916129733755,0.9921126566649767,twophase,twophase,27.126712543573092,27.791019162586643,2141.135950385709,96.91610158086814,0.6273228784651812,0.0,0.006786325952816696,0.00678632594933859,3.4781066915456904e-12
4640.0,375.63221773677066,0.019653210005811994,7.848652328932304,25.63885542787565,25.63885542787565,60.44307120915413,4.616052019129289,0.0038595085648111113,0.9911836331134222,twophase,twophase,27.131200771297102,27.798064500684674,2141.135950385709,96.5230373807519,0.6288176652455256,0.0,0.006786325952816696,0.006786325949335925,3.4807712268047908e-12
4660.0,375.2889210363289,0.01964310009863417,8.241514330904987,25.634344470577172,25.634344470577172,60.29966572031034,4.6158609742906025,0.004058898184835328,0.9902531486685082,twophase,twophase,27.135667464451743,27.805083471901117,2141.135950385709,96.13017537877921,0.6303131280080625,0.0,0.006786325952816696,0.006786325949331484,3.4852121189032914e-12
4680.0,374.94638017987654,0.019633036019856043,8.634175051302108,25.629840558407825,25.629840558407825,60.15687498739671,4.615686522962677,0.004257961468116203,0.9893211806713162,twophase,twophase,27.140112692255467,27.81207598705215,2141.135950385709,95.7375146583821,0.6318092641277031,0.0,0.006786325952816696,0.006786325949335037,3.481659405224491e-12
4700.0,374.60459444406183,0.01962301799037016,9.026635411109512,25.62534369644185,25.62534369644185,60.01469525360516,4.615528803493554,0.0044566995461573266,0.9883877037058084,twophase,twophase,27.14453652372613,27.81904188023853,2141.135950385709,95.3450542985747,0.6333060720778413,0.0,0.006786325952816696,0.006786325949336813,3.4798830483850907e-12
4720.0,374.26356335433456,0.01961304629799123,9.418896337069336,25.620853893011972,25.620853893011972,59.873122694539376,4.61538796950648,0.004655113679188294,0.9874526896948419,twophase,twophase,27.14893902766876,27.82598091332854,2141.135950385709,94.95279337261488,0.6348035513683967,0.0,0.006786325952816696,0.006786325949343919,3.4727776210274897e-12
4740.0,373.92328384873997,0.01960312103632873,9.81095875779591,25.616371122344272,25.616371122344272,59.73215457597479,4.615264034168465,0.004853203702055359,0.9865161357713209,twophase,twophase,27.153320272716403,27.832893622644868,2141.135950385709,94.5607309518883,0.6363016902339671,0.0,0.006786325952816696,0.006786325949343919,3.4727776210274897e-12
4760.0,373.583754585107,0.019593242235595287,10.202823602507817,25.61189538124569,25.61189538124569,59.59178748338953,4.615157105382359,0.0050509703817698745,0.985578022185955,twophase,twophase,27.157680327343808,27.839780032922228,2141.135950385709,94.1688661071764,0.6378004843134385,0.0,0.006786325952816696,0.006786325949345695,3.4710012641880894e-12
4780.0,373.24497442710754,0.019583410090265117,10.594491804313119,25.607426669200148,25.607426669200148,59.45201794820934,4.615067303648826,0.005248414589794173,0.9846383270106182,twophase,twophase,27.16201925983511,27.8466401094505,2141.135950385709,93.7771979053711,0.6392999300901631,0.0,0.006786325952816696,0.006786325949345695,3.4710012641880894e-12
4800.0,372.90694224609285,0.01957362479794158,10.98596430027195,25.602964985760735,25.602964985760735,59.31284252901379,4.61499475127776,0.0054455371935631615,0.9836970280706505,twophase,twophase,27.166337138284458,27.853473817239706,2141.135950385709,93.38572540941226,0.6408000240321867,0.0,0.006786325952816696,0.006786325949340366,3.47633033470629e-12
4820.0,372.5696569212941,0.019563886559430265,11.377242031460556,25.598510330552642,25.598510330552642,59.17425781123742,4.614939572429202,0.005642339056560826,0.9827541029391343,twophase,twophase,27.170634030596638,27.86028112097119,2141.135950385709,92.99444767822365,0.6423007625926074,0.0,0.006786325952816696,0.006786325949336813,3.4798830483850907e-12
4840.0,372.2331173400487,0.01955419557881557,11.768325943036867,25.5940627032764,25.5940627032764,59.03626040685653,4.614901893156776,0.005838821038422956,0.9818095289307439,twophase,twophase,27.174910004487668,27.867061984939504,2141.135950385709,92.60336376664733,0.6438021422101305,0.0,0.006786325952816696,0.006786325949331484,3.4852121189032914e-12
4860.0,371.89731725460814,0.019544827447476633,12.1592224919864,25.58962203567236,25.58962203567236,58.89884500281467,4.614881843963185,0.006034986787573082,0.9808632679578253,twophase,twophase,27.179165127431165,27.87381637291131,2141.135950385709,92.2124672176978,0.6453041806879749,0.0,0.006786325952816696,0.006786325949336813,3.4798830483850907e-12
4880.0,371.56224963736895,0.019535825980659192,12.549939011599584,25.585188248954587,25.585188248954587,58.762006032999075,4.614879558880061,0.006230840377421426,0.9799152790952673,twophase,twophase,27.183399466479017,27.880544247801797,2141.135950385709,91.82175069808463,0.6468068992856594,0.0,0.006786325952816696,0.006786325949342142,3.47455397786689e-12
4900.0,371.22791338384343,0.019526875536809207,12.940476522335768,25.580761342559786,25.580761342559786,58.62574021140923,4.614895171770855,0.006426382667405397,0.978965538401702,twophase,twophase,27.187613088426257,27.887245571778344,2141.135950385709,91.43121318734845,0.6483102947775254,0.0,0.006786325952816696,0.006786325949345695,3.4710012641880894e-12
4920.0,370.8943074920654,0.019517971360103026,13.330835949537828,25.576341317252286,25.576341317252286,58.49004431190759,4.614928818590994,0.006621614463408672,0.9780140219150214,twophase,twophase,27.19180605988415,27.89392030621952,2141.135950385709,91.04085376014639,0.6498143635406962,0.0,0.006786325952816696,0.006786325949349248,3.467448550509289e-12
4940.0,370.56143097003405,0.019509113680371913,13.721018223145267,25.571928173900844,25.571928173900844,58.354915132365136,4.614980637500401,0.00681653656864812,0.9770607053682389,twophase,twophase,27.195978447280734,27.900568411540558,2141.135950385709,90.65067148653895,0.6513191019436392,0.0,0.006786325952816696,0.006786325949351024,3.4656721936698887e-12
4960.0,370.2292828365362,0.01950030273142671,14.1110242777738,25.567521913489895,25.567521913489895,58.22034949417339,4.6150507689484055,0.007011149784085647,0.9761055641762729,twophase,twophase,27.200130316861365,27.90718984696232,2141.135950385709,90.26066543191043,0.6528245063491606,0.0,0.006786325952816696,0.006786325949356353,3.460343123151688e-12
4980.0,369.8978621222167,0.019491538751251182,14.500855052798824,25.563122537134163,25.563122537134163,58.086344241650536,4.615139355776552,0.007205454909005779,0.9751485734195215,twophase,twophase,27.204261734689236,27.913784570196583,2141.135950385709,89.8708346568854,0.6543305731187008,0.0,0.006786325952816696,0.006786325949361682,3.455014052633487e-12
5000.0,369.5671678710992,0.0194828219822476,14.890511492443776,25.558730046099306,25.558730046099306,57.95289624130116,4.615246543349148,0.007399452741821335,0.9741897078225757,twophase,twophase,27.208372766645866,27.920352537002344,2141.135950385709,89.48117821724045,0.655837298618434,0.0,0.006786325952816696,0.006786325949361682,3.455014052633487e-12
5020.0,369.2371991428097,0.019474152671564583,15.279994545875068,25.55434444183197,25.55434444183197,57.82000238083033,4.615372479727793,0.0075931440812576296,0.9732289417251375,twophase,twophase,27.212463478431513,27.92689370053355,2141.135950385709,89.09169516380916,0.6573446792283499,0.0,0.006786325952816696,0.006786325949361682,3.455014052633487e-12
5040.0,368.9079550159794,0.019465531071560526,15.669305167306279,25.54996572600565,25.54996572600565,57.68765956771474,4.6155173159203455,0.007786529728212228,0.9722662490396506,twophase,twophase,27.216533935565565,27.933408010327827,2141.135950385709,88.70238454237796,0.658852711356669,0.0,0.006786325952816696,0.006786325949365235,3.4514613389546867e-12
5060.0,368.57943459388747,0.019456957440509105,16.05844431611646,25.54559390059654,25.54559390059654,57.555864726974136,4.61568120626785,0.007979610488829118,0.9713016031843287,twophase,twophase,27.220584203386757,27.939895410626196,2141.135950385709,88.31324539356777,0.6603613914638428,0.0,0.006786325952816696,0.006786325949359906,3.4567904094728874e-12
5080.0,368.2516370147392,0.019448432043777154,16.447412956992004,25.541228968021386,25.541228968021386,57.424614797239606,4.615864309116154,0.00817238718014397,0.9703349769653158,twophase,twophase,27.22461434705322,27.946355837301834,2141.135950385709,87.92427675269222,0.6618707161068562,0.0,0.006786325952816696,0.006786325949356353,3.460343123151688e-12
5100.0,367.9245614732813,0.01943995515607231,16.83621206011345,25.53687093142701,25.53687093142701,57.29390672269653,4.616066788179285,0.008364860641930864,0.9693663423351646,twophase,twophase,27.22862443154211,27.95278921139133,2141.135950385709,87.53547764957078,0.6633806820325084,0.0,0.006786325952816696,0.006786325949359906,3.4567904094728874e-12
5120.0,367.59820727868697,0.01943152706667579,17.224842601446966,25.532519795464538,25.532519795464538,57.16373743162651,4.616288816110167,0.008557031768604059,0.9683956697562063,twophase,twophase,27.232614521648262,27.959195421728175,2141.135950385709,87.14684710823727,0.6648912864290982,0.0,0.006786325952816696,0.006786325949363459,3.453237695794087e-12
5140.0,367.27257415867393,0.01942314809766188,17.613305563400203,25.528175570352563,25.528175570352563,57.03410372391639,4.616530592969353,0.008748901676617972,0.9674229248967571,twophase,twophase,27.236584681979412,27.965574233655214,2141.135950385709,86.75838414628403,0.6664025282485749,0.0,0.006786325952816696,0.006786325949363459,3.453237695794087e-12
5160.0,366.94766185856474,0.019414818665118717,18.001601936702578,25.52383826654059,25.52383826654059,56.905002422626914,4.616792322549068,0.008940471484263607,0.9664480728781172,twophase,twophase,27.240534976939834,27.971925409549034,2141.135950385709,86.37008777298166,0.6679144064651952,0.0,0.006786325952816696,0.006786325949370564,3.446132268436486e-12
5180.0,366.6234669229972,0.019406538868141966,18.389732714065417,25.519507851708127,25.519507851708127,56.77643156127425,4.617074017249258,0.009131740539317368,0.9654711132090903,twophase,twophase,27.244465470792736,27.97824967507838,2141.135950385709,85.98195699561882,0.6694269060744107,0.0,0.006786325952816696,0.006786325949363459,3.453237695794087e-12
5200.0,366.2999882284604,0.019398308779551777,18.777698889656453,25.515184324601435,25.515184324601435,56.64838832615176,4.617375831140134,0.009322709462943304,0.9644920201369755,twophase,twophase,27.24837622766605,27.984547057499974,2141.135950385709,85.59399082002778,0.6709400221446915,0.0,0.006786325952816696,0.006786325949367011,3.4496849821152864e-12
5220.0,365.9772248611261,0.019390128680005957,19.16550146325657,25.510867686739363,25.510867686739363,56.5208698506084,4.617697933053561,0.00951337898300811,0.9635107653874203,twophase,twophase,27.252267311513858,27.99081752329122,2141.135950385709,85.20618824642766,0.6724537505963424,0.0,0.006786325952816696,0.006786325949359906,3.4567904094728874e-12
5240.0,365.65517591583347,0.019381998854744786,19.553141440351467,25.506557939731096,25.506557939731096,56.393873289679746,4.618040494537545,0.009703749823453029,0.9625273203245842,twophase,twophase,27.256138786116992,27.997061038538295,2141.135950385709,84.81854826933277,0.6739680873270478,0.0,0.006786325952816696,0.006786325949363459,3.453237695794087e-12
5260.0,365.33384049629774,0.019373919593698653,19.94061983222544,25.502255085279266,25.502255085279266,56.26739581985772,4.618403689919832,0.009893822704366345,0.9615416559426316,twophase,twophase,27.259990715083628,28.00327756888198,2141.135950385709,84.4310698774588,0.6754830282121533,0.0,0.006786325952816696,0.006786325949367011,3.4496849821152864e-12
5280.0,365.01321771539324,0.019365891191602813,20.327937656057497,25.49795912518407,25.49795912518407,56.141434638845574,4.618787696375564,0.010083598342083678,0.960553742856678,twophase,twophase,27.263823161849896,28.009467079453746,2141.135950385709,84.04375205362675,0.6769985691051604,0.0,0.006786325952816696,0.006786325949374117,3.4425795547576854e-12
5300.0,364.693306695454,0.01935791394812192,20.715095935019935,25.493670061347565,25.493670061347565,56.01598696530017,4.619192693998865,0.010273077449313623,0.9595635512930581,twophase,twophase,27.267636189680456,28.01562953479946,2141.135950385709,83.65659377466432,0.6785147058384188,0.0,0.006786325952816696,0.006786325949381222,3.4354741274000844e-12
5320.0,364.37410656862147,0.01934998816798199,21.102095698379575,25.489387895778716,25.489387895778716,55.89105003856818,4.619618865879511,0.010462260735278969,0.9585710510787786,twophase,twophase,27.2714298616691,28.02176489878715,2141.135950385709,83.26959401130468,0.680031434223937,0.0,0.006786325952816696,0.006786325949381222,3.4354741274000844e-12
5340.0,364.0556164772797,0.019342114161116086,21.488937981601897,25.485112630599538,25.485112630599538,55.7666211183814,4.62006639818606,0.010651148905928033,0.957576211629937,twophase,twophase,27.27520424073932,28.02787313449393,2141.135950385709,82.88275172808235,0.6815487500547442,0.0,0.006786325952816696,0.006786325949381222,3.4354741274000844e-12
5360.0,363.73783557459035,0.019334292242823636,21.87562382645837,25.480844268052675,25.480844268052675,55.642697484563065,4.620535480257075,0.010839742664138138,0.9565790019388212,twophase,twophase,27.278959389644864,28.033954204065086,2141.135950385709,82.49606588322588,0.6830666491061796,0.0,0.006786325952816696,0.006786325949381222,3.4354741274000844e-12
5380.0,363.4207630251248,0.019326522733951634,22.262154281137402,25.476582810510287,25.476582810510287,55.51927643665526,4.621026304702345,0.011028042710049956,0.955579390559261,twophase,twophase,27.282695370970306,28.040008068535297,2141.135950385709,82.10953542854685,0.684585127138215,0.0,0.006786325952816696,0.006786325949381222,3.4354741274000844e-12
5400.0,363.1043980056912,0.019318805961100517,22.648530400359412,25.47232826048555,25.47232826048555,55.39635529351005,4.621539067518128,0.01121604974147098,0.954577345589617,twophase,twophase,27.28641224713157,28.04603468759695,2141.135950385709,81.72315930932484,0.6861041798983141,0.0,0.006786325952816696,0.006786325949384775,3.431921413721284e-12
5420.0,362.78873970644236,0.019311142256867697,23.034753245496766,25.468080620648017,25.468080620648017,55.27393139281454,4.622073968222061,0.01140376445439753,0.9535728346524474,twophase,twophase,27.290110080376447,28.052034019292513,2141.135950385709,81.33693646418749,0.687623803125215,0.0,0.006786325952816696,0.006786325949384775,3.431921413721284e-12
5440.0,362.47378733229726,0.01930353196014245,23.420823884699615,25.463839893843257,25.463839893843257,55.152002090465736,4.6226312100150695,0.011591187543790358,0.9525658248693377,twophase,twophase,27.29378893278508,28.05800601959403,2141.135950385709,80.95086582498465,0.6891439925547114,0.0,0.006786325952816696,0.00678632594939188,3.424815986363683e-12
5460.0,362.1595401049983,0.019295975416478584,23.806743393029187,25.459606083121145,25.459606083121145,55.030564759788106,4.62321099998596,0.011778319704624965,0.9515562828283713,twophase,twophase,27.297448866270397,28.06395064180805,2141.135950385709,80.56494631665507,0.6906647439275834,0.0,0.006786325952816696,0.006786325949384775,3.431921413721284e-12
5480.0,361.84599726608246,0.019288472978590397,24.192512852600995,25.455379191776483,25.455379191776483,54.90961679042322,4.623813549382666,0.011965161633497041,0.9505441745397707,twophase,twophase,27.301089942578482,28.069867835696755,2141.135950385709,80.17917685708326,0.6921860530018898,0.0,0.006786325952816696,0.006786325949388328,3.4283687000424834e-12
5500.0,361.53315808149847,0.01928102500704689,24.578133352741933,25.45115922341212,25.45115922341212,54.78915558670246,4.6244390739981815,0.01215171403110372,0.9495294653712865,twophase,twophase,27.30471222328886,28.075757546107884,2141.135950385709,79.79355635694232,0.6937079155721456,0.0,0.006786325952816696,0.006786325949381222,3.4354741274000844e-12
5520.0,361.22102184927377,0.019273631871332065,24.963605990168574,25.446946182043355,25.446946182043355,54.669178565004316,4.625087794768925,0.012337977606433015,0.9485121199458203,twophase,twophase,27.308315769814612,28.08161971068198,2141.135950385709,79.40808371951567,0.6952303275019283,0.0,0.006786325952816696,0.0067863259493776695,3.439026841078885e-12
5540.0,360.90958791360606,0.019266293951615943,25.348931869200893,25.442740072289585,25.442740072289585,54.549683148994326,4.625759938816248,0.01252395308450125,0.9474921019601864,twophase,twophase,27.31190064340222,28.08745425562055,2141.135950385709,79.02275784048335,0.6967532847843875,0.0,0.006786325952816696,0.006786325949374117,3.4425795547576854e-12
5560.0,360.598855694936,0.019259011642159863,25.73411210204409,25.438540899782577,25.438540899782577,54.43066675956972,4.6264557415818155,0.012709641222926633,0.9464693738089799,twophase,twophase,27.315466905130837,28.09326108663845,2141.135950385709,78.63757760764015,0.6982767836722675,0.0,0.006786325952816696,0.006786325949374117,3.4425795547576854e-12
5580.0,360.2888247727693,0.019251785359390716,26.119147809231904,25.434348672289868,25.434348672289868,54.31212678722985,4.627175452562459,0.012895042857710185,0.945443895566361,twophase,twophase,27.319014615910213,28.099040063979295,2141.135950385709,78.25254190045234,0.6998008210377412,0.0,0.006786325952816696,0.0067863259493776695,3.439026841078885e-12
5600.0,360.0369531113351,0.016037773959591918,26.439903288423743,25.43094100765682,25.43094100765682,54.213931579842885,4.62774828814311,0.013049041690815546,0.9446138174593702,twophase,twophase,27.322543836473507,28.104790837979248,2141.135950385709,77.93178642126051,0.7010683381638543,0.0,0.006786325952816696,0.006786325949384775,3.431921413721284e-12
5620.0,360.07273008538925,0.0,26.439903288423743,25.431425149484557,25.431425149484557,54.21530522868823,4.627473317595334,0.013047308706496152,0.944774320089705,twophase,twophase,27.326062197401914,28.110525564717896,2141.135950385709,77.93178642126051,0.7010505752515334,0.0,0.006786325952816696,0.006786325949384775,3.431921413721284e-12
5640.0,360.10857089078024,0.0,26.439903288423743,25.431910121235067,25.431910121235067,54.21668195938806,4.6271977768988455,0.013045571106964459,0.9449351497753066,twophase,twophase,27.329573511817294,28.116250472102468,2141.135950385709,77.93178642126051,0.7010327733902942,0.0,0.006786325952816696,0.006786325949384775,3.431921413721284e-12
5660.0,360.14447538857206,0.0,26.439903288423743,25.43239592085332,25.43239592085332,54.21806176570176,4.626921667604239,0.013043828897500448,0.9450963059267927,twophase,twophase,27.33307779854383,28.121965579958005,2141.135950385709,77.93178642126051,0.701014932666828,0.0,0.006786325952816696,0.006786325949384775,3.431921413721284e-12
5680.0,360.18044344003175,0.0,26.439903288423743,25.432882546287267,25.432882546287267,54.21944464145104,4.626644991250593,0.013042082083289533,0.9452577879577396,twophase,twophase,27.336575076354528,28.127670908112545,2141.135950385709,77.93178642126051,0.7009970531670162,0.0,0.006786325952816696,0.006786325949384775,3.431921413721284e-12
5700.0,360.2164749066443,0.0,26.439903288423743,25.4333699954881,25.4333699954881,54.220830580502216,4.626367749366748,0.01304033066945139,0.9454195952844586,twophase,twophase,27.340065363971373,28.133366476391547,2141.135950385709,77.93178642126051,0.7009791349761596,0.0,0.006786325952816696,0.006786325949384775,3.431921413721284e-12
5720.0,360.25256965011965,0.0,26.439903288423743,25.433858266410297,25.433858266410297,54.222219576766626,4.6260899434721745,0.013038574661039177,0.9455817273258122,twophase,twophase,27.343548680065467,28.13905230461329,2141.135950385709,77.93178642126051,0.7009611781789737,0.0,0.006786325952816696,0.006786325949384775,3.431921413721284e-12
5740.0,360.28872753241995,0.0,26.439903288423743,25.434347357012033,25.434347357012033,54.2236116241992,4.625811575078068,0.013036814063042365,0.9457441835030588,twophase,twophase,27.347025043257165,28.144728412585014,2141.135950385709,77.93178642126051,0.7009431828596066,0.0,0.006786325952816696,0.006786325949384775,3.431921413721284e-12
5760.0,360.324948415757,0.0,26.439903288423743,25.434837265255126,25.434837265255126,54.22500671678837,4.62553264568789,0.013035048880402888,0.9459069632397238,twophase,twophase,27.35049447211623,28.150394820099702,2141.135950385709,77.93178642126051,0.7009251491017696,0.0,0.006786325952816696,0.006786325949384775,3.431921413721284e-12
5780.0,360.36123216260756,0.0,26.439903288423743,25.435327989105247,25.435327989105247,54.22640484855981,4.625253156798055,0.01303327911800924,0.9460700659614867,twophase,twophase,27.353956985161968,28.156051546933327,2141.135950385709,77.93178642126051,0.7009070769886894,0.0,0.006786325952816696,0.006786325949384775,3.431921413721284e-12
5800.0,360.39757863571594,0.0,26.439903288423743,25.435819526531976,25.435819526531976,54.22780601356786,4.624973109898453,0.013031504780710308,0.9462334910960848,twophase,twophase,27.357412600863356,28.16169861284252,2141.135950385709,77.93178642126051,0.700888966603218,0.0,0.006786325952816696,0.006786325949384775,3.431921413721284e-12
5820.0,360.43398769810295,0.0,26.439903288423743,25.43631187550888,25.43631187550888,54.229210205895676,4.624692506472855,0.013029725873315353,0.9463972380732326,twophase,twophase,27.360861337639196,28.167336037562574,2141.135950385709,77.93178642126051,0.7008708180278317,0.0,0.006786325952816696,0.006786325949384775,3.431921413721284e-12
5840.0,360.4704592130656,0.0,26.439903288423743,25.436805034013556,25.436805034013556,54.23061741965455,4.624411347999305,0.013027942400595027,0.9465613063245466,twophase,twophase,27.364303213858257,28.172963840805693,2141.135950385709,77.93178642126051,0.7008526313446397,0.0,0.006786325952816696,0.006786325949384775,3.431921413721284e-12
5860.0,360.5069930441946,0.0,26.439903288423743,25.437299000027842,25.437299000027842,54.232027648983035,4.624129635950593,0.01302615436728298,0.946725695283486,twophase,twophase,27.367738247839398,28.178582042259514,2141.135950385709,77.93178642126051,0.7008344066353948,0.0,0.006786325952816696,0.006786325949384775,3.431921413721284e-12
5880.0,360.5435890553628,0.0,26.439903288423743,25.437793771537677,25.437793771537677,54.23344088803958,4.6238473717943815,0.013024361778087632,0.9468904043852922,twophase,twophase,27.37116645785172,28.18419066158579,2141.135950385709,77.93178642126051,0.7008161439815891,0.0,0.006786325952816696,0.006786325949384775,3.431921413721284e-12
5900.0,360.58024711073597,0.0,26.439903288423743,25.438289346533217,25.438289346533217,54.234857131007395,4.623564556993523,0.013022564637684461,0.947055433066943,twophase,twophase,27.374587862114698,28.18978971841926,2141.135950385709,77.93178642126051,0.7007978434643912,0.0,0.006786325952816696,0.006786325949384775,3.431921413721284e-12
5920.0,360.6169670747723,0.0,26.439903288423743,25.43878572300887,25.43878572300887,54.23627637209001,4.623281193006304,0.013020762950723122,0.9472207807671075,twophase,twophase,27.37800247879831,28.19537923236662,2141.135950385709,77.93178642126051,0.7007795051647036,0.0,0.006786325952816696,0.006786325949384775,3.431921413721284e-12
5940.0,360.6537488122301,0.0,26.439903288423743,25.43928289896337,25.43928289896337,54.23769860551111,4.622997281286679,0.013018956721827794,0.9473864469261065,twophase,twophase,27.38141032602319,28.20095922300568,2141.135950385709,77.93178642126051,0.7007611291631642,0.0,0.006786325952816696,0.006786325949384775,3.431921413721284e-12
5960.0,360.690592188167,0.0,26.439903288423743,25.43978087239981,25.43978087239981,54.23912382551674,4.622712823284461,0.013017145955593815,0.9475524309858774,twophase,twophase,27.384811421860753,28.206529709884553,2141.135950385709,77.93178642126051,0.7007427155401186,0.0,0.006786325952816696,0.006786325949384775,3.431921413721284e-12
5980.0,360.72749706794235,0.0,26.439903288423743,25.44027964132561,25.44027964132561,54.24055202636888,4.622427820445436,0.013015330656597802,0.9477187323899428,twophase,twophase,27.38820578433333,28.212090712520986,2141.135950385709,77.93178642126051,0.7007242643757023,0.0,0.006786325952816696,0.006786325949384775,3.431921413721284e-12
6000.0,360.7644633172077,0.0,26.439903288423743,25.440779203752427,25.440779203752427,54.24198320234695,4.622142274211406,0.013013510829395301,0.9478853505833802,twophase,twophase,27.39159343141431,28.217642250401738,2141.135950385709,77.93178642126051,0.7007057757498222,0.0,0.006786325952816696,0.006786325949384775,3.431921413721284e-12
6020.0,360.801490801928,0.0,26.439903288423743,25.441279557696458,25.441279557696458,54.24341734774769,4.621856186020578,0.013011686478521127,0.9480522850127977,twophase,twophase,27.394974381028273,28.22318434298204,2141.135950385709,77.93178642126051,0.7006872497421572,0.0,0.006786325952816696,0.006786325949384775,3.431921413721284e-12
6040.0,360.838579388365,0.0,26.439903288423743,25.44178070117818,25.44178070117818,54.244854456885236,4.621569557307439,0.01300985760848908,0.9482195351263084,twophase,twophase,27.39834865105112,28.228717009685116,2141.135950385709,77.93178642126051,0.7006686864321575,0.0,0.006786325952816696,0.006786325949384775,3.431921413721284e-12
6060.0,360.87572894309284,0.0,26.439903288423743,25.44228263222258,25.44228263222258,54.24629452409243,4.621282389503075,0.01300802422379022,0.9483871003735087,twophase,twophase,27.401716259310206,28.234240269901736,2141.135950385709,77.93178642126051,0.7006500858990282,0.0,0.006786325952816696,0.006786325949384775,3.431921413721284e-12
6080.0,360.9129393329811,0.0,26.439903288423743,25.442785348858944,25.442785348858944,54.2477375437101,4.620994684035031,0.013006186328909618,0.9485549802054586,twophase,twophase,27.40507722358448,28.23975414298985,2141.135950385709,77.93178642126051,0.7006314482218668,0.0,0.006786325952816696,0.006786325949384775,3.431921413721284e-12
6100.0,360.95021042521495,0.0,26.439903288423743,25.443288849121082,25.443288849121082,54.249183510102775,4.620706442327625,0.0130043439283015,0.9487231740746631,twophase,twophase,27.408431561604615,28.24525864827422,2141.135950385709,77.93178642126051,0.7006127734794609,0.0,0.006786325952816696,0.006786325949384775,3.431921413721284e-12
6120.0,360.98754208727894,0.0,26.439903288423743,25.443793131047155,25.443793131047155,54.25063241764236,4.62041766580186,0.013002497026415314,0.948891681435055,twophase,twophase,27.41177929105314,28.250753805046134,2141.135950385709,77.93178642126051,0.7005940617504989,0.0,0.006786325952816696,0.006786325949384775,3.431921413721284e-12
6140.0,361.0249341869699,0.0,26.439903288423743,25.44429819267984,25.44429819267984,54.252084260721986,4.620128355875646,0.013000645627673607,0.9490605017419775,twophase,twophase,27.41512042956457,28.256239632563116,2141.135950385709,77.93178642126051,0.7005753131133905,0.0,0.006786325952816696,0.006786325949384775,3.431921413721284e-12
6160.0,361.0623865923867,0.0,26.439903288423743,25.44480403206616,25.44480403206616,54.25353903374293,4.619838513963688,0.012998789736492898,0.9492296344521716,twophase,twophase,27.418454994725547,28.26171615004867,2141.135950385709,77.93178642126051,0.7005565276464364,0.0,0.006786325952816696,0.006786325949384775,3.431921413721284e-12
6180.0,361.0998991719398,0.0,26.439903288423743,25.445310647257664,25.445310647257664,54.25499673112364,4.619548141477749,0.012996929357269392,0.9493990790237601,twophase,twophase,27.42178300407496,28.267183376692085,2141.135950385709,77.93178642126051,0.7005377054277115,0.0,0.006786325952816696,0.006786325949384775,3.431921413721284e-12
6200.0,361.1374717943402,0.0,26.439903288423743,25.445818036310257,25.445818036310257,54.25645734729171,4.619257239826502,0.012995064494391615,0.9495688349162364,twophase,twophase,27.425104475104085,28.272641331648202,2141.135950385709,77.93178642126051,0.7005188465351684,0.0,0.006786325952816696,0.006786325949384775,3.431921413721284e-12
6220.0,361.17510432861405,0.0,26.439903288423743,25.446326197284364,25.446326197284364,54.25792087669394,4.61896581041577,0.012993195152224584,0.9497389015904512,twophase,twophase,27.42841942525671,28.27809003403727,2141.135950385709,77.93178642126051,0.7004999510465068,0.0,0.006786325952816696,0.006786325949384775,3.431921413721284e-12
6240.0,361.2127966440886,0.0,26.439903288423743,25.44683512824479,25.44683512824479,54.25938731378514,4.618673854648427,0.012991321335127542,0.9499092785086009,twophase,twophase,27.431727871929265,28.283529502944756,2141.135950385709,77.93178642126051,0.7004810190393196,0.0,0.006786325952816696,0.006786325949384775,3.431921413721284e-12
6260.0,361.2505486104004,0.0,26.439903288423743,25.447344827260824,25.447344827260824,54.26085665303413,4.618381373924551,0.01298944304744442,0.9500799651342171,twophase,twophase,27.43502983247096,28.28895975742122,2141.135950385709,77.93178642126051,0.7004620505910139,0.0,0.006786325952816696,0.006786325949384775,3.431921413721284e-12
6280.0,361.2883600974936,0.0,26.439903288423743,25.447855292406196,25.447855292406196,54.262328888922845,4.618088369641405,0.012987560293505385,0.9502509609321576,twophase,twophase,27.438325324183904,28.294380816482196,2141.135950385709,77.93178642126051,0.7004430457788232,0.0,0.006786325952816696,0.006786325949384775,3.431921413721284e-12
6300.0,361.3262309756172,0.0,26.439903288423743,25.44836652175903,25.44836652175903,54.26380401594416,4.617794843193458,0.012985673077630152,0.950422265368595,twophase,twophase,27.44161436432324,28.299792699108053,2141.135950385709,77.93178642126051,0.7004240046798355,0.0,0.006786325952816696,0.006786325949384775,3.431921413721284e-12
6320.0,361.364161115326,0.0,26.439903288423743,25.4488785134019,25.4488785134019,54.265282028604304,4.617500795972465,0.012983781404124175,0.9505938779110068,twophase,twophase,27.444896970097275,28.30519542424392,2141.135950385709,77.93178642126051,0.7004049273709616,0.0,0.006786325952816696,0.006786325949384775,3.431921413721284e-12
6340.0,361.40215038748414,0.0,26.439903288423743,25.449391265421852,25.449391265421852,54.26676292142041,4.617206229367508,0.012981885277282751,0.9507657980281713,twophase,twophase,27.448173158667604,28.310589010799585,2141.135950385709,77.93178642126051,0.7003858139289675,0.0,0.006786325952816696,0.006786325949384775,3.431921413721284e-12
6360.0,361.44019866325795,0.0,26.439903288423743,25.4499047759103,25.4499047759103,54.26824668892015,4.6169111447649716,0.012979984701391355,0.9509380251901527,twophase,twophase,27.451442947149243,28.315973477649422,2141.135950385709,77.93178642126051,0.7003666644304781,0.0,0.006786325952816696,0.006786325949384775,3.431921413721284e-12
6380.0,361.47830581412126,0.0,26.439903288423743,25.45041904296313,25.45041904296313,54.26973332564557,4.616615543548626,0.012978079680719705,0.9511105588682982,twophase,twophase,27.454706352610753,28.32134884363232,2141.135950385709,77.93178642126051,0.7003474789519288,0.0,0.006786325952816696,0.006786325949384775,3.431921413721284e-12
6400.0,361.5164717118488,0.0,26.439903288423743,25.450934064680563,25.450934064680563,54.27122282614594,4.616319427099569,0.012976170219533038,0.951283398535228,twophase,twophase,27.457963392074372,28.32671512755163,2141.135950385709,77.93178642126051,0.7003282575696563,0.0,0.006786325952816696,0.006786325949384775,3.431921413721284e-12
6420.0,361.5546962285308,0.0,26.439903288423743,25.451449839167395,25.451449839167395,54.27271518498773,4.616022796796448,0.012974256322076372,0.9514565436648298,twophase,twophase,27.461214082516133,28.332072348175103,2141.135950385709,77.93178642126051,0.7003090003597714,0.0,0.006786325952816696,0.006786325949384775,3.431921413721284e-12
6440.0,361.59297923654776,0.0,26.439903288423743,25.45196636453264,25.45196636453264,54.274210396743584,4.615725654015178,0.012972337992591901,0.9516299937322494,twophase,twophase,27.464458440866,28.337420524234854,2141.135950385709,77.93178642126051,0.7002897073983001,0.0,0.006786325952816696,0.006786325949384775,3.431921413721284e-12
6460.0,361.6313206085928,0.0,26.439903288423743,25.45248363888984,25.45248363888984,54.27570845599717,4.61542800012925,0.012970415235311526,0.9518037482138861,twophase,twophase,27.46769648400799,28.342759674427327,2141.135950385709,77.93178642126051,0.7002703787611215,0.0,0.006786325952816696,0.006786325949384775,3.431921413721284e-12
6480.0,361.6697202176576,0.0,26.439903288423743,25.453001660356865,25.453001660356865,54.277209357345995,4.615129836509556,0.012968488054451971,0.9519778065873855,twophase,twophase,27.470928228780302,28.348089817413264,2141.135950385709,77.93178642126051,0.7002510145239312,0.0,0.006786325952816696,0.006786325949384775,3.431921413721284e-12
6500.0,361.7081779370404,0.0,26.439903288423743,25.453520427056013,25.453520427056013,54.27871309539465,4.614831164524532,0.012966556454226025,0.9521521683316341,twophase,twophase,27.474153691975435,28.353410971817674,2141.135950385709,77.93178642126051,0.7002316147623285,0.0,0.006786325952816696,0.006786325949384775,3.431921413721284e-12
6520.0,361.7466936403403,0.0,26.439903288423743,25.454039937113976,25.454039937113976,54.28021966476378,4.6145319855401405,0.012964620438827937,0.9523268329267497,twophase,twophase,27.47737289034032,28.358723156229825,2141.135950385709,77.93178642126051,0.7002121795517009,0.0,0.006786325952816696,0.006786325949384775,3.431921413721284e-12
6540.0,361.78526720145766,0.0,26.439903288423743,25.45456018866178,25.45456018866178,54.28172906007903,4.614232300919822,0.012962680012451027,0.952501799854081,twophase,twophase,27.480585840576445,28.364026389203218,2141.135950385709,77.93178642126051,0.7001927089673663,0.0,0.006786325952816696,0.006786325949384775,3.431921413721284e-12
6560.0,361.8238984945944,0.0,26.439903288423743,25.45508117983485,25.45508117983485,54.283241275978575,4.613932112024595,0.012960735179275965,0.9526770685961986,twophase,twophase,27.483792559339978,28.369320689255588,2141.135950385709,77.93178642126051,0.7001732030844757,0.0,0.006786325952816696,0.006786325949384775,3.431921413721284e-12
6580.0,361.8625873942551,0.0,26.439903288423743,25.455602908773,25.455602908773,54.28475630711307,4.613631420213061,0.012958785943470566,0.952852638636891,twophase,twophase,27.486993063241894,28.374606074868897,2141.135950385709,77.93178642126051,0.7001536619780147,0.0,0.006786325952816696,0.006786325949384775,3.431921413721284e-12
6600.0,361.90133377524006,0.0,26.439903288423743,25.456125373620328,25.456125373620328,54.28627414813993,4.613330226841342,0.012956832309199,0.9530285094611557,twophase,twophase,27.490187368848087,28.379882564489325,2141.135950385709,77.93178642126051,0.7001340857228759,0.0,0.006786325952816696,0.006786325949384775,3.431921413721284e-12
6620.0,361.9401375126532,0.0,26.439903288423743,25.456648572525346,25.456648572525346,54.28779479372908,4.613028533263183,0.012954874280612722,0.9532046805552006,twophase,twophase,27.49337549267951,28.385150176527283,2141.135950385709,77.93178642126051,0.700114474393786,0.0,0.006786325952816696,0.006786325949384775,3.431921413721284e-12
6640.0,361.97899848189206,0.0,26.439903288423743,25.457172503640837,25.457172503640837,54.28931823855819,4.612726340829891,0.012952911861857885,0.9533811514064325,twophase,twophase,27.49655745121229,28.390408929357417,2141.135950385709,77.93178642126051,0.7000948280653662,0.0,0.006786325952816696,0.006786325949384775,3.431921413721284e-12
6660.0,362.0179165586623,0.0,26.439903288423743,25.457697165124028,25.457697165124028,54.29084447731961,4.6124236508904675,0.01295094505706449,0.9535579215034563,twophase,twophase,27.499733260877846,28.39565884131861,2141.135950385709,77.93178642126051,0.7000751468120434,0.0,0.006786325952816696,0.006786325949384775,3.431921413721284e-12
6680.0,362.0568916189602,0.0,26.439903288423743,25.45822255513641,25.45822255513641,54.292373504713744,4.612120464791491,0.012948973870356838,0.9537349903360687,twophase,twophase,27.502902938063023,28.400899930714004,2141.135950385709,77.93178642126051,0.7000554307081356,0.0,0.006786325952816696,0.006786325949384775,3.431921413721284e-12
6700.0,362.09592353907937,0.0,26.439903288423743,25.45874867184375,25.45874867184375,54.29390531544505,4.6118167838771225,0.012946998305859927,0.9539123573952543,twophase,twophase,27.506066499110204,28.406132215811013,2141.135950385709,77.93178642126051,0.7000356798279025,0.0,0.006786325952816696,0.006786325949384775,3.431921413721284e-12
6720.0,362.13501219561283,0.0,26.439903288423743,25.45927551341621,25.45927551341621,54.29543990423833,4.611512609489255,0.012945018367673436,0.9540900221731796,twophase,twophase,27.509223960317435,28.41135571484133,2141.135950385709,77.93178642126051,0.700015894245337,0.0,0.006786325952816696,0.006786325949384775,3.431921413721284e-12
6740.0,362.17415746544737,0.0,26.439903288423743,25.459803078028195,25.459803078028195,54.2969772658209,4.611207942967378,0.012943034059900223,0.9542679841631897,twophase,twophase,27.51237533793855,28.41657044600097,2141.135950385709,77.93178642126051,0.6999960740343935,0.0,0.006786325952816696,0.006786325949384775,3.431921413721284e-12
6760.0,362.2133592257667,0.0,26.439903288423743,25.460331363858423,25.460331363858423,54.2985173949321,4.610902785648653,0.012941045386631166,0.9544462428598046,twophase,twophase,27.515520648183287,28.42177642745027,2141.135950385709,77.93178642126051,0.6999762192688663,0.0,0.006786325952816696,0.006786325949384775,3.431921413721284e-12
6780.0,362.2526173540493,0.0,26.439903288423743,25.460860369089918,25.460860369089918,54.30006028632092,4.610597138867936,0.012939052351948904,0.9546247977587131,twophase,twophase,27.518659907217415,28.426973677313917,2141.135950385709,77.93178642126051,0.6999563300224199,0.0,0.006786325952816696,0.006786325949384775,3.431921413721284e-12
6800.0,362.29193172806765,0.0,26.439903288423743,25.461390091909966,25.461390091909966,54.30160593474381,4.610291003957737,0.012937054959931407,0.9548036483567709,twophase,twophase,27.521793131162845,28.432162213680996,2141.135950385709,77.93178642126051,0.699936406368617,0.0,0.006786325952816696,0.006786325949384775,3.431921413721284e-12
6820.0,362.3313022258858,0.0,26.439903288423743,25.461920530510103,25.461920530510103,54.30315433497276,4.609984382248248,0.012935053214638838,0.9549827941519934,twophase,twophase,27.524920336097754,28.43734205460499,2141.135950385709,77.93178642126051,0.6999164483808141,0.0,0.006786325952816696,0.006786325949384775,3.431921413721284e-12
6840.0,362.3707287258681,0.0,26.439903288423743,25.462451683086222,25.462451683086222,54.304705481782946,4.609677275067429,0.012933047120133757,0.9551622346435552,twophase,twophase,27.528041538056712,28.442513218103826,2141.135950385709,77.93178642126051,0.6998964561323217,0.0,0.006786325952816696,0.006786325949384775,3.431921413721284e-12
6860.0,362.41021110665787,0.0,26.439903288423743,25.462983547838295,25.462983547838295,54.30625936996231,4.609369683740782,0.012931036680465205,0.9553419693317843,twophase,twophase,27.531156753030796,28.447675722159907,2141.135950385709,77.93178642126051,0.6998764296962794,0.0,0.006786325952816696,0.006786325949384775,3.431921413721284e-12
6880.0,362.44974924720503,0.0,26.439903288423743,25.463516122970734,25.463516122970734,54.30781599430895,4.609061609591705,0.012929021899673472,0.955521997718157,twophase,twophase,27.534265996967704,28.45282958472014,2141.135950385709,77.93178642126051,0.6998563691456909,0.0,0.006786325952816696,0.006786325949384775,3.431921413721284e-12
6900.0,362.489343026741,0.0,26.439903288423743,25.464049406692073,25.464049406692073,54.309375349627665,4.608753053941186,0.012927002781795175,0.9557023193052979,twophase,twophase,27.537369285771877,28.457974823695967,2141.135950385709,77.93178642126051,0.6998362745534675,0.0,0.006786325952816696,0.006786325949384775,3.431921413721284e-12
6920.0,362.5289923247875,0.0,26.439903288423743,25.464583397215073,25.464583397215073,54.310937430733624,4.6084440181079485,0.012924979330857593,0.9558829335969711,twophase,twophase,27.540466635304625,28.463111456963418,2141.135950385709,77.93178642126051,0.6998161459923808,0.0,0.006786325952816696,0.006786325949384775,3.431921413721284e-12
6940.0,362.56869702116376,0.0,26.439903288423743,25.4651180927568,25.4651180927568,54.3125022324547,4.608134503408509,0.012922951550874967,0.9560638400980813,twophase,twophase,27.543558061384235,28.468239502363133,2141.135950385709,77.93178642126051,0.6997959835350336,0.0,0.006786325952816696,0.006786325949384775,3.431921413721284e-12
6960.0,362.6084569959713,0.0,26.439903288423743,25.465653491538454,25.465653491538454,54.31406974962432,4.607824511157048,0.012920919445859732,0.956245038314667,twophase,twophase,27.546643579786092,28.473358977700407,2141.135950385709,77.93178642126051,0.6997757872539506,0.0,0.006786325952816696,0.006786325949384775,3.431921413721284e-12
6980.0,362.648272129599,0.0,26.439903288423743,25.46618959178544,25.46618959178544,54.31563997708508,4.607514042665487,0.012918883019817,0.9564265277538975,twophase,twophase,27.549723206242803,28.478469900745225,2141.135950385709,77.93178642126051,0.6997555572215332,0.0,0.006786325952816696,0.006786325949384775,3.431921413721284e-12
7000.0,362.6881423027282,0.0,26.439903288423743,25.466726391727395,25.466726391727395,54.317212909690966,4.607203099243512,0.012916842276740805,0.9566083079240711,twophase,twophase,27.552796956444297,28.48357228923231,2141.135950385709,77.93178642126051,0.699735293510029,0.0,0.006786325952816696,0.006786325949384775,3.431921413721284e-12
7020.0,362.72806739632705,0.0,26.439903288423743,25.467263889598144,25.467263889598144,54.31878854230561,4.60689168219857,0.012914797220616952,0.9567903783346094,twophase,twophase,27.555864846037963,28.48866616086116,2141.135950385709,77.93178642126051,0.6997149961915567,0.0,0.006786325952816696,0.006786325949384775,3.431921413721284e-12
7040.0,362.76804729164735,0.0,26.439903288423743,25.46780208363567,25.46780208363567,54.32036686979857,4.606579792835842,0.012912747855429086,0.9569727384960547,twophase,twophase,27.558926890628754,28.493751533296095,2141.135950385709,77.93178642126051,0.6996946653381519,0.0,0.006786325952816696,0.006786325949384775,3.431921413721284e-12
7060.0,362.80808187022706,0.0,26.439903288423743,25.468340972082107,25.468340972082107,54.3219478870507,4.606267432458236,0.012910694185149826,0.9571553879200667,twophase,twophase,27.561983105779305,28.49882842416629,2141.135950385709,77.93178642126051,0.6996743010216987,0.0,0.006786325952816696,0.006786325949384775,3.431921413721284e-12
7080.0,362.8481710138947,0.0,26.439903288423743,25.468880553183823,25.468880553183823,54.32353158895401,4.6059546023665,0.012908636213741281,0.9573383261194196,twophase,twophase,27.56503350701005,28.50389685106584,2141.135950385709,77.93178642126051,0.6996539033139317,0.0,0.006786325952816696,0.006786325949384775,3.431921413721284e-12
7100.0,362.888314604756,0.0,26.439903288423743,25.469420825191264,25.469420825191264,54.32511797040651,4.605641303859079,0.012906573945163093,0.9575215526079973,twophase,twophase,27.568078109799334,28.50895683155378,2141.135950385709,77.93178642126051,0.6996334722865019,0.0,0.006786325952816696,0.006786325949384775,3.431921413721284e-12
7120.0,362.92851252520376,0.0,26.439903288423743,25.469961786359033,25.469961786359033,54.32670702631681,4.605327538232191,0.012904507383365162,0.9577050669007918,twophase,twophase,27.571116929583532,28.514008383154152,2141.135950385709,77.93178642126051,0.6996130080109174,0.0,0.006786325952816696,0.006786325949384775,3.431921413721284e-12
7140.0,362.9687646579162,0.0,26.439903288423743,25.470503434945908,25.470503434945908,54.328298751602134,4.605013306779871,0.01290243653229084,0.9578888685138993,twophase,twophase,27.574149981757166,28.519051523356048,2141.135950385709,77.93178642126051,0.6995925105585697,0.0,0.006786325952816696,0.006786325949384775,3.431921413721284e-12
7160.0,363.00907088584546,0.0,26.439903288423743,25.471045769214687,25.471045769214687,54.32989314118576,4.604698610793839,0.012900361395880968,0.9580729569645153,twophase,twophase,27.577177281673016,28.52408626961364,2141.135950385709,77.93178642126051,0.6995719800007658,0.0,0.006786325952816696,0.006786325949384775,3.431921413721284e-12
7180.0,363.04943109223603,0.0,26.439903288423743,25.471588787432413,25.471588787432413,54.331490190006306,4.604383451563697,0.012898281978059022,0.9582573317709357,twophase,twophase,27.580198844642233,28.529112639346256,2141.135950385709,77.93178642126051,0.6995514164086089,0.0,0.006786325952816696,0.006786325949384775,3.431921413721284e-12
7200.0,363.08984516061,0.0,26.439903288423743,25.472132487870194,25.472132487870194,54.333089893009614,4.604067830376812,0.012896198282744136,0.9584419924525482,twophase,twophase,27.583214685934454,28.534130649938405,2141.135950385709,77.93178642126051,0.6995308198531027,0.0,0.006786325952816696,0.006786325949384775,3.431921413721284e-12
7220.0,363.13031297477147,0.0,26.439903288423743,25.47267686880325,25.47267686880325,54.33469224514569,4.603751748518337,0.012894110313856065,0.9586269385298335,twophase,twophase,27.586224820777918,28.53914031873984,2141.135950385709,77.93178642126051,0.6995101904051916,0.0,0.006786325952816696,0.006786325949384775,3.431921413721284e-12
7240.0,363.1708344187983,0.0,26.439903288423743,25.473221928510814,25.473221928510814,54.336297241377316,4.60343520727114,0.012892018075301177,0.95881216952436,twophase,twophase,27.589229264359577,28.544141663065602,2141.135950385709,77.93178642126051,0.6994895281356482,0.0,0.006786325952816696,0.006786325949384775,3.431921413721284e-12
7260.0,363.2114093770523,0.0,26.439903288423743,25.47376766527627,25.47376766527627,54.337904876676944,4.603118207915961,0.012889921570977559,0.9589976849587818,twophase,twophase,27.59222803182521,28.549134700196074,2141.135950385709,77.93178642126051,0.6994688331151151,0.0,0.006786325952816696,0.006786325949384775,3.431921413721284e-12
7280.0,363.252037734176,0.0,26.439903288423743,25.474314077387092,25.474314077387092,54.33951514602312,4.602800751731342,0.012887820804780884,0.9591834843568352,twophase,twophase,27.595221138279538,28.55411944737703,2141.135950385709,77.93178642126051,0.6994481054141494,0.0,0.006786325952816696,0.006786325949384775,3.431921413721284e-12
7300.0,363.2927193750858,0.0,26.439903288423743,25.474861163134772,25.474861163134772,54.34112804440617,4.602482839993589,0.01288571578059501,0.9593695672433348,twophase,twophase,27.598208598786325,28.55909592181968,2141.135950385709,77.93178642126051,0.6994273451031502,0.0,0.006786325952816696,0.006786325949384775,3.431921413721284e-12
7320.0,363.3334541849738,0.0,26.439903288423743,25.475408920814832,25.475408920814832,54.3427435668229,4.602164473976784,0.012883606502300662,0.9595559331441719,twophase,twophase,27.601190428368508,28.564064140700733,2141.135950385709,77.93178642126051,0.6994065522524268,0.0,0.006786325952816696,0.006786325949384775,3.431921413721284e-12
7340.0,363.37424204931574,0.0,26.439903288423743,25.47595734872693,25.47595734872693,54.34436170827943,4.601845654952893,0.012881492973770824,0.9597425815863119,twophase,twophase,27.60416664200829,28.569024121162442,2141.135950385709,77.93178642126051,0.6993857269321618,0.0,0.006786325952816696,0.006786325949384775,3.431921413721284e-12
7360.0,363.4150828538561,0.0,26.439903288423743,25.47650644517469,25.47650644517469,54.34598246379128,4.6015263841916365,0.012879375198870684,0.9599295120977887,twophase,twophase,27.60713725464727,28.573975880312663,2141.135950385709,77.93178642126051,0.6993648692124105,0.0,0.006786325952816696,0.006786325949384775,3.431921413721284e-12
7380.0,363.4559764846201,0.0,26.439903288423743,25.4770562084658,25.4770562084658,54.347605828384886,4.601206662960569,0.012877253181455033,0.9601167242077054,twophase,twophase,27.610102281186542,28.578919435224893,2141.135950385709,77.93178642126051,0.6993439791630811,0.0,0.006786325952816696,0.006786325949384775,3.431921413721284e-12
7400.0,363.49692282790426,0.0,26.439903288423743,25.477606636911958,25.477606636911958,54.34923179708984,4.600886492525049,0.012875126925380863,0.9603042174462283,twophase,twophase,27.613061736486802,28.583854802938344,2141.135950385709,77.93178642126051,0.6993230568540343,0.0,0.006786325952816696,0.006786325949384775,3.431921413721284e-12
7420.0,363.53792177028,0.0,26.439903288423743,25.478157728828855,25.478157728828855,54.35086036495106,4.600565874148242,0.012872996434487752,0.9604919913445853,twophase,twophase,27.616015635368473,28.58878200045798,2141.135950385709,77.93178642126051,0.6993021023549268,0.0,0.006786325952816696,0.006786325949384775,3.431921413721284e-12
7440.0,363.57897319859194,0.0,26.439903288423743,25.47870948253622,25.47870948253622,54.352491527016284,4.6002448090911585,0.012870861712618009,0.9606800454350644,twophase,twophase,27.618963992611807,28.593701044754575,2141.135950385709,77.93178642126051,0.6992811157353729,0.0,0.006786325952816696,0.006786325949384775,3.431921413721284e-12
7460.0,363.62007699995445,0.0,26.439903288423743,25.4792618963577,25.4792618963577,54.35412527834533,4.599923298612558,0.012868722763601646,0.9608683792510081,twophase,twophase,27.62190682295699,28.59861195276477,2141.135950385709,77.93178642126051,0.6992600970648237,0.0,0.006786325952816696,0.006786325949384775,3.431921413721284e-12
7480.0,363.6612330617647,0.0,26.439903288423743,25.4798149686211,25.4798149686211,54.355761614006965,4.599601343969198,0.012866579591261666,0.9610569923268123,twophase,twophase,27.624844141104262,28.60351474139113,2141.135950385709,77.93178642126051,0.6992390464126094,0.0,0.006786325952816696,0.006786325949384775,3.431921413721284e-12
7500.0,363.70244127167456,0.0,26.439903288423743,25.48036869765795,25.48036869765795,54.357400529075754,4.599278946415419,0.012864432199418822,0.9612458841979228,twophase,twophase,27.627775961714015,28.60840942750219,2141.135950385709,77.93178642126051,0.699217963847978,0.0,0.006786325952816696,0.006786325949384775,3.431921413721284e-12
7520.0,363.7437015176203,0.0,26.439903288423743,25.48092308180397,25.48092308180397,54.3590420186402,4.598956107203585,0.012862280591878734,0.9614350544008342,twophase,twophase,27.630702299406913,28.613296027932506,2141.135950385709,77.93178642126051,0.6991968494399916,0.0,0.006786325952816696,0.006786325949384775,3.431921413721284e-12
7540.0,363.7850136878011,0.0,26.439903288423743,25.4814781193987,25.4814781193987,54.36068607778969,4.59863282758379,0.01286012477245284,0.9616245024730851,twophase,twophase,27.633623168763997,28.618174559482735,2141.135950385709,77.93178642126051,0.6991757032576941,0.0,0.006786325952816696,0.006786325949384775,3.431921413721284e-12
7560.0,363.82637767068985,0.0,26.439903288423743,25.482033808785715,25.482033808785715,54.362332701629825,4.5983091088040124,0.012857964744933687,0.9618142279532552,twophase,twophase,27.63653858432679,28.623045038919663,2141.135950385709,77.93178642126051,0.6991545253699138,0.0,0.006786325952816696,0.006786325949384775,3.431921413721284e-12
7580.0,363.86779335502297,0.0,26.439903288423743,25.48259014831246,25.48259014831246,54.363981885270164,4.597984952110016,0.012855800513114638,0.9620042303809652,twophase,twophase,27.6394485605974,28.627907482976273,2141.135950385709,77.93178642126051,0.6991333158454213,0.0,0.006786325952816696,0.006786325949384775,3.431921413721284e-12
7600.0,363.90926062981055,0.0,26.439903288423743,25.483147136330377,25.483147136330377,54.36563362383217,4.597660358745454,0.012853632080777149,0.962194509296871,twophase,twophase,27.642353112038652,28.6327619083518,2141.135950385709,77.93178642126051,0.6991120747528268,0.0,0.006786325952816696,0.006786325949384775,3.431921413721284e-12
7620.0,363.95077938432553,0.0,26.439903288423743,25.483704771194777,25.483704771194777,54.36728791243979,4.597335329951775,0.012851459451705863,0.9623850642426628,twophase,twophase,27.645252253074162,28.637608331711778,2141.135950385709,77.93178642126051,0.6990908021607015,0.0,0.006786325952816696,0.006786325949384775,3.431921413721284e-12
7640.0,363.99234950810927,0.0,26.439903288423743,25.484263051264907,25.484263051264907,54.368944746232565,4.597009866968283,0.01284928262966761,0.9625758947610623,twophase,twophase,27.648145998088467,28.64244676968811,2141.135950385709,77.93178642126051,0.6990694981374095,0.0,0.006786325952816696,0.006786325949384775,3.431921413721284e-12
7660.0,364.0339708909713,0.0,26.439903288423743,25.48482197490395,25.48482197490395,54.37060412035512,4.596683971032151,0.01284710161842811,0.9627670003958195,twophase,twophase,27.651034361427126,28.647277238879116,2141.135950385709,77.93178642126051,0.6990481627512419,0.0,0.006786325952816696,0.006786325949384775,3.431921413721284e-12
7680.0,364.0756434229838,0.0,26.439903288423743,25.48538154047893,25.48538154047893,54.37226602995979,4.596357643378348,0.01284491642174793,0.9629583806917101,twophase,twophase,27.65391735739683,28.65209975584959,2141.135950385709,77.93178642126051,0.6990267960703836,0.0,0.006786325952816696,0.006786325949384775,3.431921413721284e-12
7700.0,364.11736699448477,0.0,26.439903288423743,25.48594174636081,25.48594174636081,54.373930470211974,4.596030885239738,0.012842727043373888,0.9631500351945329,twophase,twophase,27.656795000265493,28.65691433713086,2141.135950385709,77.93178642126051,0.6990053981628445,0.0,0.006786325952816696,0.006786325949384775,3.431921413721284e-12
7720.0,364.15914149607727,0.0,26.439903288423743,25.486502590924403,25.486502590924403,54.37559743628058,4.595703697847011,0.012840533487054164,0.9633419634511076,twophase,twophase,27.65966730426238,28.661720999220837,2141.135950385709,77.93178642126051,0.6989839690965823,0.0,0.006786325952816696,0.006786325949384775,3.431921413721284e-12
7740.0,364.2009668186221,0.0,26.439903288423743,25.487064072548346,25.487064072548346,54.37726692334358,4.5953760824286505,0.01283833575652965,0.9635341650092717,twophase,twophase,27.6625342835782,28.666519758584073,2141.135950385709,77.93178642126051,0.6989625089394307,0.0,0.006786325952816696,0.006786325949384775,3.431921413721284e-12
7760.0,364.2428428532537,0.0,26.439903288423743,25.48762618961527,25.48762618961527,54.37893892658817,4.595048040211118,0.01283613385553364,0.9637266394178795,twophase,twophase,27.66539595236521,28.671310631651828,2141.135950385709,77.93178642126051,0.6989410177590977,0.0,0.006786325952816696,0.006786325949384775,3.431921413721284e-12
7780.0,364.28476949135796,0.0,26.439903288423743,25.48818894051152,25.48818894051152,54.380613441212134,4.594719572418615,0.012833927787789367,0.9639193862267951,twophase,twophase,27.668252324737328,28.676093634822116,2141.135950385709,77.93178642126051,0.6989194956231476,0.0,0.006786325952816696,0.006786325949384775,3.431921413721284e-12
7800.0,364.3267466245928,0.0,26.439903288423743,25.488752323627416,25.488752323627416,54.38229046242026,4.594390680273299,0.012831717557016136,0.9641124049868961,twophase,twophase,27.67110341477023,28.68086878445977,2141.135950385709,77.93178642126051,0.6988979425990479,0.0,0.006786325952816696,0.006786325949384775,3.431921413721284e-12
7820.0,364.3687741448663,0.0,26.439903288423743,25.489316337356975,25.489316337356975,54.38396998542335,4.5940613649950715,0.012829503166930618,0.9643056952500654,twophase,twophase,27.67394923650146,28.68563609689648,2141.135950385709,77.93178642126051,0.6988763587541811,0.0,0.006786325952816696,0.006786325949384775,3.431921413721284e-12
7840.0,364.41085194435294,0.0,26.439903288423743,25.489880980098132,25.489880980098132,54.38565200544288,4.593731627801768,0.012827284621239547,0.9644992565691919,twophase,twophase,27.676789803930536,28.69039558843089,2141.135950385709,77.93178642126051,0.6988547441557852,0.0,0.006786325952816696,0.006786325949384775,3.431921413721284e-12
7860.0,364.45297991548836,0.0,26.439903288423743,25.490446250252646,25.490446250252646,54.38733651770987,4.593401469909093,0.012825061923641412,0.9646930884981685,twophase,twophase,27.67962513101904,28.695147275328605,2141.135950385709,77.93178642126051,0.6988330988709679,0.0,0.006786325952816696,0.006786325949384775,3.431921413721284e-12
7880.0,364.4951579509596,0.0,26.439903288423743,25.491012146225998,25.491012146225998,54.38902351746001,4.593070892530534,0.012822835077834294,0.9648871905918859,twophase,twophase,27.682455231690746,28.699891173822287,2141.135950385709,77.93178642126051,0.6988114229667699,0.0,0.006786325952816696,0.006786325949384775,3.431921413721284e-12
7900.0,364.5373859437238,0.0,26.439903288423743,25.491578666427614,25.491578666427614,54.39071299994088,4.592739896877577,0.012820604087504425,0.9650815624062338,twophase,twophase,27.6852801198317,28.704627300111696,2141.135950385709,77.93178642126051,0.6987897165100715,0.0,0.006786325952816696,0.006786325949384775,3.431921413721284e-12
7920.0,364.5796637869867,0.0,26.439903288423743,25.4921458092706,25.4921458092706,54.39240496040815,4.592408484159464,0.01281836895633202,0.9652762034980962,twophase,twophase,27.688099809290332,28.709355670363745,2141.135950385709,77.93178642126051,0.6987679795676411,0.0,0.006786325952816696,0.006786325949384775,3.431921413721284e-12
7940.0,364.621991374209,0.0,26.439903288423743,25.49271357317181,25.49271357317181,54.39409939412203,4.592076655583274,0.012816129687997089,0.9654711134253511,twophase,twophase,27.690914313877567,28.71407630071257,2141.135950385709,77.93178642126051,0.6987462122061819,0.0,0.006786325952816696,0.006786325949384775,3.431921413721284e-12
7960.0,364.6643685991181,0.0,26.439903288423743,25.49328195655201,25.49328195655201,54.39579629635526,4.5917444123540925,0.012813886286166752,0.9656662917468644,twophase,twophase,27.693723647366912,28.718789207259576,2141.135950385709,77.93178642126051,0.6987244144922283,0.0,0.006786325952816696,0.006786325949384775,3.431921413721284e-12
7980.0,364.70679535569093,0.0,26.439903288423743,25.49385095783567,25.49385095783567,54.39749566238774,4.5914117556747955,0.012811638754503626,0.9658617380224916,twophase,twophase,27.69652782349457,28.723494406073495,2141.135950385709,77.93178642126051,0.6987025864922147,0.0,0.006786325952816696,0.006786325949384775,3.431921413721284e-12
8000.0,364.74927153816066,0.0,26.439903288423743,25.494420575451,25.494420575451,54.39919748750609,4.591078686746132,0.012809387096666689,0.9660574518130739,twophase,twophase,27.69932685595954,28.728191913190454,2141.135950385709,77.93178642126051,0.6986807282724823,0.0,0.006786325952816696,0.006786325949384775,3.431921413721284e-12
8020.0,364.79179704101045,0.0,26.439903288423743,25.494990807829907,25.494990807829907,54.40090176700474,4.590745206766677,0.012807131316309396,0.9662534326804327,twophase,twophase,27.702120758423717,28.73288174461402,2141.135950385709,77.93178642126051,0.6986588398992639,0.0,0.006786325952816696,0.006786325949384775,3.431921413721284e-12
8040.0,364.834371758989,0.0,26.439903288423743,25.495561653408227,25.495561653408227,54.40260849619337,4.590411316933044,0.012804871417067796,0.9664496801873717,twophase,twophase,27.704909544511988,28.737563916315267,2141.135950385709,77.93178642126051,0.6986369214385886,0.0,0.006786325952816696,0.006786325949384775,3.431921413721284e-12
8060.0,364.8769955870859,0.0,26.439903288423743,25.49613311062531,25.49613311062531,54.404317670378745,4.590077018439528,0.012802607402589788,0.9666461938976719,twophase,twophase,27.707693227812346,28.742238444232825,2141.135950385709,77.93178642126051,0.6986149729565159,0.0,0.006786325952816696,0.006786325949384775,3.431921413721284e-12
8080.0,364.9196684205486,0.0,26.439903288423743,25.496705177924337,25.496705177924337,54.4060292848829,4.589742312478411,0.012800339276505661,0.9668429733760898,twophase,twophase,27.710471821875977,28.746905344272946,2141.135950385709,77.93178642126051,0.6985929945189007,0.0,0.006786325952816696,0.006786325949384775,3.431921413721284e-12
8100.0,364.96239015487873,0.0,26.439903288423743,25.49727785375221,25.49727785375221,54.40774333503547,4.589407200239842,0.012798067042440665,0.9670400181883557,twophase,twophase,27.713245340217373,28.751564632309556,2141.135950385709,77.93178642126051,0.6985709861914927,0.0,0.006786325952816696,0.006786325949384775,3.431921413721284e-12
8120.0,365.0051606858294,0.0,26.439903288423743,25.497851136559564,25.497851136559564,54.409459816175826,4.589071682911892,0.012795790704011475,0.9672373279011699,twophase,twophase,27.71601379631442,28.756216324184315,2141.135950385709,77.93178642126051,0.6985489480399094,0.0,0.006786325952816696,0.006786325949384775,3.431921413721284e-12
8140.0,365.04797990939886,0.0,26.439903288423743,25.49842502480064,25.49842502480064,54.41117872364449,4.588735761680418,0.012793510264839944,0.9674349020822013,twophase,twophase,27.71877720360851,28.760860435706675,2141.135950385709,77.93178642126051,0.6985268801297451,0.0,0.006786325952816696,0.006786325949384775,3.431921413721284e-12
8160.0,365.0908477218423,0.0,26.439903288423743,25.498999516933456,25.498999516933456,54.41290005279865,4.588399437729258,0.012791225728528173,0.9676327403000843,twophase,twophase,27.721535575504635,28.765496982653943,2141.135950385709,77.93178642126051,0.6985047825263723,0.0,0.006786325952816696,0.006786325949384775,3.431921413721284e-12
8180.0,365.13376401965803,0.0,26.439903288423743,25.499574611419614,25.499574611419614,54.414623798998335,4.588062712240034,0.012788937098680727,0.9678308421244172,twophase,twophase,27.724288925371482,28.770125980771322,2141.135950385709,77.93178642126051,0.6984826552951192,0.0,0.006786325952816696,0.006786325949384775,3.431921413721284e-12
8200.0,365.1767286995992,0.0,26.439903288423743,25.50015030672451,25.50015030672451,54.416349957611,4.587725586392372,0.012786644378897455,0.9680292071257598,twophase,twophase,27.72703726654154,28.774747445771986,2141.135950385709,77.93178642126051,0.6984604985012114,0.0,0.006786325952816696,0.006786325949384775,3.431921413721284e-12
8220.0,365.2197416586666,0.0,26.439903288423743,25.500726601317158,25.500726601317158,54.41807852401845,4.587388061363745,0.012784347572761952,0.9682278348756306,twophase,twophase,27.7297806123112,28.77936139333713,2141.135950385709,77.93178642126051,0.6984383122096812,0.0,0.006786325952816696,0.006786325949384775,3.431921413721284e-12
8240.0,365.2628027941042,0.0,26.439903288423743,25.501303493670186,25.501303493670186,54.41980949360521,4.58705013832948,0.012782046683860585,0.9684267249465047,twophase,twophase,27.732518975940838,28.78396783911603,2141.135950385709,77.93178642126051,0.6984160964855192,0.0,0.006786325952816696,0.006786325949384775,3.431921413721284e-12
8260.0,365.3059120034046,0.0,26.439903288423743,25.50188098225987,25.50188098225987,54.42154286176437,4.586711818462794,0.012779741715772897,0.9686258769118111,twophase,twophase,27.735252370654937,28.7885667987261,2141.135950385709,77.93178642126051,0.6983938513935972,0.0,0.006786325952816696,0.006786325949384775,3.431921413721284e-12
8280.0,365.349069184314,0.0,26.439903288423743,25.502459065566235,25.502459065566235,54.423278623898504,4.586373102934908,0.012777432672070408,0.9688252903459303,twophase,twophase,27.73798080964217,28.793158287752952,2141.135950385709,77.93178642126051,0.6983715769986578,0.0,0.006786325952816696,0.006786325949384775,3.431921413721284e-12
8300.0,365.39227423481606,0.0,26.439903288423743,25.50303774207283,25.50303774207283,54.425016775417866,4.586033992914827,0.012775119556319091,0.9690249648241949,twophase,twophase,27.7407043060555,28.797742321750448,2141.135950385709,77.93178642126051,0.698349273365337,0.0,0.006786325952816696,0.006786325949384775,3.431921413721284e-12
8320.0,365.43552705314266,0.0,26.439903288423743,25.503617010266858,25.503617010266858,54.42675731174063,4.585694489569494,0.012772802372079319,0.9692248999228805,twophase,twophase,27.74342287301227,28.802318916240758,2141.135950385709,77.93178642126051,0.6983269405581609,0.0,0.006786325952816696,0.006786325949384775,3.431921413721284e-12
8340.0,365.4788275377709,0.0,26.439903288423743,25.504196868639138,25.504196868639138,54.42850022829433,4.585354594063752,0.012770481122903328,0.9694250952192115,twophase,twophase,27.746136523594327,28.806888086714423,2141.135950385709,77.93178642126051,0.6983045786415273,0.0,0.006786325952816696,0.006786325949384775,3.431921413721284e-12
8360.0,365.5221755874202,0.0,26.439903288423743,25.504777315684077,25.504777315684077,54.43024552051053,4.5850143075603205,0.01276815581234403,0.9696255502913533,twophase,twophase,27.748845270848086,28.811449848630414,2141.135950385709,77.93178642126051,0.6982821876797747,0.0,0.006786325952816696,0.006786325949384775,3.431921413721284e-12
8380.0,365.565571101057,0.0,26.439903288423743,25.505358349899748,25.505358349899748,54.431993183833534,4.5846736312198875,0.012765826443940684,0.969826264718412,twophase,twophase,27.75154912778465,28.81600421741618,2141.135950385709,77.93178642126051,0.6982597677370693,0.0,0.006786325952816696,0.006786325949384775,3.431921413721284e-12
8400.0,365.6090139778857,0.0,26.439903288423743,25.505939969787697,25.505939969787697,54.43374321371293,4.584332566200948,0.01276349302123109,0.9700272380804311,twophase,twophase,27.75424810737989,28.820551208467712,2141.135950385709,77.93178642126051,0.6982373188775022,0.0,0.006786325952816696,0.006786325949384775,3.431921413721284e-12
8420.0,365.6525041173602,0.0,26.439903288423743,25.506522173853202,25.506522173853202,54.435495605609496,4.583991113660027,0.01276115554774208,0.9702284699583913,twophase,twophase,27.75694222257456,28.82509083714961,2141.135950385709,77.93178642126051,0.6982148411650121,0.0,0.006786325952816696,0.006786325949384775,3.431921413721284e-12
8440.0,365.6960414191663,0.0,26.439903288423743,25.507104960604963,25.507104960604963,54.43725035498593,4.583649274751424,0.012758814027004375,0.9704299599342062,twophase,twophase,27.75963148627437,28.829623118795116,2141.135950385709,77.93178642126051,0.698192334663505,0.0,0.006786325952816696,0.006786325949384775,3.431921413721284e-12
8460.0,365.7396257832395,0.0,26.439903288423743,25.50768832855534,25.50768832855534,54.43900745731803,4.583307050627435,0.012756468462534495,0.9706317075907206,twophase,twophase,27.762315911350107,28.83414806870619,2141.135950385709,77.93178642126051,0.698169799436711,0.0,0.006786325952816696,0.006786325949384775,3.431921413721284e-12
8480.0,365.7832571097547,0.0,26.439903288423743,25.508272276220264,25.508272276220264,54.44076690808908,4.582964442438282,0.012754118857844044,0.9708337125117088,twophase,twophase,27.76499551063771,28.838665702153573,2141.135950385709,77.93178642126051,0.6981472355482556,0.0,0.006786325952816696,0.006786325949384775,3.431921413721284e-12
8500.0,365.8269352991182,0.0,26.439903288423743,25.508856802119094,25.508856802119094,54.442528702787484,4.582621451331982,0.012751765216443191,0.9710359742818718,twophase,twophase,27.767670296938377,28.84317603437682,2141.135950385709,77.93178642126051,0.6981246430616904,0.0,0.006786325952816696,0.006786325949384775,3.431921413721284e-12
8520.0,365.8706602519864,0.0,26.439903288423743,25.509441904774867,25.509441904774867,54.444292836913434,4.582278078454598,0.012749407541830269,0.9712384924868356,twophase,twophase,27.77034028301865,28.847679080584385,2141.135950385709,77.93178642126051,0.6981020220404076,0.0,0.006786325952816696,0.006786325949384775,3.431921413721284e-12
8540.0,365.91443186925096,0.0,26.439903288423743,25.51002758271411,25.51002758271411,54.44605930597155,4.581934324950068,0.012747045837503279,0.9714412667131472,twophase,twophase,27.773005481610525,28.852174855953656,2141.135950385709,77.93178642126051,0.6980793725477341,0.0,0.006786325952816696,0.006786325949384775,3.431921413721284e-12
8560.0,365.9582500520401,0.0,26.439903288423743,25.510613834466866,25.510613834466866,54.44782810547783,4.581590191960238,0.012744680106948951,0.9716442965482766,twophase,twophase,27.775665905411525,28.85666337563103,2141.135950385709,77.93178642126051,0.6980566946468432,0.0,0.006786325952816696,0.006786325949384775,3.431921413721284e-12
8580.0,366.00211470171797,0.0,26.439903288423743,25.511200658566636,25.511200658566636,54.4495992309504,4.581245680624817,0.012742310353657492,0.9718475815806098,twophase,twophase,27.778321567084816,28.861144654731955,2141.135950385709,77.93178642126051,0.6980339884008717,0.0,0.006786325952816696,0.006786325949384775,3.431921413721284e-12
8600.0,366.0460257198882,0.0,26.439903288423743,25.5117880535505,25.5117880535505,54.45137267792329,4.580900792081508,0.012739936581100429,0.9720511213994483,twophase,twophase,27.780972479259287,28.865618708341,2141.135950385709,77.93178642126051,0.6980112538727447,0.0,0.006786325952816696,0.006786325949384775,3.431921413721284e-12
8620.0,366.08998300839386,0.0,26.439903288423743,25.51237601795907,25.51237601795907,54.45314844193175,4.580555527465959,0.01273755879275436,0.9722549155950083,twophase,twophase,27.783618654529644,28.870085551511902,2141.135950385709,77.93178642126051,0.6979884911253629,0.0,0.006786325952816696,0.006786325949384775,3.431921413721284e-12
8640.0,366.13398646930904,0.0,26.439903288423743,25.512964550336385,25.512964550336385,54.454926518522534,4.580209887911677,0.012735176992084154,0.972458963758418,twophase,twophase,27.786260105456517,28.874545199267633,2141.135950385709,77.93178642126051,0.6979657002214713,0.0,0.006786325952816696,0.006786325949384775,3.431921413721284e-12
8660.0,366.1780360049427,0.0,26.439903288423743,25.513553649229948,25.513553649229948,54.45670690324643,4.57986387455009,0.012732791182555204,0.9726632654817133,twophase,twophase,27.788896844566533,28.878997666600444,2141.135950385709,77.93178642126051,0.6979428812237547,0.0,0.006786325952816696,0.006786325949384775,3.431921413721284e-12
8680.0,366.2221315178386,0.0,26.439903288423743,25.514143313190765,25.514143313190765,54.45848959166834,4.5795174885105645,0.012730401367616955,0.9728678203578379,twophase,twophase,27.791528884352424,28.88344296847194,2141.135950385709,77.93178642126051,0.6979200341947085,0.0,0.006786325952816696,0.006786325949384775,3.431921413721284e-12
8700.0,366.2662729107825,0.0,26.439903288423743,25.514733540773403,25.514733540773403,54.4602745793561,4.579170730920487,0.012728007550721232,0.9730726279806411,twophase,twophase,27.794156237273114,28.88788111981312,2141.135950385709,77.93178642126051,0.6978971591967821,0.0,0.006786325952816696,0.006786325949384775,3.431921413721284e-12
8720.0,366.3104600867804,0.0,26.439903288423743,25.515324330535716,25.515324330535716,54.46206186188613,4.578823602905019,0.012725609735312782,0.9732776879448733,twophase,twophase,27.796778915753812,28.89231213552444,2141.135950385709,77.93178642126051,0.697874256292306,0.0,0.006786325952816696,0.006786325949384775,3.431921413721284e-12
8740.0,366.3546929490823,0.0,26.439903288423743,25.51591568103915,25.51591568103915,54.463851434843306,4.578476105587371,0.012723207924829647,0.9734829998461885,twophase,twophase,27.799396932186106,28.896736030475875,2141.135950385709,77.93178642126051,0.6978513255434943,0.0,0.006786325952816696,0.006786325949384775,3.431921413721284e-12
8760.0,366.3989714011668,0.0,26.439903288423743,25.516507590848555,25.516507590848555,54.46564329382033,4.5781282400886605,0.012720802122704277,0.9736885632811361,twophase,twophase,27.80201029892805,28.90115281950697,2141.135950385709,77.93178642126051,0.697828367012452,0.0,0.006786325952816696,0.006786325949384775,3.431921413721284e-12
8780.0,366.4432953467417,0.0,26.439903288423743,25.51710005853218,25.51710005853218,54.46743743441891,4.577780007527901,0.012718392332361305,0.9738943778471637,twophase,twophase,27.804619028304256,28.905562517426898,2141.135950385709,77.93178642126051,0.6978053807611599,0.0,0.006786325952816696,0.006786325949384775,3.431921413721284e-12
8800.0,366.48766468974503,0.0,26.439903288423743,25.517693082661697,25.517693082661697,54.469233852245026,4.577431409022046,0.0127159785572255,0.9741004431426118,twophase,twophase,27.807223132605994,28.909965139014517,2141.135950385709,77.93178642126051,0.697782366851536,0.0,0.006786325952816696,0.006786325949384775,3.431921413721284e-12
8820.0,366.5320793343538,0.0,26.439903288423743,25.51828666181229,25.51828666181229,54.471032542913555,4.577082445686058,0.012713560800714147,0.9743067587667151,twophase,twophase,27.809822624091275,28.91436069901843,2141.135950385709,77.93178642126051,0.6977593253453753,0.0,0.006786325952816696,0.006786325949384775,3.431921413721284e-12
8840.0,366.5765391849657,0.0,26.439903288423743,25.51888079456246,25.51888079456246,54.47283350205118,4.576733118632761,0.01271113906623228,0.9745133243195967,twophase,twophase,27.812417514984944,28.918749212157035,2141.135950385709,77.93178642126051,0.6977362563043129,0.0,0.006786325952816696,0.006786325949384775,3.431921413721284e-12
8860.0,366.6210441462122,0.0,26.439903288423743,25.51947547949414,25.51947547949414,54.474636725289535,4.57638342897295,0.012708713357183937,0.9747201394022673,twophase,twophase,27.815007817478765,28.923130693118583,2141.135950385709,77.93178642126051,0.697713159789912,0.0,0.006786325952816696,0.006786325949384775,3.431921413721284e-12
8880.0,366.66559412295555,0.0,26.439903288423743,25.520070715192706,25.520070715192706,54.476442208264906,4.576033377815397,0.012706283676972503,0.974927203616625,twophase,twophase,27.817593543731526,28.927505156561242,2141.135950385709,77.93178642126051,0.6976900358636674,0.0,0.006786325952816696,0.006786325949384775,3.431921413721284e-12
8900.0,366.7101890202792,0.0,26.439903288423743,25.520666500246815,25.520666500246815,54.47824994662561,4.5756829662667275,0.012703850028988642,0.9751345165654502,twophase,twophase,27.820174705869114,28.931872617113147,2141.135950385709,77.93178642126051,0.6976668845869112,0.0,0.006786325952816696,0.006786325949384775,3.431921413721284e-12
8920.0,366.7548287435031,0.0,26.439903288423743,25.52126283324863,25.52126283324863,54.48005993602717,4.575332195431623,0.012701412416618494,0.9753420778524056,twophase,twophase,27.82275131598461,28.936233089372454,2141.135950385709,77.93178642126051,0.6976437060208742,0.0,0.006786325952816696,0.006786325949384775,3.431921413721284e-12
8940.0,366.7995131981669,0.0,26.439903288423743,25.52185971279358,25.52185971279358,54.48187217212827,4.574981066412617,0.012698970843249719,0.9755498870820334,twophase,twophase,27.825323386138386,28.9405865879074,2141.135950385709,77.93178642126051,0.6976205002267385,0.0,0.006786325952816696,0.006786325949384775,3.431921413721284e-12
8960.0,366.84424229004446,0.0,26.439903288423743,25.522457137480565,25.522457137480565,54.48368665060433,4.574629580310293,0.012696525312250004,0.9757579438597527,twophase,twophase,27.82789092835818,28.944933127256366,2141.135950385709,77.93178642126051,0.6975972672654627,0.0,0.006786325952816696,0.006786325949384775,3.431921413721284e-12
8980.0,366.889015925126,0.0,26.439903288423743,25.523055105911716,25.523055105911716,54.4855033671277,4.57427773822307,0.012694075826998684,0.9759662477918585,twophase,twophase,27.830453954639193,28.94927272192792,2141.135950385709,77.93178642126051,0.697574007198036,0.0,0.006786325952816696,0.006786325949384775,3.431921413721284e-12
9000.0,366.9338340096343,0.0,26.439903288423743,25.5236536166926,25.5236536166926,54.48732231738708,4.573925541247396,0.012691622390855556,0.9761747984855196,twophase,twophase,27.833012476944184,28.953605386400877,2141.135950385709,77.93178642126051,0.6975507200852293,0.0,0.006786325952816696,0.006786325949384775,3.431921413721284e-12
9020.0,366.9786964500164,0.0,26.439903288423743,25.52425266843213,25.52425266843213,54.48914349707289,4.573572990477685,0.01268916500718455,0.9763835955487746,twophase,twophase,27.83556650720355,28.957931135124365,2141.135950385709,77.93178642126051,0.6975274059877834,0.0,0.006786325952816696,0.006786325949384775,3.431921413721284e-12
9040.0,367.0236031529439,0.0,26.439903288423743,25.524852259742516,25.524852259742516,54.49096690188796,4.573220087006268,0.012686703679336258,0.9765926385905329,twophase,twophase,27.83811605731541,28.96224998251787,2141.135950385709,77.93178642126051,0.6975040649662703,0.0,0.006786325952816696,0.006786325949384775,3.431921413721284e-12
9060.0,367.068554025309,0.0,26.439903288423743,25.525452389239316,25.525452389239316,54.49279252754078,4.572866831923451,0.012684238410658981,0.9768019272205706,twophase,twophase,27.840661139145713,28.9665619429713,2141.135950385709,77.93178642126051,0.6974806970811815,0.0,0.006786325952816696,0.006786325949384775,3.431921413721284e-12
9080.0,367.11354897422615,0.0,26.439903288423743,25.526053055541325,25.526053055541325,54.49462036974376,4.57251322631744,0.0126817692045015,0.9770114610495282,twophase,twophase,27.8432017645283,28.970867030845024,2141.135950385709,77.93178642126051,0.6974573023929493,0.0,0.006786325952816696,0.006786325949384775,3.431921413721284e-12
9100.0,367.15858790704146,0.0,26.439903288423743,25.52665425727082,25.52665425727082,54.49645042422567,4.572159271274548,0.012679296064193012,0.9772212396889092,twophase,twophase,27.845737945265007,28.975165260469954,2141.135950385709,77.93178642126051,0.6974338809617872,0.0,0.006786325952816696,0.006786325949384775,3.431921413721284e-12
9120.0,367.2036707313119,0.0,26.439903288423743,25.527255993053195,25.527255993053195,54.49828268671118,4.571804967878883,0.012676818993076072,0.9774312627510802,twophase,twophase,27.848269693125758,28.97945664614758,2141.135950385709,77.93178642126051,0.6974104328479529,0.0,0.006786325952816696,0.006786325949384775,3.431921413721284e-12
9140.0,367.2487973548229,0.0,26.439903288423743,25.52785826151726,25.52785826151726,54.50011715294275,4.571450317212632,0.012674337994471246,0.9776415298492641,twophase,twophase,27.850797019848635,28.983741202150032,2141.135950385709,77.93178642126051,0.6973869581114673,0.0,0.006786325952816696,0.006786325949384775,3.431921413721284e-12
9160.0,367.29396768558075,0.0,26.439903288423743,25.528461061295083,25.528461061295083,54.50195381866772,4.571095320355918,0.012671853071698085,0.9778520405975429,twophase,twophase,27.853319937139975,28.988018942720142,2141.135950385709,77.93178642126051,0.6973634568122796,0.0,0.006786325952816696,0.006786325949384775,3.431921413721284e-12
9180.0,367.3391816318094,0.0,26.439903288423743,25.529064391021986,25.529064391021986,54.503792679636994,4.570739978386818,0.012669364228077126,0.9780627946108528,twophase,twophase,27.85583845667446,28.992289882071493,2141.135950385709,77.93178642126051,0.6973399290102849,0.0,0.006786325952816696,0.006786325949384775,3.431921413721284e-12
9200.0,367.3844391019543,0.0,26.439903288423743,25.52966824933659,25.52966824933659,54.50563373161226,4.570384292381395,0.012666871466918181,0.9782737915049828,twophase,twophase,27.858352590095194,28.99655403438847,2141.135950385709,77.93178642126051,0.6973163747652309,0.0,0.006786325952816696,0.006786325949384775,3.431921413721284e-12
9220.0,367.42974000467734,0.0,26.439903288423743,25.53027263488074,25.53027263488074,54.50747697036269,4.570028263413644,0.012664374791525775,0.9784850308965735,twophase,twophase,27.8608623490138,29.000811413826327,2141.135950385709,77.93178642126051,0.6972927941367609,0.0,0.006786325952816696,0.006786325949384775,3.431921413721284e-12
9240.0,367.47508424886746,0.0,26.439903288423743,25.530877546299617,25.530877546299617,54.50932239166667,4.569671892555628,0.01266187420519626,0.9786965124031135,twophase,twophase,27.863367745010493,29.005062034511234,2141.135950385709,77.93178642126051,0.697269187184391,0.0,0.006786325952816696,0.006786325949384775,3.431921413721284e-12
9260.0,367.520471743621,0.0,26.439903288423743,25.531482982241553,25.531482982241553,54.51116999130634,4.569315180877266,0.012659369711226711,0.9789082356429398,twophase,twophase,27.865868789634177,29.00930591054033,2141.135950385709,77.93178642126051,0.6972455539675806,0.0,0.006786325952816696,0.006786325949384775,3.431921413721284e-12
9280.0,367.5659023982615,0.0,26.439903288423743,25.53208894135821,25.53208894135821,54.51301976507244,4.56895812944656,0.012656861312907046,0.9791202002352328,twophase,twophase,27.86836549440253,29.013543055981792,2141.135950385709,77.93178642126051,0.6972218945456697,0.0,0.006786325952816696,0.006786325949384775,3.431921413721284e-12
9300.0,367.6113761223263,0.0,26.439903288423743,25.53269542230445,25.53269542230445,54.51487170876668,4.56860073932944,0.012654349013516114,0.9793324058000187,twophase,twophase,27.870857870802073,29.017773484874876,2141.135950385709,77.93178642126051,0.6971982089778491,0.0,0.006786325952816696,0.006786325949384775,3.431921413721284e-12
9320.0,367.6568928255629,0.0,26.439903288423743,25.533302423738288,25.533302423738288,54.51672581819161,4.568243011589766,0.012651832816338082,0.9795448519581622,twophase,twophase,27.873345930288284,29.021997211229976,2141.135950385709,77.93178642126051,0.6971744973232897,0.0,0.006786325952816696,0.006786325949384775,3.431921413721284e-12
9340.0,367.7024524179473,0.0,26.439903288423743,25.533909944321103,25.533909944321103,54.51858208916418,4.5678849472895084,0.012649312724640743,0.979757538331367,twophase,twophase,27.875829684285655,29.026214249028683,2141.135950385709,77.93178642126051,0.6971507596409692,0.0,0.006786325952816696,0.006786325949384775,3.431921413721284e-12
9360.0,367.74805480965927,0.0,26.439903288423743,25.534517982717336,25.534517982717336,54.52044051750289,4.567526547488483,0.012646788741695851,0.9799704645421764,twophase,twophase,27.878309144187796,29.030424612223833,2141.135950385709,77.93178642126051,0.6971269959898363,0.0,0.006786325952816696,0.006786325949384775,3.431921413721284e-12
9380.0,367.7936999111031,0.0,26.439903288423743,25.535126537594746,25.535126537594746,54.52230109903973,4.5671678132446,0.012644260870760265,0.9801836302139662,twophase,twophase,27.880784321357503,29.03462831473957,2141.135950385709,77.93178642126051,0.6971032064286581,0.0,0.006786325952816696,0.006786325949384775,3.431921413721284e-12
9400.0,367.83938763289626,0.0,26.439903288423743,25.535735607624293,25.535735607624293,54.52416382960992,4.566808745613756,0.012641729115092192,0.9803970349709478,twophase,twophase,27.883255227126856,29.038825370471397,2141.135950385709,77.93178642126051,0.6970793910161512,0.0,0.006786325952816696,0.006786325949384775,3.431921413721284e-12
9420.0,367.8851178858599,0.0,26.439903288423743,25.536345191479974,25.536345191479974,54.526028705055325,4.566449345649708,0.012639193477945771,0.9806106784381616,twophase,twophase,27.885721872797298,29.043015793286227,2141.135950385709,77.93178642126051,0.6970555498109383,0.0,0.006786325952816696,0.006786325949384775,3.431921413721284e-12
9440.0,367.93089058103925,0.0,26.439903288423743,25.5369552878391,25.5369552878391,54.527895721228205,4.566089614404316,0.012636653962564985,0.98082456024148,twophase,twophase,27.888184269639712,29.04719959702244,2141.135950385709,77.93178642126051,0.6970316828714997,0.0,0.006786325952816696,0.006786325949384775,3.431921413721284e-12
9460.0,367.976705629694,0.0,26.439903288423743,25.537565895382198,25.537565895382198,54.52976487398867,4.565729552927478,0.012634110572187949,0.9810386800076014,twophase,twophase,27.89064242889452,29.051376795489947,2141.135950385709,77.93178642126051,0.6970077902562064,0.0,0.006786325952816696,0.006786325949384775,3.431921413721284e-12
9480.0,368.0225629432872,0.0,26.439903288423743,25.53817701279281,25.53817701279281,54.53163615920058,4.56536916226695,0.012631563310053157,0.9812530373640491,twophase,twophase,27.893096361771747,29.055547402470225,2141.135950385709,77.93178642126051,0.6969838720233721,0.0,0.006786325952816696,0.006786325949384775,3.431921413721284e-12
9500.0,368.0684624334997,0.0,26.439903288423743,25.538788638757755,25.538788638757755,54.533509572738986,4.565008443468586,0.01262901217938782,0.9814676319391707,twophase,twophase,27.895546079451123,29.05971143171639,2141.135950385709,77.93178642126051,0.6969599282311583,0.0,0.006786325952816696,0.006786325949384775,3.431921413721284e-12
9520.0,368.1144040122219,0.0,26.439903288423743,25.539400771966942,25.539400771966942,54.53538511048144,4.564647397576192,0.012626457183421667,0.9816824633621364,twophase,twophase,27.897991593082146,29.063868896953245,2141.135950385709,77.93178642126051,0.6969359589376852,0.0,0.006786325952816696,0.006786325949384775,3.431921413721284e-12
9540.0,368.16038759156027,0.0,26.439903288423743,25.540013411113506,25.540013411113506,54.537262768319025,4.564286025631644,0.012623898325369235,0.9818975312629341,twophase,twophase,27.900432913784183,29.068019811877328,2141.135950385709,77.93178642126051,0.6969119642008912,0.0,0.006786325952816696,0.006786325949384775,3.431921413721284e-12
9560.0,368.2064130838191,0.0,26.439903288423743,25.540626554893578,25.540626554893578,54.539142542147246,4.56392432867469,0.012621335608444414,0.9821128352723725,twophase,twophase,27.902870052646538,29.072164190156972,2141.135950385709,77.93178642126051,0.6968879440786484,0.0,0.006786325952816696,0.006786325949384775,3.431921413721284e-12
9580.0,368.25248040152644,0.0,26.439903288423743,25.54124020200656,25.54124020200656,54.54102442786727,4.563562307743217,0.01261876903585874,0.9823283750220734,twophase,twophase,27.905303020728546,29.07630204543236,2141.135950385709,77.93178642126051,0.6968638986287476,0.0,0.006786325952816696,0.006786325949384775,3.431921413721284e-12
9600.0,368.2985894574116,0.0,26.439903288423743,25.541854351154903,25.541854351154903,54.54290842138807,4.563199963873051,0.01261619861081758,0.982544150144474,twophase,twophase,27.907731829059646,29.08043339131558,2141.135950385709,77.93178642126051,0.6968398279088704,0.0,0.006786325952816696,0.006786325949384775,3.431921413721284e-12
9620.0,368.34474016441567,0.0,26.439903288423743,25.5424690010442,25.5424690010442,54.5447945186311,4.562837298098045,0.012613624336512778,0.9827601602728238,twophase,twophase,27.910156488639466,29.084558241390674,2141.135950385709,77.93178642126051,0.6968157319765299,0.0,0.006786325952816696,0.006786325949384775,3.431921413721284e-12
9640.0,368.3909324356854,0.0,26.439903288423743,25.543084150383105,25.543084150383105,54.546682715517555,4.562474311450031,0.01261104621614318,0.9829764050411819,twophase,twophase,27.912577010437904,29.088676609213692,2141.135950385709,77.93178642126051,0.6967916108892328,0.0,0.006786325952816696,0.006786325949384775,3.431921413721284e-12
9660.0,368.4371661845781,0.0,26.439903288423743,25.54369979788345,25.54369979788345,54.54857300798135,4.562111004958907,0.012608464252893664,0.983192884084417,twophase,twophase,27.914993405395204,29.092788508312754,2141.135950385709,77.93178642126051,0.6967674647043142,0.0,0.006786325952816696,0.006786325949384775,3.431921413721284e-12
9680.0,368.48344132465496,0.0,26.439903288423743,25.54431594226006,25.54431594226006,54.55046539196063,4.561747379652517,0.012605878449948819,0.9834095970382026,twophase,twophase,27.917405684422054,29.096893952188093,2141.135950385709,77.93178642126051,0.6967432934790456,0.0,0.006786325952816696,0.006786325949384775,3.431921413721284e-12
9700.0,368.5297577696888,0.0,26.439903288423743,25.544932582230963,25.544932582230963,54.55235986340276,4.561383436556804,0.012603288810484888,0.9836265435390193,twophase,twophase,27.919813858399642,29.100992954312115,2141.135950385709,77.93178642126051,0.6967190972705717,0.0,0.006786325952816696,0.006786325949384775,3.431921413721284e-12
9720.0,368.5761154336549,0.0,26.439903288423743,25.54554971651718,25.54554971651718,54.55425641826214,4.561019176695666,0.012600695337673324,0.983843723224148,twophase,twophase,27.922217938179756,29.105085528129454,2141.135950385709,77.93178642126051,0.6966948761359381,0.0,0.006786325952816696,0.006786325949384775,3.431921413721284e-12
9740.0,368.62251423073565,0.0,26.439903288423743,25.546167343842836,25.546167343842836,54.55615505249844,4.560654601091048,0.012598098034683602,0.984061135731672,twophase,twophase,27.924617934584855,29.10917168705702,2141.135950385709,77.93178642126051,0.696670630132113,0.0,0.006786325952816696,0.006786325949384775,3.431921413721284e-12
9760.0,368.66895407531706,0.0,26.439903288423743,25.5467854629351,25.5467854629351,54.558055762082105,4.560289710762893,0.01259549690467426,0.9842787807004739,twophase,twophase,27.927013858408152,29.113251444484057,2141.135950385709,77.93178642126051,0.696646359315918,0.0,0.006786325952816696,0.006786325949384775,3.431921413721284e-12
9780.0,368.7154348819906,0.0,26.439903288423743,25.547404072524213,25.547404072524213,54.55995854298578,4.559924506729182,0.012592891950806878,0.9844966577702324,twophase,twophase,27.929405720413694,29.117324813772193,2141.135950385709,77.93178642126051,0.6966220637441376,0.0,0.006786325952816696,0.006786325949384775,3.431921413721284e-12
9800.0,368.76195656555217,0.0,26.439903288423743,25.548023171343463,25.548023171343463,54.561863391195025,4.559558990005929,0.012590283176228612,0.9847147665814224,twophase,twophase,27.931793531336442,29.121391808255495,2141.135950385709,77.93178642126051,0.6965977434733813,0.0,0.006786325952816696,0.006786325949384775,3.431921413721284e-12
9820.0,368.80851904100285,0.0,26.439903288423743,25.548642758129194,25.548642758129194,54.56377030269874,4.55919316160718,0.012587670584087824,0.984933106775312,twophase,twophase,27.934177301882347,29.125452441240522,2141.135950385709,77.93178642126051,0.6965733985602068,0.0,0.006786325952816696,0.006786325949384775,3.431921413721284e-12
9840.0,368.85512222354566,0.0,26.439903288423743,25.54926283162078,25.54926283162078,54.56567927349562,4.558827022545,0.01258505417752346,0.9851516779939615,twophase,twophase,27.936557042728428,29.12950672600638,2141.135950385709,77.93178642126051,0.6965490290610373,0.0,0.006786325952816696,0.006786325949384775,3.431921413721284e-12
9860.0,368.9017660285819,0.0,26.439903288423743,25.549883390560552,25.549883390560552,54.5675902995874,4.55846057382943,0.01258243395967601,0.985370479880221,twophase,twophase,27.93893276452286,29.13355467580477,2141.135950385709,77.93178642126051,0.6965246350322478,0.0,0.006786325952816696,0.006786325949384775,3.431921413721284e-12
9880.0,368.94845037172286,0.0,26.439903288423743,25.550504433693998,25.550504433693998,54.5695033769889,4.558093816468668,0.012579809933671433,0.9855895120777279,twophase,twophase,27.941304477885048,29.13759630386005,2141.135950385709,77.93178642126051,0.6965002165300369,0.0,0.006786325952816696,0.006786325949384775,3.431921413721284e-12
9900.0,368.99517516877717,0.0,26.439903288423743,25.551125959769525,25.551125959769525,54.571418501716785,4.55772675146885,0.01257718210263906,0.9858087742309075,twophase,twophase,27.9436721934057,29.141631623369275,2141.135950385709,77.93178642126051,0.6964757736105696,0.0,0.006786325952816696,0.006786325949384775,3.431921413721284e-12
9920.0,369.04194033575413,0.0,26.439903288423743,25.55174796753856,25.55174796753856,54.57333566979803,4.557359379834174,0.012574550469698083,0.9860282659849672,twophase,twophase,27.946035921646914,29.14566064750226,2141.135950385709,77.93178642126051,0.6964513063298704,0.0,0.006786325952816696,0.006786325949384775,3.431921413721284e-12
9940.0,369.08874578886747,0.0,26.439903288423743,25.552370455755582,25.552370455755582,54.57525487726625,4.5569917025669175,0.012571915037963363,0.9862479869858991,twophase,twophase,27.948395673142247,29.14968338940163,2141.135950385709,77.93178642126051,0.6964268147438692,0.0,0.006786325952816696,0.006786325949384775,3.431921413721284e-12
9960.0,369.13559144452427,0.0,26.439903288423743,25.55299342317796,25.55299342317796,54.57717612016133,4.556623720667302,0.012569275810546137,0.9864679368804758,twophase,twophase,27.9507514583968,29.153699862182872,2141.135950385709,77.93178642126051,0.6964022989084067,0.0,0.006786325952816696,0.006786325949384775,3.431921413721284e-12
9980.0,369.18247721933835,0.0,26.439903288423743,25.553616868566152,25.553616868566152,54.5790993945309,4.556255435133697,0.01256663279055157,0.9866881153162482,twophase,twophase,27.9531032878873,29.15771007893439,2141.135950385709,77.93178642126051,0.6963777588792149,0.0,0.006786325952816696,0.006786325949384775,3.431921413721284e-12
10000.0,369.22940303011814,0.0,26.439903288423743,25.55424079068354,25.55424079068354,54.58102469642838,4.555886846962463,0.012563985981081828,0.986908521941544,twophase,twophase,27.955451172062155,29.161714052717553,2141.135950385709,77.93178642126051,0.6963531947119427,0.0,0.006786325952816696,0.006786325949384775,3.431921413721284e-12
10020.0,369.2763687938722,0.0,26.439903288423743,25.554865188296493,25.554865188296493,54.58295202191681,4.555517957148012,0.012561335385229954,0.987129156405468,twophase,twophase,27.957795121341565,29.165711796566747,2141.135950385709,77.93178642126051,0.6963286064621064,0.0,0.006786325952816696,0.006786325949384775,3.431921413721284e-12
10040.0,369.3233744278074,0.0,26.439903288423743,25.555490060174318,25.555490060174318,54.58488136706495,4.555148766682796,0.012558681006086213,0.9873500183578968,twophase,twophase,27.960135146117572,29.169703323489436,2141.135950385709,77.93178642126051,0.6963039941851399,0.0,0.006786325952816696,0.006786325949384775,3.431921413721284e-12
10060.0,369.3704198493292,0.0,26.439903288423743,25.556115405089354,25.556115405089354,54.586812727947596,4.554779276557377,0.012556022846737552,0.9875711074494806,twophase,twophase,27.962471256754146,29.173688646466207,2141.135950385709,77.93178642126051,0.6962793579363906,0.0,0.006786325952816696,0.006786325949384775,3.431921413721284e-12
10080.0,369.41750497604056,0.0,26.439903288423743,25.556741221816836,25.556741221816836,54.58874610065007,4.554409487760316,0.012553360910260165,0.9877924233316389,twophase,twophase,27.96480346358726,29.177667778450818,2141.135950385709,77.93178642126051,0.6962546977710619,0.0,0.006786325952816696,0.006786325949384775,3.431921413721284e-12
10100.0,369.4646297257341,0.0,26.439903288423743,25.557367509134863,25.557367509134863,54.59068148125907,4.5540394012781675,0.012550695199734466,0.9880139656565595,twophase,twophase,27.967131776924973,29.181640732370262,2141.135950385709,77.93178642126051,0.6962300137443301,0.0,0.006786325952816696,0.006786325949384775,3.431921413721284e-12
10120.0,369.51179401640866,0.0,26.439903288423743,25.557994265824647,25.557994265824647,54.592618865873526,4.5536690180956985,0.012548025718227569,0.9882357340771956,twophase,twophase,27.969456207047497,29.185607521124812,2141.135950385709,77.93178642126051,0.6962053059112059,0.0,0.006786325952816696,0.006786325949384775,3.431921413721284e-12
10140.0,369.5589977662553,0.0,26.439903288423743,25.558621490670216,25.558621490670216,54.594558250598816,4.5532983391956305,0.012545352468802397,0.9884577282472676,twophase,twophase,27.97177676420728,29.18956815758807,2141.135950385709,77.93178642126051,0.6961805743266081,0.0,0.006786325952816696,0.006786325949384775,3.431921413721284e-12
10160.0,369.6062408936591,0.0,26.439903288423743,25.559249182458558,25.559249182458558,54.59649963154504,4.552927365558777,0.012542675454520664,0.9886799478212577,twophase,twophase,27.974093458629078,29.193522654607026,2141.135950385709,77.93178642126051,0.6961558190453858,0.0,0.006786325952816696,0.006786325949384775,3.431921413721284e-12
10180.0,369.6535233171998,0.0,26.439903288423743,25.559877339979547,25.559877339979547,54.59844300483008,4.552556098163994,0.012539994678437872,0.9889023924544091,twophase,twophase,27.97640630051003,29.197471025002102,2141.135950385709,77.93178642126051,0.6961310401222793,0.0,0.006786325952816696,0.006786325949384775,3.431921413721284e-12
10200.0,369.7008449556509,0.0,26.439903288423743,25.560505962025964,25.560505962025964,54.60038836657804,4.5521845379881976,0.012537310143605774,0.9891250618027245,twophase,twophase,27.978715300019733,29.201413281567213,2141.135950385709,77.93178642126051,0.6961062376119395,0.0,0.006786325952816696,0.006786325949384775,3.431921413721284e-12
10220.0,369.74820572798427,0.0,26.439903288423743,25.561135047393567,25.561135047393567,54.60233571292512,4.551812686006441,0.012534621853062892,0.9893479555229647,twophase,twophase,27.981020467300322,29.20534943706981,2141.135950385709,77.93178642126051,0.6960814115688536,0.0,0.006786325952816696,0.006786325949384775,3.431921413721284e-12
10240.0,369.7956055533588,0.0,26.439903288423743,25.56176459488091,25.56176459488091,54.60428504000689,4.55144054319175,0.012531929809855135,0.9895710732726475,twophase,twophase,27.983321812466542,29.209279504250937,2141.135950385709,77.93178642126051,0.6960565620475075,0.0,0.006786325952816696,0.006786325949384775,3.431921413721284e-12
10260.0,369.84304435112995,0.0,26.439903288423743,25.5623946032895,25.5623946032895,54.60623634397157,4.55106811051529,0.012529234017014243,0.9897944147100426,twophase,twophase,27.985619345605823,29.21320349582528,2141.135950385709,77.93178642126051,0.696031689102216,0.0,0.006786325952816696,0.006786325949384775,3.431921413721284e-12
10280.0,369.8905220408419,0.0,26.439903288423743,25.563025071423667,25.563025071423667,54.60818962096957,4.550695388946237,0.012526534477574694,0.9900179794941742,twophase,twophase,27.987913076778348,29.217121424481217,2141.135950385709,77.93178642126051,0.696006792787256,0.0,0.006786325952816696,0.006786325949384775,3.431921413721284e-12
10300.0,369.93803854223916,0.0,26.439903288423743,25.563655998090717,25.563655998090717,54.61014486716456,4.55032237945194,0.012523831194555935,0.9902417672848176,twophase,twophase,27.99020301601714,29.221033302880876,2141.135950385709,77.93178642126051,0.6959818731567259,0.0,0.006786325952816696,0.006786325949384775,3.431921413721284e-12
10320.0,369.9855937752492,0.0,26.439903288423743,25.564287382100744,25.564287382100744,54.61210207872198,4.549949082997752,0.01252112417098072,0.990465777742496,twophase,twophase,27.992489173328124,29.224939143660176,2141.135950385709,77.93178642126051,0.6959569302646917,0.0,0.006786325952816696,0.006786325949384775,3.431921413721284e-12
10340.0,370.03318765999336,0.0,26.439903288423743,25.564919222266717,25.564919222266717,54.61406125181687,4.549575500547116,0.012518413409862622,0.9906900105284808,twophase,twophase,27.99477155869021,29.228838959428888,2141.135950385709,77.93178642126051,0.6959319641650881,0.0,0.006786325952816696,0.006786325949384775,3.431921413721284e-12
10360.0,370.080820116785,0.0,26.439903288423743,25.565551517404487,25.565551517404487,54.616022382629986,4.549201633061585,0.01251569891421225,0.9909144653047878,twophase,twophase,27.997050182055364,29.232732762770677,2141.135950385709,77.93178642126051,0.6959069749117661,0.0,0.006786325952816696,0.006786325949384775,3.431921413721284e-12
10380.0,370.1284910661229,0.0,26.439903288423743,25.566184266332687,25.566184266332687,54.617985467348504,4.548827481500738,0.012512980687036034,0.9911391417341787,twophase,twophase,27.999325053348677,29.23662056624316,2141.135950385709,77.93178642126051,0.695881962558486,0.0,0.006786325952816696,0.006786325949384775,3.431921413721284e-12
10400.0,370.1762004287005,0.0,26.439903288423743,25.56681746787288,25.56681746787288,54.61995050216818,4.5484530468223054,0.012510258731332848,0.9913640394801572,twophase,twophase,28.00159618246844,29.240502382377958,2141.135950385709,77.93178642126051,0.6958569271588887,0.0,0.006786325952816696,0.006786325949384775,3.431921413721284e-12
10420.0,370.2239481253976,0.0,26.439903288423743,25.56745112084941,25.56745112084941,54.62191748328987,4.548078329982079,0.012507533050099592,0.9915891582069654,twophase,twophase,28.003863579286225,29.244378223680737,2141.135950385709,77.93178642126051,0.6958318687665402,0.0,0.006786325952816696,0.006786325949384775,3.431921413721284e-12
10440.0,370.2717340772855,0.0,26.439903288423743,25.568085224089486,25.568085224089486,54.62388640692258,4.547703331933959,0.012504803646326139,0.9918144975795876,twophase,twophase,28.006127253646948,29.24824810263127,2141.135950385709,77.93178642126051,0.6958067874348934,0.0,0.006786325952816696,0.006786325949384775,3.431921413721284e-12
10460.0,370.3195582056177,0.0,26.439903288423743,25.56871977642307,25.56871977642307,54.62585726928202,4.547328053629882,0.012502070522997748,0.9920400572637423,twophase,twophase,28.008387215368945,29.252112031683478,2141.135950385709,77.93178642126051,0.6957816832173058,0.0,0.006786325952816696,0.006786325949384775,3.431921413721284e-12
10480.0,370.36742043184086,0.0,26.439903288423743,25.569354776683,25.569354776683,54.627830066591144,4.5469524960199355,0.012499333683094263,0.9922658369258853,twophase,twophase,28.010643474244045,29.255970023265487,2141.135950385709,77.93178642126051,0.6957565561670328,0.0,0.006786325952816696,0.006786325949384775,3.431921413721284e-12
10500.0,370.4153206775874,0.0,26.439903288423743,25.569990223704913,25.569990223704913,54.62980479507879,4.546576660052292,0.01249659312959218,0.9924918362332062,twophase,twophase,28.012896040037642,29.25982208977968,2141.135950385709,77.93178642126051,0.6957314063372452,0.0,0.006786325952816696,0.006786325949384775,3.431921413721284e-12
10520.0,370.4632588646766,0.0,26.439903288423743,25.57062611632725,25.57062611632725,54.631781450980874,4.546200546673232,0.012493848865462738,0.9927180548536255,twophase,twophase,28.01514492248877,29.263668243602737,2141.135950385709,77.93178642126051,0.6957062337810136,0.0,0.006786325952816696,0.006786325949384775,3.431921413721284e-12
10540.0,370.511234915112,0.0,26.439903288423743,25.571262453391217,25.571262453391217,54.633760030541495,4.545824156827099,0.01249110089367014,0.9929444924557959,twophase,twophase,28.017390131310165,29.267508497085704,2141.135950385709,77.93178642126051,0.6956810385512952,0.0,0.006786325952816696,0.006786325949384775,3.431921413721284e-12
10560.0,370.55924875108514,0.0,26.439903288423743,25.571899233740822,25.571899233740822,54.63574053000778,4.5454474914563665,0.012488349217179888,0.993171148709097,twophase,twophase,28.019631676188357,29.271342862554018,2141.135950385709,77.93178642126051,0.6956558207009981,0.0,0.006786325952816696,0.006786325949384775,3.431921413721284e-12
10580.0,370.6073002949733,0.0,26.439903288423743,25.5725364562229,25.5725364562229,54.63772294563961,4.54507055150164,0.012485593838942976,0.9933980232836371,twophase,twophase,28.021869566783714,29.27517135230758,2141.135950385709,77.93178642126051,0.6956305802828587,0.0,0.006786325952816696,0.006786325949384775,3.431921413721284e-12
10600.0,370.65538946933646,0.0,26.439903288423743,25.573174119686975,25.573174119686975,54.63970727369931,4.544693337901568,0.012482834761912717,0.9936251158502497,twophase,twophase,28.024103812730537,29.278993978620797,2141.135950385709,77.93178642126051,0.6956053173495724,0.0,0.006786325952816696,0.006786325949384775,3.431921413721284e-12
10620.0,370.703516196921,0.0,26.439903288423743,25.573812222985424,25.573812222985424,54.64169351045585,4.544315851592978,0.01248007198903771,0.9938524260804911,twophase,twophase,28.026334423637117,29.28281075374262,2141.135950385709,77.93178642126051,0.69558003195374,0.0,0.006786325952816696,0.006786325949384775,3.431921413721284e-12
10640.0,370.7516804006565,0.0,26.439903288423743,25.57445076497333,25.57445076497333,54.643681652187524,4.543938093510756,0.01247730552325773,0.9940799536466415,twophase,twophase,28.02856140908581,29.286621689896617,2141.135950385709,77.93178642126051,0.6955547241478339,0.0,0.006786325952816696,0.006786325949384775,3.431921413721284e-12
10660.0,370.7998820036571,0.0,26.439903288423743,25.575089744508567,25.575089744508567,54.64567169517719,4.54356006458794,0.012474535367511206,0.9943076982217004,twophase,twophase,28.030784778633116,29.290426799281004,2141.135950385709,77.93178642126051,0.6955293939842586,0.0,0.006786325952816696,0.006786325949384775,3.431921413721284e-12
10680.0,370.8481209292153,0.0,26.439903288423743,25.575729160451694,25.575729160451694,54.64766363571637,4.543181765755625,0.012471761524728734,0.9945356594793859,twophase,twophase,28.03300454180973,29.2942260940687,2141.135950385709,77.93178642126051,0.6955040415152985,0.0,0.006786325952816696,0.006786325949384775,3.431921413721284e-12
10700.0,370.89639710081497,0.0,26.439903288423743,25.57636901166612,25.57636901166612,54.6496574701031,4.5428031979431225,0.01246898399783652,0.9947638370941352,twophase,twophase,28.035220708120637,29.29801958640739,2141.135950385709,77.93178642126051,0.695478666793145,0.0,0.006786325952816696,0.006786325949384775,3.431921413721284e-12
10720.0,370.9447104421155,0.0,26.439903288423743,25.577009297017923,25.577009297017923,54.65165319464133,4.542424362077802,0.012466202789757248,0.9949922307410987,twophase,twophase,28.037433287045157,29.301807288419546,2141.135950385709,77.93178642126051,0.695453269869905,0.0,0.006786325952816696,0.006786325949384775,3.431921413721284e-12
10740.0,370.9930608769589,0.0,26.439903288423743,25.57765001537588,25.57765001537588,54.653650805639224,4.542045259085132,0.012463417903412937,0.9952208400961422,twophase,twophase,28.039642288037037,29.305589212202506,2141.135950385709,77.93178642126051,0.6954278507976209,0.0,0.006786325952816696,0.006786325949384775,3.431921413721284e-12
10760.0,371.04144832936964,0.0,26.439903288423743,25.57829116561156,25.57829116561156,54.65565029941637,4.541665889888762,0.012460629341713169,0.9954496648358441,twophase,twophase,28.041847720524505,29.3093653698285,2141.135950385709,77.93178642126051,0.6954024096281808,0.0,0.006786325952816696,0.006786325949384775,3.431921413721284e-12
10780.0,371.0898727235542,0.0,26.439903288423743,25.578932746599225,25.578932746599225,54.657651672296865,4.541286255410453,0.012457837107566386,0.9956787046374931,twophase,twophase,28.044049593910348,29.313135773344722,2141.135950385709,77.93178642126051,0.6953769464134052,0.0,0.006786325952816696,0.006786325949384775,3.431921413721284e-12
10800.0,371.13833398389716,0.0,26.439903288423743,25.579574757215838,25.579574757215838,54.65965492061379,4.540906356570088,0.01245504120387249,0.9959079591790859,twophase,twophase,28.04624791757198,29.316900434773355,2141.135950385709,77.93178642126051,0.6953514612049905,0.0,0.006786325952816696,0.006786325949384775,3.431921413721284e-12
10820.0,371.1868320349644,0.0,26.439903288423743,25.58021719634105,25.58021719634105,54.66166004070171,4.54052619428566,0.012452241633535083,0.9961374281393294,twophase,twophase,28.048442700861504,29.320659366111645,2141.135950385709,77.93178642126051,0.6953259540546041,0.0,0.006786325952816696,0.006786325949384775,3.431921413721284e-12
10840.0,371.23536680149846,0.0,26.439903288423743,25.58086006285723,25.58086006285723,54.663667028906275,4.5401457694733285,0.012449438399445931,0.9963671111976332,twophase,twophase,28.050633953105798,29.324412579331927,2141.135950385709,77.93178642126051,0.6953004250137628,0.0,0.006786325952816696,0.006786325949384775,3.431921413721284e-12
10860.0,371.2839382084256,0.0,26.439903288423743,25.581503355649442,25.581503355649442,54.66567588157761,4.539765083047377,0.01244663150449552,0.9965970080341137,twophase,twophase,28.052821683606563,29.32816008638169,2141.135950385709,77.93178642126051,0.6952748741339164,0.0,0.006786325952816696,0.006786325949384775,3.431921413721284e-12
10880.0,371.3325461808473,0.0,26.439903288423743,25.582147073605423,25.582147073605423,54.66768659507395,4.5393841359202245,0.012443820951567337,0.9968271183295893,twophase,twophase,28.05500590164041,29.331901899183617,2141.135950385709,77.93178642126051,0.6952493014664018,0.0,0.006786325952816696,0.006786325949384775,3.431921413721284e-12
10900.0,371.381190644044,0.0,26.439903288423743,25.58279121561559,25.58279121561559,54.669699165760946,4.539002929002432,0.012441006743538761,0.9970574417655788,twophase,twophase,28.05718661645891,29.335638029635643,2141.135950385709,77.93178642126051,0.6952237070624517,0.0,0.006786325952816696,0.006786325949384775,3.431921413721284e-12
10920.0,371.42987152347683,0.0,26.439903288423743,25.583435780573083,25.583435780573083,54.671713590008466,4.538621463202755,0.012438188883286625,0.9972879780243002,twophase,twophase,28.05936383728868,29.33936848961099,2141.135950385709,77.93178642126051,0.6951980909732348,0.0,0.006786325952816696,0.006786325949384775,3.431921413721284e-12
10940.0,371.47858874478044,0.0,26.439903288423743,25.584080767373617,25.584080767373617,54.67372986419383,4.538239739428001,0.01243536737368143,0.9975187267886718,twophase,twophase,28.06153757333144,29.343093290958233,2141.135950385709,77.93178642126051,0.6951724532498158,0.0,0.006786325952816696,0.006786325949384775,3.431921413721284e-12
10960.0,371.5273422337655,0.0,26.439903288423743,25.58472617491561,25.58472617491561,54.6757479847016,4.537857758583169,0.012432542217588086,0.9977496877423057,twophase,twophase,28.06370783376408,29.346812445501335,2141.135950385709,77.93178642126051,0.695146793943157,0.0,0.006786325952816696,0.006786325949384775,3.431921413721284e-12
10980.0,371.57613191642605,0.0,26.439903288423743,25.585372002100186,25.585372002100186,54.6777679479242,4.537475521571465,0.012429713417864795,0.9979808605695091,twophase,twophase,28.065874627738744,29.350525965039697,2141.135950385709,77.93178642126051,0.6951211131041108,0.0,0.006786325952816696,0.006786325949384775,3.431921413721284e-12
11000.0,371.6249577189215,0.0,26.439903288423743,25.586018247830992,25.586018247830992,54.67978975025643,4.537093029294116,0.012426880977371857,0.9982122449552838,twophase,twophase,28.068037964382874,29.354233861348217,2141.135950385709,77.93178642126051,0.6950954107834897,0.0,0.006786325952816696,0.006786325949384775,3.431921413721284e-12
11020.0,371.67381956759516,0.0,26.439903288423743,25.586664911014417,25.586664911014417,54.681813388105354,4.536710282650612,0.012424044898955686,0.9984438405853214,twophase,twophase,28.070197852799293,29.357936146177323,2141.135950385709,77.93178642126051,0.6950696870319402,0.0,0.006786325952816696,0.006786325949384775,3.431921413721284e-12
11040.0,371.72271738896455,0.0,26.439903288423743,25.58731199055948,25.58731199055948,54.68383885787868,4.536327282538591,0.012421205185467694,0.9986756471460054,twophase,twophase,28.072354302066266,29.361632831253033,2141.135950385709,77.93178642126051,0.6950439419000906,0.0,0.006786325952816696,0.006786325949384775,3.431921413721284e-12
11060.0,371.7716511097167,0.0,26.439903288423743,25.58795948537775,25.58795948537775,54.68586615599556,4.535944029853772,0.012418361839746588,0.9989076643244053,twophase,twophase,28.07450732123757,29.365323928277,2141.135950385709,77.93178642126051,0.6950181754384139,0.0,0.006786325952816696,0.006786325949384775,3.431921413721284e-12
11080.0,371.8206206567186,0.0,26.439903288423743,25.588607394383512,25.588607394383512,54.687895278879154,4.535560525490129,0.012415514864630729,0.9991398918082804,twophase,twophase,28.076656919342557,29.36900944892656,2141.135950385709,77.93178642126051,0.6949923876973224,0.0,0.006786325952816696,0.006786325949384775,3.431921413721284e-12
11100.0,371.86962595700777,0.0,26.439903288423743,25.5892557164936,25.5892557164936,54.68992622296001,4.535176770339735,0.012412664262952223,0.9993723292860733,twophase,twophase,28.07880310538623,29.372689404854775,2141.135950385709,77.93178642126051,0.6949665787271241,0.0,0.006786325952816696,0.006786325949384775,3.431921413721284e-12
11120.0,371.91866693780065,0.0,26.439903288423743,25.589904450627536,25.589904450627536,54.69195898467561,4.534792765292902,0.012409810037538124,0.9996049764469107,twophase,twophase,28.080945888349287,29.376363807690492,2141.135950385709,77.93178642126051,0.6949407485780295,0.0,0.006786325952816696,0.006786325949384775,3.431921413721284e-12
11140.0,371.9677435264768,0.0,26.439903288423743,25.59055359570733,25.59055359570733,54.69399356046824,4.534408511238002,0.012406952191213405,0.9998378329806019,twophase,twophase,28.083085277188218,29.38003266903838,2141.135950385709,77.93178642126051,0.6949148973001772,0.0,0.006786325952816696,0.006786325949384775,3.431921413721284e-12
11160.0,372.02389163186405,0.0,26.439903288423743,25.59129620333093,25.5936189571894,54.69839494279042,4.533577586273902,0.012400296904302055,,twophase,gas,28.085221318649033,29.38369646515513,2141.1359502293517,77.93178657761744,0.6948589799570245,7.817857294867282e-09,0.006786482309962594,0.0067864823063175095,3.645084234449314e-12
11180.0,372.09613987344636,0.0,26.439903288423743,25.592251633584702,25.602209826452075,54.70819981614723,4.531728239111328,0.012384972389909793,,twophase,gas,28.08735454504401,29.387361639822362,2141.1359477499327,77.93178905703631,0.6947344456397777,1.2397094906191342e-07,0.006788961728943832,0.006788961725185061,3.75877107217093e-12
11200.0,372.16836643915366,0.0,26.439903288423743,25.59320664707984,25.61079597528006,54.71799026638472,4.529883942423446,0.012369669569164498,,twophase,gas,28.08948514718089,29.391030443518382,2141.135942188308,77.93179461866107,0.6946101380453185,2.780812337732641e-07,0.006794523353619297,0.006794523349945791,3.673505943879718e-12
11220.0,372.2405713340686,0.0,26.439903288423743,25.594161244043875,25.619377382231,54.72776629453813,4.5280446823722915,0.012354388433403111,,twophase,gas,28.091613131758447,29.394702865000117,2141.1359335459924,77.93180326097668,0.6944860569410422,4.3211578031332466e-07,0.006803165669225564,0.006803165665552058,3.673505943879718e-12
11240.0,372.3127545612581,0.0,26.439903288423743,25.59511542467747,25.62795402543722,54.737527900999346,4.526210445329881,0.012339128975027992,,twophase,gas,28.093738505455864,29.398378893028575,2141.13592182451,77.9318149824589,0.6943622021030422,5.860741111973767e-07,0.006814887151449511,0.006814887147776005,3.673505943879718e-12
11260.0,372.38491612424014,0.0,26.439903288423743,25.59606918918713,25.636525883247508,54.747275086345894,4.52438121769033,0.012323891186176897,,twophase,gas,28.095861274932787,29.40205851636842,2141.1359070253948,77.9318297815744,0.6942385733055816,7.399557716780691e-07,0.006829686266883073,0.00682968626326641,3.61666252501891e-12
11280.0,372.4570560270366,0.0,26.439903288423743,25.597022537785822,25.645092934236082,54.75700785135833,4.522556985867405,0.012308675058695342,,twophase,gas,28.09798144682939,29.40574172378771,2141.1358891501886,77.93184765678075,0.6941151703208762,8.937603070080513e-07,0.006847561473023234,0.006847561469619734,3.40349970429088e-12
11300.0,372.5291742740972,0.0,26.439903288423743,25.597975470692035,25.653655157187337,54.766726196995734,4.520737736298533,0.012293480584175925,,twophase,gas,28.10009902776645,29.40942850405767,2141.135868200443,77.93186860652663,0.6939919929194079,1.0474872851773398e-06,0.0068685112187267805,0.006868511215508022,3.218758592993254e-12
11320.0,372.60127087033175,0.0,26.439903288423743,25.59892798813015,25.662212531102245,54.77643012439771,4.518923455442913,0.012278307753955213,,twophase,gas,28.102214024345407,29.41311884595249,2141.135844177718,77.93189262925183,0.6938690408699031,1.2011362514385836e-06,0.006892533943755552,0.006892533940707324,3.0482283364108298e-12
11340.0,372.67334582110226,0.0,26.439903288423743,25.599880090330362,25.670765035195004,54.786119634890746,4.517114129782442,0.01226315655910359,,twophase,gas,28.104326443148427,29.416812738249146,2141.1358170835824,77.93191972338732,0.6937463139392545,1.3547067737817998e-06,0.006919628079231188,0.006919628076197171,3.0340174816956278e-12
11360.0,372.7453991322055,0.0,26.439903288423743,25.600831777528434,25.679312648891486,54.79579472997476,4.515309745821799,0.012248026990446803,,twophase,gas,28.106436290738472,29.42051016972724,2141.1357869196145,77.93194988735537,0.6936238118926944,1.508198397459637e-06,0.006949792047180381,0.006949792044245839,2.9345414986892138e-12
11380.0,372.8174308099006,0.0,26.439903288423743,25.60178304996603,25.687855351828183,54.80545541133275,4.5135102900891315,0.012232919038550661,,twophase,gas,28.10854357365937,29.42421112916887,2141.1357536874,77.93198311956965,0.6935015344936757,1.6616107131994795e-06,0.0069830242614443705,0.00698302425852404,2.9203306439740118e-12
11400.0,372.8894408608781,0.0,26.439903288423743,25.602733907890382,25.69639312385049,54.8151016808237,4.511715749135983,0.012217832693732375,,twophase,gas,28.110648298435876,29.427915605358518,2141.1357173885344,77.93201941843525,0.693379481503964,1.8149432889913442e-06,0.007019323127224197,0.007019323124119126,3.105071755271638e-12
11420.0,372.9614292922555,0.0,26.439903288423743,25.603684351554133,25.704925945011226,54.824733540473126,4.509926109537591,0.012202767946075868,,twophase,gas,28.112750471573733,29.43162358708294,2141.135678024621,77.9320587823488,0.6932576526837605,1.96819567008788e-06,0.007058687040625955,0.007058687037677203,2.9487523534044158e-12
11440.0,373.0333961115903,0.0,26.439903288423743,25.60463438121557,25.71345379556954,54.83435099248528,4.508141357893294,0.012187724785412,,twophase,gas,28.114850099559742,29.435335063131102,2141.135635597271,77.93210120969859,0.6931360477915496,2.1213674926912064e-06,0.007101114390479779,0.0071011143874599725,3.0198066269804258e-12
11460.0,373.1053413268671,0.0,26.439903288423743,25.605583997138424,25.72197665598948,54.84395403923187,4.506361480826663,0.012172703201336899,,twophase,gas,28.116947188861825,29.43905002229411,2141.135590108105,77.93214669886454,0.6930146665842445,2.2744583020539722e-06,0.0071466035565208585,0.007146603553415787,3.105071755271638e-12
11480.0,373.17726494649645,0.0,26.439903288423743,25.60653319959185,25.730494506938804,54.85354268325287,4.504586464985747,0.012157703183210735,,twophase,gas,28.119041745929085,29.442768453365154,2141.1355415587514,77.93219524821839,0.6928935088171797,2.427467688903562e-06,0.00719515291029893,0.007195152907264912,3.0340174816956278e-12
11500.0,373.24916698465046,0.0,26.439903288423743,25.60748198892085,25.73900733050057,54.86311692905593,4.5028162967100025,0.012142724717273106,,twophase,gas,28.121133777193254,29.44649034515137,2141.1354899508424,77.93224685612739,0.6927725742213898,2.580395448603667e-06,0.007246760819271003,0.007246760816265407,3.0055957722652238e-12
11520.0,373.32104743558386,0.0,26.439903288423743,25.608430365207404,25.74751510434164,54.87267677445911,4.501050963632402,0.012127767800520672,,twophase,gas,28.123223289063322,29.450215686426898,2141.13543528603,77.93230152093992,0.6926518626129368,2.733240626184852e-06,0.0073014256317947,0.007301425628789104,3.0055957722652238e-12
11540.0,373.3929063220219,0.0,26.439903288423743,25.60937832890897,25.75601781269672,54.88222222689599,4.499290451661282,0.012112832414570363,,twophase,gas,28.125310287933562,29.453944466001673,2141.135377565963,77.93235924100676,0.6925313736870085,2.8860033353339532e-06,0.007359145698501379,0.007359145695637892,2.8634872251132037e-12
11560.0,373.46474364811047,0.0,26.439903288423743,25.61032588023765,25.76451543568908,54.89175328756633,4.497534747913713,0.012097918551065326,,twophase,gas,28.127394780178477,29.45767667267722,2141.135316792302,77.93242001466761,0.6924111072180581,3.0386830530915177e-06,0.00741991935956321,0.0074199193564865595,3.076650045841234e-12
11580.0,373.53655943007595,0.0,26.439903288423743,25.611273019564717,25.77300795628865,54.90126996176006,4.495783838806931,0.012083026195126629,,twophase,gas,28.129476772153993,29.46141229525634,2141.1352529667156,77.9324838402541,0.692291062929483,3.1912793247101946e-06,0.0074837449460574135,0.007483744942966553,3.090860900556436e-12
11600.0,373.6083536755528,0.0,26.439903288423743,25.612219747147883,25.781495355621658,54.910772251896184,4.494037711341688,0.012068155336510605,,twophase,gas,28.131556270197727,29.46515132254507,2141.1351860908794,77.93255071609043,0.6921712405814591,3.3437918091294706e-06,0.007550620782240003,0.007550620779305461,2.9345414986892138e-12
11620.0,373.6801263958322,0.0,26.439903288423743,25.61316606329288,25.78997761574579,54.9202601616492,4.492296352343103,0.012053305962994887,,twophase,gas,28.133633280628846,29.468893743350748,2141.135116166477,77.93262064049296,0.6920516399188807,3.4962201198140972e-06,0.007620545184636285,0.007620545181829641,2.8066438062523957e-12
11640.0,373.75187760260485,0.0,26.439903288423743,25.614111968310525,25.7984547189127,54.929733694847954,4.490559748662253,0.012038478062143669,,twophase,gas,28.13570780974819,29.472639546482796,2141.1350431951996,77.93269361177036,0.6919322606852567,3.648563870228827e-06,0.007693516462040861,0.0076935164592342176,2.8066438062523957e-12
11660.0,373.8236073079435,0.0,26.439903288423743,25.61505746251644,25.806926647566442,54.93919285547035,4.4888278871762175,0.012023671621315901,,twophase,gas,28.137779863838357,29.476388720752745,2141.134967178746,77.93276962822384,0.6918131026227794,3.800822673838411e-06,0.00776953291551763,0.007769532912710986,2.8066438062523957e-12
11680.0,373.8953155243322,0.0,26.439903288423743,25.61600254623142,25.81539338434301,54.94863764765487,4.487100754788536,0.012008886627646995,,twophase,gas,28.139849449163748,29.480141254974285,2141.134888118823,77.9328486881471,0.6916941654721817,3.952996166844969e-06,0.007848592838854529,0.007848592835976831,2.8776980798284058e-12
11700.0,373.96700226462417,0.0,26.439903288423743,25.616947219780965,25.823854912068523,54.958068075685006,4.485378338428936,0.011994123068073622,,twophase,gas,28.141916571970633,29.483897137963314,2141.1348060171435,77.93293078982649,0.6915754489729349,4.105083962713252e-06,0.007930694518108794,0.007930694515358994,2.7498003873915877e-12
11720.0,374.0386675420749,0.0,26.439903288423743,25.6178914834956,25.832311213758672,54.967484143996515,4.483660625053876,0.011979380929322356,,twophase,gas,28.143981238487214,29.487656358537993,2141.134720875429,77.93301593154102,0.6914569528631587,4.257085720382747e-06,0.008015836232516449,0.008015836229894546,2.6219026949547697e-12
11740.0,374.1103113703075,0.0,26.439903288423743,25.618835337710493,25.84076227261716,54.97688585717585,4.481947601646312,0.011964660197911732,,twophase,gas,28.146043454923678,29.491418905518806,2141.1346326954076,77.93310411156249,0.6913386768796438,4.409001076055574e-06,0.00810401625403756,0.008104016251358814,2.6787461138155777e-12
11760.0,374.18193376333534,0.0,26.439903288423743,25.619778782765717,25.84920807203499,54.986273219954995,4.480239255216097,0.01194996086016096,,twophase,gas,28.148103227472266,29.49518476772863,2141.1345414788148,77.9331953281555,0.6912206207579183,4.560829643196484e-06,0.00819523284690149,0.008195232844379063,2.5224267119483557e-12
11780.0,374.25353473554264,0.0,26.439903288423743,25.620721819006004,25.85764859558912,54.99564623721296,4.478535572799945,0.011935282902187294,,twophase,gas,28.150160562307327,29.498953933992805,2141.1344472273927,77.9332895795776,0.6911027842322305,4.712571103482332e-06,0.008289484268971137,0.008289484266477132,2.4940050025179517e-12
11800.0,374.3251143016879,0.0,26.439903288423743,25.621664446780777,25.86608382704149,55.005004913970254,4.476836541461594,0.011920626309914972,,twophase,gas,28.152215465585385,29.502726393139206,2141.134349942891,77.9333868640793,0.6909851670356196,4.864225093115237e-06,0.008386768770833442,0.008386768768168906,2.6645352591003757e-12
11820.0,374.3966724768988,0.0,26.439903288423743,25.622606666444096,25.87451375033793,55.01434925539688,4.4751421482919005,0.011905991069062215,,twophase,gas,28.154267943445184,29.50650213399832,2141.134249627066,77.93348717990413,0.6908677688998183,5.015791248297319e-06,0.008487084595799388,0.008487084593006955,2.7924329515371937e-12
11840.0,374.4682092766742,0.0,26.439903288423743,25.623548478354667,25.88293834960717,55.023679266802546,4.473452380408998,0.011891377165157107,,twophase,gas,28.156318002007758,29.510281145403347,2141.1341462816813,77.93359052528882,0.6907505895553765,5.167269227968063e-06,0.00859042998035875,0.008590429977694214,2.6645352591003757e-12
11860.0,374.53972471686956,0.0,26.439903288423743,25.62448988287564,25.891357609159584,55.03299495363628,4.47176722495827,0.01187678458353812,,twophase,gas,28.158365647376492,29.514063416190258,2141.134039908507,77.93369689846323,0.6906336287316674,5.318658713804325e-06,0.008696803154634836,0.008696803152098198,2.5366375666635577e-12
11880.0,374.61121881370474,0.0,26.439903288423743,25.625430880374726,25.899771513486385,55.04229632149005,4.470086669112568,0.011862213309348224,,twophase,gas,28.16041088563717,29.517848935197904,2141.1339305093197,77.9338062976505,0.6905168861568448,5.469959364745591e-06,0.008806202341929747,0.008806202339378899,2.5508484213787597e-12
11900.0,374.68269158376376,0.0,26.439903288423743,25.626371471224196,25.90818004725854,55.05158337609213,4.468410700072323,0.011847663327545615,,twophase,gas,28.162453722858043,29.521637691268108,2141.133818085903,77.93391872106713,0.6904003615579265,5.621170839731349e-06,0.008918625758724374,0.008918625756002996,2.7213786779611837e-12
11920.0,374.75414304396946,0.0,26.439903288423743,25.627311655800515,25.916583195325444,55.060856123308994,4.466739305065413,0.011833134622900513,,twophase,gas,28.164494165089888,29.525429673245757,2141.133702640047,77.934034166923,0.690284054660773,5.772292797701084e-06,0.009034071614678396,0.009034071611871752,2.8066438062523957e-12
11940.0,374.8255732116178,0.0,26.439903288423743,25.62825143448482,25.924980942714445,55.070114569144934,4.4650724713476295,0.01181862717999593,,twophase,gas,28.166532218366054,29.529224869978894,2141.1335841735486,77.93415263342148,0.6901679651900935,5.923324920331652e-06,0.00915253811308503,0.00915253811034944,2.7355895326763857e-12
11960.0,374.8969821043336,0.0,26.439903288423743,25.629190807662322,25.933373274629204,55.07935871973684,4.463410186202325,0.011804140983235864,,twophase,gas,28.168567888702533,29.533023270318825,2141.133462688211,77.93427411875946,0.6900520928695126,6.0742668892999065e-06,0.009274023450871027,0.00927402344833439,2.5366375666635577e-12
11980.0,374.96836974010364,0.0,26.439903288423743,25.63012977572274,25.941760176449236,55.088588581360604,4.461752436940874,0.011789676016834946,,twophase,gas,28.170601182098007,29.536824863120223,2141.1333381858426,77.93439862112749,0.6899364374214915,6.22511840902007e-06,0.009398525819051429,0.009398525816358472,2.6929569685307797e-12
12000.0,375.0397361372453,0.0,26.439903288423743,25.631068339059894,25.95014163372842,55.09780416041765,4.460099210902449,0.01177523226484026,,twophase,gas,28.172632104533918,29.540629637241228,2141.1332106682603,77.93452613870974,0.689820998567498,6.37587911569426e-06,0.009526043401365314,0.009526043398615514,2.7498003873915877e-12
12020.0,375.1110813144293,0.0,26.439903288423743,25.632006498071977,25.95851763219449,55.107005463450044,4.458450495454361,0.011760809711106868,,twophase,gas,28.174660661974503,29.544437581543555,2141.133080137286,77.93465666968419,0.689705776027819,6.526548713736702e-06,0.009656574375640048,0.009656574373060778,2.5792701308091637e-12
12040.0,375.1824052906469,0.0,26.439903288423743,25.632944253161146,25.966888157747427,55.116192497119954,4.456806277991824,0.011746408339330798,,twophase,gas,28.17668686036688,29.548248684892606,2141.1329465947474,77.9347902122226,0.6895907695218181,6.677126930298982e-06,0.009790116914246028,0.009790116911467805,2.7782220968219917e-12
12060.0,375.2537080852407,0.0,26.439903288423743,25.633881604733926,25.97525319645916,55.12536526823032,4.4551665459383445,0.011732028133015713,,twophase,gas,28.178710705641073,29.552062936157572,2141.1328100424794,77.93492676449061,0.6894759787676789,6.8276134015832214e-06,0.009926669182277692,0.009926669179485259,2.7924329515371937e-12
12080.0,375.3249897178752,0.0,26.439903288423743,25.63481855320079,25.98361273457199,55.13452378370588,4.45353128674556,0.011717669075503563,,twophase,gas,28.1807322037101,29.55588032421155,2141.1326704823223,77.93506632464785,0.6893614034826432,6.978007854741009e-06,0.010066229339372512,0.010066229336722188,2.6503244043851737e-12
12100.0,375.39625020854385,0.0,26.439903288423743,25.635755098976297,25.99196675849793,55.14366805059802,4.451900487893345,0.01170333114996663,,twophase,gas,28.182751360470004,29.559700837931654,2141.1325279161224,77.93520889084792,0.6892470433829518,7.128309994186565e-06,0.010208795539256244,0.01020879553679066,2.4655832930875476e-12
12120.0,375.4674895775726,0.0,26.439903288423743,25.636691242479074,26.000315254817668,55.152798076090555,4.450274136889981,0.011689014339398092,,twophase,gas,28.18476818179992,29.563524466199134,2141.132382345732,77.93535446123853,0.6891328981837729,7.278519524334115e-06,0.010354365929742926,0.01035436592740524,2.3376856006507296e-12
12140.0,375.53870784560206,0.0,26.439903288423743,25.637626984131654,26.008658210279513,55.161913867487506,4.44865222127202,0.01167471862663179,,twophase,gas,28.18678267356213,29.567351197899477,2141.132233773009,77.93550303396154,0.6890189675993562,7.428636149597878e-06,0.010502938652734883,0.010502938650411409,2.3234747459355276e-12
12160.0,375.60990503359886,0.0,26.439903288423743,25.638562324360546,26.016995611798457,55.17101543221679,4.447034728604543,0.011660443994336163,,twophase,gas,28.18879484160212,29.571181021922538,2141.1320821998174,77.93565460715301,0.6889052513429879,7.578659574392077e-06,0.010654511844222725,0.01065451184188504,2.3376856006507296e-12
12180.0,375.6810811628457,0.0,26.439903288423743,25.63949726359615,26.02532744645528,55.180102777833014,4.445421646481064,0.01164619042500977,,twophase,gas,28.190804691748625,29.57501392716265,2141.131927628027,77.9358091789433,0.6887917491269567,7.728589525868302e-06,0.010809083634740091,0.010809083632175032,2.5650592760939617e-12
12200.0,375.7522362549412,0.0,26.439903288423743,25.640431802272772,26.03365370149556,55.18917591201193,4.44381296252365,0.011631957900989972,,twophase,gas,28.192812229813693,29.578849902518748,2141.131770059513,77.9359667474571,0.6886784606626246,7.878425685703406e-06,0.010966652148454159,0.010966652145974365,2.4797941478027496e-12
12220.0,375.823370331792,0.0,26.439903288423743,25.641365940828425,26.04197436432858,55.19823484254718,4.442208664382918,0.011617746404458507,,twophase,gas,28.19481746159274,29.58268893689447,2141.1316094961567,77.93612731081352,0.6885653856604673,8.028167826523713e-06,0.011127215504984633,0.011127215502391152,2.5934809855243657e-12
12240.0,375.89448341561933,0.0,26.439903288423743,25.642299679705037,26.050289422526653,55.20727957735838,4.4406087397381375,0.01160355591742792,,twophase,gas,28.19682039286461,29.5865310191983,2141.131445939844,77.93629086712613,0.6884525238299753,8.17781563000608e-06,0.011290771817584755,0.011290771815005485,2.5792701308091637e-12
12260.0,375.9655755289463,0.0,26.439903288423743,25.643233019348187,26.05859886382379,55.216310124478795,4.439013176297248,0.011589386421761716,,twophase,gas,28.198821029391603,29.590376138343675,2141.131279392467,77.93645741450305,0.6883398748798082,8.327368846039462e-06,0.011457319194505544,0.011457319191926274,2.5792701308091637e-12
12280.0,376.036646694601,0.0,26.439903288423743,25.644165960207168,26.066902676115163,55.22532649206131,4.437421961796844,0.011575237899164537,,twophase,gas,28.200819376919565,29.5942242832491,2141.131109855923,77.93662695104699,0.688227438517721,8.476827201775449e-06,0.011626855738541053,0.011626855735862307,2.6787461138155777e-12
12300.0,376.10769699088655,0.0,26.439903288423743,25.6450985034591,26.075200860189945,55.23432870695589,4.43583508071136,0.011561110301444612,,twophase,gas,28.202815441179354,29.598075442851137,2141.130937332111,77.93679947485928,0.6881152142191239,8.626190606264572e-06,0.011799379550666345,0.011799379548158129,2.5082158572331537e-12
12320.0,376.1787263342311,0.0,26.439903288423743,25.64603064815617,26.08349337957423,55.243316741528005,4.434252527220177,0.011547003667658687,,twophase,gas,28.204809227882972,29.601929606069348,2141.130761822941,77.93697498402912,0.6880032021388702,8.775458491072641e-06,0.011974888720487797,0.011974888717993792,2.4940050025179517e-12
12340.0,376.2497348003381,0.0,26.439903288423743,25.64696239544089,26.0917802346304,55.25229062177414,4.432674286043304,0.011532917951045605,,twophase,gas,28.206800742726898,29.605786761835756,2141.1305833303277,77.93715347664265,0.6878914017641098,8.924630674300715e-06,0.012153381333973812,0.01215338133152244,2.4513724383723456e-12
12360.0,376.3207224132303,0.0,26.439903288423743,25.647893745777093,26.100061413889073,55.26125035631175,4.43110034503237,0.011518853132696504,,twophase,gas,28.208789991391626,29.609646899090425,2141.1304018561887,77.93733495078162,0.687779812799161,9.073706951312489e-06,0.012334855473000061,0.012334855470491846,2.5082158572331537e-12
12380.0,376.39168919721936,0.0,26.439903288423743,25.648824699632115,26.108336906037113,55.27019595387272,4.429530692067883,0.011504809193551832,,twophase,gas,28.21077697954145,29.613510006779105,2141.1302174024477,77.9375194045227,0.6876684349475076,9.222687049259548e-06,0.012519309213985252,0.012519309211576513,2.4087398742267396e-12
12400.0,376.4626351769106,0.0,26.439903288423743,25.649755257476865,26.116606699916954,55.27912742330184,4.427965315059289,0.01149078611440363,,twophase,gas,28.212761712824513,29.617376073853343,2141.130029971033,77.93770683593753,0.6875572679118165,9.37157074076822e-06,0.012706740628800617,0.012706740626406088,2.3945290195115376e-12
12420.0,376.5335603771821,0.0,26.439903288423743,25.650685419785525,26.124870784525225,55.288044773548926,4.426404201944857,0.011476783875908095,,twophase,gas,28.214744196872854,29.621245089270623,2141.129839563878,77.93789724309278,0.6874463113940368,9.520357752990095e-06,0.012897147783860419,0.01289714778165063,2.2097879082139116e-12
12440.0,376.60446482320026,0.0,26.439903288423743,25.651615187035777,26.133129149012213,55.29694801368253,4.424847340691903,0.011462802458563575,,twophase,gas,28.216724437302474,29.62511704199447,2141.12964618292,77.93809062405019,0.6873355650952305,9.66904788128886e-06,0.013090528741486196,0.013090528739063245,2.4229507289419416e-12
12460.0,376.6753485404205,0.0,26.439903288423743,25.652544559708762,26.14138178268093,55.30583715287295,4.423294719296817,0.011448841842737891,,twophase,gas,28.21870243971338,29.628991920994594,2141.1294498301036,77.9382869768667,0.6872250287157843,9.817640830078744e-06,0.01328688155808777,0.013286881555579555,2.5082158572331537e-12
12480.0,376.7462115545634,0.0,26.439903288423743,25.65347353828885,26.149628674985937,55.314712200408735,4.421746325784873,0.011434902008641402,,twophase,gas,28.220678209689627,29.632869715246986,2141.1292505073757,77.93848629959444,0.6871147019552037,9.966136394723435e-06,0.01348620428598224,0.013486204283317704,2.6645352591003757e-12
12500.0,376.81705389162903,0.0,26.439903288423743,25.65440212326373,26.157869815532692,55.323573165674375,4.4202021482104366,0.011420982936363266,,twophase,gas,28.222651752799393,29.636750413734067,2141.129048216689,77.9386885902808,0.6870045845123931,1.011453432511189e-05,0.013688494972484477,0.013688494969677834,2.8066438062523957e-12
12520.0,376.88787546211046,0.0,26.439903288423743,25.655330313607074,26.166105167231656,55.33242001917838,4.418662181486975,0.01140708466823741,,twophase,gas,28.22462307459199,29.640634005417528,2141.12884296001,77.93889384696016,0.6868946765694527,1.0262833961860452e-05,0.013893751651721686,0.01389375164902873,2.6929569685307797e-12
12540.0,376.9586765181225,0.0,26.439903288423743,25.656258112769464,26.17433477227152,55.34125284646787,4.417126400414797,0.011393207062532856,,twophase,gas,28.226592180606215,29.644520479313304,2141.1286347392934,77.93910206767686,0.68678497688082,1.0411035827928571e-05,0.014101972368280258,0.01410197236572941,2.5508484213787597e-12
12560.0,377.0294569764545,0.0,26.439903288423743,25.657185519806305,26.182558595210487,55.35007162022059,4.415594799630644,0.011379350158176921,,twophase,gas,28.228559076363457,29.648409824429013,2141.128423556504,77.93931325046609,0.6866754856029889,1.0559139468568901e-05,0.014313155157651636,0.014313155154958679,2.6929569685307797e-12
12580.0,377.10021686416275,0.0,26.439903288423743,25.65811253521791,26.19077662624669,55.35887635023944,4.414067367305369,0.011365513934716482,,twophase,gas,28.230523767368837,29.652302029773896,2141.128209413613,77.9395273933569,0.6865662024320273,1.0707144542720926e-05,0.014527298048506054,0.014527298045770465,2.7355895326763857e-12
12600.0,377.17095620858544,0.0,26.439903288423743,25.65903915950801,26.198988855724824,55.367667046436935,4.412544091639183,0.011351698371554756,,twophase,gas,28.23248625911184,29.656197084364216,2141.1279923125962,77.93974449437393,0.6864571270632328,1.0855050845748337e-05,0.014744399065421021,0.014744399062799118,2.6219026949547697e-12
12620.0,377.241675037304,0.0,26.439903288423743,25.659965393183207,26.207195274134747,55.376443718826586,4.411024960861261,0.011337903447964834,,twophase,gas,28.23444655706637,29.660094977223384,2141.127772255433,77.93996455153743,0.6863482591912405,1.1002858173014829e-05,0.014964456228881318,0.014964456226302048,2.5792701308091637e-12
12640.0,377.3123733781728,0.0,26.439903288423743,25.66089123675337,26.21539587211108,55.385206377526025,4.409509963230092,0.011324129143084798,,twophase,gas,28.23640466669079,29.66399569738208,2141.127549244107,77.94018756286333,0.6862395985099846,1.1150566297146725e-05,0.015187467554824252,0.01518746755220235,2.6219026949547697e-12
12660.0,377.3830512592896,0.0,26.439903288423743,25.66181669073123,26.22359064043194,55.39395503274767,4.407999087033207,0.01131037543593264,,twophase,gas,28.238360593427995,29.667899233878373,2141.127323280607,77.9404135263633,0.6861311447128142,1.1298174990770349e-05,0.015413431054639659,0.015413431052174076,2.4655832930875476e-12
12680.0,377.45370870900535,0.0,26.439903288423743,25.662741755632553,26.231779570018208,55.40268969480796,4.40649232058733,0.011296642305391144,,twophase,gas,28.240314342705428,29.671805575757837,2141.1270943669256,77.9406424400448,0.6860228974923795,1.1445684071986761e-05,0.015642344736079394,0.015642344733670654,2.4087398742267396e-12
12700.0,377.52434575592105,0.0,26.439903288423743,25.663666431976015,26.239962651932608,55.41141037411637,4.404989652238374,0.011282929730225688,,twophase,gas,28.242265919935168,29.675714712073678,2141.1268625050593,77.94087430191114,0.6859148565407681,1.1593093313422287e-05,0.01587420660234784,0.015874206600010154,2.3376856006507296e-12
12720.0,377.5949624288891,0.0,26.439903288423743,25.664590720283325,26.248139877378996,55.420117081186596,4.403491070361469,0.011269237689066123,,twophase,gas,28.244215330513946,29.679626631886848,2141.126627697009,77.94110910996153,0.6858070215493666,1.1740402510440617e-05,0.016109014652556652,0.016109014650403708,2.1529444893531036e-12
12740.0,377.66555875700533,0.0,26.439903288423743,25.66551462107901,26.25631123770133,55.42880982662427,4.401996563360934,0.011255566160426438,,twophase,gas,28.246162579823217,29.68354132426617,2141.1263899447795,77.94134686219114,0.6856993922090128,1.1887611481142813e-05,0.01634676688217951,0.016346766880012353,2.1671553440683056e-12
12760.0,377.7361347696014,0.0,26.439903288423743,25.66643813489041,26.26447672438269,55.437488621132104,4.400506119670217,0.011241915122696308,,twophase,gas,28.248107673229203,29.68745877828845,2141.1261492503795,77.94158755659117,0.6855919682099326,1.2034719998155196e-05,0.016587461282142613,0.01658746128004651,2.0961010704922955e-12
12780.0,377.80669049625953,0.0,26.439903288423743,25.66736126224778,26.272636329044758,55.446153475509504,4.3990197277520835,0.011228284554141882,,twophase,gas,28.250050616082934,29.6913789830386,2141.125905615822,77.94183119114888,0.6854847492417451,1.2181727879578829e-05,0.01683109583973419,0.016831095837751775,1.9824142327706795e-12
12800.0,377.87722596678867,0.0,26.439903288423743,25.66828400368407,26.28079004344659,55.454804400646296,4.397537376098386,0.011214674432915506,,twophase,gas,28.251991413720308,29.69530192760976,2141.125659043123,77.94207776384764,0.6853777349935399,1.2328634943514771e-05,0.017077668538604485,0.017077668536508384,2.0961010704922955e-12
12820.0,377.9477412112407,0.0,26.439903288423743,25.669206359735046,26.28893785948403,55.463441407528556,4.396059053230267,0.01120108473704646,,twophase,gas,28.253930071462136,29.699227601103402,2141.125409534304,77.942327272667,0.6852709251538053,1.2475440962589346e-05,0.01732717735785627,0.017327177355873857,1.9824142327706795e-12
12840.0,378.01823625989533,0.0,26.439903288423743,25.670128330939164,26.297079769188677,55.47206450723472,4.3945847476980155,0.011187515444447058,,twophase,gas,28.255866594614183,29.703155992629462,2141.125157091388,77.94257971558278,0.6851643194104766,1.2622145800378348e-05,0.01757962027386384,0.01757962027165405,2.2097879082139116e-12
12860.0,378.08871114326706,0.0,26.439903288423743,25.671049917837596,26.305215764727144,55.48067371093322,4.393114448081189,0.011173966532916425,,twophase,gas,28.25780098846723,29.707087091306445,2141.1249017164037,77.94283509056706,0.6850579174509659,1.2768749206770735e-05,0.017834995257999253,0.017834995255931574,2.0676793610618915e-12
12880.0,378.159165892099,0.0,26.439903288423743,25.671971120974202,26.313345838400195,55.48926902988442,4.391648142988542,0.011160437980137222,,twophase,gas,28.259733258297118,29.711020886261547,2141.1246434113823,77.94309339558824,0.6849517189621367,1.291525106807967e-05,0.018093300279360847,0.018093300277108426,2.2524204723595176e-12
12900.0,378.2296005373485,0.0,26.439903288423743,25.67289194089531,26.321469982641688,55.49785047543657,4.390185821057908,0.011146929763682104,,twophase,gas,28.26166340936478,29.714957366630774,2141.1243821783596,77.94335462861113,0.6848457236303563,1.3061651134194108e-05,0.01835453330204473,0.01835453330000547,2.0392576516314875e-12
12920.0,378.300015110207,0.0,26.439903288423743,25.67381237814997,26.32958819001804,55.50641805902942,4.388727470956432,0.011133441861007854,,twophase,gas,28.263591446916312,29.718896521559042,2141.124118019374,77.943618787597,0.6847399311414488,1.3207949291427212e-05,0.018618692287873273,0.018618692285876648,1.9966250874858815e-12
12940.0,378.3704096420898,0.0,26.439903288423743,25.674732433289858,26.337700453227335,55.51497179218964,4.38727308138049,0.011119974249462638,,twophase,gas,28.265517376183013,29.722838340200312,2141.123850936467,77.9438858705036,0.6846343411807534,1.3354145335142675e-05,0.018885775194576127,0.018885775192480025,2.0961010704922955e-12
12960.0,378.4407841646242,0.0,26.439903288423743,25.675652106869066,26.345806765098263,55.52351168653286,4.385822641055571,0.01110652690628259,,twophase,gas,28.26744120238142,29.726782811717687,2141.1235809316854,77.94415587528525,0.6845289534330984,1.3500239083441556e-05,0.019155779976244958,0.019155779974120435,2.1245227799226996e-12
12980.0,378.5111387097583,0.0,26.439903288423743,25.67657139944556,26.35390711861391,55.532037753795976,4.38437613873029,0.011093099808540171,,twophase,gas,28.269362930713374,29.73072992528353,2141.123308007078,77.9444287998928,0.6844237675824032,1.3646230377162282e-05,0.019428704583788203,0.01942870458167789,2.1103119252074976e-12
13000.0,378.58147330924004,0.0,26.439903288423743,25.677490311574356,26.36200150678859,55.54055000565751,4.382933563206635,0.011079692933431393,,twophase,gas,28.271282566366054,29.73467967007959,2141.1230321646967,77.94470464227385,0.6843187833138926,1.3792119057143282e-05,0.01970454696493107,0.01970454696272128,2.2097879082139116e-12
13020.0,378.65178799565126,0.0,26.439903288423743,25.67840884382104,26.37008992293336,55.549048454095534,4.381494903272711,0.011066306257703197,,twophase,gas,28.27320011451203,29.73863203529708,2141.122753406598,77.94498340037264,0.6842140003096846,1.3937904941485613e-05,0.01998330506376078,0.01998330506150836,2.2524204723595176e-12
13040.0,378.72208280137716,0.0,26.439903288423743,25.679326996748273,26.37817236030206,55.55753311103333,4.380060147797142,0.01105293975822017,,twophase,gas,28.275115580309304,29.742587010136834,2141.1224717348405,77.94526507213017,0.6841094182531585,1.4083587871027703e-05,0.020264976821181335,0.0202649768190426,2.1387336346379016e-12
13060.0,378.7923577590692,0.0,26.439903288423743,25.6802447709219,26.386248812429358,55.56600398849858,4.378629285630498,0.011039593411709766,,twophase,gas,28.27702896890137,29.746544583809367,2141.1221871514863,77.94554965548426,0.684005036826992,1.4229167709345347e-05,0.020549560175368242,0.020549560173130033,2.2382096176443156e-12
13080.0,378.8626129017094,0.0,26.439903288423743,25.6811621669117,26.394319272890414,55.574461098640754,4.377202305681005,0.011026267194734577,,twophase,gas,28.278940285417235,29.750504745535036,2141.121899658601,77.94583714836956,0.6839008557129472,1.4374644274539606e-05,0.020837053060859034,0.020837053058436084,2.4229507289419416e-12
13100.0,378.93284826228887,0.0,26.439903288423743,25.682079185287282,26.402383735404527,55.58290445363074,4.37577919687704,0.011012961083852626,,twophase,gas,28.280849534971498,29.754467484544108,2141.1216092582526,77.94612754871766,0.6837968745931071,1.4520017407448904e-05,0.021127453409008012,0.021127453406528218,2.4797941478027496e-12
13120.0,379.00306387419573,0.0,26.439903288423743,25.682995826623056,26.410442193817715,55.591334065779805,4.374359948178299,0.010999675055427163,,twophase,gas,28.282756722664367,29.758432790076903,2141.121315952513,77.94642085445706,0.6836930931484103,1.466528697164904e-05,0.021420759148440993,0.021420759145932777,2.5082158572331537e-12
13140.0,379.0732597708638,0.0,26.439903288423743,25.683912091493735,26.418494642097315,55.59974994743558,4.3729445485718585,0.010986409085792676,,twophase,gas,28.284661853581724,29.762400651383867,2141.121019743457,77.9467170635133,0.6835895110599309,1.4810452807978435e-05,0.021716968204600562,0.02171696820217761,2.4229507289419416e-12
13160.0,379.1434359860103,0.0,26.439903288423743,25.684827980477362,26.426541074351896,55.608152111049606,4.371532987069413,0.010973163151147188,,twophase,gas,28.28656493279516,29.76637105772571,2141.1207206331615,77.94701617380895,0.6834861280080476,1.4955514780012891e-05,0.02201607850020082,0.0220160784978205,2.3803181647963356e-12
13180.0,379.2135925536108,0.0,26.439903288423743,25.685743494155016,26.434581484742264,55.61654056917353,4.370125252734183,0.010959937227557842,,twophase,gas,28.28846596536202,29.770343998373505,2141.120418623707,77.94731818326368,0.6833829436724903,1.510047272859083e-05,0.022318087954772636,0.022318087952548638,2.2239987629291136e-12
13200.0,379.28372950755437,0.0,26.439903288423743,25.686658633106322,26.442615867651895,55.62491533434359,4.368721334622713,0.010946731291145904,,twophase,gas,28.29036495632546,29.77431946260878,2141.120113717176,77.9476230897943,0.6832799577337595,1.5245326540025417e-05,0.022622994485573145,0.022622994483178616,2.3945290195115376e-12
13220.0,379.3538468822088,0.0,26.439903288423743,25.687573397916797,26.45064421753397,55.63327641927439,4.367321221840601,0.010933545317776402,,twophase,gas,28.292261910714483,29.77829743972362,2141.1198059156554,77.94793089131484,0.6831771698707451,1.539007603241771e-05,0.0229307960062215,0.022930796003713283,2.5082158572331537e-12
13240.0,379.42394471193705,0.0,26.439903288423743,25.68848778917155,26.458666528911795,55.64162383668521,4.3659249035346335,0.01092037928333623,,twophase,gas,28.29415683354398,29.782277919020803,2141.1194952212336,77.94824158573655,0.6830745797628593,1.5534721092080873e-05,0.023241490428063116,0.023241490425427003,2.6361135496699717e-12
13260.0,379.4940230316351,0.0,26.439903288423743,25.68940180746231,26.466682796543175,55.6499575994939,4.364532368850206,0.010907233163423699,,twophase,gas,28.296049729814783,29.78626088981389,2141.1191816360024,77.94855517096798,0.6829721870876567,1.567926155985333e-05,0.023555075659260183,0.023555075656851443,2.4087398742267396e-12
13280.0,379.5640818758301,0.0,26.439903288423743,25.690315453375646,26.474693015171685,55.658277720502504,4.363143606993823,0.010894106933851287,,twophase,gas,28.297940604513705,29.790246341427306,2141.1188651620555,77.948871644915,0.6828699915246919,1.5823697344785616e-05,0.023871549606155895,0.023871549603875053,2.2808421817899216e-12
13300.0,379.63412127981263,0.0,26.439903288423743,25.691228727507745,26.48269717977228,55.666584212786056,4.361758607174673,0.010881000570023776,,twophase,gas,28.299829462613594,29.79423426319647,2141.1185458014897,77.9491910054809,0.6827679927507477,1.596802828771615e-05,0.024190910171910218,0.024190910169771485,2.1387336346379016e-12
13320.0,379.7041412785242,0.0,26.439903288423743,25.69214163044989,26.490695285382323,55.674877089314855,4.360377358639337,0.01086791404754228,,twophase,gas,28.301716309073363,29.798224644467883,2141.1182235564042,77.94951325056635,0.6826661904444703,1.6112254274958105e-05,0.02451315525740938,0.024513155255228014,2.1813661987835076e-12
13340.0,379.7741419073639,0.0,26.439903288423743,25.693054162798997,26.498687327131634,55.683156363225635,4.358999850674569,0.010854847341770366,,twophase,gas,28.303601148838037,29.802217474599246,2141.117898428901,77.94983837806954,0.6825645842830416,1.6256375170087266e-05,0.024838282760811126,0.024838282758416597,2.3945290195115376e-12
13360.0,379.84412320201386,0.0,26.439903288423743,25.69396632515529,26.506673300308265,55.69142204776171,4.357626072584306,0.010841800427929843,,twophase,gas,28.30548398683881,29.806212742959545,2141.117570421084,77.95016638588618,0.682463173942913,1.6400390836679436e-05,0.025166290577544714,0.02516629057505071,2.4940050025179517e-12
13380.0,379.9140851981907,0.0,26.439903288423743,25.69487811811914,26.51465320028543,55.69967415619275,4.356256013707985,0.010828773281228913,,twophase,gas,28.307364827993073,29.81021043892914,2141.117239535061,77.9504972719095,0.6823619591007898,1.654430116104777e-05,0.02549717660076567,0.02549717659837114,2.3945290195115376e-12
13400.0,379.9840279315325,0.0,26.439903288423743,25.695789542289514,26.5226270225963,55.707912701775314,4.354889663395804,0.01081576587692511,,twophase,gas,28.309243677204467,29.81421055189989,2141.11690577294,77.95083103403039,0.6822609394341125,1.66881060522428e-05,0.025830938721810526,0.025830938719259677,2.5508484213787597e-12
13420.0,380.05395143838547,0.0,26.439903288423743,25.696700598274276,26.53059476280625,55.71613769801518,4.353527011059351,0.010802778189905788,,twophase,gas,28.31112053936292,29.818213071275235,2141.116569136833,77.95116767013738,0.6821601146178432,1.6831805351102957e-05,0.026167574828832585,0.026167574826253315,2.5792701308091637e-12
13440.0,380.1238557547679,0.0,26.439903288423743,25.697611286676654,26.538556416683118,55.72434915832162,4.352168046103818,0.010789810195240931,,twophase,gas,28.312995419344702,29.822217986470303,2141.1162296288535,77.95150717811671,0.6820594843287003,1.6975398966678768e-05,0.02650708280816616,0.02650708280558689,2.5792701308091637e-12
13460.0,380.19374091712297,0.0,26.439903288423743,25.698521608105082,26.546511980025407,55.73254709626041,4.3508127579914575,0.01077686186777832,,twophase,gas,28.31486832201245,29.826225286912006,2141.115887251118,77.95184955585238,0.6819590482420588,1.7118886785283393e-05,0.026849460543871828,0.026849460541249925,2.6219026949547697e-12
13480.0,380.2636069620077,0.0,26.439903288423743,25.699431563169103,26.554461448788274,55.740731525444744,4.3494611361983235,0.010763933182318077,,twophase,gas,28.31673925221523,29.83023496203911,2141.115542005744,77.95219480122613,0.6818588060332864,1.7262268693229997e-05,0.027194705917736428,0.02719470591500084,2.7355895326763857e-12
13500.0,380.33345392604946,0.0,26.439903288423743,25.700341152478824,26.562404819022962,55.74890245952754,4.348113170231808,0.010751024113624712,,twophase,gas,28.31860821478856,29.83424700130238,2141.1151938948524,77.95254291211758,0.6817587573778358,1.7405544576831743e-05,0.027542816809273063,0.02754281680645221,2.8208546609675977e-12
13520.0,380.40328184626856,0.0,26.439903288423743,25.701250376649153,26.5703420868822,55.7570599123072,4.34676884963364,0.010738134636257994,,twophase,gas,28.320475214554474,29.83826139416463,2141.114842920566,77.95289388640421,0.6816589019499519,1.7548714322401792e-05,0.0278937910957211,0.027893791093084985,2.6361135496699717e-12
13540.0,380.47309075967536,0.0,26.439903288423743,25.70215923629448,26.578273248654842,55.76520389758806,4.345428163963088,0.010725264724795977,,twophase,gas,28.32234025632155,29.842278130100826,2141.1144890850087,77.95324772196142,0.6815592394243772,1.7691777861728043e-05,0.02824762665295566,0.028247626650291124,2.6645352591003757e-12
13560.0,380.5428807033258,0.0,26.439903288423743,25.703067732029435,26.586198300718735,55.77333442920355,4.344091102811839,0.010712414353797883,,twophase,gas,28.324203344884957,29.84629719859822,2141.1141323903075,77.95360441666257,0.6814597694760683,1.7834735058386286e-05,0.028604321354123385,0.02860432135144464,2.6787461138155777e-12
13580.0,380.6126517145993,0.0,26.439903288423743,25.703975864472532,26.594117239526582,55.78145152110905,4.342757655812215,0.010699583497655615,,twophase,gas,28.326064485026496,29.850318589156387,2141.113772838591,77.95396396837906,0.6813604917790594,1.7977585821427054e-05,0.028963873070551927,0.028963873067930024,2.6219026949547697e-12
13600.0,380.68240383099334,0.0,26.439903288423743,25.704883634243433,26.602030061680615,55.78955518731118,4.3414278126113075,0.010686772130706504,,twophase,gas,28.32792368151464,29.854342291287338,2141.11341043199,77.9543263749803,0.6812614060073271,1.812033005990088e-05,0.029326279671749944,0.029326279669170674,2.5792701308091637e-12
13620.0,380.75213709013326,0.0,26.439903288423743,25.705791041963145,26.609936763872497,55.797645441872966,4.340101562889052,0.010673980227225224,,twophase,gas,28.329780939104584,29.858368294515614,2141.1130451726362,77.9546916343338,0.6811625118347261,1.8262967682858288e-05,0.02969153902540711,0.02969153902267152,2.7355895326763857e-12
13640.0,380.8218515298048,0.0,26.439903288423743,25.706698088254374,26.617837342898,55.8057222989237,4.338778896354046,0.010661207761407733,,twophase,gas,28.331636262538275,29.862396588378378,2141.1126770626647,77.9550597443052,0.6810638089348686,1.8405498576612444e-05,0.03005964899693936,0.03005964899407587,2.8634872251132037e-12
13660.0,380.8915471879304,0.0,26.439903288423743,25.707604773741284,26.62573179565605,55.813785772648096,4.337459802743273,0.010648454707388658,,twophase,gas,28.333489656544465,29.8664271624255,2141.1123061042117,77.95543070275832,0.6809652969812554,1.8547922650213877e-05,0.030430607449943636,0.030430607447193836,2.7498003873915877e-12
13680.0,380.961224102577,0.0,26.439903288423743,25.708511099049524,26.633620119147977,55.82183587729482,4.336144271822211,0.0106357210392274,,twophase,gas,28.335341125838745,29.870460006219645,2141.111932299415,77.9558045075552,0.6808669756471719,1.8690239835450483e-05,0.030804412246652646,0.030804412244073376,2.5792701308091637e-12
13700.0,381.03088231195983,0.0,26.439903288423743,25.70941706480634,26.641502310477115,55.82987262717471,4.334832293384798,0.010623006730911115,,twophase,gas,28.33719067512359,29.87449510933637,2141.111555650414,77.95618115655613,0.6807688446057087,1.8832450041372795e-05,0.031181061247480102,0.031181061245000308,2.4797941478027496e-12
13720.0,381.10052185442885,0.0,26.439903288423743,25.710322671640373,26.649378366847635,55.837896036655835,4.333523857253339,0.010610311756362218,,twophase,gas,28.339038309088398,29.87853246136419,2141.1111761593506,77.95656064761968,0.6806709035298213,1.897455317703134e-05,0.03156055231102073,0.031560552308555145,2.4655832930875476e-12
13740.0,381.17014276846874,0.0,26.439903288423743,25.71122792018163,26.65724828556402,55.84590612015899,4.332218953278451,0.01059763608944582,,twophase,gas,28.34088403240953,29.8825720519047,2141.1107938283676,77.9569429786028,0.6805731520923847,1.9116549151476647e-05,0.03194288329405026,0.03194288329166994,2.3803181647963356e-12
13760.0,381.23974509270596,0.0,26.439903288423743,25.71213281106166,26.665112064030456,55.853902892172925,4.330917571339136,0.01058497970394506,,twophase,gas,28.34272784975035,29.886613870572617,2141.1104086596097,77.95732814736077,0.6804755899660068,1.9258437896496615e-05,0.032328052051980194,0.03232805204964251,2.3376856006507296e-12
13780.0,381.3093288658976,0.0,26.439903288423743,25.713037344913285,26.672969699749885,55.861886367235314,4.32961970134266,0.010572342573591458,,twophase,gas,28.344569765761275,29.8906579069959,2141.1100206552233,77.95771615174732,0.6803782168232595,1.9400219321141778e-05,0.03271605643840303,0.03271605643619324,2.2097879082139116e-12
13800.0,381.3788941269393,0.0,26.439903288423743,25.713941522370813,26.68082119032355,55.869856559944736,4.328325333224599,0.010559724672045787,,twophase,gas,28.346409785079803,29.894704150815823,2141.109629817356,77.95810698961462,0.6802810323365326,1.9541893357200026e-05,0.03310689430554703,0.03310689430349356,2.0534685063466895e-12
13820.0,381.44844091484674,0.0,26.439903288423743,25.71484534406974,26.688666533449986,55.877813484953066,4.327034456948634,0.010547125972909967,,twophase,gas,28.34824791233056,29.898752591687046,2141.1092361481574,77.95850065881334,0.6801840361781252,1.9683459936459257e-05,0.033500563504276215,0.033500563502208536,2.0676793610618915e-12
13840.0,381.5179692687764,0.0,26.439903288423743,25.71574881064703,26.696505726924602,55.8857571569731,4.325747062506775,0.010534546449714908,,twophase,gas,28.35008415212534,29.90280321927772,2141.108839649778,77.95889715719267,0.6800872280201521,1.9824918967970007e-05,0.033897061883635615,0.033897061881539514,2.0961010704922955e-12
13860.0,381.5874792279975,0.0,26.439903288423743,25.71665192274077,26.704338768638703,55.89368759076095,4.324463139919012,0.01052198607594864,,twophase,gas,28.351918509063143,29.906856023269548,2141.1084403243703,77.9592964826004,0.6799906075347583,1.9966270383520168e-05,0.03429638729130602,0.03429638728926676,2.0392576516314875e-12
13880.0,381.6569708319227,0.0,26.439903288423743,25.717554680990506,26.712165656579078,55.9016048011398,4.323182679233669,0.01050944482501792,,twophase,gas,28.353750987730216,29.910910993357888,2141.108038174088,77.9596986328829,0.6798941743938279,2.010751411489764e-05,0.03469853757360397,0.03469853757177788,1.8260948309034575e-12
13900.0,381.7264441200719,0.0,26.439903288423743,25.718457086036864,26.71998638882699,55.909508802975694,4.32190567052695,0.010496922670287187,,twophase,gas,28.35558159270009,29.914968119251814,2141.1076332010857,77.96010360588524,0.6797979282692785,2.0248650116627687e-05,0.035103510575936525,0.03510351057411043,1.8260948309034575e-12
13920.0,381.79589913209753,0.0,26.439903288423743,25.719359138521803,26.72780096355779,55.917399611195556,4.320632103903214,0.010484419585049424,,twophase,gas,28.357410328533632,29.919027390674202,2141.1072254075198,77.96051139945111,0.679701868832842,2.0389678297760838e-05,0.03551130414189174,0.03551130413998038,1.9113599591946695e-12
13940.0,381.8653359077609,0.0,26.439903288423743,25.720260839088343,26.735609379039918,55.92527724076869,4.319361969494703,0.010471935542555825,,twophase,gas,28.359237199779063,29.923088797361814,2141.106814795548,77.96092201142298,0.679605995756287,2.0530598590084992e-05,0.03592191611369344,0.035921916111853136,1.8403056856186595e-12
13960.0,381.934754486954,0.0,26.439903288423743,25.72116218838084,26.74341163363445,55.933141706723305,4.318095257461777,0.010459470515989078,,twophase,gas,28.361062210972015,29.927152329065372,2141.106401367329,77.96133543964206,0.679510308711219,2.0671410948125412e-05,0.03633534433265595,0.03633534433092933,1.7266188478970435e-12
13980.0,382.00415490967714,0.0,26.439903288423743,25.72206318704469,26.751207725794306,55.940993024138,4.316831957992612,0.010447024478477032,,twophase,gas,28.362885366635563,29.93121797554964,2141.1059851250225,77.96175168194836,0.6794148073691815,2.0812115326407366e-05,0.0367515866391841,0.036751586637230105,1.9539925233402755e-12
14000.0,382.0735372160505,0.0,26.439903288423743,25.722963835726485,26.75899765406364,55.948831208139424,4.315572061303313,0.010434597403096298,,twophase,gas,28.364706671280263,29.935285726593488,2141.1055660707902,77.96217073618074,0.6793194914016852,2.0952711611244013e-05,0.03717064087140898,0.037170640869611304,1.7976731214730535e-12
14020.0,382.14290144630155,0.0,26.439903288423743,25.723864135073843,26.766781417076942,55.956656273901324,4.314315557637801,0.010422189262873633,,twophase,gas,28.3665261294042,29.939355571989985,2141.105144206794,77.96259260017692,0.6792243604802174,2.1093199802635353e-05,0.037592504867461685,0.03759250486579191,1.6697754290362354e-12
14040.0,382.2122476407732,0.0,26.439903288423743,25.724764085735533,26.77455901355866,55.964468236652664,4.313062437267822,0.010409800030772935,,twophase,gas,28.368343745493014,29.943427501546463,2141.1047195351975,77.96301727177354,0.679129414276143,2.1233579832369288e-05,0.03801717646410907,0.03801717646241087,1.6981971384666394e-12
14060.0,382.281575839916,0.0,26.439903288423743,25.725663688361333,26.782330442322312,55.97226711166438,4.311812690492873,0.010397429679716252,,twophase,gas,28.370159524019943,29.9475015050846,2141.104292058165,77.96344474880617,0.6790346524608649,2.1373851632233708e-05,0.038444653496753745,0.03844465349504134,1.7124079931818414e-12
14080.0,382.3508860842901,0.0,26.439903288423743,25.726562943602097,26.790095702269923,55.98005291425725,4.310566307640184,0.010385078182571167,,twophase,gas,28.37197346944587,29.95157757244048,2141.1038617778618,77.96387502910937,0.6789400747057273,2.1514015156753884e-05,0.03887493379988882,0.03887493379824747,1.6413537196058314e-12
14100.0,382.4201784145668,0.0,26.439903288423743,25.72746185210975,26.79785479239139,55.987825659804024,4.309323279064721,0.010372745512147135,,twophase,gas,28.373785586219345,29.955655693464685,2141.1034286964546,77.96430811051673,0.6788456806819884,2.165407036045508e-05,0.039308015207097924,0.03930801520559868,1.4992451724538114e-12
14120.0,382.48945287150417,0.0,26.439903288423743,25.728360414536983,26.80560771176344,55.995585363713175,4.308083595148915,0.010360431641221626,,twophase,gas,28.375595878776643,29.959735858022352,2141.1029928161106,77.96474399086087,0.6787514700610178,2.1794017197862558e-05,0.039743895551055175,0.03974389554974067,1.3145040611561853e-12
14140.0,382.5587094959917,0.0,26.439903288423743,25.729258631537828,26.813354459549693,56.00333204145165,4.306847246303087,0.010348136542503486,,twophase,gas,28.37740435154178,29.96381805599325,2141.102554138998,77.96518266797351,0.6786574425140188,2.1933855623501586e-05,0.04018257266352521,0.04018257266238123,1.1439738045737613e-12
14160.0,382.6279483289906,0.0,26.439903288423743,25.730156503766874,26.821095034999157,56.01106570851885,4.305614222964808,0.010335860188674394,,twophase,gas,28.379211008926575,29.967902277271858,2141.1021126672863,77.96562413968549,0.6785635977123435,2.2073585591897425e-05,0.040624044375363155,0.04062404437436129,1.0018652574217413e-12
14180.0,382.69716941158146,0.0,26.439903288423743,25.7310540318799,26.828829437446295,56.018786380468846,4.304384515599349,0.010323602552353374,,twophase,gas,28.38101585533066,29.971988511767417,2141.101668403145,77.96606840382681,0.6784699353272222,2.2213207057575345e-05,0.04106830851651466,0.04106830851568333,8.313350008393172e-13
14200.0,382.7663727849426,0.0,26.439903288423743,25.731951216533595,26.83655766631003,56.02649407289748,4.30315811469947,0.01031136360611722,,twophase,gas,28.382818895141543,29.976076749404022,2141.101221348745,77.96651545822665,0.6783764550299192,2.2352719997797977e-05,0.04151536291647062,0.0415153629155256,9.450218385609332e-13
14220.0,382.8355584903368,0.0,26.439903288423743,25.732848058385365,26.84427972109291,56.03418880144161,4.301935010785236,0.010299143322501673,,twophase,gas,28.384620132734636,29.98016698012068,2141.1007715062583,77.96696530071344,0.6782831564917404,2.2492124344353215e-05,0.041965205403357686,0.04196520540231319,1.0444978215673473e-12
14240.0,382.9047265691285,0.0,26.439903288423743,25.733744558093573,26.851995601380867,56.04187058178006,4.300715194404141,0.010286941673999758,,twophase,gas,28.386419572473287,29.984259193871363,2141.100318877857,77.96741792911484,0.678190039384022,2.2631420074503693e-05,0.04241783380484776,0.042417833803718,1.1297629498585593e-12
14260.0,382.9738770627799,0.0,26.439903288423743,25.73464071631748,26.859705306842347,56.049539429638045,4.299498656131092,0.010274758633054586,,twophase,gas,28.38821721870882,29.98835338062511,2141.099863465714,77.96787334125783,0.6780971033780748,2.277060714277468e-05,0.042873245947703253,0.04287324594670139,1.0018652574217413e-12
14280.0,383.0430100128368,0.0,26.439903288423743,25.735536533717074,26.86740883722765,56.05719536077987,4.298285386568194,0.01026259417207104,,twophase,gas,28.39001307578058,29.99244953036606,2141.099405272003,77.96833153496868,0.6780043481452719,2.290968554916617e-05,0.04333143965868658,0.043331439657556814,1.1297629498585593e-12
14300.0,383.1121254609418,0.0,26.439903288423743,25.736432010953227,26.875106192368406,56.06483839101342,4.297075376344869,0.010250448263408367,,twophase,gas,28.39180714801596,29.996547633093538,2141.0989442988985,77.96879250807307,0.6779117733569943,2.3048655225466064e-05,0.0437924127631959,0.04379241276193824,1.2576606422953773e-12
14320.0,383.18122344882306,0.0,26.439903288423743,25.737327148687555,26.882797372176817,56.072468536183436,4.295868616117722,0.01023832087939093,,twophase,gas,28.39359943973044,30.000647678822112,2141.0984805485755,77.96925625839602,0.6778193786847099,2.3187516148936993e-05,0.04425616308617464,0.044256163084888556,1.2860823517257813e-12
14340.0,383.25030401829395,0.0,26.439903288423743,25.738221947582396,26.890482376645096,56.0800858121763,4.294665096570486,0.010226211992300357,,twophase,gas,28.39538995522763,30.004749657581662,2141.0980140232095,77.969722783762,0.6777271637999158,2.332626829684159e-05,0.04472268845211147,0.04472268845086802,1.2434497875801753e-12
14360.0,383.3193672112596,0.0,26.439903288423743,25.739116408300948,26.898161205844858,56.087690234918625,4.293464808414092,0.010214121574377788,,twophase,gas,28.39717869879929,30.00885355941744,2141.0975447249766,77.97019208199492,0.6776351283741535,2.3464911646442487e-05,0.04519198668504032,0.04519198668379687,1.2434497875801753e-12
14380.0,383.3884130697058,0.0,26.439903288423743,25.740010531507057,26.905833859926428,56.09528182037939,4.2922677423864855,0.010202049597820326,,twophase,gas,28.398965674725396,30.01295937439013,2141.097072656053,77.97066415091822,0.6775432720789829,2.3603446175002317e-05,0.045664055608540366,0.045664055607097964,1.4424017535930034e-12
14400.0,383.45744163569606,0.0,26.439903288423743,25.740904317865212,26.913500339118187,56.10286058455721,4.2910738892526,0.010189996034801247,,twophase,gas,28.400750887274143,30.017067092575925,2141.0965978186164,77.97113898835482,0.6774515945861347,2.3741871837046345e-05,0.04613889304528129,0.04613889304369678,1.5845103007450234e-12
14420.0,383.52645295138626,0.0,26.439903288423743,25.741797768040744,26.921160643726118,56.11042654349602,4.289883239804454,0.010177960857444934,,twophase,gas,28.402534340702,30.02117670406657,2141.096120214844,77.9716165921272,0.6773600955673198,2.3880188609837206e-05,0.04661649681747804,0.04661649681607827,1.3997691894473974e-12
14440.0,383.5954470590014,0.0,26.439903288423743,25.742690882699502,26.92881477413298,56.1179797132743,4.288695784860897,0.010165944037843874,,twophase,gas,28.40431603925375,30.025288198969434,2141.095639846914,77.97209696005744,0.6772687746943583,2.401839651611226e-05,0.04709686474780028,0.04709686474631525,1.4850343177386094e-12
14460.0,383.66442400084543,0.0,26.439903288423743,25.743583662507994,26.936462730797775,56.12552011000489,4.287511515267646,0.010153945548058981,,twophase,gas,28.40609598716251,30.02940156740757,2141.095156717004,77.97258008996721,0.6771776316391818,2.4156495487659414e-05,0.04757999465755347,0.04757999465608265,1.4708234630234074e-12
14480.0,383.7333838193105,0.0,26.439903288423743,25.744476108133515,26.944104514255322,56.13304774984371,4.286330421897407,0.010141965360105407,,twophase,gas,28.407874188649775,30.03351679951977,2141.0946708272936,77.97306597967784,0.6770866660737256,2.429448552447866e-05,0.048065884368043044,0.04806588436671433,1.3287149158713873e-12
14500.0,383.80232655684955,0.0,26.439903288423743,25.745368220243755,26.95174012511523,56.14056264897371,4.285152495649501,0.010130003445978265,,twophase,gas,28.40965064792546,30.03763388546063,2141.094182179961,77.97355462701033,0.6769958776701223,2.443236662657e-05,0.048554531700574444,0.048554531699203096,1.3713474800169934e-12
14520.0,383.8712522559969,0.0,26.439903288423743,25.74625999950712,26.959369564061717,56.148064823620565,4.283977727450078,0.01011805977762729,,twophase,gas,28.411425369187924,30.041752815400596,2141.093690777186,77.9740460297854,0.6769052661005113,2.4570138748458703e-05,0.04904593447554362,0.049045934474271746,1.2718714970105793e-12
14540.0,383.9401609593544,0.0,26.439903288423743,25.747151446592493,26.96699283185267,56.15555429003735,4.282806108251926,0.010106134326981436,,twophase,gas,28.413198356624008,30.04587357952604,2141.093196621148,77.97454018582349,0.676814831037222,2.4707801912882132e-05,0.04954009051380126,0.04954009051235886,1.4424017535930034e-12
14560.0,384.00905270959936,0.0,26.439903288423743,25.748042562169395,26.974609929319342,56.16303106451831,4.281637629034528,0.01009422706592642,,twophase,gas,28.41496961440908,30.049996168039307,2141.0926997140264,77.97503709294482,0.6767245721526077,2.4845356074365553e-05,0.05003699763528857,0.05003699763368985,1.5987211554602254e-12
14580.0,384.07792754948036,0.0,26.439903288423743,25.748933346907883,26.98222085736559,56.1704951633873,4.2804722808039735,0.010082337966323485,,twophase,gas,28.41673914670706,30.054120571158762,2141.0922000580017,77.97553674896939,0.6766344891191831,2.4982801232908968e-05,0.05053665365994675,0.050536653658262765,1.6839862837514374e-12
14600.0,384.14678552180726,0.0,26.439903288423743,25.749823801478453,26.989825616967188,56.17794660299933,4.27931005459284,0.010070467000006671,,twophase,gas,28.41850695767045,30.05824677911886,2141.091697655254,77.97603915171705,0.6765445816096048,2.5120137388512374e-05,0.051039056407717,0.051039056405919325,1.7976731214730535e-12
14620.0,384.2156266694617,0.0,26.439903288423743,25.750713926552155,26.99742420917147,56.18538539974647,4.278150941460245,0.010058614138773143,,twophase,gas,28.420273051440386,30.0623747821702,2141.0911925079636,77.97654429900749,0.6764548492965992,2.525736451843841e-05,0.051544203698085767,0.05154420369635915,1.7266188478970435e-12
14640.0,384.2844510353827,0.0,26.439903288423743,25.75160372280042,27.00501663509649,56.19281157004741,4.276994932491665,0.010046779354400022,,twophase,gas,28.422037432146663,30.066504570579568,2141.0906846183107,77.97705218866027,0.676365291853087,2.539448264542443e-05,0.052052093350994255,0.05205209334913974,1.8545165403338615e-12
14660.0,384.3532586625859,0.0,26.439903288423743,25.752493190895308,27.012602895930705,56.200225130359286,4.275842018799133,0.010034962618625186,,twophase,gas,28.423800103907762,30.070636134630004,2141.090173988476,77.97756281849489,0.67627590895204,2.5531491723995713e-05,0.05256272318547417,0.05256272318376176,1.7124079931818414e-12
14680.0,384.42204959413755,0.0,26.439903288423743,25.75338233150914,27.02018299293214,56.20762609716389,4.274692191520877,0.010023163903169372,,twophase,gas,28.4255610708309,30.07476946462084,2141.08966062064,77.97807618633078,0.6761867002666454,2.566839179962699e-05,0.05307609102146671,0.053076091019654825,1.8118839761882555e-12
14700.0,384.4908238731737,0.0,26.439903288423743,25.75427114531481,27.027756927428,56.21501448697567,4.273545441821531,0.010011383179723093,,twophase,gas,28.427320337012052,30.07890455086777,2141.0891445169837,77.97859228998735,0.6760976654702093,2.580518282684352e-05,0.05359219467800358,0.05359219467622012,1.7834622667578515e-12
14720.0,384.5595815428895,0.0,26.439903288423743,25.75515963298558,27.03532470081403,56.222390316339954,4.272401760891958,0.009999620419949612,,twophase,gas,28.42907790653599,30.08304138370288,2141.088625679687,77.97911112728399,0.6760088042361763,2.5941864828382676e-05,0.05411103197457123,0.054111031972858825,1.7124079931818414e-12
14740.0,384.62832264652553,0.0,26.439903288423743,25.75604779519497,27.0428863145537,56.22975360183048,4.2712611399491,0.009987875595488587,,twophase,gas,28.430833783476324,30.087179953474724,2141.088104110931,77.97963269604013,0.6759201162381581,2.607843780424446e-05,0.05463260073065612,0.05463260072900056,1.6555645743210334e-12
14760.0,384.69704722739743,0.0,26.439903288423743,25.756935632617054,27.050441770178182,56.2371043600488,4.2701235702362,0.00997614867795706,,twophase,gas,28.432587971895515,30.09132025054835,2141.087579812896,77.98015699407523,0.6758316011499398,2.6214901754428866e-05,0.0551568987657447,0.055156898764103346,1.6413537196058314e-12
14780.0,384.7657553288623,0.0,26.439903288423743,25.757823145926114,27.05799106928518,56.244442607626965,4.268989043022481,0.009964439638945008,,twophase,gas,28.434340475844937,30.09546226530536,2141.0870527877623,77.98068401920887,0.6757432586454465,2.6351256678935897e-05,0.05568392389932342,0.05568392389773891,1.5845103007450234e-12
14800.0,384.83444699434415,0.0,26.439903288423743,25.75871033579692,27.06553421353886,56.25176836122331,4.267857549603312,0.00995274845002197,,twophase,gas,28.436091299364886,30.099605988143974,2141.0865230377103,77.9812137692607,0.6756550883987927,2.6487502600502923e-05,0.056213673951333476,0.056213673949578435,1.7550405573274475e-12
14820.0,384.9031222673071,0.0,26.439903288423743,25.759597202904388,27.07307120466885,56.25908163752577,4.266729081299938,0.009941075082731675,,twophase,gas,28.43784044648463,30.103751409479045,2141.0859905649204,77.98174624205055,0.6755670900842415,2.662363949639257e-05,0.05674614674126133,0.05674614673942102,1.8403056856186595e-12
14840.0,384.971781191278,0.0,26.439903288423743,25.760483747923896,27.080602044470098,56.266382453246486,4.265603629459649,0.009929419508600545,,twophase,gas,28.43958792122243,30.107898519742136,2141.0854553715726,77.98228143539836,0.6754792633762678,2.675966738934221e-05,0.05728134008904817,0.05728134008723629,1.8118839761882555e-12
14860.0,385.04042380982685,0.0,26.439903288423743,25.761369971530986,27.088126734801946,56.27367082512486,4.264481185455548,0.00991778169913275,,twophase,gas,28.44133372758559,30.112047309381552,2141.0849174598466,77.9828193471243,0.6753916079495211,2.6895586302089214e-05,0.057819251815089956,0.057819251813178596,1.9113599591946695e-12
14880.0,385.10905016657694,0.0,26.439903288423743,25.762255874401546,27.095645277587856,56.28094676992801,4.263361740686625,0.009906161625809347,,twophase,gas,28.44307786957047,30.116197768862396,2141.0843768319223,77.98335997504874,0.6753041234788185,2.7031396211896207e-05,0.05835987973932788,0.05835987973761547,1.7124079931818414e-12
14900.0,385.17766030520414,0.0,26.439903288423743,25.76314145721177,27.10315767481479,56.288210304447695,4.262245286577679,0.009894559260093083,,twophase,gas,28.444820351162534,30.1203498886666,2141.0838334899786,77.98390331699228,0.67521680963918,2.7167097186975298e-05,0.058903221683067386,0.058903221681156026,1.9113599591946695e-12
14920.0,385.2462542694103,0.0,26.439903288423743,25.764026720637826,27.110663928532347,56.29546144549754,4.261131814579046,0.009882974573432832,,twophase,gas,28.446561176336377,30.124503659292987,2141.083287436195,77.9844493707758,0.6751296661058617,2.730268918185175e-05,0.05944927546670442,0.059449275464679374,2.0250467969162855e-12
14940.0,385.3148321029693,0.0,26.439903288423743,25.76491166535645,27.11816404085285,56.302700209921305,4.260021316167011,0.009871407537250066,,twophase,gas,28.448300349055764,30.128659071257303,2141.08273867275,77.98499813422049,0.6750426925542548,2.7438172242000292e-05,0.05999803891154443,0.05999803890936306,2.1813661987835076e-12
14960.0,385.38339384968464,0.0,26.439903288423743,25.765796292044374,27.125658013950243,56.30992661458284,4.258913782843329,0.00985985812295504,,twophase,gas,28.450037873273647,30.132816115092268,2141.0821872018228,77.98554960514781,0.6749558886600047,2.7573546367420933e-05,0.060549509838892845,0.06054950983668306,2.2097879082139116e-12
14980.0,385.45193955340557,0.0,26.439903288423743,25.76668060137859,27.133145850059787,56.31714067637233,4.257809206135368,0.009848326301936673,,twophase,gas,28.45177375293222,30.136974781347615,2141.081633025591,77.98610378137961,0.6748692540989356,2.7708811580851032e-05,0.061103686070509866,0.06110368606848482,2.0250467969162855e-12
15000.0,385.52046925802006,0.0,26.439903288423743,25.767564594036195,27.140627551477397,56.32434241219926,4.256707577595988,0.009836812045573486,,twophase,gas,28.453507991962926,30.141135060590134,2141.0810761462326,77.98666066073811,0.6747827885471329,2.7843967927765334e-05,0.06166056542906517,0.06166056542698328,2.0818902157770935e-12
15020.0,385.5889830074625,0.0,26.439903288423743,25.76844827069454,27.148103120559426,56.33153183899891,4.255608888803551,0.009825315325223436,,twophase,gas,28.45524059428652,30.145296943403714,2141.080516565925,77.98722024104589,0.6746964916808647,2.7979015385426464e-05,0.0622201457367737,0.062220145734762866,2.0108359422010835e-12
15040.0,385.65748084570293,0.0,26.439903288423743,25.769331632031065,27.155572559721698,56.3387089737295,4.254513131361821,0.009813836112228125,,twophase,gas,28.45697156381307,30.14946042038939,2141.079954286845,77.98778252012596,0.6746103631766146,2.811395399930916e-05,0.06278242481675989,0.06278242481483431,1.9255708139098715e-12
15060.0,385.7259628167473,0.0,26.439903288423743,25.770214678723306,27.163035871439266,56.34587383336812,4.253420296899884,0.009802374377919343,,twophase,gas,28.45870090444202,30.153625482165364,2141.079389311169,77.9883474958018,0.6745244027111293,2.824878379215079e-05,0.0633474004926029,0.06334740049067733,1.9255708139098715e-12
15080.0,385.7944289646466,0.0,26.439903288423743,25.771097411449027,27.17049305824586,56.35302643491704,4.2523303770722345,0.009790930093608829,,twophase,gas,28.460428620062185,30.157792119367073,2141.0788216410733,77.98891516589732,0.674438609961342,2.838350478668872e-05,0.06391507058833668,0.06391507058619794,2.1387336346379016e-12
15100.0,385.8628793334738,0.0,26.439903288423743,25.771979830885897,27.17794412273316,56.360166795393155,4.25124336355846,0.00977950323060509,,twophase,gas,28.462154714551822,30.161960322647214,2141.0782512787337,77.98948552823695,0.6743529846044969,2.851811698292295e-05,0.06448543292799513,0.06448543292582798,2.1671553440683056e-12
15120.0,385.93131396735293,0.0,26.439903288423743,25.772861937711905,27.185389067550645,56.36729493184063,4.250159248063521,0.009768093760193075,,twophase,gas,28.463879191778634,30.166130082675775,2141.077678226325,77.99005858064564,0.6742675263179979,2.8652620426328212e-05,0.0650584853365217,0.06505848533451086,2.0108359422010835e-12
15140.0,385.99973291042664,0.0,26.439903288423743,25.77374373260488,27.192827895404665,56.374410861321934,4.249078022317375,0.009756701653648355,,twophase,gas,28.465602055599813,30.170301390140086,2141.077102486022,77.99063432094883,0.6741822347795132,2.8787015162379247e-05,0.06563422563976928,0.0656342256377016,2.0676793610618915e-12
15160.0,386.06813620688234,0.0,26.439903288423743,25.774625216242907,27.20026060905832,56.38151460091566,4.247999678075191,0.009745326882240524,,twophase,gas,28.467323309862074,30.174474235744853,2141.076524059998,77.99121274697258,0.6740971096670014,2.8921301191076054e-05,0.0662126516635908,0.06621265166145207,2.1387336346379016e-12
15180.0,386.1365239009238,0.0,26.439903288423743,25.77550638930389,27.20768721133049,56.388606167722884,4.246924207117031,0.009733969417223086,,twophase,gas,28.469042958401676,30.178648610212196,2141.0759429504274,77.9917938565435,0.6740121506586334,2.9055478535156e-05,0.06679376123429392,0.06679376123236835,1.9255708139098715e-12
15200.0,386.2048960367974,0.0,26.439903288423743,25.776387252465934,27.215107705095875,56.39568557886188,4.245851601248045,0.0097226292298416,,twophase,gas,28.470761005044466,30.182824504281683,2141.075359159482,77.99237764748882,0.6739273574328547,2.9189547262831184e-05,0.06737755217955055,0.06737755217769603,1.8545165403338615e-12
15220.0,386.2732526587762,0.0,26.439903288423743,25.777267806407128,27.222522093284013,56.402752851470325,4.244781852298337,0.009711306291330142,,twophase,gas,28.4724774536059,30.187001908710364,2141.0747726893346,77.99296411763643,0.6738427296683579,2.932350737410161e-05,0.06796402232703258,0.06796402232530596,1.7266188478970435e-12
15240.0,386.3415938111562,0.0,26.439903288423743,25.778148051805477,27.229930378879068,56.40980800270236,4.243714952122777,0.00970000057291596,,twophase,gas,28.474192307891084,30.191180814272816,2141.0741835421563,77.99355326481484,0.6737582670441163,2.945735891444201e-05,0.06855316950532142,0.06855316950370849,1.6129320101754274e-12
15260.0,386.409919538261,0.0,26.439903288423743,25.779027989338996,27.237332564919146,56.41685104973247,4.242650892601097,0.009688712045813097,,twophase,gas,28.47590557169479,30.195361211761163,2141.0735917201177,77.99414508685322,0.6736739692393368,2.9591101929327122e-05,0.06914499154390796,0.06914499154209608,1.8118839761882555e-12
15280.0,386.4782298844449,0.0,26.439903288423743,25.779907619685737,27.244728654496,56.4238820097487,4.241589665637832,0.009677440681233183,,twophase,gas,28.477617248801504,30.199543091985127,2141.0729972253894,77.99473958158148,0.6735898359335388,2.9724736418756947e-05,0.0697394862722831,0.06973948627035753,1.9255708139098715e-12
15300.0,386.5465248940772,0.0,26.439903288423743,25.780786943523584,27.252118650754277,56.430900899955994,4.240531263162124,0.009666186450379961,,twophase,gas,28.479327342985446,30.20372644577205,2141.072400060141,77.99533674683026,0.6735058668065148,2.985826242820622e-05,0.07033665152084723,0.07033665151913482,1.7124079931818414e-12
15320.0,386.6148046115597,0.0,26.439903288423743,25.781665961530457,27.259502556891285,56.43790773757767,4.2394756771278725,0.00965494932444688,,twophase,gas,28.481035858010607,30.207911263966924,2141.0718002265403,77.9959365804309,0.673422061538309,2.9991680025887036e-05,0.07093648512136497,0.07093648511976625,1.5987211554602254e-12
15340.0,386.6830690813152,0.0,26.439903288423743,25.782544674384216,27.266880376156383,56.44490253985435,4.23842289951355,0.009643729274618646,,twophase,gas,28.48274279763077,30.212097537432438,2141.0711977267556,77.99653908021551,0.6733384198092311,3.012498923453677e-05,0.0715389849060557,0.07153898490438593,1.6697754290362354e-12
15360.0,386.75131834778097,0.0,26.439903288423743,25.783423082762532,27.274252111850398,56.45188532403648,4.237372922322108,0.00963252627208321,,twophase,gas,28.484448165589555,30.216285257048998,2141.070592562954,77.99714424401704,0.6732549412999431,3.0258190076892787e-05,0.07214414870759356,0.07214414870590957,1.6839862837514374e-12
15380.0,386.8195524554146,0.0,26.439903288423743,25.78430118734299,27.281617767325272,56.45885610739054,4.236325737580976,0.009621340288021581,,twophase,gas,28.486151965620433,30.220474413714765,2141.069984737302,77.99775206966919,0.673171625691385,3.0391282598429827e-05,0.07275197435956215,0.07275197435806291,1.4992451724538114e-12
15400.0,386.8877714487006,0.0,26.439903288423743,25.785178988803146,27.28897734598366,56.465814907203246,4.2352813373420855,0.009610171293601154,,twophase,gas,28.487854201446773,30.224664998345673,2141.0693742519647,77.99836255500652,0.6730884726647216,3.0524266867359985e-05,0.07336245969690935,0.0733624596953959,1.5134560271690134e-12
15420.0,386.95597537214053,0.0,26.439903288423743,25.786056487820424,27.29633085127827,56.472761740770586,4.234239713681768,0.009599019259993005,,twophase,gas,28.489554876781856,30.228857001875483,2141.0687611091066,77.99897569786442,0.673005481901474,3.065714290642063e-05,0.07397560255503777,0.07397560255329694,1.7408297026122455e-12
15440.0,387.02416427024247,0.0,26.439903288423743,25.786933685071983,27.30367828671141,56.47969662540224,4.233200858700526,0.009587884158364911,,twophase,gas,28.491253995328922,30.233050415255786,2141.068145310892,77.99959149607918,0.6729226530834644,3.0789910738349135e-05,0.07459140076980475,0.07459140076804971,1.7550405573274475e-12
15460.0,387.09233818753904,0.0,26.439903288423743,25.787810581234922,27.31101965583464,56.48661957842371,4.232164764523224,0.009576765959877607,,twophase,gas,28.492951560781183,30.23724522945605,2141.067526859483,78.00020994748795,0.67283998589279,3.09225704313576e-05,0.0752098521784319,0.07520985217681897,1.6129320101754274e-12
15480.0,387.16049716857447,0.0,26.439903288423743,25.788687176986144,27.318354962248158,56.49353061716967,4.231131423298909,0.009565664635695656,,twophase,gas,28.494647576821862,30.241441435463646,2141.066905757042,78.00083104992882,0.6727574800119004,3.105512205365812e-05,0.07583095461950506,0.07583095461769318,1.8118839761882555e-12
15500.0,387.22864125791097,0.0,26.439903288423743,25.789563473002428,27.325684209600517,56.500429758994684,4.230100827200813,0.00955458015696979,,twophase,gas,28.496342047124227,30.245639024283868,2141.06628200573,78.0014548012408,0.6726751351234697,3.118756560525071e-05,0.07645470593161008,0.0764547059296703,1.9397816686250735e-12
15520.0,387.29677050011844,0.0,26.439903288423743,25.790439469960276,27.333007401587956,56.50731702125372,4.229072968426188,0.009543512494868423,,twophase,gas,28.498034975351608,30.24983798693997,2141.065655607707,78.00208119926384,0.6725929509106259,3.131990115434746e-05,0.07708110395469703,0.07708110395271461,1.9824142327706795e-12
15540.0,387.364884939786,0.0,26.439903288423743,25.79131516853611,27.340324541954125,56.514192421328644,4.2280478391964245,0.009532461620534793,,twophase,gas,28.49972636515744,30.254038314473185,2141.065026565132,78.00271024183888,0.6725109270566355,3.145212874642311e-05,0.07771014652962549,0.07771014652775676,1.8687273950490635e-12
15560.0,387.4329846214972,0.0,26.439903288423743,25.792190569405907,27.34763563448933,56.52105597659745,4.227025431756711,0.009521427505136383,,twophase,gas,28.50141622018528,30.258239997942756,2141.064394880163,78.00334192680785,0.6724290632452674,3.1584248449689764e-05,0.07834183149861929,0.07834183149672214,1.8971491044794675e-12
15580.0,387.5010695898705,0.0,26.439903288423743,25.793065673245724,27.35494068303059,56.52790770446197,4.226005738376421,0.00951041011982036,,twophase,gas,28.503104544068847,30.262443028425967,2141.0637605549573,78.00397625201369,0.6723473591604631,3.171626028688479e-05,0.07897615670435698,0.07897615670255931,1.7976731214730535e-12
15600.0,387.56913988950214,0.0,26.439903288423743,25.793940480731003,27.362239691460452,56.534747622323984,4.224988751348471,0.00949940943575165,,twophase,gas,28.504791340432046,30.266647397018154,2141.063123591671,78.00461321530037,0.6722658144866179,3.1848164326220285e-05,0.07961311999088139,0.07961311998924003,1.6413537196058314e-12
15620.0,387.6371955650289,0.0,26.439903288423743,25.794814992537336,27.369532663707442,56.54157574760432,4.223974462989921,0.009488425424082446,,twophase,gas,28.506476612889,30.27085309483274,2141.062483992458,78.0052528145129,0.6721844289083543,3.197996063590836e-05,0.08025271920359955,0.08025271920177346,1.8260948309034575e-12
15640.0,387.7052366610717,0.0,26.439903288423743,25.795689209339777,27.376819603744774,56.548392097728566,4.222962865641355,0.009477458055974825,,twophase,gas,28.50816036504407,30.275060113001267,2141.0618417594737,78.00589504749739,0.6721032021106894,3.2111649215949004e-05,0.08089495218791853,0.08089495218626297,1.6555645743210334e-12
15660.0,387.77326322226037,0.0,26.439903288423743,25.796563131813098,27.38410051559033,56.555196690133265,4.221953951667083,0.009466507302590802,,twophase,gas,28.5098426004919,30.279268442673395,2141.06119689487,78.006539912101,0.6720221337789607,3.224323018002906e-05,0.08153981679151912,0.08153981678987776,1.6413537196058314e-12
15680.0,387.84127529324024,0.0,26.439903288423743,25.797436760631953,27.39137540330629,56.56198954226398,4.220947713455152,0.009455573135095369,,twophase,gas,28.51152332281743,30.28347807501695,2141.060549400799,78.00718740617204,0.6719412235988468,3.23747035508859e-05,0.08218731086253683,0.08218731086090969,1.6271428648906294e-12
15700.0,387.9092729186535,0.0,26.439903288423743,25.79831009647059,27.398644270998453,56.56877067157745,4.219944143417135,0.009444655524652892,,twophase,gas,28.51320253559593,30.28768900121794,2141.059899279411,78.00783752755989,0.6718604712563417,3.250606939673162e-05,0.08283743225047147,0.08283743224875906,1.7124079931818414e-12
15720.0,387.9772561431426,0.0,26.439903288423743,25.799183140002917,27.405907122815876,56.57554009553431,4.218943233988072,0.009433754442438685,,twophase,gas,28.51488024239304,30.29190121248057,2141.059246532856,78.0084902741151,0.6717798764378393,3.263732776304096e-05,0.08349017880573228,0.08349017880397724,1.7550405573274475e-12
15740.0,388.0452250113638,0.0,26.439903288423743,25.800055891902645,27.41316396295059,56.58229783160912,4.217944977626621,0.009422869859622901,,twophase,gas,28.51655644676478,30.29611470002727,2141.0585911632816,78.00914564368942,0.6716994388300132,3.276847871802602e-05,0.0841455483800928,0.08414554837829513,1.7976731214730535e-12
15760.0,388.1131795679509,0.0,26.439903288423743,25.800928352842867,27.42041479563673,56.58904389727567,4.216949366814585,0.009412001747393891,,twophase,gas,28.518231152257588,30.300329455098712,2141.0579331728354,78.00980363413572,0.6716191581199897,3.2899522307161536e-05,0.08480353882623604,0.08480353882459468,1.6413537196058314e-12
15780.0,388.1811198575678,0.0,26.439903288423743,25.801800523496688,27.42765962515079,56.59577831002564,4.215956394057449,0.009401150076928329,,twophase,gas,28.51990436240835,30.304545468953837,2141.057272563663,78.0104642433081,0.6715390339951253,3.303045862139698e-05,0.08546414799866398,0.08546414799697999,1.6839862837514374e-12
15800.0,388.2490459248614,0.0,26.439903288423743,25.80267240453667,27.434898455810632,56.60250108734989,4.214966051883793,0.009390314819421033,,twophase,gas,28.521576080744424,30.30876273286987,2141.0566093379093,78.01112746906188,0.671459066143227,3.316128768346971e-05,0.08612737375233337,0.08612737375074886,1.5845103007450234e-12
15820.0,388.3169578144714,0.0,26.439903288423743,25.803543996634907,27.44213129197518,56.60921224674657,4.213978332845398,0.009379495946071825,,twophase,gas,28.523246310783673,30.312981238142342,2141.0559434977176,78.01179330925358,0.6713792542524556,3.3292009584329206e-05,0.08679321394401995,0.08679321394244965,1.5702994460298214e-12
15840.0,388.3848555710482,0.0,26.439903288423743,25.804415300463297,27.449358138044182,56.61591180572546,4.21299322951736,0.009368693428078596,,twophase,gas,28.524915056034484,30.31720097608511,2141.0552750452302,78.012461761741,0.6712995980112717,3.3422624369450205e-05,0.08746166643140896,0.08746166642986708,1.5418777365994174e-12
15860.0,388.4527392392348,0.0,26.439903288423743,25.805286316693287,27.456578998457665,56.62259978179742,4.212010734497846,0.00935790723665409,,twophase,gas,28.526582319995804,30.32142193803038,2141.054603982588,78.01313282438318,0.6712200971085608,3.35531321070448e-05,0.08813272907354985,0.08813272907205061,1.4992451724538114e-12
15880.0,388.5206088636709,0.0,26.439903288423743,25.806157045995928,27.46379387769553,56.62927619248136,4.211030840408105,0.00934713734301449,,twophase,gas,28.528248106157168,30.325644115328704,2141.053930311931,78.01380649504048,0.6711407512335483,3.36835328653251e-05,0.08880639973085636,0.08880639972935711,1.4992451724538114e-12
15900.0,388.5884644889905,0.0,26.439903288423743,25.807027489041847,27.47100278027706,56.635941055301835,4.210053539892401,0.009336383718383473,,twophase,gas,28.529912417998723,30.329867499349028,2141.0532540353965,78.01448277157455,0.6710615600758277,3.381382671250321e-05,0.08948267626510642,0.08948267626342243,1.6839862837514374e-12
15920.0,388.6563061598181,0.0,26.439903288423743,25.807897646501207,27.478205710760605,56.642594387786964,4.209078825617891,0.009325646333995203,,twophase,gas,28.53157525899126,30.33409208147869,2141.0525751551227,78.01516165184833,0.6709825233253829,3.3944013694053865e-05,0.0901615565389875,0.09016155653720404,1.7834622667578515e-12
15940.0,388.72413392077783,0.0,26.439903288423743,25.80876751904382,27.485402673743224,56.64923620746935,4.208106690274693,0.009314925161092872,,twophase,gas,28.533236632596232,30.338317853123446,2141.0518936732446,78.01584313372612,0.6709036406725769,3.407409390092653e-05,0.09084303841700603,0.09084303841499519,2.0108359422010835e-12
15960.0,388.79194781648056,0.0,26.439903288423743,25.80963710733897,27.492593673860085,56.65586653188756,4.207137126575713,0.009304220170926206,,twophase,gas,28.53489654226579,30.342544805707472,2141.051209591897,78.01652721507357,0.6708249118081325,3.4204067378595934e-05,0.09152711976457795,0.09152711976243921,2.1387336346379016e-12
15980.0,388.8597478915371,0.0,26.439903288423743,25.8105064120556,27.49977871578428,56.6624853785834,4.206170127256727,0.009293531334755759,,twophase,gas,28.536554991442816,30.346772930673403,2141.050522913213,78.01721389375768,0.6707463364231637,3.4333934195274196e-05,0.09221379844848343,0.09221379844655786,1.9255708139098715e-12
16000.0,388.927534190535,0.0,26.439903288423743,25.811375433862008,27.506957804226182,56.669092765099315,4.205205685076069,0.009282858623857013,,twophase,gas,28.53821198356093,30.35100221948233,2141.049833639324,78.01790316764686,0.6706679142092039,3.446369446464814e-05,0.0929030723377764,0.09290307233573714,2.0392576516314875e-12
16020.0,388.99530675806767,0.0,26.439903288423743,25.812244173426222,27.514130943933353,56.675688708987856,4.204243792814912,0.00927220200950506,,twophase,gas,28.539867522044542,30.355232663613815,2141.0491417723597,78.01859503461088,0.6705896448580946,3.4593348209455145e-05,0.0935949393019655,0.09359493929975571,2.2097879082139116e-12
16040.0,389.0630656387043,0.0,26.439903288423743,25.8131126314156,27.52129813968982,56.68227322779821,4.203284443276898,0.009261561462996112,,twophase,gas,28.54152161030886,30.359464254565925,2141.0484473144497,78.01928949252095,0.6705115280621416,3.4722895497907304e-05,0.09428939721192364,0.09428939720982754,2.0961010704922955e-12
16060.0,389.1308108770159,0.0,26.439903288423743,25.81398080849719,27.528459396315963,56.68884633908634,4.202327629288361,0.009250936955631268,,twophase,gas,28.543174251759922,30.36369698385522,2141.047750267721,78.01998653924973,0.6704335635139951,3.4852336443691454e-05,0.09498644394079747,0.0949864439386019,2.1955770534987096e-12
16080.0,389.19854251754725,0.0,26.439903288423743,25.81484870533737,27.535614718667855,56.6954080604076,4.201373343697975,0.009240328458728013,,twophase,gas,28.544825449794633,30.367930843016786,2141.0470506342995,78.02068617267126,0.6703557509067347,3.4981671069544974e-05,0.09568607736218837,0.0956860773601349,2.0534685063466895e-12
16100.0,389.26626060483954,0.0,26.439903288423743,25.815716322602093,27.54276411163717,56.701958409322096,4.200421579376951,0.009229735943611851,,twophase,gas,28.54647520780078,30.372165823604234,2141.0463484163097,78.0213883906611,0.6702780899338054,3.511089948915469e-05,0.09638829535197146,0.09638829534997484,1.9966250874858815e-12
16120.0,389.33396518341965,0.0,26.439903288423743,25.81658366095682,27.54990758015054,56.70849740339237,4.1994723292188745,0.009219159381619683,,twophase,gas,28.548123529157056,30.376401917189728,2141.0456436158747,78.02209319109627,0.6702005802890434,3.524002174799534e-05,0.09709309578693137,0.09709309578514791,1.7834622667578515e-12
16140.0,389.4016562977943,0.0,26.439903288423743,25.817450721066393,27.557045129169264,56.715025060178256,4.198525586139597,0.009208598744108065,,twophase,gas,28.549770417233102,30.380639115363987,2141.0449362351155,78.02280057185527,0.6701232216667353,3.536903795975377e-05,0.09780047654612645,0.09780047654414403,1.9824142327706795e-12
16160.0,389.46933399245984,0.0,26.439903288423743,25.818317503595175,27.56417676368893,56.72154139724423,4.197581343077293,0.009198054002441353,,twophase,gas,28.55141587538952,30.384877409736294,2141.0442262761526,78.02351053081811,0.6700460137615308,3.5497948147167335e-05,0.0985104355090698,0.0985104355069879,2.0818902157770935e-12
16180.0,389.5369983118886,0.0,26.439903288423743,25.819184009206882,27.57130248873905,56.72804643215281,4.196639592992226,0.00918752512800214,,twophase,gas,28.553059906977904,30.38911679193452,2141.0435137411046,78.02422306586632,0.6699689562685189,3.562675240118551e-05,0.0992229705570935,0.09922297055519635,1.8971491044794675e-12
16200.0,389.6046493005475,0.0,26.439903288423743,25.820050238564836,27.578422309382667,56.73454018247133,4.1957003288669785,0.00917701209218031,,twophase,gas,28.554702515340868,30.393357253605117,2141.042798632088,78.02493817488296,0.6698920488831458,3.575545083549514e-05,0.0999380795738034,0.0999380795718352,1.9682033780554775e-12
16220.0,389.67228700287825,0.0,26.439903288423743,25.820916192331666,27.585536230716023,56.74102266576527,4.194763543706089,0.009166514866383738,,twophase,gas,28.55634370381207,30.397598786413152,2141.0420809512184,78.02565585575265,0.6698152913012936,3.588404347283358e-05,0.10065576044326008,0.10065576044151925,1.7408297026122455e-12
16240.0,389.7399114633043,0.0,26.439903288423743,25.821781871169442,27.592644257868052,56.74749389959775,4.193829230536177,0.009156033422038908,,twophase,gas,28.55798347571624,30.401841382042292,2141.0413607006094,78.02637610636155,0.6697386832192842,3.601253044962505e-05,0.10137601105225258,0.10137601105042648,1.8260948309034575e-12
16260.0,389.80752272622965,0.0,26.439903288423743,25.82264727573964,27.599746396000068,56.753953901535546,4.19289738240581,0.009145567730581233,,twophase,gas,28.559621834369207,30.406085032194834,2141.0406378823736,78.02709892459742,0.6696622243338077,3.61409117886069e-05,0.10209882928802472,0.1020988292862981,1.7266188478970435e-12
16280.0,389.87512083604366,0.0,26.439903288423743,25.82351240670322,27.606842650305573,56.76040268914179,4.191967992385537,0.009135117763466614,,twophase,gas,28.56125878307791,30.4103297285917,2141.0399124986216,78.02782430834961,0.6695859143420062,3.626918760346598e-05,0.10282421304009404,0.1028242130384811,1.6129320101754274e-12
16300.0,389.9427058371072,0.0,26.439903288423743,25.824377264720418,27.613933026009654,56.76684027998081,4.1910410535676625,0.009124683492163735,,twophase,gas,28.56289432514045,30.414575462972458,2141.0391845514623,78.02855225550906,0.6695097529414163,3.639735796241439e-05,0.10355216019934232,0.10355216019792834,1.4139800441625994e-12
16320.0,389.911624617515,0.0033233238663404664,26.506369765750552,25.823979543940606,27.610557845971073,56.74017984376115,4.191497103068174,0.009167300930079031,,twophase,gas,28.564528463846102,30.418822227095315,2141.038454043003,77.96281628664151,0.6698241060988278,3.65254229564016e-05,0.10428266865847036,0.10428266865719493,1.2754242106893798e-12
16340.0,389.38960202179237,0.019925042245735724,26.904870610665267,25.81729632475906,27.555096837058265,56.54922637964092,4.1988723047773355,0.009473926553021683,,twophase,gas,28.566148930325877,30.42300295242459,2141.0377360823436,77.56503340238643,0.6720857195099394,3.589803297927574e-05,0.10500062931805587,0.10500062931683019,1.2256862191861728e-12
16360.0,388.8709938364585,0.01990367857524742,27.302944182170215,25.810650592662416,27.49988986261474,56.3600456544578,4.206296204610788,0.009778822306842825,,twophase,gas,28.56774968827174,30.42708465580545,2141.0370381395733,77.16765777365174,0.6743414535680687,3.4897138516498674e-05,0.10569857208838584,0.10569857208708555,1.3002932064409833e-12
16380.0,388.3557713491527,0.019882679118181555,27.700597764533846,25.80404208775541,27.444935143199,56.172613260193984,4.213769295855661,0.010082004673492987,,twophase,gas,28.569330861369455,30.43106800968867,2141.0363601147674,76.77068221609419,0.6765913292659245,3.390124029465369e-05,0.10637659689427892,0.10637659689316337,1.1155520951433573e-12
16400.0,387.8439061420044,0.01986204340089994,28.097838632551845,25.797470552257916,27.390230909754752,55.9869052148341,4.221292084574096,0.010383489958619365,,twophase,gas,28.570892572479064,30.43495367888775,2141.035701908818,76.37409955402565,0.6788353677398641,3.2910297477428685e-05,0.10703480284382749,0.10703480284262312,1.2043699371133698e-12
16420.0,387.3353700887672,0.019841770986881002,28.494674052289465,25.790935730494194,27.335775402782836,55.80289795187255,4.228865090136489,0.010683294296175675,,twophase,gas,28.57243494364063,30.43874231992568,2141.0350634234287,75.97790261967737,0.6810735902827784,3.1924269455885225e-05,0.1076732882329452,0.1076732882319611,9.841016890277388e-13
16440.0,386.8301353521905,0.019821861477461233,28.89111128183869,25.784437368884983,27.281566871239058,55.62056830967078,4.236488845852851,0.010981433653695995,,twophase,gas,28.573958096079785,30.442434580129284,2141.034444561108,75.5820842524489,0.6833060183623871,3.094311603035749e-05,0.10829215055355235,0.1082921505527139,8.384404281969182e-13
16460.0,386.3281743816557,0.019802314512680753,29.287157572092305,25.777975215942472,27.227603571010704,55.43989352039123,4.244163899747826,0.0112779238386981,,twophase,gas,28.575462150213045,30.44603109633577,2141.033845225164,75.18663729813959,0.6855326736484527,2.9966797205815966e-05,0.10889148649766867,0.10889148649702207,6.465938895416912e-13
16480.0,385.8294599112452,0.019783129772282314,29.68282016753795,25.771549022270605,27.173883762717573,55.26085119815049,4.251890815559279,0.011572780506840486,,twophase,gas,28.576947225652773,30.449532492973518,2141.033265319699,74.79155460815926,0.687753578053646,2.899527326007956e-05,0.10947139196287026,0.1094713919623409,5.293543381412746e-13
16500.0,385.333964958456,0.019764306976940028,30.07810630707675,25.765158540573356,27.12040570836106,55.083419325604,4.259670174107406,0.011866019173202272,,twophase,gas,28.578413441211666,30.45293937907053,2141.032704749606,74.39682903871315,0.6899687537984129,2.8028504630128737e-05,0.11003196205547283,0.1100319620550323,4.405364961712621e-13
16520.0,384.8416628242018,0.01974584588987849,30.47302322487432,25.758803525679387,27.067167665853493,54.90757623747798,4.267502575334136,0.012157655229282702,,twophase,gas,28.579860914906497,30.456252343275057,2141.032163420569,74.00245344995272,0.6921782235194807,2.7066451866630815e-05,0.11057329109280545,0.11057329109217662,6.288303211476887e-13
16540.0,384.35252709538463,0.019727746319209948,30.86757815125852,25.752483734599775,27.01416787920791,54.73330059758363,4.275388641693372,0.01244770397176978,,twophase,gas,28.581289763960584,30.45947194477708,2141.0316412390607,73.60842070507661,0.6943820104677273,2.6109075406566262e-05,0.11109547260093677,0.11109547260026176,6.750155989720952e-13
16560.0,383.8665316537787,0.019710008121807655,31.261778313694673,25.74619892666732,26.961404558354133,54.56057135980354,4.283329024735615,0.012736180659649824,,twophase,gas,28.58270010480384,30.462598694352277,2141.031138112353,73.21472366934829,0.6965801389205446,2.5156335391329775e-05,0.11159859930876337,0.1115985993080919,6.714628852932947e-13
16580.0,383.38365070497724,0.019692631211250245,31.65563093791968,25.739948863936167,26.908875826849908,54.38936767878179,4.291324421493015,0.01302310065921076,,twophase,gas,28.584092053067227,30.465633004569597,2141.0306539485346,72.82135520894147,0.6987726352580504,2.4208190916397142e-05,0.11208276312709131,0.11208276312627774,8.135714324453147e-13
16600.0,382.9038589289544,0.019675615581997086,32.04914324955962,25.7337333131594,26.856579481501317,54.219668522173464,4.299375647795104,0.013308480106348917,,twophase,gas,28.585465723558453,30.46857495733323,2141.0301886565785,72.42830818925744,0.7009595329396285,2.3264597803063226e-05,0.11254805508315258,0.11254805508218624,9.663381206337363e-13
16620.0,382.4271314563459,0.019658961408315533,32.44232247772593,25.727552045515864,26.80451295605687,54.05145262930058,4.30748365281695,0.013592335990427007,,twophase,gas,28.58682123015862,30.4714242876463,2141.0297421465934,72.03557547107597,0.7031408731606698,2.2325499253383894e-05,0.11299456506822025,0.11299456506703365,1.1866063687193673e-12
16640.0,381.9534413639438,0.01964266852757497,32.83517584827743,25.721404804127115,26.752677203117436,53.88470467118864,4.315648346562209,0.013874675477853737,,twophase,gas,28.58815868616325,30.474184153355726,2141.0293143290396,71.64314991807824,0.7053166243560661,2.1390877691374044e-05,0.11342238262204773,0.11342238262079718,1.2505552149377763e-12
16660.0,381.4827636103094,0.01962673665493675,33.227710581376165,25.715291355089573,26.701070928893685,53.71940595854086,4.323870325344142,0.014155511868080685,,twophase,gas,28.58947820440627,30.476855438773264,2141.0289051144296,71.25102439958954,0.7074868022256147,2.0460730502236403e-05,0.11383159723209246,0.1138315972308348,1.2576606422953773e-12
16680.0,381.01507359389484,0.01961116586852718,33.61993389874671,25.709211468835893,26.649692579893284,53.555537682099235,4.332150283748294,0.01443485906311879,,twophase,gas,28.590779896982575,30.479438753858545,2141.0285144139757,70.85919178267281,0.7096514281917171,1.953502269316232e-05,0.11422229768595571,0.11422229768464831,1.3073986337985843e-12
16700.0,380.55034696237686,0.019595956291947304,34.011853024585655,25.70316491768503,26.59854061313591,53.393081341704544,4.340488934170789,0.014712730821188671,,twophase,gas,28.59206387525337,30.481934702211845,2141.0281421395844,70.46764493122531,0.7118105237669593,1.8613719566928923e-05,0.11459457207729429,0.11459457207609347,1.2008172234345693e-12
16720.0,380.08855960995163,0.019581108095327336,34.4034751864922,25.69715147582809,26.547613495481073,53.232018739060614,4.3488870075145565,0.01498914076037348,,twophase,gas,28.593330249851405,30.484343880656592,2141.027788203849,70.07637670505395,0.7139641105646974,1.769678676737385e-05,0.11494850781264176,0.11494850781127752,1.3642420526593924e-12
16740.0,379.62968767495704,0.01956662149639108,34.79480761642002,25.691170919318093,26.496909702850836,53.07233197049033,4.357345253950869,0.015264102362577192,,twophase,gas,28.59457913068601,30.486666878683796,2141.027452520046,69.6853799589291,0.7161122103123014,1.6784190142971057e-05,0.11528419161550119,0.11528419161425774,1.2434497875801753e-12
16760.0,379.17370753672674,0.01955249676181623,35.18585755165635,25.685223026049435,26.44642771893113,52.91400341922084,4.365864443860841,0.015537628978596587,,twophase,gas,28.595810626948044,30.488904277697507,2141.0271350021285,69.29464754161063,0.7182548448733641,1.5875895883254998e-05,0.11560170953316629,0.11560170953210758,1.0587086762825493e-12
16780.0,378.7205958135337,0.019538734208518704,35.57663223582672,25.67930757575115,26.396166033700233,52.757015747588085,4.374445368887397,0.01580973383366714,,twophase,gas,28.597024847114522,30.491056649962886,2141.026835564721,68.90417229484773,0.7203920362738476,1.4971870382396445e-05,0.11590114694081421,0.11590114693957787,1.2363443602225743e-12
16800.0,378.2703293593155,0.019525334205286172,35.967138919932445,25.67342434996406,26.346123141163343,52.60135188814339,4.383088843261709,0.016080430035278852,,twophase,gas,28.598221898952982,30.4931245570917,2141.0265541231174,68.51394705234523,0.7225238067462104,1.4072080170990376e-05,0.11618258854423402,0.11618258854280583,1.4281908988778014e-12
16820.0,377.82288526103616,0.019512297174893334,36.35738486343031,25.66757313202584,26.296297535871606,52.44699503366488,4.391795705581373,0.016349730583352002,,twophase,gas,28.599401889525517,30.495108547770478,2141.026290593278,68.12396463868653,0.7246501787921263,1.31764919615307e-05,0.11644611838346464,0.1164461183819725,1.4921397450962104e-12
16840.0,377.37824083547855,0.019499623596183825,36.74737733535399,25.661753707048366,26.246687707656832,52.29392862466013,4.400566821227152,0.016617648385378773,,twophase,gas,28.600564925191964,30.49700915416459,2141.026044891828,67.734217868213,0.7267711752840889,1.2285072511986072e-05,0.11669181983370436,0.11669181983211274,1.5916157281026244e-12
16860.0,376.93637362561174,0.019487314007698587,37.13712361550796,25.65596586188905,26.197292132603124,52.14213633216547,4.409403086090352,0.01688419628067426,,twophase,gas,28.60171111161229,30.498826885807187,2141.025816936059,67.34469954382811,0.7288868196380289,1.1397788443900936e-05,0.11691977560258238,0.11691977560120392,1.3784529073745944e-12
16880.0,376.4972614880826,0.019475369012288368,37.52663099575373,25.650209386317005,26.148109280829043,51.99160205841569,4.418305426487426,0.017149387034750097,,twophase,gas,28.602840553747576,30.500562218118592,2141.0256066439356,66.9554024557058,0.7309971357422572,1.0514606174183427e-05,0.11713006772606604,0.11713006772465206,1.4139800441625994e-12
16900.0,376.0608821893647,0.019463789285795487,37.91590678146964,25.644484067735497,26.099137474068137,51.84230976223275,4.4272748401409725,0.0174132336448171,,twophase,gas,28.60395335585752,30.50221556724785,2141.0254139341105,66.56631937981517,0.7331021503639727,9.635491255721718e-06,0.11732277755118048,0.11732277754993703,1.2434497875801753e-12
16920.0,375.62721399132704,0.019452575599220978,38.30495829345406,25.638789698875584,26.050374941210755,51.69424349788043,4.436312390108202,0.017675749281526383,,twophase,gas,28.605049621483,30.50378721747201,2141.025238725984,66.17744307595726,0.7352018926040935,8.760406331020931e-06,0.1174979856778009,0.11749798567644376,1.3571366253017914e-12
16940.0,375.19623527185,0.019441728886001642,38.69379287117409,25.633126072841083,26.00181904169716,51.54738637835638,4.445419458203041,0.01793694920243504,,twophase,gas,28.60612945340526,30.505276831871704,2141.025080939826,65.78876628439528,0.7372964087166056,7.889307903496956e-06,0.11765577183587084,0.11765577183449949,1.3713474800169934e-12
16960.0,374.76792460555305,0.019431250393009948,39.08241787903429,25.62749298418306,25.953468432590874,51.40172354908495,4.454597036093569,0.01819684525546966,,twophase,gas,28.60719295352734,30.50668502494027,2141.024940497121,65.40028171923989,0.7393857197448684,7.022135241641081e-06,0.11779621454070366,0.11779621453930389,1.3997691894473974e-12
16980.0,374.34226128016115,0.019421140239519373,39.470840683824676,25.62189023571564,25.905325150095653,51.25724489704121,4.463845016172009,0.01845544074281517,,twophase,gas,28.60824022351431,30.508014735779124,2141.024817318793,65.01198209277774,0.7414697815352379,6.158916403364856e-06,0.11791939286877096,0.11791939286754882,1.2221335055073723e-12
17000.0,373.9192244355354,0.019411398993585037,39.85906866369638,25.616317627213427,25.857387897013425,51.11393595466998,4.47316440922871,0.01871274730211848,,twophase,gas,28.60927136455921,30.50926651551733,2141.0247113258433,64.6238601058556,0.7435486151587585,5.299647477841063e-06,0.11802538581832778,0.11802538581710564,1.2221335055073723e-12
17020.0,373.4987934236238,0.019402027607446824,40.24710921584531,25.610774960156807,25.809655388529464,50.97178247890321,4.482556252696977,0.018968776453678525,,twophase,gas,28.610286477209947,30.51044090990993,2141.02462243984,64.23590843970993,0.7456222417237991,4.44430015704711e-06,0.11811427182146872,0.11811427182037448,1.0942358130705543e-12
17040.0,373.0809478062017,0.019393027097015292,40.63496975778562,25.605262037719047,25.762126351762042,50.8307704461531,4.492021611669951,0.019223539603355044,,twophase,gas,28.61128566137406,30.511538459047205,2141.0245505829103,63.84811975469971,0.7476906823848721,3.592846496758284e-06,0.11818612875140388,0.11818612875045886,9.450218385609332e-13
17060.0,372.66566506874057,0.019384486426368853,41.022659486312996,25.59977863458492,25.71479925669891,50.6908853696424,4.501561635616504,0.019477049267604754,,twophase,gas,28.61226901631539,30.512559696935064,2141.0244956777437,63.460484931338684,0.7497539683763883,2.745258325376199e-06,0.11824103391791141,0.11824103391681007,1.1013412404281553e-12
17080.0,372.25290937029223,0.019376930671817404,41.410198099749344,25.59432434812935,25.66767098522225,50.55210897545087,4.5111778422200395,0.01972932509585577,,twophase,gas,28.613236640340443,30.513505149270983,2141.024457648008,63.072984347637956,0.7518121906602547,1.9014867802980006e-06,0.11827906365351737,0.11827906365243024,1.0871303857129533e-12
17100.0,371.84266023417575,0.019369784002432767,41.797593779798,25.588898977311214,25.620740206006005,50.414427718035284,4.520871422210532,0.019980378525197653,,twophase,gas,28.614188630844446,30.514375333008083,2141.024436418288,62.68560989730911,0.7538653741552058,1.0614860002533532e-06,0.11830029337352244,0.11830029337223635,1.2860823517257813e-12
17120.0,371.45796647012514,0.01936304298005993,42.1848546393992,25.583807748067272,25.583807748067272,50.28461339585806,4.528751172570937,0.020217883069095555,0.9997099108641695,twophase,twophase,28.615125208741865,30.51517251294028,2141.0244312747777,62.298354181218414,0.7558115446564105,2.571755203462089e-07,0.11830543688392936,0.11830543688274275,1.1866063687193673e-12
17140.0,371.15187606502076,0.019357539324595763,42.57200542589111,25.579754151027633,25.579754151027633,50.17817716498445,4.530351109266716,0.020413456202192287,0.9984459986254441,twophase,twophase,28.616048572232312,30.515926966232946,2141.0244312747777,61.9112033947265,0.7574147462195022,0.0,0.11830543688392936,0.11830543688274275,1.1866063687193673e-12
17160.0,370.84650857444666,0.01935259366844626,42.95905729926004,25.57570778933178,25.57570778933178,50.072157984409706,4.531988907905861,0.02060874032948352,0.9971763808996624,twophase,twophase,28.61695976876526,30.516652800327183,2141.0244312747777,61.524151521357574,0.7590184416458989,0.0,0.11830543688392936,0.11830543688274275,1.1866063687193673e-12
17180.0,370.54186395037493,0.01934773201992641,43.34601193965857,25.571668675649207,25.571668675649207,49.96655387963897,4.533665083261382,0.02080373591367977,0.995900973570973,twophase,twophase,28.61785884264336,30.51734994514533,2141.0244312747777,61.137196880959046,0.7606226239800975,0.0,0.11830543688392936,0.11830543688274275,1.1866063687193673e-12
17200.0,370.23794218671264,0.019342955302709443,43.732871045712756,25.567636823204356,25.567636823204356,49.86136288666804,4.535380163091996,0.020998443422332223,0.9946196906040913,twophase,twophase,28.618745838068055,30.518018322995886,2141.0244312747777,60.75033777490486,0.762227286276924,0.0,0.11830543688392936,0.11830543688274275,1.1866063687193673e-12
17220.0,369.93474332807716,0.019338264464806798,44.11963633500889,25.5636122458947,25.5636122458947,49.756583049830596,4.537134689165165,0.021192863332372906,0.9933324438649649,twophase,twophase,28.619620799139547,30.51865784605135,2141.0244312747777,60.36357248560872,0.7638324216337704,0.0,0.11830543688392936,0.11830543688274275,1.1866063687193673e-12
17240.0,369.6322674836496,0.019333660481131075,44.50630954463151,25.559594958476534,25.559594958476534,49.65221241839025,4.538929218711274,0.021386996137421732,0.9920391428574676,twophase,twophase,28.620483769856552,30.51926841232342,2141.0244312747777,59.9768992759861,0.7654380232429948,0.0,0.11830543688392936,0.11830543688274275,1.1866063687193673e-12
17260.0,369.3305148508777,0.01932914435742141,44.89289243177994,25.555584976882436,25.555584976882436,49.54824904066144,4.540764326703586,0.0215808423605157,0.9907396942983699,twophase,twophase,28.62133479411553,30.519849898712057,2141.0244312747777,59.59031638883767,0.7670440844838896,0.0,0.11830543688392936,0.11830543688274275,1.1866063687193673e-12
17280.0,369.0294857609931,0.01932471713696806,45.2793867745193,25.551582318829837,25.551582318829837,49.44469095267352,4.542640609942967,0.021774402578773947,0.989434001337557,twophase,twophase,28.622173915709084,30.520402147579937,2141.0244312747777,59.20382204609831,0.7686505991017608,0.0,0.11830543688392936,0.11830543688274275,1.1866063687193673e-12
17300.0,368.7291807832069,0.01932037991414539,45.66579437280221,25.54758700521262,25.54758700521262,49.34153615200456,4.544558695962618,0.021967677480365235,0.9881219618282501,twophase,twophase,28.62300117832252,30.520924935872156,2141.0244312747777,58.8174144478154,0.770257561622955,0.0,0.11830543688392936,0.11830543688274275,1.1866063687193673e-12
17320.0,368.4296010587035,0.019316133869923036,46.05211705020067,25.54359906455735,25.54359906455735,49.23878251343069,4.546519270667961,0.02216066804772093,0.9868034628985728,twophase,twophase,28.623816625525386,30.521417875878925,2141.0244312747777,58.43109177041694,0.7718649686922545,0.0,0.11830543688392936,0.11830543688274275,1.1866063687193673e-12
17340.0,368.1307500952224,0.01931198046086848,46.43835665941804,25.53961855695425,25.53961855695425,49.136427333854584,4.5485232247633345,0.022353376543855392,0.9854783520574532,twophase,twophase,28.624620300735636,30.521879881346614,2141.0244312747777,58.04485216119957,0.7734728262790957,0.0,0.11830543688392936,0.11830543688274275,1.1866063687193673e-12
17360.0,367.832624487703,0.019307921048428867,46.82451508038662,25.53564545044599,25.53564545044599,49.034469705834844,4.5505709064812185,0.02254580140787414,0.9841465850899064,twophase,twophase,28.625412247239282,30.522311931682456,2141.0244312747777,57.658693740230994,0.7750811123516941,0.0,0.11830543688392936,0.11830543688274275,1.1866063687193673e-12
17380.0,367.53521901257443,0.0193039555362855,47.21059419111233,25.53167968871485,25.53167968871485,48.93290918653854,4.552662521850564,0.022737940059575978,0.9828081465379913,twophase,twophase,28.62619250840764,30.522715550791855,2141.0244312747777,57.272614629505284,0.7766897974181616,0.0,0.11830543688392936,0.11830543688274275,1.1866063687193673e-12
17400.0,367.23853373814313,0.01930008471674327,47.59659588544719,25.527721285908445,25.527721285908445,48.831743995880295,4.554798714615698,0.02292979280912313,0.9814629351720763,twophase,twophase,28.626961127568535,30.523090690876387,2141.0244312747777,56.88661293517042,0.7782988730932952,0.0,0.11830543688392936,0.11830543688274275,1.1866063687193673e-12
17420.0,366.94256875825494,0.01929630972943599,47.98252208003591,25.523770256516244,25.523770256516244,48.73097236858224,4.556980143780634,0.023121359959071677,0.980110847680705,twophase,twophase,28.627718147959524,30.52343730234101,2141.0244312747777,56.5006867405817,0.779908330901209,0.0,0.11830543688392936,0.11830543688274275,1.1866063687193673e-12
17440.0,366.647324193244,0.01929263174042468,48.36837471484441,25.51982661538305,25.51982661538305,48.63059255402241,4.559207484115623,0.02331264180450713,0.9787517786044272,twophase,twophase,28.628463612728602,30.52375533362037,2141.0244312747777,56.114834105773205,0.7815181622752061,0.0,0.11830543688392936,0.11830543688274275,1.1866063687193673e-12
17460.0,366.3528001910067,0.019289051943080792,48.75415575370602,25.5158903777242,25.5158903777242,48.53060281605938,4.56148142669203,0.023503638633241578,0.9773856202655463,twophase,twophase,28.629197564934916,30.52404473097302,2141.0244312747777,55.72905306691159,0.7831283585580635,0.0,0.11830543688392936,0.11830543688274275,1.1866063687193673e-12
17480.0,366.05899692821947,0.01928557155902517,49.139867184886526,25.511961559142797,25.511961559142797,48.43100143283289,4.563802679449296,0.02369435072607478,0.9760122626931187,twophase,twophase,28.629920047549454,30.5243054382345,2141.0244312747777,55.343341635731086,0.7847389110027501,0.0,0.11830543688392936,0.11830543688274275,1.1866063687193673e-12
17500.0,365.765914611749,0.019282191839127806,49.52551102166908,25.508040175649516,25.508040175649516,48.33178669653069,4.5661719677991535,0.023884778357143095,0.9746315935422841,twophase,twophase,28.630631103455748,30.524537396517037,2141.0244312747777,54.95769779894853,0.786349810773745,0.0,0.11830543688392936,0.11830543688274275,1.1866063687193673e-12
17520.0,365.47355348031374,0.01927891406458926,49.91108930296087,25.504126243685796,25.504126243685796,48.23295691309515,4.568590035273742,0.024074921794415734,0.9732434980067185,twophase,twophase,28.631330775450536,30.52474054383852,2141.0244312747777,54.572119517656745,0.787961048949405,0.0,0.11830543688392936,0.11830543688274275,1.1866063687193673e-12
17540.0,365.1819138064841,0.019275739548111303,50.296604093923094,25.500219780151735,25.500219780151735,48.134510401879574,4.57105764422734,0.02426478130032654,0.9718478587224669,twophase,twophase,28.63201910624441,30.52491481465592,2141.0244312747777,54.18660472669452,0.7895726165252499,0.0,0.11830543688392936,0.11830543688274275,1.1866063687193673e-12
17560.0,364.8909958991364,0.019272669635186902,50.68205748662683,25.496320802440103,25.496320802440103,48.03644549519921,4.573575576604807,0.02445435713266331,0.9704445556606757,twophase,twophase,28.63269613846245,30.525060139266532,2141.0244312747777,53.80115133399078,0.791184504419092,0.0,0.11830543688392936,0.11830543688274275,1.1866063687193673e-12
17580.0,364.600800106553,0.019269705705544028,51.06745160073771,25.49242932847909,25.49242932847909,47.9387605377424,4.576144634796728,0.024643649545803198,0.9690334660054791,twophase,twophase,28.633361914644773,30.52517644302126,2141.0244312747777,53.4157572198799,0.7927967034786364,0.0,0.11830543688392936,0.11830543688274275,1.1866063687193673e-12
17600.0,364.3113268204656,0.019266849174794133,51.452788584233595,25.48854537678794,25.48854537678794,47.84145388578348,4.57876564261208,0.02483265879243942,0.9676144640112376,twophase,twophase,28.63401647724705,30.52526364526198,2141.0244312747777,53.03042023638402,0.7944092044925843,0.0,0.11830543688392936,0.11830543688274275,1.1866063687193673e-12
17620.0,364.0225764815356,0.019264101496372987,51.838070614161055,25.48466896655197,25.48466896655197,47.744523906085966,4.5814394464181545,0.025021385126069443,0.9661874208296284,twophase,twophase,28.63465986864092,30.525321657838077,2141.0244312747777,52.64513820645656,0.7960219982071987,0.0,0.11830543688392936,0.11830543688274275,1.1866063687193673e-12
17640.0,363.73454958709044,0.019261464163915675,52.22329989743937,25.480800117728162,25.480800117728162,47.64796897428976,4.5841669165326335,0.025209828804738287,0.9647522042902852,twophase,twophase,28.635292131114245,30.525350382950425,2141.0244312747777,52.259908923178244,0.7976350753519273,0.0,0.11830543688392936,0.11830543688274275,1.1866063687193673e-12
17660.0,363.4472467027215,0.019258938714321515,52.6084786717258,25.47693885120306,25.47693885120306,47.55178747244721,4.58694894902464,0.02539799009685641,0.963308678604943,twophase,twophase,28.635913306871167,30.525349709856474,2141.0244312747777,51.874730148891814,0.7992484266799736,0.0,0.11830543688392936,0.11830543688274275,1.1866063687193673e-12
17680.0,363.1606684808578,0.01925652673199636,52.993609206365726,25.47308518904492,25.47308518904492,47.455977784969775,4.58978646823634,0.02558586929086361,0.9618567039349103,twophase,twophase,28.636523438031798,30.525319509496654,2141.0244312747777,51.48959961425189,0.8008620430366741,0.0,0.11830543688392936,0.11830543688274275,1.1866063687193673e-12
17700.0,362.87481569343333,0.0192542298553132,53.37869380347199,25.469239154946436,25.469239154946436,47.360538291379584,4.5926804307239815,0.025773466712606843,0.9603961356869366,twophase,twophase,28.637122566631287,30.52525962492436,2141.0244312747777,51.10451501714562,0.8024759154836631,0.0,0.11830543688392936,0.11830543688274275,1.1866063687193673e-12
17720.0,362.5896892973852,0.019252049787831994,53.76373479922863,25.465400775110957,25.465400775110957,47.265467351523874,4.595631832454406,0.025960782760832263,0.9589268231821787,twophase,twophase,28.63771073461769,30.525169851939157,2141.0244312747777,50.71947402138898,0.8040900355542254,0.0,0.11830543688392936,0.11830543688274275,1.1866063687193673e-12
17740.0,362.3052905970546,0.019249988321917044,54.14873456566697,25.461570080447153,25.461570080447153,47.170763268526265,4.5986417254976475,0.02614781799601056,0.9574486064892889,twophase,twophase,28.6382879838471,30.52504989078549,2141.0244312747777,50.33447425495064,0.8057043958949979,0.0,0.11830543688392936,0.11830543688274275,1.1866063687193673e-12
17760.0,362.02162188434096,0.01924804740862207,54.53369551383941,25.457747115211372,25.457747115211372,47.07642414117583,4.601711281126967,0.02633457349280978,0.9559613042608524,twophase,twophase,28.63885435607027,30.52489915501933,2141.0244312747777,49.9495133067782,0.8073189928189956,0.0,0.11830543688392936,0.11830543688274275,1.1866063687193673e-12
17780.0,361.7386888665587,0.019246229618478595,54.918620106208984,25.453931969790744,25.453931969790744,46.98244730522475,4.6048420275854065,0.026521052177886247,0.9544646677562428,twophase,twophase,28.63940989286152,30.52471604654829,2141.0244312747777,49.56458871440863,0.8089338359976713,0.0,0.11830543688392936,0.11830543688274275,1.1866063687193673e-12
17800.0,361.4564817943494,0.019244536304538328,55.30351083229975,25.450124526143398,25.450124526143398,46.88883372051549,4.608034030533415,0.02670724841025947,0.9529587342792756,twophase,twophase,28.639954635782114,30.524503602246863,2141.0244312747777,49.17969798831786,0.8105488728875145,0.0,0.11830543688392936,0.11830543688274275,1.1866063687193673e-12
17820.0,361.17499986821207,0.01924296774969072,55.688370187293565,25.446324786782395,25.446324786782395,46.795582260175706,4.6112882294706,0.02689316146714199,0.9514433726613989,twophase,twophase,28.64048862651962,30.524262183618273,2141.0244312747777,48.79483863332405,0.8121640865983577,0.0,0.11830543688392936,0.11830543688274275,1.1866063687193673e-12
17840.0,360.8942437434678,0.01924152582522822,56.07320070379813,25.44253277384766,25.44253277384766,46.702691480809136,4.614605729087699,0.027078791396558423,0.9499184215666319,twophase,twophase,28.641011906691055,30.52399172558259,2141.0244312747777,48.41000811681948,0.8137794657678572,0.0,0.11830543688392936,0.11830543688274275,1.1866063687193673e-12
17860.0,360.6142141147348,0.019240212452451288,56.458004952847155,25.438748510025118,25.438748510025118,46.61015995357341,4.617987664749889,0.027264138234749408,0.9483837157348161,twophase,twophase,28.64152451784389,30.52369216045435,2141.0244312747777,48.02520386777046,0.8153949988807145,0.0,0.11830543688392936,0.11830543688274275,1.1866063687193673e-12
17880.0,360.33491171753946,0.019239029604542067,56.842785544937996,25.43497201856973,25.43497201856973,46.517986264076406,4.621435203674489,0.027449202006274244,0.9468390858389255,twophase,twophase,28.642026501457043,30.52336341768373,2141.0244312747777,47.640423275679616,0.8170106742673828,0.0,0.11830543688392936,0.11830543688274275,1.1866063687193673e-12
17900.0,360.05633733008546,0.019237979308549313,57.22754513110898,25.431203323330717,25.431203323330717,46.426169012235405,4.624949546178497,0.027633982724211987,0.9452843583331478,twophase,twophase,28.64251789894186,30.523005423545882,2141.0244312747777,47.25566368950863,0.8186264801034453,0.0,0.11830543688392936,0.11830543688274275,1.1866063687193673e-12
17920.0,360.0678252733634,0.003206249810349604,57.291670127315975,25.431358778494253,25.431358778494253,46.41266658018099,4.624746190186332,0.027664172163025764,0.945361297805386,twophase,twophase,28.643002567470745,30.522629034112455,2141.0244312747777,47.19153869330164,0.8188646359613175,0.0,0.11830543688392936,0.11830543688274275,1.1866063687193673e-12
17940.0,360.1372378252121,0.0,57.291670127315975,25.432297996985785,25.432297996985785,46.414787596425626,4.623790989443731,0.02766347021112683,0.9457660155342016,twophase,twophase,28.64348815647028,30.522256099139067,2141.0244312747777,47.19153869330164,0.8188272163094141,0.0,0.11830543688392936,0.11830543688274275,1.1866063687193673e-12
17960.0,360.20664024367454,0.0,57.291670127315975,25.433236951327356,25.433236951327356,46.41690774884604,4.622836659083631,0.027662767693376236,0.9461706984412555,twophase,twophase,28.643974663381318,30.52188660331579,2141.0244312747777,47.19153869330164,0.8187898153150618,0.0,0.11830543688392936,0.11830543688274275,1.1866063687193673e-12
17980.0,360.2760325652543,0.0,57.291670127315975,25.434175642110258,25.434175642110258,46.419027039561826,4.621883197285165,0.02766206460845805,0.9465753467681793,twophase,twophase,28.6444620858032,30.52152053769437,2141.0244312747777,47.19153869330164,0.8187524329362306,0.0,0.11830543688392936,0.11830543688274275,1.1866063687193673e-12
18000.0,360.3454148257275,0.0,57.291670127315975,25.43511406991563,25.43511406991563,46.42114547051556,4.620930602224907,0.027661360955397486,0.9469799607560725,twophase,twophase,28.644950421341306,30.521157893350185,2141.0244312747777,47.19153869330164,0.8187150691340279,0.0,0.11830543688392936,0.11830543688274275,1.1866063687193673e-12
18020.0,360.4147870607905,0.0,57.291670127315975,25.436052235323217,25.436052235323217,46.42326304364773,4.619978872085083,0.027660656733214672,0.9473845406454965,twophase,twophase,28.645439667607015,30.52079866138214,2141.0244312747777,47.19153869330164,0.8186777238696145,0.0,0.11830543688392936,0.11830543688274275,1.1866063687193673e-12
18040.0,360.484149306049,0.0,57.291670127315975,25.436990138911177,25.436990138911177,46.42537976089277,4.619028005053372,0.027659951940932685,0.9477890866764755,twophase,twophase,28.645929822217703,30.52044283291263,2141.0244312747777,47.19153869330164,0.8186403971042726,0.0,0.11830543688392936,0.11830543688274275,1.1866063687193673e-12
18060.0,360.55350159701504,0.0,57.291670127315975,25.437927781256096,25.437927781256096,46.427495624180175,4.618077999322893,0.027659246577575118,0.9481935990885,twophase,twophase,28.646420882796725,30.520090399087447,2141.0244312747777,47.19153869330164,0.818603088799387,0.0,0.11830543688392936,0.11830543688274275,1.1866063687193673e-12
18080.0,360.62284396911406,0.0,57.291670127315975,25.43886516293308,25.43886516293308,46.42961063543534,4.617128853092259,0.027658540642164747,0.9485980781205269,twophase,twophase,28.646912846973407,30.519741351075748,2141.0244312747777,47.19153869330164,0.8185657989164302,0.0,0.11830543688392936,0.11830543688274275,1.1866063687193673e-12
18100.0,360.6921764576826,0.0,57.291670127315975,25.43980228451567,25.43980228451567,46.43172479657537,4.616180564565489,0.02765783413373219,0.9490025240109798,twophase,twophase,28.64740571238302,30.519395680069962,2141.0244312747777,47.19153869330164,0.8185285274170361,0.0,0.11830543688392936,0.11830543688274275,1.1866063687193673e-12
18120.0,360.7614990979704,0.0,57.291670127315975,25.440739146575954,25.440739146575954,46.43383810951768,4.615233131952081,0.027657127051297647,0.9494069369977508,twophase,twophase,28.647899476666765,30.519053377285744,2141.0244312747777,47.19153869330164,0.818491274262848,0.0,0.11830543688392936,0.11830543688274275,1.1866063687193673e-12
18140.0,360.8308119251341,0.0,57.291670127315975,25.4416757496844,25.4416757496844,46.43595057617076,4.614286553466832,0.02765641939389051,0.9498113173182033,twophase,twophase,28.648394137471776,30.518714433961897,2141.0244312747777,47.19153869330164,0.8184540394156817,0.0,0.11830543688392936,0.11830543688274275,1.1866063687193673e-12
18160.0,360.9001149742445,0.0,57.291670127315975,25.442612094410027,25.442612094410027,46.43806219844039,4.613340827329988,0.0276557111605364,0.9502156652091686,twophase,twophase,28.64888969245108,30.518378841360327,2141.0244312747777,47.19153869330164,0.8184168228374165,0.0,0.11830543688392936,0.11830543688274275,1.1866063687193673e-12
18180.0,360.9694082802841,0.0,57.291670127315975,25.443548181320324,25.443548181320324,46.44017297822526,4.612395951767117,0.02765500235026628,0.9506199809069544,twophase,twophase,28.649386139263598,30.51804659076596,2141.0244312747777,47.19153869330164,0.8183796244900706,0.0,0.11830543688392936,0.11830543688274275,1.1866063687193673e-12
18200.0,361.0386918781496,0.0,57.291670127315975,25.4444840109813,25.4444840109813,46.442282917419966,4.6114519250091615,0.027654292962110513,0.9510242646473387,twophase,twophase,28.64988347557413,30.517717673486686,2141.0244312747777,47.19153869330164,0.8183424443357503,0.0,0.11830543688392936,0.11830543688274275,1.1866063687193673e-12
18220.0,361.1079658026443,0.0,57.291670127315975,25.445419583957403,25.445419583957403,46.44439201791501,4.61050874529233,0.027653582995098163,0.9514285166655753,twophase,twophase,28.65038169905333,30.517392080853305,2141.0244312747777,47.19153869330164,0.8183052823366483,0.0,0.11830543688392936,0.11830543688274275,1.1866063687193673e-12
18240.0,361.17723008849083,0.0,57.291670127315975,25.44635490081165,25.44635490081165,46.44650028159651,4.609566410858193,0.02765287244825825,0.9518327371963925,twophase,twophase,28.650880807377707,30.517069804219453,2141.0244312747777,47.19153869330164,0.8182681384550498,0.0,0.11830543688392936,0.11830543688274275,1.1866063687193673e-12
18260.0,361.24648477032093,0.0,57.291670127315975,25.447289962105533,25.447289962105533,46.44860771034222,4.6086249199535745,0.027652161320628362,0.9522369264739973,twophase,twophase,28.651380798229596,30.516750834961538,2141.0244312747777,47.19153869330164,0.8182310126534017,0.0,0.11830543688392936,0.11830543688274275,1.1866063687193673e-12
18280.0,361.3157298826788,0.0,57.291670127315975,25.44822476839904,25.44822476839904,46.45071430602901,4.607684270830546,0.02765144961123799,0.9526410847320734,twophase,twophase,28.651881669297147,30.516435164478686,2141.0244312747777,47.19153869330164,0.8181939048941819,0.0,0.11830543688392936,0.11830543688274275,1.1866063687193673e-12
18300.0,361.38496546002114,0.0,57.291670127315975,25.449159320250676,25.449159320250676,46.45282007052663,4.606744461746431,0.027650737319122543,0.9530452122037844,twophase,twophase,28.652383418274315,30.51612278419267,2141.0244312747777,47.19153869330164,0.8181568151400083,0.0,0.11830543688392936,0.11830543688274275,1.1866063687193673e-12
18320.0,361.4541915367251,0.0,57.291670127315975,25.450093618217526,25.450093618217526,46.454925005702094,4.6058054909638395,0.027650024443313895,0.9534493091217741,twophase,twophase,28.652886042860843,30.51581368554786,2141.0244312747777,47.19153869330164,0.8181197433535609,0.0,0.11830543688392936,0.11830543688274275,1.1866063687193673e-12
18340.0,361.5234081470723,0.0,57.291670127315975,25.451027662855118,25.451027662855118,46.45702911341486,4.604867356750508,0.027649310982850474,0.953853375718168,twophase,twophase,28.653389540762248,30.515507860011148,2141.0244312747777,47.19153869330164,0.8180826894976684,0.0,0.11830543688392936,0.11830543688274275,1.1866063687193673e-12
18360.0,361.59261532526415,0.0,57.291670127315975,25.45196145471755,25.45196145471755,46.459132395521436,4.603930057379414,0.02764859693676762,0.9542574122245735,twophase,twophase,28.653893909689803,30.515205299071887,2141.0244312747777,47.19153869330164,0.8180456535352258,0.0,0.11830543688392936,0.11830543688274275,1.1866063687193673e-12
18380.0,361.66181310541083,0.0,57.291670127315975,25.452894994357408,25.452894994357408,46.46123485387216,4.602993591128653,0.02764788230410442,0.9546614188720839,twophase,twophase,28.65439914736053,30.51490599424184,2141.0244312747777,47.19153869330164,0.8180086354292508,0.0,0.11830543688392936,0.11830543688274275,1.1866063687193673e-12
18400.0,361.73100152154706,0.0,57.291670127315975,25.453828282325922,25.453828282325922,46.46333649031443,4.602057956281597,0.027647167083897185,0.9550653958912747,twophase,twophase,28.654905251497173,30.514609937055106,2141.0244312747777,47.19153869330164,0.8179716351428278,0.0,0.11830543688392936,0.11830543688274275,1.1866063687193673e-12
18420.0,361.8001806076088,0.0,57.291670127315975,25.45476131917271,25.45476131917271,46.46543730668954,4.601123151126598,0.027646451275185405,0.9554693435122098,twophase,twophase,28.6554122198282,30.51431711906807,2141.0244312747777,47.19153869330164,0.8179346526391631,0.0,0.11830543688392936,0.11830543688274275,1.1866063687193673e-12
18440.0,361.8693503974565,0.0,57.291670127315975,25.455694105446042,25.455694105446042,46.467537304834046,4.600189173957222,0.02764573487700976,0.9558732619644408,twophase,twophase,28.655920050087776,30.51402753185934,2141.0244312747777,47.19153869330164,0.8178976878815603,0.0,0.11830543688392936,0.11830543688274275,1.1866063687193673e-12
18460.0,361.93851092486364,0.0,57.291670127315975,25.456626641692722,25.456626641692722,46.469636486580086,4.599256023072142,0.027645017888411144,0.9562771514770051,twophase,twophase,28.656428740015752,30.51374116702967,2141.0244312747777,47.19153869330164,0.8178607408334158,0.0,0.11830543688392936,0.11830543688274275,1.1866063687193673e-12
18480.0,362.0076622235133,0.0,57.291670127315975,25.457558928458024,25.457558928458024,46.4717348537546,4.598323696775025,0.02764430030843188,0.956681012278432,twophase,twophase,28.656938287357654,30.513458016201923,2141.0244312747777,47.19153869330164,0.8178238114582312,0.0,0.11830543688392936,0.11830543688274275,1.1866063687193673e-12
18500.0,362.07680432700937,0.0,57.291670127315975,25.45849096628585,25.45849096628585,46.47383240817912,4.59739219337467,0.02764358213611703,0.9570848445967416,twophase,twophase,28.657448689864665,30.513178071020995,2141.0244312747777,47.19153869330164,0.8177868997196182,0.0,0.11830543688392936,0.11830543688274275,1.1866063687193673e-12
18520.0,362.1459372688752,0.0,57.291670127315975,25.459422755718727,25.459422755718727,46.47592915167532,4.596461511184988,0.0276428633705021,0.9574886486594446,twophase,twophase,28.657959945293612,30.51290132315376,2141.0244312747777,47.19153869330164,0.8177500055811994,0.0,0.11830543688392936,0.11830543688274275,1.1866063687193673e-12
18540.0,362.21506108253726,0.0,57.291670127315975,25.46035429729755,25.46035429729755,46.478025086051325,4.5955316485247355,0.02764214401064212,0.957892424693546,twophase,twophase,28.658472051406957,30.512627764289004,2141.0244312747777,47.19153869330164,0.8177131290068503,0.0,0.11830543688392936,0.11830543688274275,1.1866063687193673e-12
18560.0,362.28417580135294,0.0,57.291670127315975,25.46128559156199,25.46128559156199,46.480120213119086,4.594602603717877,0.027641424055575167,0.9582961729255443,twophase,twophase,28.65898500597277,30.512357386137374,2141.0244312747777,47.19153869330164,0.8176762699603937,0.0,0.11830543688392936,0.11830543688274275,1.1866063687193673e-12
18580.0,362.35328145858716,0.0,57.291670127315975,25.462216639050187,25.462216639050187,46.482214534680914,4.593674375093267,0.0276407035043506,0.9586998935814345,twophase,twophase,28.659498806764727,30.51209018043131,2141.0244312747777,47.19153869330164,0.8176394284058354,0.0,0.11830543688392936,0.11830543688274275,1.1866063687193673e-12
18600.0,362.4223780874225,0.0,57.291670127315975,25.463147440298844,25.463147440298844,46.48430805253647,4.5927469609847416,0.02763998235601432,0.9591035868867056,twophase,twophase,28.660013451562094,30.511826138925,2141.0244312747777,47.19153869330164,0.8176026043072419,0.0,0.11830543688392936,0.11830543688274275,1.1866063687193673e-12
18620.0,362.49146572095395,0.0,57.291670127315975,25.464077995843226,25.464077995843226,46.48640076847989,4.591820359731065,0.02763926060961486,0.9595072530663463,twophase,twophase,28.66052893814971,30.511565253394288,2141.0244312747777,47.19153869330164,0.8175657976287912,0.0,0.11830543688392936,0.11830543688274275,1.1866063687193673e-12
18640.0,362.56054439220765,0.0,57.291670127315975,25.465008306217328,25.465008306217328,46.488492684300574,4.590894569676085,0.027638538264202425,0.9599108923448447,twophase,twophase,28.66104526431797,30.511307515636656,2141.0244312747777,47.19153869330164,0.8175290083347583,0.0,0.11830543688392936,0.11830543688274275,1.1866063687193673e-12
18660.0,362.62961413410915,0.0,57.291670127315975,25.465938371953516,25.465938371953516,46.490583801784034,4.589969589168374,0.02763781531882566,0.9603145049461866,twophase,twophase,28.66156242786282,30.511052917471133,2141.0244312747777,47.19153869330164,0.8174922363895005,0.0,0.11830543688392936,0.11830543688274275,1.1866063687193673e-12
18680.0,362.6986749795146,0.0,57.291670127315975,25.466868193582936,25.466868193582936,46.49267412271132,4.589045416561584,0.02763709177253444,0.9607180910938603,twophase,twophase,28.66208042658573,30.510801450738256,2141.0244312747777,47.19153869330164,0.8174554817574672,0.0,0.11830543688392936,0.11830543688274275,1.1866063687193673e-12
18700.0,362.7677269611876,0.0,57.291670127315975,25.467797771635166,25.467797771635166,46.494763648856356,4.5881220502141105,0.02763636762438458,0.9611216510108557,twophase,twophase,28.662599258293703,30.510553107299994,2141.0244312747777,47.19153869330164,0.8174187444032475,0.0,0.11830543688392936,0.11830543688274275,1.1866063687193673e-12
18720.0,362.8367701118224,0.0,57.291670127315975,25.468727106638575,25.468727106638575,46.496852381992376,4.587199488489405,0.02763564287342482,0.9615251849196651,twophase,twophase,28.663118920799228,30.510307879039704,2141.0244312747777,47.19153869330164,0.8173820242914556,0.0,0.11830543688392936,0.11830543688274275,1.1866063687193673e-12
18740.0,362.9058044640137,0.0,57.291670127315975,25.469656199119903,25.469656199119903,46.49894032388517,4.586277729755548,0.027634917518710195,0.961928693042287,twophase,twophase,28.6636394119203,30.510065757862066,2141.0244312747777,47.19153869330164,0.8173453213868506,0.0,0.11830543688392936,0.11830543688274275,1.1866063687193673e-12
18760.0,362.9748300502931,0.0,57.291670127315975,25.47058504960473,25.47058504960473,46.50102747629761,4.585356772385682,0.02763419155929395,0.9623321756002243,twophase,twophase,28.664160729480383,30.50982673569302,2141.0244312747777,47.19153869330164,0.8173086356542569,0.0,0.11830543688392936,0.11830543688274275,1.1866063687193673e-12
18780.0,363.0438469030938,0.0,57.291670127315975,25.471513658617038,25.471513658617038,46.50311384098639,4.584436614757582,0.027633464994232953,0.9627356328144867,twophase,twophase,28.664682871308404,30.509590804479725,2141.0244312747777,47.19153869330164,0.8172719670586207,0.0,0.11830543688392936,0.11830543688274275,1.1866063687193673e-12
18800.0,363.1128550547822,0.0,57.291670127315975,25.472442026679605,25.472442026679605,46.50519941970463,4.583517255253993,0.027632737822583554,0.963139064905591,twophase,twophase,28.66520583523874,30.509357956190474,2141.0244312747777,47.19153869330164,0.8172353155649644,0.0,0.11830543688392936,0.11830543688274275,1.1866063687193673e-12
18820.0,363.18185453763266,0.0,57.291670127315975,25.473370154313702,25.473370154313702,46.50728421420174,4.582598692262331,0.027632010043400705,0.9635424720935641,twophase,twophase,28.66572961911121,30.50912818281466,2141.0244312747777,47.19153869330164,0.8171986811383898,0.0,0.11830543688392936,0.11830543688274275,1.1866063687193673e-12
18840.0,363.25084538384357,0.0,57.291670127315975,25.474298042039262,25.474298042039262,46.50936822622036,4.581680924174828,0.0276312816557453,0.9639458545979417,twophase,twophase,28.666254220771048,30.50890147636271,2141.0244312747777,47.19153869330164,0.8171620637441304,0.0,0.11830543688392936,0.11830543688274275,1.1866063687193673e-12
18860.0,363.3198276255282,0.0,57.291670127315975,25.4752256903748,25.4752256903748,46.51145145749968,4.58076394938843,0.02763055265867672,0.9643492126377701,twophase,twophase,28.666779638068896,30.50867782886602,2141.0244312747777,47.19153869330164,0.8171254633474943,0.0,0.11830543688392936,0.11830543688274275,1.1866063687193673e-12
18880.0,363.38880129472767,0.0,57.291670127315975,25.476153099837582,25.476153099837582,46.513533909776875,4.579847766304932,0.027629823051250172,0.9647525464316095,twophase,twophase,28.667305868860794,30.508457232376912,2141.0244312747777,47.19153869330164,0.8170888799138382,0.0,0.11830543688392936,0.11830543688274275,1.1866063687193673e-12
18900.0,363.45776642339206,0.0,57.291670127315975,25.477080270943354,25.477080270943354,46.515615584778956,4.578932373330705,0.027629092832533703,0.965155856197533,twophase,twophase,28.667832911008162,30.50823967896857,2141.0244312747777,47.19153869330164,0.8170523134087105,0.0,0.11830543688392936,0.11830543688274275,1.1866063687193673e-12
18920.0,363.5267230434026,0.0,57.291670127315975,25.47800720420665,25.47800720420665,46.517696484235074,4.578017768876982,0.027628362001582328,0.9655591421531252,twophase,twophase,28.66836076237779,30.50802516073498,2141.0244312747777,47.19153869330164,0.8170157637976357,0.0,0.11830543688392936,0.11830543688274275,1.1866063687193673e-12
18940.0,363.59567118655207,0.0,57.291670127315975,25.478933900140543,25.478933900140543,46.51977660986533,4.577103951359571,0.027627630557461542,0.9659624045154896,twophase,twophase,28.668889420841822,30.50781366979087,2141.0244312747777,47.19153869330164,0.8169792310463104,0.0,0.11830543688392936,0.11830543688274275,1.1866063687193673e-12
18960.0,363.664610884552,0.0,57.291670127315975,25.479860359256712,25.479860359256712,46.521855963386216,4.576190919198934,0.027626898499235872,0.9663656435012453,twophase,twophase,28.66941888427774,30.50760519827167,2141.0244312747777,47.19153869330164,0.8169427151205076,0.0,0.11830543688392936,0.11830543688274275,1.1866063687193673e-12
18980.0,363.73354216904187,0.0,57.291670127315975,25.480786582065587,25.480786582065587,46.523934546510574,4.575278670820283,0.02762616582596934,0.9667688593265271,twophase,twophase,28.669949150568353,30.507399738333433,2141.0244312747777,47.19153869330164,0.8169062159860778,0.0,0.11830543688392936,0.11830543688274275,1.1866063687193673e-12
19000.0,363.8024650715789,0.0,57.291670127315975,25.48171256907624,25.48171256907624,46.52601236094766,4.574367204653458,0.027625432536724993,0.9671720522069905,twophase,twophase,28.670480217601792,30.5071972821528,2141.0244312747777,47.19153869330164,0.8168697336089474,0.0,0.11830543688392936,0.11830543688274275,1.1866063687193673e-12
19020.0,363.8713796236379,0.0,57.291670127315975,25.482638320796315,25.482638320796315,46.52808940839802,4.573456519132845,0.027624698630575907,0.9675752223578113,twophase,twophase,28.67101208327148,30.506997821926927,2141.0244312747777,47.19153869330164,0.8168332679552093,0.0,0.11830543688392936,0.11830543688274275,1.1866063687193673e-12
19040.0,363.94028585662164,0.0,57.291670127315975,25.483563837732227,25.483563837732227,46.530165690565816,4.572546612697554,0.02762396410657884,0.9679783699936827,twophase,twophase,28.671544745476137,30.506801349873445,2141.0244312747777,47.19153869330164,0.8167968189909052,0.0,0.11830543688392936,0.11830543688274275,1.1866063687193673e-12
19060.0,364.00918380184726,0.0,57.291670127315975,25.48448912038898,25.48448912038898,46.532241209143244,4.5716374837912,0.02762322896380785,0.9683814953288251,twophase,twophase,28.672078202119746,30.506607858230385,2141.0244312747777,47.19153869330164,0.8167603866823006,0.0,0.11830543688392936,0.11830543688274275,1.1866063687193673e-12
19080.0,364.0780734905526,0.0,57.291670127315975,25.485414169270204,25.485414169270204,46.53431596581832,4.57072913086196,0.027622493201337264,0.9687845985769769,twophase,twophase,28.672612451111558,30.50641733925614,2141.0244312747777,47.19153869330164,0.8167239709957467,0.0,0.11830543688392936,0.11830543688274275,1.1866063687193673e-12
19100.0,364.14695495390436,0.0,57.291670127315975,25.486338984878316,25.486338984878316,46.536389962281206,4.569821552362666,0.027621756818228503,0.9691876799514035,twophase,twophase,28.673147490366073,30.50622978522939,2141.0244312747777,47.19153869330164,0.8166875718975707,0.0,0.11830543688392936,0.11830543688274275,1.1866063687193673e-12
19120.0,364.21582822298683,0.0,57.291670127315975,25.487263567714333,25.487263567714333,46.53846320021187,4.568914746750628,0.02762101981355635,0.9695907396648954,twophase,twophase,28.673683317803025,30.506045188449075,2141.0244312747777,47.19153869330164,0.8166511893542907,0.0,0.11830543688392936,0.11830543688274275,1.1866063687193673e-12
19140.0,364.2846933288055,0.0,57.291670127315975,25.488187918277962,25.488187918277962,46.540535681288965,4.568008712487706,0.027620282186389986,0.9699937779297674,twophase,twophase,28.674219931347366,30.505863541234316,2141.0244312747777,47.19153869330164,0.8166148233324616,0.0,0.11830543688392936,0.11830543688274275,1.1866063687193673e-12
19160.0,364.3535503022872,0.0,57.291670127315975,25.489112037067557,25.489112037067557,46.542607407182885,4.567103448040235,0.027619543935807917,0.9703967949578634,twophase,twophase,28.67475732892926,30.505684835924363,2141.0244312747777,47.19153869330164,0.8165784737987956,0.0,0.11830543688392936,0.11830543688274275,1.1866063687193673e-12
19180.0,364.42239917428765,0.0,57.291670127315975,25.49003592458025,25.49003592458025,46.54467837956545,4.566198951879138,0.027618805060877234,0.970799790960555,twophase,twophase,28.675295508484066,30.50550906487855,2141.0244312747777,47.19153869330164,0.8165421407199923,0.0,0.11830543688392936,0.11830543688274275,1.1866063687193673e-12
19200.0,364.4912399755753,0.0,57.291670127315975,25.490959581311746,25.490959581311746,46.546748600097644,4.56529522247971,0.02761806556067996,0.9712027661487438,twophase,twophase,28.675834467952324,30.50533622047623,2141.0244312747777,47.19153869330164,0.8165058240629548,0.0,0.11830543688392936,0.11830543688274275,1.1866063687193673e-12
19220.0,364.56007273685157,0.0,57.291670127315975,25.49188300775656,25.49188300775656,46.548818070442834,4.564392258321833,0.027617325434284704,0.9716057207328609,twophase,twophase,28.676374205279746,30.50516629511673,2141.0244312747777,47.19153869330164,0.8164695237945567,0.0,0.11830543688392936,0.11830543688274275,1.1866063687193673e-12
19240.0,364.6288974887306,0.0,57.291670127315975,25.492806204407763,25.492806204407763,46.55088679225534,4.563490057889701,0.0276165846807709,0.9720086549228701,twophase,twophase,28.676914718417198,30.50499928121929,2141.0244312747777,47.19153869330164,0.8164332398818428,0.0,0.11830543688392936,0.11830543688274275,1.1866063687193673e-12
19260.0,364.69771426175885,0.0,57.291670127315975,25.493729171757256,25.493729171757256,46.5529547671852,4.562588619672069,0.02761584329921949,0.9724115689282679,twophase,twophase,28.677456005320693,30.50483517122301,2141.0244312747777,47.19153869330164,0.8163969722919462,0.0,0.11830543688392936,0.11830543688274275,1.1866063687193673e-12
19280.0,364.76652308640695,0.0,57.291670127315975,25.49465191029566,25.49465191029566,46.55502199688282,4.561687942162133,0.027615101288702044,0.9728144629580828,twophase,twophase,28.677998063951367,30.504673957586796,2141.0244312747777,47.19153869330164,0.8163607209920051,0.0,0.11830543688392936,0.11830543688274275,1.1866063687193673e-12
19300.0,364.8353239930545,0.0,57.291670127315975,25.49557442051209,25.49557442051209,46.55708848298908,4.5607880238573,0.027614358648301963,0.9732173372208797,twophase,twophase,28.678540892275485,30.504515632789307,2141.0244312747777,47.19153869330164,0.8163244859493382,0.0,0.11830543688392936,0.11830543688274275,1.1866063687193673e-12
19320.0,364.9041170120198,0.0,57.291670127315975,25.49649670289458,25.49649670289458,46.559154227141704,4.559888863259556,0.02761361537710192,0.9736201919247586,twophase,twophase,28.67908448826441,30.5043601893289,2141.0244312747777,47.19153869330164,0.8162882671313316,0.0,0.11830543688392936,0.11830543688274275,1.1866063687193673e-12
19340.0,364.97290217354424,0.0,57.291670127315975,25.497418757929864,25.497418757929864,46.56121923097884,4.558990458875253,0.027612871474175182,0.974023027277357,twophase,twophase,28.679628849894602,30.504207619723577,2141.0244312747777,47.19153869330164,0.8162520645053765,0.0,0.11830543688392936,0.11830543688274275,1.1866063687193673e-12
19360.0,365.0416795077821,0.0,57.291670127315975,25.498340586103243,25.498340586103243,46.56328349612654,4.558092809214965,0.027612126938612685,0.9744258434858496,twophase,twophase,28.680173975147593,30.50405791651093,2141.0244312747777,47.19153869330164,0.8162158780390883,0.0,0.11830543688392936,0.11830543688274275,1.1866063687193673e-12
19380.0,365.1104490448256,0.0,57.291670127315975,25.499262187898914,25.499262187898914,46.56534702421342,4.557195912793776,0.027611381769492037,0.9748286407569502,twophase,twophase,28.680719862009987,30.503911072248094,2141.0244312747777,47.19153869330164,0.8161797077000502,0.0,0.11830543688392936,0.11830543688274275,1.1866063687193673e-12
19400.0,365.1792108146817,0.0,57.291670127315975,25.500183563799684,25.500183563799684,46.56740981686053,4.5562997681309945,0.02761063596589877,0.9752314192969131,twophase,twophase,28.68126650847344,30.503767079511686,2141.0244312747777,47.19153869330164,0.8161435534559901,0.0,0.11830543688392936,0.11830543688274275,1.1866063687193673e-12
19420.0,365.247964847288,0.0,57.291670127315975,25.50110471428716,25.50110471428716,46.56947187568513,4.555404373750307,0.027609889526918653,0.9756341793115334,twophase,twophase,28.681813912534647,30.503625930897755,2141.0244312747777,47.19153869330164,0.8161074152747148,0.0,0.11830543688392936,0.11830543688274275,1.1866063687193673e-12
19440.0,365.3167111725038,0.0,57.291670127315975,25.502025639841605,25.502025639841605,46.57153320230105,4.554509728179649,0.027609142451636575,0.9760369210061475,twophase,twophase,28.682362072195343,30.503487619021726,2141.0244312747777,47.19153869330164,0.8160712931241031,0.0,0.11830543688392936,0.11830543688274275,1.1866063687193673e-12
19460.0,365.3854498201134,0.0,57.291670127315975,25.502946340942064,25.502946340942064,46.573593798317106,4.553615829951267,0.02760839473914015,0.9764396445856356,twophase,twophase,28.682910985462264,30.50335213651836,2141.0244312747777,47.19153869330164,0.816035186972134,0.0,0.11830543688392936,0.11830543688274275,1.1866063687193673e-12
19480.0,365.4541808198281,0.0,57.291670127315975,25.50386681806632,25.50386681806632,46.57565366533928,4.552722677601691,0.02760764638851523,0.9768423502544226,twophase,twophase,28.68346065034716,30.50321947604168,2141.0244312747777,47.19153869330164,0.8159990967868482,0.0,0.11830543688392936,0.11830543688274275,1.1866063687193673e-12
19500.0,365.52290420128435,0.0,57.291670127315975,25.504787071690885,25.504787071690885,46.577712804967504,4.551830269671687,0.027606897398852637,0.9772450382164779,twophase,twophase,28.68401106486677,30.503089630264935,2141.0244312747777,47.19153869330164,0.8159630225364053,0.0,0.11830543688392936,0.11830543688274275,1.1866063687193673e-12
19520.0,365.5916199940433,0.0,57.291670127315975,25.505707102291016,25.505707102291016,46.579771218798086,4.550938604706276,0.02760614776924291,0.9776477086753173,twophase,twophase,28.684562227042807,30.502962591880546,2141.0244312747777,47.19153869330164,0.8159269641890394,0.0,0.11830543688392936,0.11830543688274275,1.1866063687193673e-12
19540.0,365.6603282275951,0.0,57.291670127315975,25.506626910340756,25.506626910340756,46.58182890842531,4.5500476812547355,0.027605397498773183,0.9780503618340031,twophase,twophase,28.685114134901955,30.50283835360005,2141.0244312747777,47.19153869330164,0.8158909217130327,0.0,0.11830543688392936,0.11830543688274275,1.1866063687193673e-12
19560.0,365.72902893135307,0.0,57.291670127315975,25.50754649631286,25.50754649631286,46.58388587543724,4.549157497870516,0.027604646586535844,0.978452997895148,twophase,twophase,28.685666786475846,30.50271690815405,2141.0244312747777,47.19153869330164,0.815854895076788,0.0,0.11830543688392936,0.11830543688274275,1.1866063687193673e-12
19580.0,365.79772213465566,0.0,57.291670127315975,25.508465860678815,25.508465860678815,46.58594212141707,4.548268053111257,0.027603895031625865,0.9788556170609111,twophase,twophase,28.686220179801058,30.502598248292156,2141.0244312747777,47.19153869330164,0.8158188842488058,0.0,0.11830543688392936,0.11830543688274275,1.1866063687193673e-12
19600.0,365.8664078667671,0.0,57.291670127315975,25.509385003908875,25.509385003908875,46.58799764794629,4.547379345538783,0.027603142833133965,0.9792582195330035,twophase,twophase,28.6867743129191,30.502482366782946,2141.0244312747777,47.19153869330164,0.8157828891976279,0.0,0.11830543688392936,0.11830543688274275,1.1866063687193673e-12
19620.0,365.935086156884,0.0,57.291670127315975,25.510303926472126,25.510303926472126,46.590052456599324,4.546491373719149,0.027602389990158512,0.9796608055126885,twophase,twophase,28.687329183876386,30.502369256413907,2141.0244312747777,47.19153869330164,0.815746909891932,0.0,0.11830543688392936,0.11830543688274275,1.1866063687193673e-12
19640.0,366.00375703412817,0.0,57.291670127315975,25.511222628836396,25.511222628836396,46.592106548950476,4.545604136222555,0.02760163650179008,0.9800633752007799,twophase,twophase,28.687884790724247,30.502258909991383,2141.0244312747777,47.19153869330164,0.8157109463004099,0.0,0.11830543688392936,0.11830543688274275,1.1866063687193673e-12
19660.0,366.07242052754253,0.0,57.291670127315975,25.512141111468203,25.512141111468203,46.59415992656675,4.544717631623262,0.027600882367126975,0.9804659287976465,twophase,twophase,28.688441131518896,30.502151320340527,2141.0244312747777,47.19153869330164,0.8156749983918924,0.0,0.11830543688392936,0.11830543688274275,1.1866063687193673e-12
19680.0,366.1410766661003,0.0,57.291670127315975,25.51305937483288,25.51305937483288,46.59621259101235,4.543831858499706,0.02760012758526582,0.9808684665032098,twophase,twophase,28.688998204321432,30.50204648030525,2141.0244312747777,47.19153869330164,0.8156390661352719,0.0,0.11830543688392936,0.11830543688274275,1.1866063687193673e-12
19700.0,366.2097254787068,0.0,57.291670127315975,25.513977419394596,25.513977419394596,46.59826454384681,4.542946815434485,0.0275993721553058,0.9812709885169482,twophase,twophase,28.689556007197822,30.501944382748164,2141.0244312747777,47.19153869330164,0.8156031494995337,0.0,0.11830543688392936,0.11830543688274275,1.1866063687193673e-12
19720.0,366.27836699418503,0.0,57.291670127315975,25.514895245616177,25.514895245616177,46.60031578662612,4.542062501014193,0.027598616076345464,0.9816734950378955,twophase,twophase,28.690114538218882,30.50184502055054,2141.0244312747777,47.19153869330164,0.8155672484537372,0.0,0.11830543688392936,0.11830543688274275,1.1866063687193673e-12
19740.0,366.34700124129563,0.0,57.291670127315975,25.515812853959343,25.515812853959343,46.60236632090106,4.541178913829605,0.027597859347487416,0.9820759862646437,twophase,twophase,28.69067379546027,30.501748386612256,2141.0244312747777,47.19153869330164,0.8155313629670441,0.0,0.11830543688392936,0.11830543688274275,1.1866063687193673e-12
19760.0,366.41562824872653,0.0,57.291670127315975,25.516730244884613,25.516730244884613,46.60441614822073,4.5402960524755835,0.027597101967830003,0.9824784623953428,twophase,twophase,28.691233777002484,30.501654473851733,2141.0244312747777,47.19153869330164,0.8154954930086578,0.0,0.11830543688392936,0.11830543688274275,1.1866063687193673e-12
19780.0,366.4842480450855,0.0,57.291670127315975,25.517647418851176,25.517647418851176,46.60646527012994,4.539413915550938,0.027596343936472718,0.9828809236277032,twophase,twophase,28.69179448093083,30.501563275205907,2141.0244312747777,47.19153869330164,0.8154596385478678,0.0,0.11830543688392936,0.11830543688274275,1.1866063687193673e-12
19800.0,366.5528606589158,0.0,57.291670127315975,25.518564376317116,25.518564376317116,46.60851368816707,4.5385325016586195,0.02759558525252175,0.9832833701589938,twophase,twophase,28.69235590533543,30.50147478363016,2141.0244312747777,47.19153869330164,0.815423799554088,0.0,0.11830543688392936,0.11830543688274275,1.1866063687193673e-12
19820.0,366.62146611869025,0.0,57.291670127315975,25.519481117739318,25.519481117739318,46.61056140386889,4.537651809405614,0.027594825915079117,0.9836858021860464,twophase,twophase,28.692918048311192,30.501388992098285,2141.0244312747777,47.19153869330164,0.815387975996772,0.0,0.11830543688392936,0.11830543688274275,1.1866063687193673e-12
19840.0,366.69006445280195,0.0,57.291670127315975,25.520397643573354,25.520397643573354,46.61260841876692,4.536771837402818,0.02759406592324999,0.9840882199052551,twophase,twophase,28.69348090795781,30.501305893602414,2141.0244312747777,47.19153869330164,0.8153521678454765,0.0,0.11830543688392936,0.11830543688274275,1.1866063687193673e-12
19860.0,366.7586556895812,0.0,57.291670127315975,25.5213139542737,25.5213139542737,46.61465473438883,4.535892584265228,0.027593305276140744,0.9844906235125778,twophase,twophase,28.69404448237975,30.501225481152996,2141.0244312747777,47.19153869330164,0.815316375069837,0.0,0.11830543688392936,0.11830543688274275,1.1866063687193673e-12
19880.0,366.82723985728177,0.0,57.291670127315975,25.522230050293615,25.522230050293615,46.61670035225914,4.535014048611805,0.027592543972856806,0.9848930132035353,twophase,twophase,28.694608769686234,30.50114774777873,2141.0244312747777,47.19153869330164,0.8152805976395557,0.0,0.11830543688392936,0.11830543688274275,1.1866063687193673e-12
19900.0,366.89581698409177,0.0,57.291670127315975,25.52314593208516,25.52314593208516,46.61874527389745,4.534136229065489,0.027591782012506633,0.9852953891732152,twophase,twophase,28.695173767991232,30.501072686526516,2141.0244312747777,47.19153869330164,0.8152448355244318,0.0,0.11830543688392936,0.11830543688274275,1.1866063687193673e-12
19920.0,366.96438709812384,0.0,57.291670127315975,25.524061600099202,25.524061600099202,46.620789500820116,4.5332591242531635,0.027591019394198165,0.9856977516162716,twophase,twophase,28.695739475413447,30.501000290461413,2141.0244312747777,47.19153869330164,0.8152090886943334,0.0,0.11830543688392936,0.11830543688274275,1.1866063687193673e-12
19940.0,367.0329502274234,0.0,57.291670127315975,25.524977054785438,25.524977054785438,46.62283303454025,4.532382732805688,0.027590256117038796,0.9861001007269248,twophase,twophase,28.696305890076307,30.500930552666585,2141.0244312747777,47.19153869330164,0.8151733571191957,0.0,0.11830543688392936,0.11830543688274275,1.1866063687193673e-12
19960.0,367.1015063999617,0.0,57.291670127315975,25.525892296592346,25.525892296592346,46.62487587656339,4.531507053357811,0.027589492180144767,0.986502436698965,twophase,twophase,28.69687301010795,30.500863466243253,2141.0244312747777,47.19153869330164,0.8151376407690981,0.0,0.11830543688392936,0.11830543688274275,1.1866063687193673e-12
19980.0,367.1700556436421,0.0,57.291670127315975,25.52680732596724,25.52680732596724,46.62691802839565,4.530632084548227,0.027588727582623516,0.9869047597257508,twophase,twophase,28.69744083364121,30.500799024310645,2141.0244312747777,47.19153869330164,0.8151019396141209,0.0,0.11830543688392936,0.11830543688274275,1.1866063687193673e-12
20000.0,367.2385979863015,0.0,57.291670127315975,25.527722143356332,25.527722143356332,46.628959491538545,4.529757825019596,0.027587962323585187,0.987307070000211,twophase,twophase,28.698009358813614,30.50073722000595,2141.0244312747777,47.19153869330164,0.8150662536244361,0.0,0.11830543688392936,0.11830543688274275,1.1866063687193673e-12
20020.0,367.3071334557066,0.0,57.291670127315975,25.528636749204615,25.528636749204615,46.63100026748744,4.528884273418441,0.027587196402145773,0.9877093677148462,twophase,twophase,28.69857858376736,30.50067804648426,2141.0244312747777,47.19153869330164,0.8150305827703346,0.0,0.11830543688392936,0.11830543688274275,1.1866063687193673e-12
20040.0,367.3756620795419,0.0,57.291670127315975,25.52955114395578,25.52955114395578,46.63304035773341,4.528011428395035,0.02758642981742251,0.9881116530617291,twophase,twophase,28.699148506649312,30.50062149691854,2141.0244312747777,47.19153869330164,0.814994927022193,0.0,0.11830543688392936,0.11830543688274275,1.1866063687193673e-12
20060.0,367.4441838854392,0.0,57.291670127315975,25.530465328052564,25.530465328052564,46.635079763767415,4.527139288603722,0.02758566256852624,0.9885139262325064,twophase,twophase,28.699719125610983,30.500567564499562,2141.0244312747777,47.19153869330164,0.8149592863504008,0.0,0.11830543688392936,0.11830543688274275,1.1866063687193673e-12
20080.0,367.5126989009578,0.0,57.291670127315975,25.531379301936493,25.531379301936493,46.6371184870753,4.526267852702651,0.027584894654571313,0.9889161874183977,twophase,twophase,28.70029043880853,30.500516242435868,2141.0244312747777,47.19153869330164,0.8149236607254489,0.0,0.11830543688392936,0.11830543688274275,1.1866063687193673e-12
20100.0,367.58120715357944,0.0,57.291670127315975,25.532293066047835,25.532293066047835,46.63915652913619,4.525397119353729,0.0275841260746789,0.9893184368101988,twophase,twophase,28.700862444402734,30.50046752395371,2141.0244312747777,47.19153869330164,0.8148880501179558,0.0,0.11830543688392936,0.11830543688274275,1.1866063687193673e-12
20120.0,367.6497086707202,0.0,57.291670127315975,25.533206620825723,25.533206620825723,46.641193891428095,4.524527087222707,0.027583356827965342,0.9897206745982821,twophase,twophase,28.701435140559003,30.500421402297015,2141.0244312747777,47.19153869330164,0.8148524544985704,0.0,0.11830543688392936,0.11830543688274275,1.1866063687193673e-12
20140.0,367.71820347973465,0.0,57.291670127315975,25.53411996670825,25.53411996670825,46.643230575423715,4.52365775497926,0.02758258691355162,0.9901229009725956,twophase,twophase,28.70200852544734,30.500377870727334,2141.0244312747777,47.19153869330164,0.814816873838046,0.0,0.11830543688392936,0.11830543688274275,1.1866063687193673e-12
20160.0,367.78669160789923,0.0,57.291670127315975,25.53503310413223,25.53503310413223,46.64526658259342,4.522789121296746,0.027581816330555765,0.9905251161226665,twophase,twophase,28.702582597242344,30.500336922523786,2141.0244312747777,47.19153869330164,0.8147813081071869,0.0,0.11830543688392936,0.11830543688274275,1.1866063687193673e-12
20180.0,367.85517308243186,0.0,57.291670127315975,25.535946033533452,25.535946033533452,46.64730191440479,4.521921184852432,0.02758104507809516,0.9909273202376017,twophase,twophase,28.703157354123203,30.500298550983022,2141.0244312747777,47.19153869330164,0.814745757276857,0.0,0.11830543688392936,0.11830543688274275,1.1866063687193673e-12
20200.0,367.9236479304704,0.0,57.291670127315975,25.53685875534641,25.53685875534641,46.64933657231667,4.521053944327216,0.027580273155298343,0.9913295135060863,twophase,twophase,28.70373279427367,30.500262749419164,2141.0244312747777,47.19153869330164,0.8147102213180842,0.0,0.11830543688392936,0.11830543688274275,1.1866063687193673e-12
20220.0,367.99211617909293,0.0,57.291670127315975,25.53777127000458,25.53777127000458,46.65137055778965,4.520187398405871,0.027579500561283096,0.9917316961163887,twophase,twophase,28.70430891588206,30.500229511163777,2141.0244312747777,47.19153869330164,0.8146747002018762,0.0,0.11830543688392936,0.11830543688274275,1.1866063687193673e-12
20240.0,368.06057785530913,0.0,57.291670127315975,25.538683577940258,25.538683577940258,46.65340387227634,4.5193215457769,0.027578727295177307,0.9921338682563575,twophase,twophase,28.704885717141234,30.5001988295658,2141.0244312747777,47.19153869330164,0.8146391938993908,0.0,0.11830543688392936,0.11830543688274275,1.1866063687193673e-12
20260.0,368.1290329860599,0.0,57.291670127315975,25.53959567958464,25.53959567958464,46.65543651723106,4.518456385132561,0.02757795335609779,0.9925360301134242,twophase,twophase,28.705463196248594,30.500170697991514,2141.0244312747777,47.19153869330164,0.8146037023817669,0.0,0.11830543688392936,0.11830543688274275,1.1866063687193673e-12
20280.0,368.1974815982143,0.0,57.291670127315975,25.540507575367684,25.540507575367684,46.657468494095454,4.517591915168749,0.027577178743181687,0.9929381818746061,twophase,twophase,28.70604135140606,30.500145109824494,2141.0244312747777,47.19153869330164,0.8145682256203757,0.0,0.11830543688392936,0.11830543688274275,1.1866063687193673e-12
20300.0,368.2659237185863,0.0,57.291670127315975,25.54141926571841,25.54141926571841,46.65949980431699,4.516728134585249,0.02757640345554664,0.9933403237265032,twophase,twophase,28.706620180820074,30.500122058465557,2141.0244312747777,47.19153869330164,0.8145327635864966,0.0,0.11830543688392936,0.11830543688274275,1.1866063687193673e-12
20320.0,368.3343593739066,0.0,57.291670127315975,25.542330751064508,25.542330751064508,46.66153044933417,4.515865042085355,0.027575627492321918,0.9937424558553019,twophase,twophase,28.707199682701578,30.500101537332714,2141.0244312747777,47.19153869330164,0.8144973162515767,0.0,0.11830543688392936,0.11830543688274275,1.1866063687193673e-12
20340.0,368.40278859084873,0.0,57.291670127315975,25.543242031832648,25.543242031832648,46.663560430581555,4.515002636376148,0.027574850852638794,0.9941445784467761,twophase,twophase,28.707779855266,30.50008353986113,2141.0244312747777,47.19153869330164,0.8144618835871427,0.0,0.11830543688392936,0.11830543688274275,1.1866063687193673e-12
20360.0,368.47121139602166,0.0,57.291670127315975,25.544153108448437,25.544153108448437,46.6655897494926,4.514140916168436,0.027574073535623803,0.9945466916862871,twophase,twophase,28.708360696733255,30.500068059503075,2141.0244312747777,47.19153869330164,0.8144264655647507,0.0,0.11830543688392936,0.11830543688274275,1.1866063687193673e-12
20380.0,368.5396278159635,0.0,57.291670127315975,25.545063981336305,25.545063981336305,46.66761840749647,4.513279880176642,0.027573295540405458,0.994948795758783,twophase,twophase,28.708942205327723,30.500055089727876,2141.0244312747777,47.19153869330164,0.8143910621560422,0.0,0.11830543688392936,0.11830543688274275,1.1866063687193673e-12
20400.0,368.60803787714167,0.0,57.291670127315975,25.545974650919486,25.545974650919486,46.669646406015495,4.5124195271187535,0.027572516866119976,0.9953508908488046,twophase,twophase,28.709524379278246,30.500044624021875,2141.0244312747777,47.19153869330164,0.8143556733327888,0.0,0.11830543688392936,0.11830543688274275,1.1866063687193673e-12
20420.0,368.6764416059621,0.0,57.291670127315975,25.546885117620217,25.546885117620217,46.671673746471775,4.5115598557165155,0.027571737511897215,0.9957529771404802,twophase,twophase,28.710107216818106,30.50003665588838,2141.0244312747777,47.19153869330164,0.8143202990667764,0.0,0.11830543688392936,0.11830543688274275,1.1866063687193673e-12
20440.0,368.74483902876705,0.0,57.291670127315975,25.547795381859636,25.547795381859636,46.673700430283105,4.510700864695296,0.02757095747686944,0.9961550548175317,twophase,twophase,28.710690716185027,30.500031178847617,2141.0244312747777,47.19153869330164,0.8142849393298766,0.0,0.11830543688392936,0.11830543688274275,1.1866063687193673e-12
20460.0,368.8132301718287,0.0,57.291670127315975,25.5487054440577,25.5487054440577,46.67572645886173,4.509842552784018,0.027570176760173683,0.996557124063272,twophase,twophase,28.71127487562115,30.50002818643669,2141.0244312747777,47.19153869330164,0.8142495940940679,0.0,0.11830543688392936,0.11830543688274275,1.1866063687193673e-12
20480.0,368.88161506135225,0.0,57.291670127315975,25.54961530463329,25.54961530463329,46.67775183361968,4.508984918715222,0.027569395360940444,0.9969591850606085,twophase,twophase,28.711859693373036,30.500027672209534,2141.0244312747777,47.19153869330164,0.8142142633313434,0.0,0.11830543688392936,0.11830543688274275,1.1866063687193673e-12
20500.0,368.9499937234845,0.0,57.291670127315975,25.550524964004268,25.550524964004268,46.679776555961816,4.508127961225122,0.027568613278309274,0.9973612379920417,twophase,twophase,28.712445167691644,30.50002962973686,2141.0244312747777,47.19153869330164,0.8141789470138312,0.0,0.11830543688392936,0.11830543688274275,1.1866063687193673e-12
20520.0,369.0183661842971,0.0,57.291670127315975,25.55143442258728,25.55143442258728,46.68180062729046,4.507271679053396,0.027567830511417774,0.9977632830396671,twophase,twophase,28.713031296832327,30.500034052606132,2141.0244312747777,47.19153869330164,0.814143645113714,0.0,0.11830543688392936,0.11830543688274275,1.1866063687193673e-12
20540.0,369.0867324698055,0.0,57.291670127315975,25.552343680797982,25.552343680797982,46.683824049006745,4.506416070943373,0.027567047059399354,0.9981653203851779,twophase,twophase,28.713618079054815,30.50004093442149,2141.0244312747777,47.19153869330164,0.8141083576032055,0.0,0.11830543688392936,0.11830543688274275,1.1866063687193673e-12
20560.0,369.1550926059517,0.0,57.291670127315975,25.553252739050848,25.553252739050848,46.685846822504004,4.505561135641866,0.027566262921397456,0.9985673502098631,twophase,twophase,28.714205512623206,30.50005026880374,2141.0244312747777,47.19153869330164,0.8140730844546662,0.0,0.11830543688392936,0.11830543688274275,1.1866063687193673e-12
20580.0,369.22344661862195,0.0,57.291670127315975,25.55416159775939,25.55416159775939,46.68786894917552,4.504706871899344,0.027565478096549037,0.9989693726946091,twophase,twophase,28.714793595805958,30.500062049390277,2141.0244312747777,47.19153869330164,0.8140378256404671,0.0,0.11830543688392936,0.11830543688274275,1.1866063687193673e-12
20600.0,369.2917945336254,0.0,57.291670127315975,25.555070257335878,25.555070257335878,46.68989043040722,4.503853278469661,0.027564692583999552,0.9993713880199016,twophase,twophase,28.715382326875876,30.500076269835066,2141.0244312747777,47.19153869330164,0.8140025811331174,0.0,0.11830543688392936,0.11830543688274275,1.1866063687193673e-12
20620.0,369.360136376717,0.0,57.291670127315975,25.555978718191625,25.555978718191625,46.69191126758693,4.503000354110294,0.027563906382883818,0.9997733963658274,twophase,twophase,28.715971704110103,30.50009292380858,2141.0244312747777,47.19153869330164,0.8139673509051041,0.0,0.11830543688392936,0.11830543688274275,1.1866063687193673e-12
20640.0,369.4390844935957,0.0,57.291670127315975,25.55702802028618,25.562794287955082,46.69672575907964,4.5009699579744975,0.027557483890964594,,twophase,gas,28.71656178311492,30.500112946125412,2141.0244308870874,47.19153908099189,0.8138834296942583,1.9384515326237306e-08,0.11830582457423588,0.11830582457299244,1.2434497875801753e-12
20660.0,369.53165521318795,0.0,57.291670127315975,25.55825818044063,25.57722342239327,46.70513010574512,4.497431383567739,0.027543817242791053,,twophase,gas,28.717153184167692,30.50014653933539,2141.0244259001324,47.19154406794705,0.8137369736840248,2.4934774955909234e-07,0.11831081152922707,0.11831081152815415,1.0729195309977513e-12
20680.0,369.6241144204147,0.0,57.291670127315975,25.559486642869036,25.59162981563209,46.71350849170604,4.493910997878082,0.02753019815323963,,twophase,gas,28.717746009978555,30.500195411722906,2141.0244155947225,47.1915543733568,0.8135910204985451,5.152704943611752e-07,0.11832111693911429,0.11832111693790637,1.2079226507921703e-12
20700.0,369.7164623033279,0.0,57.291670127315975,25.560713410942032,25.60601333209084,46.72186092889187,4.4904087116941325,0.027516626611975112,,twophase,gas,28.718340255671755,30.50025950578312,2141.0243999788727,47.19156998920662,0.8134455694193675,7.807924930602895e-07,0.1183367327889755,0.11833673278772494,1.2505552149377763e-12
20720.0,369.8086990523022,0.0,57.291670127315975,25.561938488057663,25.62037383851988,46.73018743001213,4.48692443615373,0.02750310260709341,,twophase,gas,28.71893591638128,30.500338764027987,2141.024379060655,47.19159090742443,0.8133006197168214,1.0459108807481244e-06,0.11835765100659046,0.11835765100553175,1.0587086762825493e-12
20740.0,369.9008248599326,0.0,57.291670127315975,25.563161877640027,25.634711203966297,46.738488008533665,4.483458082749332,0.0274896261251665,,twophase,gas,28.719532987250897,30.500433128988035,2141.024352848198,47.19161711988148,0.8131561706504297,1.310622860728472e-06,0.11838386346380503,0.1183838634625829,1.2221335055073723e-12
20760.0,369.9928399210615,0.0,57.291670127315975,25.564383583139616,25.64902529976709,46.746762678685364,4.480009563325904,0.0274761971512337,,twophase,gas,28.720131463434196,30.50054254321414,2141.024321349686,47.191648618393295,0.8130122214688429,1.5749255908303894e-06,0.11841536197562164,0.1184153619743995,1.2221335055073723e-12
20780.0,370.08474443272524,0.0,57.291670127315975,25.5656036080326,25.663315999530248,46.75501145544537,4.476578790081595,0.02746281566882702,,twophase,gas,28.720731340094623,30.500666949279278,2141.0242845733587,47.19168539472056,0.8128687714100759,1.8388163653071389e-06,0.11845213830292778,0.11845213830166301,1.2647660696529783e-12
20800.0,370.1765385941329,0.0,57.291670127315975,25.56682195582051,25.67758317911838,46.76323435453176,4.473165675568038,0.02744948165999089,,twophase,gas,28.721332612405536,30.500806289780254,2141.024242527509,47.19172744057001,0.8127258197016852,2.1022924784119822e-06,0.11849418415249602,0.11849418415111757,1.3784529073745944e-12
20820.0,370.2682226091949,0.0,57.291670127315975,25.568038630063782,25.691826717564112,46.77143139307358,4.469770132411797,0.027436195103927516,,twophase,gas,28.721935275550244,30.5009605073396,2141.0241952204838,47.191774747595396,0.8125833655491248,2.3653512698729174e-06,0.11854149117789348,0.11854149117650081,1.3926637620897964e-12
20840.0,370.3597966738544,0.0,57.291670127315975,25.569253634213673,25.70604649244703,46.77960258627077,4.4663920746925125,0.02742295598373524,,twophase,gas,28.722539324722028,30.501129544606975,2141.024142660681,47.191827307398235,0.8124414081937894,2.627990147630044e-06,0.11859405098084608,0.11859405097933973,1.5063505998114124e-12
20860.0,370.45126099881253,0.0,57.291670127315975,25.570466971913742,25.72024238817079,46.78774795337771,4.463031415460475,0.027409764274338763,,twophase,gas,28.72314475512409,30.50131334425989,2141.024084856551,47.191885111528336,0.8122999468090648,2.890206496886094e-06,0.1186518551107838,0.11865185510944087,1.3429257705865894e-12
20880.0,370.54261579340766,0.0,57.291670127315975,25.57167864678594,25.734414290082324,46.795867513459626,4.459688068495716,0.027396619951048917,,twophase,gas,28.72375156196985,30.50151184900835,2141.0240218165936,47.19194815148578,0.8121589805740905,3.1519978620053733e-06,0.1187148950680239,0.11871489506688704,1.1368683772161603e-12
20900.0,370.63386126527735,0.0,57.291670127315975,25.57288866242615,25.74856208433677,46.803961285303366,4.456361948337878,0.027383522989742764,,twophase,gas,28.724359740482768,30.50172500159406,2141.0239535493583,47.19201641872086,0.812018508675293,3.4133617646148197e-06,0.1187831623033162,0.11878316230196617,1.3500311979441904e-12
20920.0,370.72499762603974,0.0,57.291670127315975,25.574097022479513,25.762685659968863,46.81202928891176,4.453052969664478,0.027370473363849474,,twophase,gas,28.724969285896425,30.501952744792597,2141.0238800634443,47.192089904635125,0.8118785302804519,3.6742957036040026e-06,0.11885664821738828,0.1188566482162301,1.1581846592889633e-12
20940.0,370.8160250892863,0.0,57.291670127315975,25.575303730613815,25.77678490815024,46.820071544976166,4.449761047507694,0.027357471045413945,,twophase,gas,28.72558019345457,30.502195021415158,2141.023801367497,47.19216860058228,0.8117390445478708,3.934797359761433e-06,0.11893534416458351,0.1189353441633827,1.2008172234345693e-12
20960.0,370.90694387055925,0.0,57.291670127315975,25.576508790519156,25.790859722172748,46.82808807486906,4.446486097254434,0.027344516005112177,,twophase,gas,28.726192458411145,30.502451774310202,2141.02371747021,47.19225249786902,0.8116000506265186,4.194864345663518e-06,0.11901924145149678,0.11901924145012543,1.3713474800169934e-12
20980.0,370.997754187303,0.0,57.291670127315975,25.577712205907297,25.804909997431153,46.836078900629964,4.443228034646132,0.027331608212279604,,twophase,gas,28.72680607603034,30.50272294636506,2141.0236283803233,47.19234158775591,0.8114615476562828,4.4544943420987694e-06,0.11910833133833876,0.11910833133701715,1.3216094885137863e-12
21000.0,371.0884562588585,0.0,57.291670127315975,25.57891398051159,25.81893563140669,46.84404404496838,4.439986775778964,0.027318747634904456,,twophase,gas,28.7274210415866,30.503008480507535,2141.023534106621,47.19243586145817,0.8113235347679296,4.713685120805166e-06,0.11920260504075486,0.11920260503927693,1.4779288903810084e-12
21020.0,371.17905030641236,0.0,57.291670127315975,25.580114118086286,25.832936523649767,46.85198353124421,4.436762237103564,0.027305934239668372,,twophase,gas,28.728037350364676,30.50330831970749,2141.0234346579327,47.19253531014653,0.8111860110834531,4.972434408045956e-06,0.11930205372891578,0.1193020537276368,1.2789769243681803e-12
21040.0,371.2695365529966,0.0,57.291670127315975,25.58131262240649,25.846912575763604,46.85989738346823,4.43355433542521,0.027293167991945047,,twophase,gas,28.728654997659657,30.503622406978415,2141.0233300431314,47.19263992494803,0.8110489757160768,5.230740066508588e-06,0.11940666853024595,0.1194066685291375,1.1084466677857563e-12
21060.0,371.35991522343727,0.0,57.291670127315975,25.582509497267527,25.86086369138689,46.86778562629484,4.4303629879035125,0.02728044885581378,,twophase,gas,28.729273978776984,30.503950685378996,2141.0232202711327,47.192749696946855,0.8109124277703877,5.488599936143146e-06,0.11951644052896881,0.11951644052795984,1.0089706847793423e-12
21080.0,371.450186544342,0.0,57.291670127315975,25.583704746484724,25.87478977617721,46.87564828500809,4.427188112052415,0.02726777679408948,,twophase,gas,28.729894289032504,30.50429309801465,2141.0231053508946,47.19286461718512,0.8107763663425875,5.746011902374449e-06,0.1196313607670163,0.1196313607662276,7.887024366937112e-13
21100.0,371.54035074406585,0.0,57.291670127315975,25.584898373892973,25.888690737794,46.88348538551914,4.424029625739986,0.02725515176832653,,twophase,gas,28.730515923752485,30.504649588039058,2141.0229852914163,47.192984676663706,0.8106407905205449,6.002973918839416e-06,0.11975142024539309,0.11975142024481045,5.826450433232822e-13
21120.0,371.6304080526766,0.0,57.291670127315975,25.58609038334625,25.902566485881707,46.891296954357514,4.420887447188141,0.027242573738836193,,twophase,gas,28.731138878273644,30.50502009865568,2141.022860101737,47.193109866343015,0.810505699383954,6.259483961912338e-06,0.11987660992463134,0.11987660992411975,5.115907697472721e-13
21140.0,371.72035870195464,0.0,57.291670127315975,25.587280778717584,25.916416932053238,46.89908301866558,4.417761494972756,0.027230042664698452,,twophase,gas,28.731763147943184,30.505404573119257,2141.0227297909364,47.19324017714378,0.8103710920044392,6.51554003070487e-06,0.12000692072524544,0.12000692072488306,3.623767952376511e-13
21160.0,371.81020292533424,0.0,57.291670127315975,25.588469563898325,25.930241989872727,46.906843606187294,4.414651688023073,0.02721755850378423,,twophase,gas,28.73238872811882,30.50580295473729,2141.0225943681326,47.193375599947835,0.8102369674457549,6.77114019254077e-06,0.12014234352909625,0.12014234352893993,1.5631940186722204e-13
21180.0,371.8999409578948,0.0,57.291670127315975,25.589656742797988,25.944041574839012,46.91457874526097,4.41155794562165,0.027205121212770474,,twophase,gas,28.733015614168803,30.506215186871522,2141.0224538424814,47.193516125598904,0.8101033247639189,7.026282560218533e-06,0.12028286918030062,0.1202828691800093,2.913225216616411e-13
21200.0,371.98957303633034,0.0,57.291670127315975,25.590842319343817,25.95781560436876,46.92228846481672,4.408480187404048,0.02719273074714396,,twophase,gas,28.733643801471942,30.506641212939385,2141.022308223177,47.193661744903366,0.8099701630072623,7.280965223799285e-06,0.12042848848477661,0.12042848848447107,3.055333763768431e-13
21220.0,372.07909939891664,0.0,57.291670127315975,25.59202629748042,25.971563997779676,46.92997279436325,4.4054183333584485,0.027180387061229064,,twophase,gas,28.734273285417643,30.507080976415455,2141.022157519449,47.193812448631,0.809837481216664,7.53518638703099e-06,0.12057919221251723,0.12057919221210511,4.121147867408581e-13
21240.0,372.16852028551347,0.0,57.291670127315975,25.593208681169685,25.985286676274125,46.937631763986325,4.402372303825679,0.027168090108190757,,twophase,gas,28.734904061405924,30.507534420832872,2141.0220017405645,47.19396822751577,0.8097052784255832,7.788944230924244e-06,0.12073497109713571,0.12073497109687281,2.6290081223123707e-13
21260.0,372.2578359712382,0.0,57.291670127315975,25.594389474836017,25.998983575466035,46.94526541321351,4.399342015961066,0.027155839822141724,,twophase,gas,28.735536124848313,30.508001489795106,2141.02184089582,47.194129072260445,0.8095735535071898,8.042237232075422e-06,0.12089581584177722,0.12089581584154985,2.2737367544323206e-13
21280.0,372.34704663526657,0.0,57.291670127315975,25.595568681631825,26.0126545966103,46.95287375649894,4.396327397492038,0.02714363618780318,,twophase,gas,28.736169471165542,30.508482126949627,2141.0216749945535,47.19429497352694,0.809442305769647,8.295063321384077e-06,0.1210617171082049,0.12106171710804148,1.6342482922482304e-13
21300.0,372.4361525522449,0.0,57.291670127315975,25.596746305968093,26.0262996777016,46.96045683356236,4.393328366637238,0.027131479138911216,,twophase,gas,28.736804095789466,30.50897627601188,2141.021504046135,47.194465921945486,0.8093115340878582,8.547420929971849e-06,0.12123266552680434,0.12123266552659118,2.1316282072803006e-13
21320.0,372.52515396802943,0.0,57.291670127315975,25.59792235187154,26.039918747319085,46.968014676718674,4.390344845141831,0.02711936862414926,,twophase,gas,28.737439994162813,30.509483880763383,2141.021328059966,47.194641908114214,0.80918123746702,8.799308443485642e-06,0.12140865169567405,0.12140865169531878,3.552713678800501e-13
21340.0,372.61405112989536,0.0,57.291670127315975,25.59909682338401,26.053511735842946,46.97554731881588,4.387376755101274,0.027107304591129287,,twophase,gas,28.738077161739046,30.510004885051163,2141.021147045481,47.19482292259909,0.8090514149056917,9.050724247572362e-06,0.1215896661806255,0.12158966618019207,4.334310688136611e-13
21360.0,372.70284428652764,0.0,57.291670127315975,25.600269724562345,26.067078575438256,46.98305479323064,4.3844240189610195,0.027095286986400926,,twophase,gas,28.738715593982377,30.51053923278908,2141.0209610121456,47.19500895593465,0.8089220653958743,9.301666773353645e-06,0.12177569951609257,0.12177569951575151,3.410605131648481e-13
21380.0,372.7915336173881,0.0,57.291670127315975,25.60144105854559,26.0806191736832,46.99053711530894,4.381486566836153,0.027083315792913173,,twophase,gas,28.739355286367417,30.511086867954603,2141.020769969457,47.19519999862301,0.808793188242456,9.552134429213766e-06,0.12196674220467685,0.12196674220411552,5.613287612504791e-13
21400.0,372.880119508394,0.0,57.291670127315975,25.602610831195832,26.094133516426833,46.99799435480997,4.378564307918714,0.02707139088378656,,twophase,gas,28.739996234378328,30.511647734579782,2141.0205739269495,47.19539604113066,0.808664781816214,9.802125373425951e-06,0.12216278471214537,0.12216278471176167,3.836930773104541e-13
21420.0,372.96860214796817,0.0,57.291670127315975,25.603779045763055,26.10762151710405,47.00542652976185,4.375657172379017,0.027059512236560963,,twophase,gas,28.74063843351349,30.512221776808254,2141.02037289417,47.19559707391011,0.8085368453810585,1.0051638969343913e-05,0.12236381749153225,0.1223638174912125,3.197442310920451e-13
21440.0,373.0569817901563,0.0,57.291670127315975,25.6049457063604,26.121083114847394,47.012833675591565,4.3727650840592895,0.02704767979366234,,twophase,gas,28.74128187928031,30.51280893883419,2141.020166880703,47.195803087377186,0.8084093779038987,1.0300673352503509e-05,0.12256983095858232,0.12256983095829099,2.913225216616411e-13
21460.0,373.1452586902941,0.0,57.291670127315975,25.60611081711439,26.134518250492437,47.02021582822107,4.369887967149232,0.027035893496521385,,twophase,gas,28.74192656719707,30.513409164925086,2141.0199558961604,47.19601407191977,0.8082823783456794,1.0549227135925321e-05,0.12278081550130082,0.1227808155008745,4.263256414560601e-13
21480.0,373.2334331049809,0.0,57.291670127315975,25.607274382164608,26.1479268665614,47.027573024066115,4.3670257461854955,0.027024153285574695,,twophase,gas,28.742572492792895,30.51402239942302,2141.0197399501817,47.19623001789847,0.8081558456614052,1.0797298932629928e-05,0.12299676147995342,0.12299676147957683,3.765876499528531e-13
21500.0,373.3215052920344,0.0,57.291670127315975,25.6084364056631,26.161308907246713,47.034905300017854,4.364178346050822,0.02701245910030283,,twophase,gas,28.743219651607816,30.514648586745896,2141.0195190524328,47.19645091564734,0.808029778800457,1.1044887446587382e-05,0.12321765922888517,0.12321765922844463,4.405364961712621e-13
21520.0,373.4094755104921,0.0,57.291670127315975,25.609596891774338,26.174664318395315,47.042212693444725,4.361345691973726,0.027000810879225862,,twophase,gas,28.743868039192762,30.515287671388663,2141.0192932126056,47.1966767554745,0.8079041767065616,1.1291991359030363e-05,0.12344349905606578,0.12344349905560392,4.618527782440651e-13
21540.0,373.4973439904045,0.0,57.291670127315975,25.61075584427691,26.187994025200904,47.04949603191348,4.3585274021040465,0.026989206808865625,,twophase,gas,28.744517651144054,30.515940119623124,2141.0190624402853,47.19690752779473,0.8077790247592536,1.1538616013240243e-05,0.12367427137633058,0.1236742713758332,4.973799150320701e-13
21560.0,373.58511095586096,0.0,57.291670127315975,25.611913266867425,26.201298574696608,47.05675583541537,4.355723216665996,0.026977645757192522,,twophase,gas,28.745168483193726,30.516606199187507,2141.018826744604,47.197143223476,0.8076543136362083,1.17847840556351e-05,0.12390996705744328,0.12390996705710222,3.410605131648481e-13
21580.0,373.6727766715995,0.0,57.291670127315975,25.613069163775112,26.214577277056286,47.06399162409373,4.3529332655632675,0.026966128809268533,,twophase,gas,28.745820531053365,30.517285516714253,2141.018586134837,47.19738383324322,0.8075300511832798,1.203048836941889e-05,0.12415057682483166,0.12415057682432717,5.044853423896711e-13
21600.0,373.7603413967584,0.0,57.291670127315975,25.614223539151737,26.227829869637127,47.07120326280041,4.350157544344947,0.026954656286131296,,twophase,gas,28.746473790403098,30.517977904694508,2141.0183406204437,47.197629347636465,0.8074062393251163,1.2275719655008288e-05,0.12439609121793183,0.12439609121756945,3.623767952376511e-13
